,Patient ID,lesion idx,tumor/benign,GRADE,ER [SII],PR [SII],HER2 [SII],isTN,ER [%],PR [%],HER2 [%],KI67 [%],Registered Ax T2 FSE path,Roi path,Slice Location,Breast,Pixel array,z_indexes,y_indexes,x_indexes,z_offset,y_offset,x_offset,Roi mask Filepath,Cleaned Roi mask Filepath,Pixel Spacing,Slice Thickness,Registered AX Sen Vibrant MultiPhase path,TemporalResolution 1,TemporalResolution 2,TemporalResolution 3,TemporalResolution 4,TemporalResolution 5,max_derivative_phase_2,max_derivative_phase_3,max_derivative_phase_4,max_derivative_phase_5,mean_derivative_phase_2,mean_derivative_phase_3,mean_derivative_phase_4,mean_derivative_phase_5,median_derivative_phase_2,median_derivative_phase_3,median_derivative_phase_4,median_derivative_phase_5,std_derivative_phase_2,std_derivative_phase_3,std_derivative_phase_4,std_derivative_phase_5
0,AMBL-001,0,1.0,-1,-1,-1,-1,,-1,-1,-1.0,-1,/media/bendico765/Crucial X9/MRI Lesions/manifest-1728494830954/Advanced-MRI-Breast-Lesions/AMBL-001/03-05-2004-NA-MRI BREASTS - Delayed contrast-93547/600.000000-Registered Ax T2 FSE-08519,/media/bendico765/Crucial X9/MRI Lesions/manifest-1728494830954/Advanced-MRI-Breast-Lesions/AMBL-001/03-05-2004-NA-MRI BREASTS - Delayed contrast-93547/500.000000-ROI-38451/1-1.dcm,-60.85,L,"[[[0 0 0 ... 0 0 0]
  [0 0 0 ... 0 0 0]
  [0 0 0 ... 0 0 0]
  ...
  [0 0 0 ... 0 0 0]
  [0 0 0 ... 0 0 0]
  [0 0 0 ... 0 0 0]]

 [[0 0 0 ... 0 0 0]
  [0 0 0 ... 0 0 0]
  [0 0 0 ... 0 0 0]
  ...
  [0 0 0 ... 0 0 0]
  [0 0 0 ... 0 0 0]
  [0 0 0 ... 0 0 0]]

 [[0 0 0 ... 0 0 0]
  [0 0 0 ... 0 0 0]
  [0 0 0 ... 0 0 0]
  ...
  [0 0 0 ... 0 0 0]
  [0 0 0 ... 0 0 0]
  [0 0 0 ... 0 0 0]]

 ...

 [[0 0 0 ... 0 0 0]
  [0 0 0 ... 0 0 0]
  [0 0 0 ... 0 0 0]
  ...
  [0 0 0 ... 0 0 0]
  [0 0 0 ... 0 0 0]
  [0 0 0 ... 0 0 0]]

 [[0 0 0 ... 0 0 0]
  [0 0 0 ... 0 0 0]
  [0 0 0 ... 0 0 0]
  ...
  [0 0 0 ... 0 0 0]
  [0 0 0 ... 0 0 0]
  [0 0 0 ... 0 0 0]]

 [[0 0 0 ... 0 0 0]
  [0 0 0 ... 0 0 0]
  [0 0 0 ... 0 0 0]
  ...
  [0 0 0 ... 0 0 0]
  [0 0 0 ... 0 0 0]
  [0 0 0 ... 0 0 0]]]","[82, 83, 84, 85, 86, 87]","[172, 173, 174, 175, 176, 177, 178, 179, 180, 181, 182, 183, 184, 185, 186, 187, 188, 189, 190, 191, 192, 193, 194, 195, 196, 197, 198, 199, 200, 201, 202, 203, 204, 205, 206, 207, 208, 209, 210, 211, 212, 213]","[142, 143, 144, 145, 146, 147, 148, 149, 150, 151, 152, 153, 154, 155, 156, 157, 158, 159, 160, 161, 162, 163, 164]",6,42,23,/media/bendico765/Crucial X9/Materiali Tesista/Roi masks/AMBL-001/ROI 0.npy,/media/bendico765/Crucial X9/Materiali Tesista/Cleaned Roi masks/AMBL-001/ROI 0.npy,0.6641,2.0,/media/bendico765/Crucial X9/MRI Lesions/manifest-1728494830954/Advanced-MRI-Breast-Lesions/AMBL-001/03-05-2004-NA-MRI BREASTS - Delayed contrast-93547/500.000000-Registered AX Sen Vibrant MultiPhase-85715,,114584.0,86360.0,85991.0,86042.0,0.0013090832926062976,0.0001157943492357573,1.162912397809073e-05,-0.00015108900304502452,0.0005814425107498987,0.0003194780287944731,0.00010635156676286384,-4.73813303598297e-05,0.0005585422048453537,0.00033580361278369615,0.00012792036375899803,-1.1622231003463425e-05,0.0002196270589276065,-1.551437862938981e-05,2.729861253918462e-06,2.899229385745804e-05
1,AMBL-001,1,1.0,-1,-1,-1,-1,,-1.0,-1.0,-1.0,-1,/media/bendico765/Crucial X9/MRI Lesions/manifest-1728494830954/Advanced-MRI-Breast-Lesions/AMBL-001/03-05-2004-NA-MRI BREASTS - Delayed contrast-93547/600.000000-Registered Ax T2 FSE-08519,/media/bendico765/Crucial X9/MRI Lesions/manifest-1728494830954/Advanced-MRI-Breast-Lesions/AMBL-001/03-05-2004-NA-MRI BREASTS - Delayed contrast-93547/500.000000-ROI-38451/1-1.dcm,-56.85,R,"[[[0 0 0 ... 0 0 0]
  [0 0 0 ... 0 0 0]
  [0 0 0 ... 0 0 0]
  ...
  [0 0 0 ... 0 0 0]
  [0 0 0 ... 0 0 0]
  [0 0 0 ... 0 0 0]]

 [[0 0 0 ... 0 0 0]
  [0 0 0 ... 0 0 0]
  [0 0 0 ... 0 0 0]
  ...
  [0 0 0 ... 0 0 0]
  [0 0 0 ... 0 0 0]
  [0 0 0 ... 0 0 0]]

 [[0 0 0 ... 0 0 0]
  [0 0 0 ... 0 0 0]
  [0 0 0 ... 0 0 0]
  ...
  [0 0 0 ... 0 0 0]
  [0 0 0 ... 0 0 0]
  [0 0 0 ... 0 0 0]]

 ...

 [[0 0 0 ... 0 0 0]
  [0 0 0 ... 0 0 0]
  [0 0 0 ... 0 0 0]
  ...
  [0 0 0 ... 0 0 0]
  [0 0 0 ... 0 0 0]
  [0 0 0 ... 0 0 0]]

 [[0 0 0 ... 0 0 0]
  [0 0 0 ... 0 0 0]
  [0 0 0 ... 0 0 0]
  ...
  [0 0 0 ... 0 0 0]
  [0 0 0 ... 0 0 0]
  [0 0 0 ... 0 0 0]]

 [[0 0 0 ... 0 0 0]
  [0 0 0 ... 0 0 0]
  [0 0 0 ... 0 0 0]
  ...
  [0 0 0 ... 0 0 0]
  [0 0 0 ... 0 0 0]
  [0 0 0 ... 0 0 0]]]","[82, 83, 84, 85]","[188, 189, 190, 191, 192, 193, 194, 195, 196, 197, 198, 199, 200, 201, 202, 203, 204, 205, 206, 207, 208, 209, 210, 211, 212, 213, 214, 215, 216, 217, 218, 219, 220, 221, 222, 223, 224, 225, 226, 227, 228, 229, 230, 231, 232, 233]","[360, 361, 362, 363, 364, 365, 366, 367, 368, 369, 370, 371, 372, 373, 374, 375, 376]",4,46,17,/media/bendico765/Crucial X9/Materiali Tesista/Roi masks/AMBL-001/ROI 1.npy,/media/bendico765/Crucial X9/Materiali Tesista/Cleaned Roi masks/AMBL-001/ROI 1.npy,0.6641,2.0,/media/bendico765/Crucial X9/MRI Lesions/manifest-1728494830954/Advanced-MRI-Breast-Lesions/AMBL-001/03-05-2004-NA-MRI BREASTS - Delayed contrast-93547/500.000000-Registered AX Sen Vibrant MultiPhase-85715,,114584.0,86360.0,85991.0,86042.0,0.001649444948683935,0.00018527095877721167,0.00027909897547417754,0.0,0.00048602892324187656,0.0003761656396415466,-2.1687154317091248e-05,0.00013593769320949302,0.00044508831948614116,0.0004052802223251505,0.0,0.00012784454103809768,0.00029826367672987743,-1.572533827986116e-05,6.996187148173552e-05,-2.4473994473474714e-05
2,AMBL-003,0,1.0,3,-1,-1,-1,,-1,-1,-1.0,-1,/media/bendico765/Crucial X9/MRI Lesions/manifest-1728494830954/Advanced-MRI-Breast-Lesions/AMBL-003/03-05-2004-NA-MRI BREASTS - Delayed contrast-72782/600.000000-Registered Ax T2 FSE-92268,/media/bendico765/Crucial X9/MRI Lesions/manifest-1728494830954/Advanced-MRI-Breast-Lesions/AMBL-003/03-05-2004-NA-MRI BREASTS - Delayed contrast-72782/500.000000-ROI-23921/1-1.dcm,-2.76,R,"[[[0 0 0 ... 0 0 0]
  [0 0 0 ... 0 0 0]
  [0 0 0 ... 0 0 0]
  ...
  [0 0 0 ... 0 0 0]
  [0 0 0 ... 0 0 0]
  [0 0 0 ... 0 0 0]]

 [[0 0 0 ... 0 0 0]
  [0 0 0 ... 0 0 0]
  [0 0 0 ... 0 0 0]
  ...
  [0 0 0 ... 0 0 0]
  [0 0 0 ... 0 0 0]
  [0 0 0 ... 0 0 0]]

 [[0 0 0 ... 0 0 0]
  [0 0 0 ... 0 0 0]
  [0 0 0 ... 0 0 0]
  ...
  [0 0 0 ... 0 0 0]
  [0 0 0 ... 0 0 0]
  [0 0 0 ... 0 0 0]]

 ...

 [[0 0 0 ... 0 0 0]
  [0 0 0 ... 0 0 0]
  [0 0 0 ... 0 0 0]
  ...
  [0 0 0 ... 0 0 0]
  [0 0 0 ... 0 0 0]
  [0 0 0 ... 0 0 0]]

 [[0 0 0 ... 0 0 0]
  [0 0 0 ... 0 0 0]
  [0 0 0 ... 0 0 0]
  ...
  [0 0 0 ... 0 0 0]
  [0 0 0 ... 0 0 0]
  [0 0 0 ... 0 0 0]]

 [[0 0 0 ... 0 0 0]
  [0 0 0 ... 0 0 0]
  [0 0 0 ... 0 0 0]
  ...
  [0 0 0 ... 0 0 0]
  [0 0 0 ... 0 0 0]
  [0 0 0 ... 0 0 0]]]","[49, 50, 51, 52, 53, 54, 55]","[178, 179, 180, 181, 182, 183, 184, 185, 186, 187, 188, 189, 190, 191, 192, 193, 194, 195, 196, 197, 198, 199, 200, 201, 202, 203, 204, 205, 206, 207, 208, 209, 210, 211, 212, 213, 214, 215, 216, 217]","[357, 358, 359, 360, 361, 362, 363, 364, 365, 366, 367, 368, 369, 370, 371, 372, 373, 374, 375, 376, 377]",7,40,21,/media/bendico765/Crucial X9/Materiali Tesista/Roi masks/AMBL-003/ROI 0.npy,/media/bendico765/Crucial X9/Materiali Tesista/Cleaned Roi masks/AMBL-003/ROI 0.npy,0.6641,2.0,/media/bendico765/Crucial X9/MRI Lesions/manifest-1728494830954/Advanced-MRI-Breast-Lesions/AMBL-003/03-05-2004-NA-MRI BREASTS - Delayed contrast-72782/500.000000-Registered AX Sen Vibrant MultiPhase-99292,,114470.0,86136.0,85998.0,86007.0,0.0008561195072944877,-1.1609547692021918e-05,0.00020930719319053932,0.0004185705814642994,0.0003526235607978062,0.0003452921130301362,0.00014239255695623333,0.00012784395587710516,0.00035817244692932647,0.0003831150738367233,0.00012790995139421848,0.00013952352715476647,0.00010971134091381811,-7.3146287450859855e-06,9.327719366597552e-05,5.476502979528521e-05
3,AMBL-004,0,0.0,-1,-1,-1,-1,,-1,-1,-1.0,-1,/media/bendico765/Crucial X9/MRI Lesions/manifest-1728494830954/Advanced-MRI-Breast-Lesions/AMBL-004/03-05-2004-NA-MRI BREASTS - Delayed contrast-97546/600.000000-Registered Ax T2 FSE-95978,/media/bendico765/Crucial X9/MRI Lesions/manifest-1728494830954/Advanced-MRI-Breast-Lesions/AMBL-004/03-05-2004-NA-MRI BREASTS - Delayed contrast-97546/500.000000-ROI-17200/1-1.dcm,-51.98,L,"[[[0 0 0 ... 0 0 0]
  [0 0 0 ... 0 0 0]
  [0 0 0 ... 0 0 0]
  ...
  [0 0 0 ... 0 0 0]
  [0 0 0 ... 0 0 0]
  [0 0 0 ... 0 0 0]]

 [[0 0 0 ... 0 0 0]
  [0 0 0 ... 0 0 0]
  [0 0 0 ... 0 0 0]
  ...
  [0 0 0 ... 0 0 0]
  [0 0 0 ... 0 0 0]
  [0 0 0 ... 0 0 0]]

 [[0 0 0 ... 0 0 0]
  [0 0 0 ... 0 0 0]
  [0 0 0 ... 0 0 0]
  ...
  [0 0 0 ... 0 0 0]
  [0 0 0 ... 0 0 0]
  [0 0 0 ... 0 0 0]]

 ...

 [[0 0 0 ... 0 0 0]
  [0 0 0 ... 0 0 0]
  [0 0 0 ... 0 0 0]
  ...
  [0 0 0 ... 0 0 0]
  [0 0 0 ... 0 0 0]
  [0 0 0 ... 0 0 0]]

 [[0 0 0 ... 0 0 0]
  [0 0 0 ... 0 0 0]
  [0 0 0 ... 0 0 0]
  ...
  [0 0 0 ... 0 0 0]
  [0 0 0 ... 0 0 0]
  [0 0 0 ... 0 0 0]]

 [[0 0 0 ... 0 0 0]
  [0 0 0 ... 0 0 0]
  [0 0 0 ... 0 0 0]
  ...
  [0 0 0 ... 0 0 0]
  [0 0 0 ... 0 0 0]
  [0 0 0 ... 0 0 0]]]","[81, 82, 83, 84, 85]","[163, 164, 165, 166, 167, 168, 169, 170, 171, 172, 173, 174, 175, 176, 177, 178, 179, 180]","[147, 148, 149, 150, 151, 152, 153, 154, 155, 156, 157, 158, 159]",5,18,13,/media/bendico765/Crucial X9/Materiali Tesista/Roi masks/AMBL-004/ROI 0.npy,/media/bendico765/Crucial X9/Materiali Tesista/Cleaned Roi masks/AMBL-004/ROI 0.npy,0.6641,2.0,/media/bendico765/Crucial X9/MRI Lesions/manifest-1728494830954/Advanced-MRI-Breast-Lesions/AMBL-004/03-05-2004-NA-MRI BREASTS - Delayed contrast-97546/500.000000-Registered AX Sen Vibrant MultiPhase-14991,,114581.0,86114.0,85997.0,85999.0,0.002251682216074218,0.0009638386325103932,0.0004302475667755852,-3.488412655961116e-05,0.0007581581886698313,0.0005644225468053083,0.00026602568076002146,-3.507632560401908e-06,0.0005061921260942041,0.00039482546391992013,0.0002674511901577962,-8.139629530575937e-05,0.0006206289133426747,0.00025997006943554287,0.00011418738657712468,5.195327590428861e-06
4,AMBL-005,0,1.0,2,2.9,1.4,0,,100,70,20.0,intermediate,/media/bendico765/Crucial X9/MRI Lesions/manifest-1728494830954/Advanced-MRI-Breast-Lesions/AMBL-005/03-05-2004-NA-MRI BREASTS - Delayed contrast-16258/600.000000-Registered Ax T2 FSE-95251,/media/bendico765/Crucial X9/MRI Lesions/manifest-1728494830954/Advanced-MRI-Breast-Lesions/AMBL-005/03-05-2004-NA-MRI BREASTS - Delayed contrast-16258/500.000000-ROI-33618/1-1.dcm,-28.46,R,"[[[0 0 0 ... 0 0 0]
  [0 0 0 ... 0 0 0]
  [0 0 0 ... 0 0 0]
  ...
  [0 0 0 ... 0 0 0]
  [0 0 0 ... 0 0 0]
  [0 0 0 ... 0 0 0]]

 [[0 0 0 ... 0 0 0]
  [0 0 0 ... 0 0 0]
  [0 0 0 ... 0 0 0]
  ...
  [0 0 0 ... 0 0 0]
  [0 0 0 ... 0 0 0]
  [0 0 0 ... 0 0 0]]

 [[0 0 0 ... 0 0 0]
  [0 0 0 ... 0 0 0]
  [0 0 0 ... 0 0 0]
  ...
  [0 0 0 ... 0 0 0]
  [0 0 0 ... 0 0 0]
  [0 0 0 ... 0 0 0]]

 ...

 [[0 0 0 ... 0 0 0]
  [0 0 0 ... 0 0 0]
  [0 0 0 ... 0 0 0]
  ...
  [0 0 0 ... 0 0 0]
  [0 0 0 ... 0 0 0]
  [0 0 0 ... 0 0 0]]

 [[0 0 0 ... 0 0 0]
  [0 0 0 ... 0 0 0]
  [0 0 0 ... 0 0 0]
  ...
  [0 0 0 ... 0 0 0]
  [0 0 0 ... 0 0 0]
  [0 0 0 ... 0 0 0]]

 [[0 0 0 ... 0 0 0]
  [0 0 0 ... 0 0 0]
  [0 0 0 ... 0 0 0]
  ...
  [0 0 0 ... 0 0 0]
  [0 0 0 ... 0 0 0]
  [0 0 0 ... 0 0 0]]]","[54, 55, 56, 57, 58, 59, 60, 61, 62, 63, 64, 65, 66]","[194, 195, 196, 197, 198, 199, 200, 201, 202, 203, 204, 205, 206, 207, 208, 209, 210, 211, 212, 213, 214, 215, 216, 217, 218, 219, 220, 221, 222, 223, 224, 225, 226, 227, 228, 229, 230, 231, 232, 233, 234, 235, 236, 237, 238, 239, 240, 241, 242, 243, 244, 245, 246, 247, 248]","[379, 380, 381, 382, 383, 384, 385, 386, 387, 388, 389, 390, 391, 392, 393, 394, 395, 396, 397, 398, 399, 400, 401, 402, 403, 404, 405, 406, 407, 408, 409, 410, 411, 412, 413, 414, 415, 416, 417, 418, 419, 420, 421, 422, 423, 424, 425]",13,55,47,/media/bendico765/Crucial X9/Materiali Tesista/Roi masks/AMBL-005/ROI 0.npy,/media/bendico765/Crucial X9/Materiali Tesista/Cleaned Roi masks/AMBL-005/ROI 0.npy,0.6641,2.0,/media/bendico765/Crucial X9/MRI Lesions/manifest-1728494830954/Advanced-MRI-Breast-Lesions/AMBL-005/03-05-2004-NA-MRI BREASTS - Delayed contrast-16258/500.000000-Registered AX Sen Vibrant MultiPhase-47180,,114686.0,86200.0,86061.0,86112.0,0.00329595591440978,0.0,-0.0004299276094862946,-0.00039483463396506875,0.0010767773285301283,0.0004088925636395079,8.988424835670668e-05,7.561928647060606e-06,0.0009765795301954904,0.00038283062645011603,0.00012781631633376327,0.0,0.0007451840845484097,1.1923120084195425e-05,1.1673562738264347e-06,-9.916789832102845e-05
5,AMBL-007,0,1.0,3,2,0.2,0,,90,15,0.0,intermediate,/media/bendico765/Crucial X9/MRI Lesions/manifest-1728494830954/Advanced-MRI-Breast-Lesions/AMBL-007/03-06-2004-NA-MRI BREASTS - Delayed contrast-36208/600.000000-Registered Ax T2 FSE-91628,/media/bendico765/Crucial X9/MRI Lesions/manifest-1728494830954/Advanced-MRI-Breast-Lesions/AMBL-007/03-06-2004-NA-MRI BREASTS - Delayed contrast-36208/500.000000-ROI-99878/1-1.dcm,7.78,L,"[[[0 0 0 ... 0 0 0]
  [0 0 0 ... 0 0 0]
  [0 0 0 ... 0 0 0]
  ...
  [0 0 0 ... 0 0 0]
  [0 0 0 ... 0 0 0]
  [0 0 0 ... 0 0 0]]

 [[0 0 0 ... 0 0 0]
  [0 0 0 ... 0 0 0]
  [0 0 0 ... 0 0 0]
  ...
  [0 0 0 ... 0 0 0]
  [0 0 0 ... 0 0 0]
  [0 0 0 ... 0 0 0]]

 [[0 0 0 ... 0 0 0]
  [0 0 0 ... 0 0 0]
  [0 0 0 ... 0 0 0]
  ...
  [0 0 0 ... 0 0 0]
  [0 0 0 ... 0 0 0]
  [0 0 0 ... 0 0 0]]

 ...

 [[0 0 0 ... 0 0 0]
  [0 0 0 ... 0 0 0]
  [0 0 0 ... 0 0 0]
  ...
  [0 0 0 ... 0 0 0]
  [0 0 0 ... 0 0 0]
  [0 0 0 ... 0 0 0]]

 [[0 0 0 ... 0 0 0]
  [0 0 0 ... 0 0 0]
  [0 0 0 ... 0 0 0]
  ...
  [0 0 0 ... 0 0 0]
  [0 0 0 ... 0 0 0]
  [0 0 0 ... 0 0 0]]

 [[0 0 0 ... 0 0 0]
  [0 0 0 ... 0 0 0]
  [0 0 0 ... 0 0 0]
  ...
  [0 0 0 ... 0 0 0]
  [0 0 0 ... 0 0 0]
  [0 0 0 ... 0 0 0]]]","[44, 45, 46, 47, 48, 49, 50, 51, 52, 53, 54, 55, 56, 57, 58, 59]","[182, 183, 184, 185, 186, 187, 188, 189, 190, 191, 192, 193, 194, 195, 196, 197, 198, 199, 200, 201, 202, 203, 204, 205, 206, 207, 208, 209, 210, 211, 212, 213, 214, 215, 216, 217, 218, 219, 220, 221, 222, 223, 224, 225, 226, 227, 228, 229, 230, 231, 232, 233, 234, 235, 236, 237, 238, 239, 240, 241, 242, 243, 244, 245, 246, 247, 248, 249, 250, 251, 252, 253, 254, 255, 256, 257, 258, 259, 260, 261, 262, 263, 264, 265, 266, 267, 268, 269, 270, 271, 272, 273]","[84, 85, 86, 87, 88, 89, 90, 91, 92, 93, 94, 95, 96, 97, 98, 99, 100, 101, 102, 103, 104, 105, 106, 107, 108, 109, 110, 111, 112, 113, 114, 115, 116, 117, 118, 119, 120, 121, 122, 123, 124, 125, 126, 127, 128, 129, 130, 131, 133]",16,92,50,/media/bendico765/Crucial X9/Materiali Tesista/Roi masks/AMBL-007/ROI 0.npy,/media/bendico765/Crucial X9/Materiali Tesista/Cleaned Roi masks/AMBL-007/ROI 0.npy,0.7031,2.1,/media/bendico765/Crucial X9/MRI Lesions/manifest-1728494830954/Advanced-MRI-Breast-Lesions/AMBL-007/03-06-2004-NA-MRI BREASTS - Delayed contrast-36208/500.000000-Registered AX Sen Vibrant MultiPhase-25006,,113384.0,84904.0,85008.0,84989.0,0.0026282367882593666,0.0007891265429190615,-0.00016469038208168644,-7.059737142453729e-05,0.0009164097586645103,3.5127075729628654e-05,2.6829814063856604e-05,1.6358899348262948e-06,0.0007584844422493473,0.00015311410534250448,3.5290796160361375e-05,2.353245714151243e-05,0.0005868420346214646,-8.698136699596626e-05,-9.347892720250377e-05,-5.0111548199127384e-05
6,AMBL-008,0,1.0,2,neg,neg,pos,,-1,-1,-1.0,low,/media/bendico765/Crucial X9/MRI Lesions/manifest-1728494830954/Advanced-MRI-Breast-Lesions/AMBL-008/03-06-2004-NA-MRI BREASTS - Delayed contrast-48705/600.000000-Registered Ax T2 FSE-88003,/media/bendico765/Crucial X9/MRI Lesions/manifest-1728494830954/Advanced-MRI-Breast-Lesions/AMBL-008/03-06-2004-NA-MRI BREASTS - Delayed contrast-48705/500.000000-ROI-25364/1-1.dcm,-17.4,L,"[[[0 0 0 ... 0 0 0]
  [0 0 0 ... 0 0 0]
  [0 0 0 ... 0 0 0]
  ...
  [0 0 0 ... 0 0 0]
  [0 0 0 ... 0 0 0]
  [0 0 0 ... 0 0 0]]

 [[0 0 0 ... 0 0 0]
  [0 0 0 ... 0 0 0]
  [0 0 0 ... 0 0 0]
  ...
  [0 0 0 ... 0 0 0]
  [0 0 0 ... 0 0 0]
  [0 0 0 ... 0 0 0]]

 [[0 0 0 ... 0 0 0]
  [0 0 0 ... 0 0 0]
  [0 0 0 ... 0 0 0]
  ...
  [0 0 0 ... 0 0 0]
  [0 0 0 ... 0 0 0]
  [0 0 0 ... 0 0 0]]

 ...

 [[0 0 0 ... 0 0 0]
  [0 0 0 ... 0 0 0]
  [0 0 0 ... 0 0 0]
  ...
  [0 0 0 ... 0 0 0]
  [0 0 0 ... 0 0 0]
  [0 0 0 ... 0 0 0]]

 [[0 0 0 ... 0 0 0]
  [0 0 0 ... 0 0 0]
  [0 0 0 ... 0 0 0]
  ...
  [0 0 0 ... 0 0 0]
  [0 0 0 ... 0 0 0]
  [0 0 0 ... 0 0 0]]

 [[0 0 0 ... 0 0 0]
  [0 0 0 ... 0 0 0]
  [0 0 0 ... 0 0 0]
  ...
  [0 0 0 ... 0 0 0]
  [0 0 0 ... 0 0 0]
  [0 0 0 ... 0 0 0]]]","[49, 50, 51, 52, 53, 54, 55, 56, 57, 58, 59, 60, 61, 62, 63, 64, 65, 66, 67, 68, 69, 70, 71]","[177, 178, 179, 180, 181, 182, 183, 184, 185, 186, 187, 188, 189, 190, 191, 192, 193, 194, 195, 196, 197, 198, 199, 200, 201, 202, 203, 204, 205, 206, 207, 208, 209, 210, 211, 212, 213, 214, 215, 216, 217, 218, 219, 220, 221, 222, 223, 224, 225, 226, 227, 228, 229, 230, 231, 232, 233, 234, 235, 236, 237, 238, 239, 240, 241, 242, 243, 244, 245, 246, 247, 248, 249, 250, 251, 252, 253, 254, 255, 256, 257, 258, 259]","[98, 99, 100, 101, 102, 103, 104, 105, 106, 107, 108, 109, 110, 111, 112, 113, 114, 115, 116, 117, 118, 119, 120, 121, 122, 123, 124, 125, 126, 127, 128, 129, 130, 131, 132, 133, 134, 135, 136, 137, 138, 139, 140, 141, 142, 143, 144, 145, 146, 147, 148, 149, 150, 151, 152, 153, 154, 155, 156, 157, 158, 159, 160, 161, 162, 163, 164, 165, 166, 167, 168, 169, 170, 171, 172, 173, 174, 175, 176, 177, 178, 179, 180, 181, 182, 183, 184, 185, 186, 187, 188, 189, 190, 191, 192, 193, 194]",23,83,97,/media/bendico765/Crucial X9/Materiali Tesista/Roi masks/AMBL-008/ROI 0.npy,/media/bendico765/Crucial X9/Materiali Tesista/Cleaned Roi masks/AMBL-008/ROI 0.npy,0.6836,2.0,/media/bendico765/Crucial X9/MRI Lesions/manifest-1728494830954/Advanced-MRI-Breast-Lesions/AMBL-008/03-06-2004-NA-MRI BREASTS - Delayed contrast-48705/500.000000-Registered AX Sen Vibrant MultiPhase-07668,,113960.0,85589.0,85519.0,85484.0,0.004720954720954721,-0.0010865882297958849,-0.00064313193559326,-3.509428665013336e-05,0.0015330018143025644,0.00024400256161480485,-9.406070003346204e-07,2.0694589315415567e-05,0.0009564759564759565,0.0003738798210050357,9.354646335901964e-05,0.00010528285995040007,0.0012398249534198785,-0.00020024389992926713,-0.00010536993264650508,-6.525050188134112e-05
7,AMBL-008,1,0.0,-1,-1,-1,-1,,-1.0,-1.0,-1.0,-1,/media/bendico765/Crucial X9/MRI Lesions/manifest-1728494830954/Advanced-MRI-Breast-Lesions/AMBL-008/03-06-2004-NA-MRI BREASTS - Delayed contrast-48705/600.000000-Registered Ax T2 FSE-88003,/media/bendico765/Crucial X9/MRI Lesions/manifest-1728494830954/Advanced-MRI-Breast-Lesions/AMBL-008/03-06-2004-NA-MRI BREASTS - Delayed contrast-48705/500.000000-ROI-25364/1-1.dcm,-33.4,R,"[[[0 0 0 ... 0 0 0]
  [0 0 0 ... 0 0 0]
  [0 0 0 ... 0 0 0]
  ...
  [0 0 0 ... 0 0 0]
  [0 0 0 ... 0 0 0]
  [0 0 0 ... 0 0 0]]

 [[0 0 0 ... 0 0 0]
  [0 0 0 ... 0 0 0]
  [0 0 0 ... 0 0 0]
  ...
  [0 0 0 ... 0 0 0]
  [0 0 0 ... 0 0 0]
  [0 0 0 ... 0 0 0]]

 [[0 0 0 ... 0 0 0]
  [0 0 0 ... 0 0 0]
  [0 0 0 ... 0 0 0]
  ...
  [0 0 0 ... 0 0 0]
  [0 0 0 ... 0 0 0]
  [0 0 0 ... 0 0 0]]

 ...

 [[0 0 0 ... 0 0 0]
  [0 0 0 ... 0 0 0]
  [0 0 0 ... 0 0 0]
  ...
  [0 0 0 ... 0 0 0]
  [0 0 0 ... 0 0 0]
  [0 0 0 ... 0 0 0]]

 [[0 0 0 ... 0 0 0]
  [0 0 0 ... 0 0 0]
  [0 0 0 ... 0 0 0]
  ...
  [0 0 0 ... 0 0 0]
  [0 0 0 ... 0 0 0]
  [0 0 0 ... 0 0 0]]

 [[0 0 0 ... 0 0 0]
  [0 0 0 ... 0 0 0]
  [0 0 0 ... 0 0 0]
  ...
  [0 0 0 ... 0 0 0]
  [0 0 0 ... 0 0 0]
  [0 0 0 ... 0 0 0]]]","[66, 67, 68, 69, 70, 71]","[159, 160, 161, 162, 163, 164, 165, 166, 167, 168, 169, 170, 171, 172, 173, 174, 175, 176, 177, 178, 179, 180, 181, 182]","[334, 336, 337, 338, 339, 340, 341, 342, 343, 344, 345, 346, 347, 348, 349, 350, 351, 352, 353, 354, 355, 356]",6,24,23,/media/bendico765/Crucial X9/Materiali Tesista/Roi masks/AMBL-008/ROI 1.npy,/media/bendico765/Crucial X9/Materiali Tesista/Cleaned Roi masks/AMBL-008/ROI 1.npy,0.6836,2.0,/media/bendico765/Crucial X9/MRI Lesions/manifest-1728494830954/Advanced-MRI-Breast-Lesions/AMBL-008/03-06-2004-NA-MRI BREASTS - Delayed contrast-48705/500.000000-Registered AX Sen Vibrant MultiPhase-07668,,113960.0,85589.0,85519.0,85484.0,0.0028782028782028783,0.0003037773545665915,0.00033910592967644615,-0.00040943334425155587,0.0006216714918278477,0.00040897076783542847,0.0002895425205123156,9.022881856614902e-05,0.0004650754650754651,0.000350512332192221,0.0003040260059168138,0.00016377333770062233,0.0003619388617953228,-6.4620029716608365e-06,8.564633089514974e-05,5.3275269875788665e-06
8,AMBL-009,0,0.0,-1,-1,-1,-1,,-1,-1,-1.0,-1,/media/bendico765/Crucial X9/MRI Lesions/manifest-1728494830954/Advanced-MRI-Breast-Lesions/AMBL-009/03-06-2004-NA-MRI BREASTS - Delayed contrast-71740/600.000000-Registered Ax T2 FSE-22096,/media/bendico765/Crucial X9/MRI Lesions/manifest-1728494830954/Advanced-MRI-Breast-Lesions/AMBL-009/03-06-2004-NA-MRI BREASTS - Delayed contrast-71740/500.000000-ROI-72294/1-1.dcm,-22.9,R,"[[[0 0 0 ... 0 0 0]
  [0 0 0 ... 0 0 0]
  [0 0 0 ... 0 0 0]
  ...
  [0 0 0 ... 0 0 0]
  [0 0 0 ... 0 0 0]
  [0 0 0 ... 0 0 0]]

 [[0 0 0 ... 0 0 0]
  [0 0 0 ... 0 0 0]
  [0 0 0 ... 0 0 0]
  ...
  [0 0 0 ... 0 0 0]
  [0 0 0 ... 0 0 0]
  [0 0 0 ... 0 0 0]]

 [[0 0 0 ... 0 0 0]
  [0 0 0 ... 0 0 0]
  [0 0 0 ... 0 0 0]
  ...
  [0 0 0 ... 0 0 0]
  [0 0 0 ... 0 0 0]
  [0 0 0 ... 0 0 0]]

 ...

 [[0 0 0 ... 0 0 0]
  [0 0 0 ... 0 0 0]
  [0 0 0 ... 0 0 0]
  ...
  [0 0 0 ... 0 0 0]
  [0 0 0 ... 0 0 0]
  [0 0 0 ... 0 0 0]]

 [[0 0 0 ... 0 0 0]
  [0 0 0 ... 0 0 0]
  [0 0 0 ... 0 0 0]
  ...
  [0 0 0 ... 0 0 0]
  [0 0 0 ... 0 0 0]
  [0 0 0 ... 0 0 0]]

 [[0 0 0 ... 0 0 0]
  [0 0 0 ... 0 0 0]
  [0 0 0 ... 0 0 0]
  ...
  [0 0 0 ... 0 0 0]
  [0 0 0 ... 0 0 0]
  [0 0 0 ... 0 0 0]]]","[66, 67, 68, 69]","[103, 104, 105, 106, 107, 108, 109, 110, 111, 112, 113, 114, 115, 116, 117, 118, 119, 120, 121, 122, 123, 124, 125]","[310, 311, 312, 313, 314, 315, 316, 317, 318, 319, 320, 321, 322, 323, 324, 325, 326, 327, 328, 329, 330, 331, 332, 333, 334, 335, 336, 337, 338, 339, 340, 341, 342, 343, 344]",4,23,35,/media/bendico765/Crucial X9/Materiali Tesista/Roi masks/AMBL-009/ROI 0.npy,/media/bendico765/Crucial X9/Materiali Tesista/Cleaned Roi masks/AMBL-009/ROI 0.npy,0.6445,2.0,/media/bendico765/Crucial X9/MRI Lesions/manifest-1728494830954/Advanced-MRI-Breast-Lesions/AMBL-009/03-06-2004-NA-MRI BREASTS - Delayed contrast-71740/500.000000-Registered AX Sen Vibrant MultiPhase-73887,,115000.0,86629.0,86506.0,86507.0,0.0013565217391304349,0.00038093479088988677,0.00043927588837768477,0.0001849561307177454,0.0005785610893690023,0.00011566252328854103,0.00014348662243993636,4.908977452157166e-05,0.0006304347826086957,0.00010966304586224012,0.00012715880979354032,3.467927450957726e-05,0.00018910567571213402,1.4431265840172225e-05,6.162701600649584e-05,2.2082989221696303e-05
9,AMBL-010,0,0.0,-1,-1,-1,-1,,-1,-1,-1.0,-1,/media/bendico765/Crucial X9/MRI Lesions/manifest-1728494830954/Advanced-MRI-Breast-Lesions/AMBL-010/03-06-2004-NA-MRI BREASTS - Delayed contrast-67681/600.000000-Registered Ax T2 FSE-68239,/media/bendico765/Crucial X9/MRI Lesions/manifest-1728494830954/Advanced-MRI-Breast-Lesions/AMBL-010/03-06-2004-NA-MRI BREASTS - Delayed contrast-67681/500.000000-ROI-79770/1-1.dcm,8.71,R,"[[[0 0 0 ... 0 0 0]
  [0 0 0 ... 0 0 0]
  [0 0 0 ... 0 0 0]
  ...
  [0 0 0 ... 0 0 0]
  [0 0 0 ... 0 0 0]
  [0 0 0 ... 0 0 0]]

 [[0 0 0 ... 0 0 0]
  [0 0 0 ... 0 0 0]
  [0 0 0 ... 0 0 0]
  ...
  [0 0 0 ... 0 0 0]
  [0 0 0 ... 0 0 0]
  [0 0 0 ... 0 0 0]]

 [[0 0 0 ... 0 0 0]
  [0 0 0 ... 0 0 0]
  [0 0 0 ... 0 0 0]
  ...
  [0 0 0 ... 0 0 0]
  [0 0 0 ... 0 0 0]
  [0 0 0 ... 0 0 0]]

 ...

 [[0 0 0 ... 0 0 0]
  [0 0 0 ... 0 0 0]
  [0 0 0 ... 0 0 0]
  ...
  [0 0 0 ... 0 0 0]
  [0 0 0 ... 0 0 0]
  [0 0 0 ... 0 0 0]]

 [[0 0 0 ... 0 0 0]
  [0 0 0 ... 0 0 0]
  [0 0 0 ... 0 0 0]
  ...
  [0 0 0 ... 0 0 0]
  [0 0 0 ... 0 0 0]
  [0 0 0 ... 0 0 0]]

 [[0 0 0 ... 0 0 0]
  [0 0 0 ... 0 0 0]
  [0 0 0 ... 0 0 0]
  ...
  [0 0 0 ... 0 0 0]
  [0 0 0 ... 0 0 0]
  [0 0 0 ... 0 0 0]]]","[53, 54, 55, 56, 57, 58, 59, 60, 61]","[159, 160, 161, 162, 163, 164, 165, 166, 167, 168, 169, 170, 171, 172, 173, 174, 175, 176, 177, 178, 179, 180, 181, 182, 183, 184, 185, 186, 187, 188, 189, 190, 191, 192, 193, 194, 195, 196, 197, 198, 199, 200, 201, 202, 203, 204, 205, 206, 207, 208, 209, 210, 211, 212, 213, 214, 215, 216, 217, 218, 219, 220, 221, 222, 223, 224, 225, 226, 227, 228, 229, 230, 231, 232, 233, 234, 235, 236, 237, 238, 239, 240, 241, 242, 243, 244, 245, 246, 247, 248, 249, 250, 251, 252, 253]","[336, 337, 338, 339, 340, 341, 342, 343, 344, 345, 346, 347, 348, 349, 350, 351, 352, 353, 354, 355, 356, 357, 358, 359, 360, 361, 362, 363, 364, 365, 366, 367, 368, 369, 370, 371, 372, 373, 374, 375, 376, 377, 378, 379, 380, 381, 382, 383, 384, 385, 386, 387, 388, 389, 390, 391, 392, 393, 394, 395, 396, 397, 398, 399, 400, 401, 402, 403, 404, 405, 406, 407, 408, 409, 410, 411]",9,95,76,/media/bendico765/Crucial X9/Materiali Tesista/Roi masks/AMBL-010/ROI 0.npy,/media/bendico765/Crucial X9/Materiali Tesista/Cleaned Roi masks/AMBL-010/ROI 0.npy,0.625,2.0,/media/bendico765/Crucial X9/MRI Lesions/manifest-1728494830954/Advanced-MRI-Breast-Lesions/AMBL-010/03-06-2004-NA-MRI BREASTS - Delayed contrast-67681/500.000000-Registered AX Sen Vibrant MultiPhase-32542,,115526.0,86935.0,86991.0,86991.0,0.002449665010473833,0.0004141024903663657,0.00019542251497281328,0.00024140428320171053,0.0009143228324094572,0.0003091792782109381,0.0003152586961783432,0.00011370221585862317,0.0009348544916295898,0.000299074020820153,0.00034486326171672934,0.00013794530468669172,0.0003758000617340955,8.342536160860688e-05,5.776209652708614e-05,5.850759050768642e-05
10,AMBL-011,0,1.0,2,0,0,0,1.0,0,0,0.0,high,/media/bendico765/Crucial X9/MRI Lesions/manifest-1728494830954/Advanced-MRI-Breast-Lesions/AMBL-011/03-06-2004-NA-MRI BREASTS - Delayed contrast-75639/600.000000-Registered Ax T2 FSE-73862,/media/bendico765/Crucial X9/MRI Lesions/manifest-1728494830954/Advanced-MRI-Breast-Lesions/AMBL-011/03-06-2004-NA-MRI BREASTS - Delayed contrast-75639/500.000000-ROI-50270/1-1.dcm,9.16,L,"[[[0 0 0 ... 0 0 0]
  [0 0 0 ... 0 0 0]
  [0 0 0 ... 0 0 0]
  ...
  [0 0 0 ... 0 0 0]
  [0 0 0 ... 0 0 0]
  [0 0 0 ... 0 0 0]]

 [[0 0 0 ... 0 0 0]
  [0 0 0 ... 0 0 0]
  [0 0 0 ... 0 0 0]
  ...
  [0 0 0 ... 0 0 0]
  [0 0 0 ... 0 0 0]
  [0 0 0 ... 0 0 0]]

 [[0 0 0 ... 0 0 0]
  [0 0 0 ... 0 0 0]
  [0 0 0 ... 0 0 0]
  ...
  [0 0 0 ... 0 0 0]
  [0 0 0 ... 0 0 0]
  [0 0 0 ... 0 0 0]]

 ...

 [[0 0 0 ... 0 0 0]
  [0 0 0 ... 0 0 0]
  [0 0 0 ... 0 0 0]
  ...
  [0 0 0 ... 0 0 0]
  [0 0 0 ... 0 0 0]
  [0 0 0 ... 0 0 0]]

 [[0 0 0 ... 0 0 0]
  [0 0 0 ... 0 0 0]
  [0 0 0 ... 0 0 0]
  ...
  [0 0 0 ... 0 0 0]
  [0 0 0 ... 0 0 0]
  [0 0 0 ... 0 0 0]]

 [[0 0 0 ... 0 0 0]
  [0 0 0 ... 0 0 0]
  [0 0 0 ... 0 0 0]
  ...
  [0 0 0 ... 0 0 0]
  [0 0 0 ... 0 0 0]
  [0 0 0 ... 0 0 0]]]","[43, 44, 45, 46, 47, 48, 49, 50, 51, 52, 53, 54, 55, 56, 57, 58]","[185, 186, 187, 188, 189, 190, 191, 192, 193, 194, 195, 196, 197, 198, 199, 200, 201, 202, 203, 204, 205, 206, 207, 208, 209, 210, 211, 212, 213, 214, 215, 216, 217, 218, 219, 220, 221, 222, 223, 224, 225, 226, 227, 228, 229, 230, 231, 232, 233, 234, 235, 236, 237, 238, 239, 240, 241, 242]","[92, 93, 94, 95, 96, 97, 98, 99, 100, 101, 102, 103, 104, 105, 106, 107, 108, 109, 110, 111, 112, 113, 114, 115, 116, 117, 118, 119, 120, 121, 122, 123, 124, 125, 126, 127, 128, 129, 130, 131, 132, 133, 134, 135, 136]",16,58,45,/media/bendico765/Crucial X9/Materiali Tesista/Roi masks/AMBL-011/ROI 0.npy,/media/bendico765/Crucial X9/Materiali Tesista/Cleaned Roi masks/AMBL-011/ROI 0.npy,0.6836,2.0,/media/bendico765/Crucial X9/MRI Lesions/manifest-1728494830954/Advanced-MRI-Breast-Lesions/AMBL-011/03-06-2004-NA-MRI BREASTS - Delayed contrast-75639/500.000000-Registered AX Sen Vibrant MultiPhase-81331,,113960.0,85729.0,85488.0,86027.0,0.005809055809055809,-0.001271448401357767,-0.0003392288976230582,-0.0003487277250165646,0.001827456356593475,1.8414375461297283e-06,-0.00011262683608793089,-3.3840551952781164e-05,0.0017725517725517726,0.00013997597079168077,-5.848774096949279e-05,1.1624257500552152e-05,0.0012061291923047915,-0.00023847618100469558,-0.00013036401913416702,-8.410708331786068e-05
11,AMBL-011,1,0.0,-1,-1,-1,-1,,-1.0,-1.0,-1.0,-1,/media/bendico765/Crucial X9/MRI Lesions/manifest-1728494830954/Advanced-MRI-Breast-Lesions/AMBL-011/03-06-2004-NA-MRI BREASTS - Delayed contrast-75639/600.000000-Registered Ax T2 FSE-73862,/media/bendico765/Crucial X9/MRI Lesions/manifest-1728494830954/Advanced-MRI-Breast-Lesions/AMBL-011/03-06-2004-NA-MRI BREASTS - Delayed contrast-75639/500.000000-ROI-50270/1-1.dcm,-32.84,R,"[[[0 0 0 ... 0 0 0]
  [0 0 0 ... 0 0 0]
  [0 0 0 ... 0 0 0]
  ...
  [0 0 0 ... 0 0 0]
  [0 0 0 ... 0 0 0]
  [0 0 0 ... 0 0 0]]

 [[0 0 0 ... 0 0 0]
  [0 0 0 ... 0 0 0]
  [0 0 0 ... 0 0 0]
  ...
  [0 0 0 ... 0 0 0]
  [0 0 0 ... 0 0 0]
  [0 0 0 ... 0 0 0]]

 [[0 0 0 ... 0 0 0]
  [0 0 0 ... 0 0 0]
  [0 0 0 ... 0 0 0]
  ...
  [0 0 0 ... 0 0 0]
  [0 0 0 ... 0 0 0]
  [0 0 0 ... 0 0 0]]

 ...

 [[0 0 0 ... 0 0 0]
  [0 0 0 ... 0 0 0]
  [0 0 0 ... 0 0 0]
  ...
  [0 0 0 ... 0 0 0]
  [0 0 0 ... 0 0 0]
  [0 0 0 ... 0 0 0]]

 [[0 0 0 ... 0 0 0]
  [0 0 0 ... 0 0 0]
  [0 0 0 ... 0 0 0]
  ...
  [0 0 0 ... 0 0 0]
  [0 0 0 ... 0 0 0]
  [0 0 0 ... 0 0 0]]

 [[0 0 0 ... 0 0 0]
  [0 0 0 ... 0 0 0]
  [0 0 0 ... 0 0 0]
  ...
  [0 0 0 ... 0 0 0]
  [0 0 0 ... 0 0 0]
  [0 0 0 ... 0 0 0]]]","[71, 72]","[139, 140, 141, 142, 143, 144, 145, 146, 147, 148]","[384, 385, 386, 387, 388, 389, 390, 391, 392]",2,10,9,/media/bendico765/Crucial X9/Materiali Tesista/Roi masks/AMBL-011/ROI 1.npy,/media/bendico765/Crucial X9/Materiali Tesista/Cleaned Roi masks/AMBL-011/ROI 1.npy,0.6836,2.0,/media/bendico765/Crucial X9/MRI Lesions/manifest-1728494830954/Advanced-MRI-Breast-Lesions/AMBL-011/03-06-2004-NA-MRI BREASTS - Delayed contrast-75639/500.000000-Registered AX Sen Vibrant MultiPhase-81331,,113960.0,85729.0,85488.0,86027.0,0.0022551772551772553,-0.000548239218934083,-0.00038601909039865246,-3.4872772501656455e-05,0.0006082046751903211,0.0001832301084964468,-4.511111887216411e-05,2.9255308350672094e-05,0.0003861003861003861,0.0003149459342812817,0.0,1.1624257500552152e-05,0.0004446008769593592,-0.00010796543699476125,-0.00011093731391749837,-2.3964951225663988e-05
12,AMBL-013,0,0.0,-1,-1,-1,-1,,-1,-1,-1.0,-1,/media/bendico765/Crucial X9/MRI Lesions/manifest-1728494830954/Advanced-MRI-Breast-Lesions/AMBL-013/03-09-2004-NA-MRI BREASTS - Delayed contrast-62164/600.000000-Registered Ax T2 FSE-99008,/media/bendico765/Crucial X9/MRI Lesions/manifest-1728494830954/Advanced-MRI-Breast-Lesions/AMBL-013/03-09-2004-NA-MRI BREASTS - Delayed contrast-62164/500.000000-ROI-13057/1-1.dcm,10.95,R,"[[[0 0 0 ... 0 0 0]
  [0 0 0 ... 0 0 0]
  [0 0 0 ... 0 0 0]
  ...
  [0 0 0 ... 0 0 0]
  [0 0 0 ... 0 0 0]
  [0 0 0 ... 0 0 0]]

 [[0 0 0 ... 0 0 0]
  [0 0 0 ... 0 0 0]
  [0 0 0 ... 0 0 0]
  ...
  [0 0 0 ... 0 0 0]
  [0 0 0 ... 0 0 0]
  [0 0 0 ... 0 0 0]]

 [[0 0 0 ... 0 0 0]
  [0 0 0 ... 0 0 0]
  [0 0 0 ... 0 0 0]
  ...
  [0 0 0 ... 0 0 0]
  [0 0 0 ... 0 0 0]
  [0 0 0 ... 0 0 0]]

 ...

 [[0 0 0 ... 0 0 0]
  [0 0 0 ... 0 0 0]
  [0 0 0 ... 0 0 0]
  ...
  [0 0 0 ... 0 0 0]
  [0 0 0 ... 0 0 0]
  [0 0 0 ... 0 0 0]]

 [[0 0 0 ... 0 0 0]
  [0 0 0 ... 0 0 0]
  [0 0 0 ... 0 0 0]
  ...
  [0 0 0 ... 0 0 0]
  [0 0 0 ... 0 0 0]
  [0 0 0 ... 0 0 0]]

 [[0 0 0 ... 0 0 0]
  [0 0 0 ... 0 0 0]
  [0 0 0 ... 0 0 0]
  ...
  [0 0 0 ... 0 0 0]
  [0 0 0 ... 0 0 0]
  [0 0 0 ... 0 0 0]]]","[52, 53, 54, 55, 56]","[210, 211, 212, 213, 214, 215, 216, 217, 218, 219, 220, 221, 222, 223, 224, 225, 226, 227, 228, 229, 230, 231, 232, 233, 234, 235, 236, 237, 238]","[346, 347, 348, 349, 350, 351, 352, 353, 354, 355, 356, 357, 358, 359, 360, 361, 362, 363]",5,29,18,/media/bendico765/Crucial X9/Materiali Tesista/Roi masks/AMBL-013/ROI 0.npy,/media/bendico765/Crucial X9/Materiali Tesista/Cleaned Roi masks/AMBL-013/ROI 0.npy,0.6641,2.0,/media/bendico765/Crucial X9/MRI Lesions/manifest-1728494830954/Advanced-MRI-Breast-Lesions/AMBL-013/03-09-2004-NA-MRI BREASTS - Delayed contrast-62164/500.000000-Registered AX Sen Vibrant MultiPhase-55624,,114590.0,86015.0,86030.0,86003.0,0.0031154551007941357,0.00023251758414230076,0.00012786237359060793,-0.0001162750136623141,0.0008787150693690109,0.00043412435075452854,0.00017662998241235232,3.643088995902115e-05,0.0007766820839514792,0.0004301575306632564,9.880274322910613e-05,7.557875888050417e-05,0.0004477927959010055,0.0001516635589281526,5.320528956709013e-05,2.6612115295454377e-07
13,AMBL-013,1,0.0,-1,-1,-1,-1,,-1.0,-1.0,-1.0,-1,/media/bendico765/Crucial X9/MRI Lesions/manifest-1728494830954/Advanced-MRI-Breast-Lesions/AMBL-013/03-09-2004-NA-MRI BREASTS - Delayed contrast-62164/600.000000-Registered Ax T2 FSE-99008,/media/bendico765/Crucial X9/MRI Lesions/manifest-1728494830954/Advanced-MRI-Breast-Lesions/AMBL-013/03-09-2004-NA-MRI BREASTS - Delayed contrast-62164/500.000000-ROI-13057/1-1.dcm,-23.05,L,"[[[0 0 0 ... 0 0 0]
  [0 0 0 ... 0 0 0]
  [0 0 0 ... 0 0 0]
  ...
  [0 0 0 ... 0 0 0]
  [0 0 0 ... 0 0 0]
  [0 0 0 ... 0 0 0]]

 [[0 0 0 ... 0 0 0]
  [0 0 0 ... 0 0 0]
  [0 0 0 ... 0 0 0]
  ...
  [0 0 0 ... 0 0 0]
  [0 0 0 ... 0 0 0]
  [0 0 0 ... 0 0 0]]

 [[0 0 0 ... 0 0 0]
  [0 0 0 ... 0 0 0]
  [0 0 0 ... 0 0 0]
  ...
  [0 0 0 ... 0 0 0]
  [0 0 0 ... 0 0 0]
  [0 0 0 ... 0 0 0]]

 ...

 [[0 0 0 ... 0 0 0]
  [0 0 0 ... 0 0 0]
  [0 0 0 ... 0 0 0]
  ...
  [0 0 0 ... 0 0 0]
  [0 0 0 ... 0 0 0]
  [0 0 0 ... 0 0 0]]

 [[0 0 0 ... 0 0 0]
  [0 0 0 ... 0 0 0]
  [0 0 0 ... 0 0 0]
  ...
  [0 0 0 ... 0 0 0]
  [0 0 0 ... 0 0 0]
  [0 0 0 ... 0 0 0]]

 [[0 0 0 ... 0 0 0]
  [0 0 0 ... 0 0 0]
  [0 0 0 ... 0 0 0]
  ...
  [0 0 0 ... 0 0 0]
  [0 0 0 ... 0 0 0]
  [0 0 0 ... 0 0 0]]]","[68, 69, 70, 71]","[199, 200, 201, 202, 203, 204, 205, 206, 207, 208, 209, 210, 211, 212, 213, 214, 215, 216, 217]","[130, 131, 132, 133, 134, 135, 136, 137, 138, 139, 140, 141, 142, 143, 144, 145, 146]",4,19,17,/media/bendico765/Crucial X9/Materiali Tesista/Roi masks/AMBL-013/ROI 1.npy,/media/bendico765/Crucial X9/Materiali Tesista/Cleaned Roi masks/AMBL-013/ROI 1.npy,0.6641,2.0,/media/bendico765/Crucial X9/MRI Lesions/manifest-1728494830954/Advanced-MRI-Breast-Lesions/AMBL-013/03-09-2004-NA-MRI BREASTS - Delayed contrast-62164/500.000000-Registered AX Sen Vibrant MultiPhase-55624,,114590.0,86015.0,86030.0,86003.0,0.0019897024173139016,0.000941696215776318,0.00013948622573520865,0.00027906003278955387,0.0008087987676385291,0.00047192322837909934,0.0002722677844026849,2.1332273274567592e-05,0.0007112313465398377,0.000447596349473929,0.00025572474718121586,2.9068753415578525e-05,0.00039588737249711024,0.00012392974003750095,6.852882620236988e-05,-4.0064506244958566e-05
14,AMBL-016,0,1.0,2,3,0.1,0,,100,1,0.0,low to intermediate,/media/bendico765/Crucial X9/MRI Lesions/manifest-1728494830954/Advanced-MRI-Breast-Lesions/AMBL-016/03-10-2004-NA-MRI BREASTS - Delayed contrast-54744/700.000000-Registered Ax T2 FSE-62331,/media/bendico765/Crucial X9/MRI Lesions/manifest-1728494830954/Advanced-MRI-Breast-Lesions/AMBL-016/03-10-2004-NA-MRI BREASTS - Delayed contrast-54744/600.000000-ROI-26204/1-1.dcm,-40.8,R,"[[[0 0 0 ... 0 0 0]
  [0 0 0 ... 0 0 0]
  [0 0 0 ... 0 0 0]
  ...
  [0 0 0 ... 0 0 0]
  [0 0 0 ... 0 0 0]
  [0 0 0 ... 0 0 0]]

 [[0 0 0 ... 0 0 0]
  [0 0 0 ... 0 0 0]
  [0 0 0 ... 0 0 0]
  ...
  [0 0 0 ... 0 0 0]
  [0 0 0 ... 0 0 0]
  [0 0 0 ... 0 0 0]]

 [[0 0 0 ... 0 0 0]
  [0 0 0 ... 0 0 0]
  [0 0 0 ... 0 0 0]
  ...
  [0 0 0 ... 0 0 0]
  [0 0 0 ... 0 0 0]
  [0 0 0 ... 0 0 0]]

 ...

 [[0 0 0 ... 0 0 0]
  [0 0 0 ... 0 0 0]
  [0 0 0 ... 0 0 0]
  ...
  [0 0 0 ... 0 0 0]
  [0 0 0 ... 0 0 0]
  [0 0 0 ... 0 0 0]]

 [[0 0 0 ... 0 0 0]
  [0 0 0 ... 0 0 0]
  [0 0 0 ... 0 0 0]
  ...
  [0 0 0 ... 0 0 0]
  [0 0 0 ... 0 0 0]
  [0 0 0 ... 0 0 0]]

 [[0 0 0 ... 0 0 0]
  [0 0 0 ... 0 0 0]
  [0 0 0 ... 0 0 0]
  ...
  [0 0 0 ... 0 0 0]
  [0 0 0 ... 0 0 0]
  [0 0 0 ... 0 0 0]]]","[74, 75, 76, 77, 78]","[51, 52, 53, 54, 55, 56, 57, 58, 59, 60, 61, 62, 63, 64, 65, 66]","[357, 358, 359, 360, 361, 362, 363, 364, 365, 366, 367, 368, 369]",5,16,13,/media/bendico765/Crucial X9/Materiali Tesista/Roi masks/AMBL-016/ROI 0.npy,/media/bendico765/Crucial X9/Materiali Tesista/Cleaned Roi masks/AMBL-016/ROI 0.npy,0.7031,2.1,/media/bendico765/Crucial X9/MRI Lesions/manifest-1728494830954/Advanced-MRI-Breast-Lesions/AMBL-016/03-10-2004-NA-MRI BREASTS - Delayed contrast-54744/600.000000-Registered AX Sen Vibrant MultiPhase-61077,,113402.0,84834.0,84983.0,84994.0,0.001393273487240084,-0.00020039135252375228,-9.413647435369427e-05,0.0,0.000597962055003328,0.00014333124159889656,1.1220117627150283e-05,-6.406201753293312e-06,0.0005290911976861078,0.00017681589928566377,5.883529647105892e-05,1.1765536390804057e-05,0.0003470017127735247,-4.879096042332455e-05,-5.329241012350462e-05,-4.9841672043317296e-05
15,AMBL-016,1,0.0,-1,-1,-1,-1,,-1.0,-1.0,-1.0,-1,/media/bendico765/Crucial X9/MRI Lesions/manifest-1728494830954/Advanced-MRI-Breast-Lesions/AMBL-016/03-10-2004-NA-MRI BREASTS - Delayed contrast-54744/700.000000-Registered Ax T2 FSE-62331,/media/bendico765/Crucial X9/MRI Lesions/manifest-1728494830954/Advanced-MRI-Breast-Lesions/AMBL-016/03-10-2004-NA-MRI BREASTS - Delayed contrast-54744/600.000000-ROI-26204/1-1.dcm,13.8,R,"[[[0 0 0 ... 0 0 0]
  [0 0 0 ... 0 0 0]
  [0 0 0 ... 0 0 0]
  ...
  [0 0 0 ... 0 0 0]
  [0 0 0 ... 0 0 0]
  [0 0 0 ... 0 0 0]]

 [[0 0 0 ... 0 0 0]
  [0 0 0 ... 0 0 0]
  [0 0 0 ... 0 0 0]
  ...
  [0 0 0 ... 0 0 0]
  [0 0 0 ... 0 0 0]
  [0 0 0 ... 0 0 0]]

 [[0 0 0 ... 0 0 0]
  [0 0 0 ... 0 0 0]
  [0 0 0 ... 0 0 0]
  ...
  [0 0 0 ... 0 0 0]
  [0 0 0 ... 0 0 0]
  [0 0 0 ... 0 0 0]]

 ...

 [[0 0 0 ... 0 0 0]
  [0 0 0 ... 0 0 0]
  [0 0 0 ... 0 0 0]
  ...
  [0 0 0 ... 0 0 0]
  [0 0 0 ... 0 0 0]
  [0 0 0 ... 0 0 0]]

 [[0 0 0 ... 0 0 0]
  [0 0 0 ... 0 0 0]
  [0 0 0 ... 0 0 0]
  ...
  [0 0 0 ... 0 0 0]
  [0 0 0 ... 0 0 0]
  [0 0 0 ... 0 0 0]]

 [[0 0 0 ... 0 0 0]
  [0 0 0 ... 0 0 0]
  [0 0 0 ... 0 0 0]
  ...
  [0 0 0 ... 0 0 0]
  [0 0 0 ... 0 0 0]
  [0 0 0 ... 0 0 0]]]","[49, 50, 51]","[123, 124, 125, 126, 127, 128, 129, 130, 131, 132]","[342, 343, 344, 345, 346, 347, 348, 349, 350]",3,10,9,/media/bendico765/Crucial X9/Materiali Tesista/Roi masks/AMBL-016/ROI 1.npy,/media/bendico765/Crucial X9/Materiali Tesista/Cleaned Roi masks/AMBL-016/ROI 1.npy,0.7031,2.1,/media/bendico765/Crucial X9/MRI Lesions/manifest-1728494830954/Advanced-MRI-Breast-Lesions/AMBL-016/03-10-2004-NA-MRI BREASTS - Delayed contrast-54744/600.000000-Registered AX Sen Vibrant MultiPhase-61077,,113402.0,84834.0,84983.0,84994.0,0.0012080915680499462,0.0001650281726666195,0.0001412047115305414,-9.412429112643246e-05,0.00035885820439884744,0.00022048661980764663,0.00015190713212670555,-4.526930192271276e-05,0.00041004567820673355,0.00020039135252375228,8.825294470658838e-05,-1.1765536390804057e-05,0.0002728535240043112,3.5164677577764734e-05,-7.42912375502987e-05,2.2500033678647427e-05
16,AMBL-016,2,0.0,-1.0,-1,-1,-1,,-1.0,-1.0,-1.0,-1,/media/bendico765/Crucial X9/MRI Lesions/manifest-1728494830954/Advanced-MRI-Breast-Lesions/AMBL-016/03-10-2004-NA-MRI BREASTS - Delayed contrast-54744/700.000000-Registered Ax T2 FSE-62331,/media/bendico765/Crucial X9/MRI Lesions/manifest-1728494830954/Advanced-MRI-Breast-Lesions/AMBL-016/03-10-2004-NA-MRI BREASTS - Delayed contrast-54744/600.000000-ROI-26204/1-1.dcm,-53.4,L,"[[[0 0 0 ... 0 0 0]
  [0 0 0 ... 0 0 0]
  [0 0 0 ... 0 0 0]
  ...
  [0 0 0 ... 0 0 0]
  [0 0 0 ... 0 0 0]
  [0 0 0 ... 0 0 0]]

 [[0 0 0 ... 0 0 0]
  [0 0 0 ... 0 0 0]
  [0 0 0 ... 0 0 0]
  ...
  [0 0 0 ... 0 0 0]
  [0 0 0 ... 0 0 0]
  [0 0 0 ... 0 0 0]]

 [[0 0 0 ... 0 0 0]
  [0 0 0 ... 0 0 0]
  [0 0 0 ... 0 0 0]
  ...
  [0 0 0 ... 0 0 0]
  [0 0 0 ... 0 0 0]
  [0 0 0 ... 0 0 0]]

 ...

 [[0 0 0 ... 0 0 0]
  [0 0 0 ... 0 0 0]
  [0 0 0 ... 0 0 0]
  ...
  [0 0 0 ... 0 0 0]
  [0 0 0 ... 0 0 0]
  [0 0 0 ... 0 0 0]]

 [[0 0 0 ... 0 0 0]
  [0 0 0 ... 0 0 0]
  [0 0 0 ... 0 0 0]
  ...
  [0 0 0 ... 0 0 0]
  [0 0 0 ... 0 0 0]
  [0 0 0 ... 0 0 0]]

 [[0 0 0 ... 0 0 0]
  [0 0 0 ... 0 0 0]
  [0 0 0 ... 0 0 0]
  ...
  [0 0 0 ... 0 0 0]
  [0 0 0 ... 0 0 0]
  [0 0 0 ... 0 0 0]]]","[81, 82, 83]","[88, 89, 90, 91, 92, 93, 94]","[156, 157, 158, 159, 160, 161, 162]",3,7,7,/media/bendico765/Crucial X9/Materiali Tesista/Roi masks/AMBL-016/ROI 2.npy,/media/bendico765/Crucial X9/Materiali Tesista/Cleaned Roi masks/AMBL-016/ROI 2.npy,0.7031,2.1,/media/bendico765/Crucial X9/MRI Lesions/manifest-1728494830954/Advanced-MRI-Breast-Lesions/AMBL-016/03-10-2004-NA-MRI BREASTS - Delayed contrast-54744/600.000000-Registered AX Sen Vibrant MultiPhase-61077,,113402.0,84834.0,84983.0,84994.0,0.0011904551947937425,0.00012966499280948676,-0.00025887530447265926,0.0002470762642068852,0.0004668312491440736,0.00017934749157968674,4.067137943972533e-05,0.00011378616066542724,0.00041445477152078446,0.00020039135252375228,1.1767059294211784e-05,0.00012942090029884463,0.00028793759357697825,-2.1222259638413818e-05,-2.1283656382100324e-05,2.5769259701121566e-05
17,AMBL-018,0,1.0,2,2.2,2.8,0,,95,100,0.0,Intermediate to high,/media/bendico765/Crucial X9/MRI Lesions/manifest-1728494830954/Advanced-MRI-Breast-Lesions/AMBL-018/03-12-2004-NA-MRI BREASTS - Delayed contrast-16432/600.000000-Registered Ax T2 FSE-28458,/media/bendico765/Crucial X9/MRI Lesions/manifest-1728494830954/Advanced-MRI-Breast-Lesions/AMBL-018/03-12-2004-NA-MRI BREASTS - Delayed contrast-16432/500.000000-ROI-44726/1-1.dcm,21.24,R,"[[[0 0 0 ... 0 0 0]
  [0 0 0 ... 0 0 0]
  [0 0 0 ... 0 0 0]
  ...
  [0 0 0 ... 0 0 0]
  [0 0 0 ... 0 0 0]
  [0 0 0 ... 0 0 0]]

 [[0 0 0 ... 0 0 0]
  [0 0 0 ... 0 0 0]
  [0 0 0 ... 0 0 0]
  ...
  [0 0 0 ... 0 0 0]
  [0 0 0 ... 0 0 0]
  [0 0 0 ... 0 0 0]]

 [[0 0 0 ... 0 0 0]
  [0 0 0 ... 0 0 0]
  [0 0 0 ... 0 0 0]
  ...
  [0 0 0 ... 0 0 0]
  [0 0 0 ... 0 0 0]
  [0 0 0 ... 0 0 0]]

 ...

 [[0 0 0 ... 0 0 0]
  [0 0 0 ... 0 0 0]
  [0 0 0 ... 0 0 0]
  ...
  [0 0 0 ... 0 0 0]
  [0 0 0 ... 0 0 0]
  [0 0 0 ... 0 0 0]]

 [[0 0 0 ... 0 0 0]
  [0 0 0 ... 0 0 0]
  [0 0 0 ... 0 0 0]
  ...
  [0 0 0 ... 0 0 0]
  [0 0 0 ... 0 0 0]
  [0 0 0 ... 0 0 0]]

 [[0 0 0 ... 0 0 0]
  [0 0 0 ... 0 0 0]
  [0 0 0 ... 0 0 0]
  ...
  [0 0 0 ... 0 0 0]
  [0 0 0 ... 0 0 0]
  [0 0 0 ... 0 0 0]]]","[38, 39, 40, 41, 42, 43, 44, 45, 46, 47]","[240, 241, 242, 243, 244, 245, 246, 247, 248, 249, 250, 251, 252, 253, 254, 255, 256, 257, 258, 259, 260, 261, 262, 263, 264, 265, 266, 267, 268, 269, 270, 271, 272, 274]","[328, 329, 330, 331, 332, 333, 334, 335, 336, 337, 338, 339, 340, 341, 342, 343, 344, 345, 346, 347, 348, 349, 350, 351, 352, 353, 354, 355, 356, 357, 358, 359, 360, 361]",10,35,34,/media/bendico765/Crucial X9/Materiali Tesista/Roi masks/AMBL-018/ROI 0.npy,/media/bendico765/Crucial X9/Materiali Tesista/Cleaned Roi masks/AMBL-018/ROI 0.npy,0.6445,2.0,/media/bendico765/Crucial X9/MRI Lesions/manifest-1728494830954/Advanced-MRI-Breast-Lesions/AMBL-018/03-12-2004-NA-MRI BREASTS - Delayed contrast-16432/500.000000-Registered AX Sen Vibrant MultiPhase-87572,,115012.0,86886.0,86418.0,86557.0,0.0023128021423851424,0.00023018668139861427,0.0006248698187877526,-0.0011322019016370714,0.0008224643167083956,0.00023270297576092925,0.00012862338843808754,-4.8662975982545815e-05,0.0006694953570062255,0.00019565867918882213,0.00016200328635238028,-3.465924188684913e-05,0.0006058504975962773,2.2311238596447253e-05,-7.821332410508716e-06,-0.0001128551796886562
18,AMBL-018,1,0.0,-1,-1,-1,-1,,-1.0,-1.0,-1.0,-1,/media/bendico765/Crucial X9/MRI Lesions/manifest-1728494830954/Advanced-MRI-Breast-Lesions/AMBL-018/03-12-2004-NA-MRI BREASTS - Delayed contrast-16432/600.000000-Registered Ax T2 FSE-28458,/media/bendico765/Crucial X9/MRI Lesions/manifest-1728494830954/Advanced-MRI-Breast-Lesions/AMBL-018/03-12-2004-NA-MRI BREASTS - Delayed contrast-16432/500.000000-ROI-44726/1-1.dcm,-4.76,R,"[[[0 0 0 ... 0 0 0]
  [0 0 0 ... 0 0 0]
  [0 0 0 ... 0 0 0]
  ...
  [0 0 0 ... 0 0 0]
  [0 0 0 ... 0 0 0]
  [0 0 0 ... 0 0 0]]

 [[0 0 0 ... 0 0 0]
  [0 0 0 ... 0 0 0]
  [0 0 0 ... 0 0 0]
  ...
  [0 0 0 ... 0 0 0]
  [0 0 0 ... 0 0 0]
  [0 0 0 ... 0 0 0]]

 [[0 0 0 ... 0 0 0]
  [0 0 0 ... 0 0 0]
  [0 0 0 ... 0 0 0]
  ...
  [0 0 0 ... 0 0 0]
  [0 0 0 ... 0 0 0]
  [0 0 0 ... 0 0 0]]

 ...

 [[0 0 0 ... 0 0 0]
  [0 0 0 ... 0 0 0]
  [0 0 0 ... 0 0 0]
  ...
  [0 0 0 ... 0 0 0]
  [0 0 0 ... 0 0 0]
  [0 0 0 ... 0 0 0]]

 [[0 0 0 ... 0 0 0]
  [0 0 0 ... 0 0 0]
  [0 0 0 ... 0 0 0]
  ...
  [0 0 0 ... 0 0 0]
  [0 0 0 ... 0 0 0]
  [0 0 0 ... 0 0 0]]

 [[0 0 0 ... 0 0 0]
  [0 0 0 ... 0 0 0]
  [0 0 0 ... 0 0 0]
  ...
  [0 0 0 ... 0 0 0]
  [0 0 0 ... 0 0 0]
  [0 0 0 ... 0 0 0]]]","[53, 54, 55, 56, 57, 58]","[128, 129, 130, 131, 132, 133, 134, 135, 136, 137, 138, 139, 140, 141, 143]","[359, 360, 361, 362, 363, 364, 365, 366, 367, 368, 369, 370, 371, 372]",6,16,14,/media/bendico765/Crucial X9/Materiali Tesista/Roi masks/AMBL-018/ROI 1.npy,/media/bendico765/Crucial X9/Materiali Tesista/Cleaned Roi masks/AMBL-018/ROI 1.npy,0.6445,2.0,/media/bendico765/Crucial X9/MRI Lesions/manifest-1728494830954/Advanced-MRI-Breast-Lesions/AMBL-018/03-12-2004-NA-MRI BREASTS - Delayed contrast-16432/500.000000-Registered AX Sen Vibrant MultiPhase-87572,,115012.0,86886.0,86418.0,86557.0,0.002156296734253817,0.00019565867918882213,9.257330648707446e-05,-0.0001501900481763462,0.0006581954450999478,0.0003387386683709104,0.00013741891926212133,0.00010130580532782211,0.0005999373978367474,0.00025896001657344105,0.00016200328635238028,9.242464503159767e-05,0.0004659746367153793,7.591112402344752e-05,4.831923391441367e-05,-5.350552245351687e-06
19,AMBL-018,2,0.0,-1.0,-1,-1,-1,,-1.0,-1.0,-1.0,-1,/media/bendico765/Crucial X9/MRI Lesions/manifest-1728494830954/Advanced-MRI-Breast-Lesions/AMBL-018/03-12-2004-NA-MRI BREASTS - Delayed contrast-16432/600.000000-Registered Ax T2 FSE-28458,/media/bendico765/Crucial X9/MRI Lesions/manifest-1728494830954/Advanced-MRI-Breast-Lesions/AMBL-018/03-12-2004-NA-MRI BREASTS - Delayed contrast-16432/500.000000-ROI-44726/1-1.dcm,-84.76,R,"[[[0 0 0 ... 0 0 0]
  [0 0 0 ... 0 0 0]
  [0 0 0 ... 0 0 0]
  ...
  [0 0 0 ... 0 0 0]
  [0 0 0 ... 0 0 0]
  [0 0 0 ... 0 0 0]]

 [[0 0 0 ... 0 0 0]
  [0 0 0 ... 0 0 0]
  [0 0 0 ... 0 0 0]
  ...
  [0 0 0 ... 0 0 0]
  [0 0 0 ... 0 0 0]
  [0 0 0 ... 0 0 0]]

 [[0 0 0 ... 0 0 0]
  [0 0 0 ... 0 0 0]
  [0 0 0 ... 0 0 0]
  ...
  [0 0 0 ... 0 0 0]
  [0 0 0 ... 0 0 0]
  [0 0 0 ... 0 0 0]]

 ...

 [[0 0 0 ... 0 0 0]
  [0 0 0 ... 0 0 0]
  [0 0 0 ... 0 0 0]
  ...
  [0 0 0 ... 0 0 0]
  [0 0 0 ... 0 0 0]
  [0 0 0 ... 0 0 0]]

 [[0 0 0 ... 0 0 0]
  [0 0 0 ... 0 0 0]
  [0 0 0 ... 0 0 0]
  ...
  [0 0 0 ... 0 0 0]
  [0 0 0 ... 0 0 0]
  [0 0 0 ... 0 0 0]]

 [[0 0 0 ... 0 0 0]
  [0 0 0 ... 0 0 0]
  [0 0 0 ... 0 0 0]
  ...
  [0 0 0 ... 0 0 0]
  [0 0 0 ... 0 0 0]
  [0 0 0 ... 0 0 0]]]","[94, 95]","[140, 141, 142, 143, 144, 145, 146, 147, 148, 149, 150, 151, 152, 153, 154, 155, 156, 157, 158, 159, 160]","[363, 364, 365, 366, 367, 368, 369, 370, 371, 372, 373]",2,21,11,/media/bendico765/Crucial X9/Materiali Tesista/Roi masks/AMBL-018/ROI 2.npy,/media/bendico765/Crucial X9/Materiali Tesista/Cleaned Roi masks/AMBL-018/ROI 2.npy,0.6445,2.0,/media/bendico765/Crucial X9/MRI Lesions/manifest-1728494830954/Advanced-MRI-Breast-Lesions/AMBL-018/03-12-2004-NA-MRI BREASTS - Delayed contrast-16432/500.000000-Registered AX Sen Vibrant MultiPhase-87572,,115012.0,86886.0,86418.0,86557.0,0.002112823009772893,-0.0007596160486154271,-0.0001967182762850332,-2.3106161257899417e-05,0.0007421142885822509,4.656128168503099e-05,-0.00016428601204345023,0.00011423349526287771,0.0005303794386672695,0.0001496213429090993,-9.257330648707446e-05,0.0001155308062894971,0.0005377043061122518,-0.00017610647103698712,-7.289802311491331e-05,-4.418450145607643e-05
20,AMBL-022,0,1.0,-1,3,0,0,,100,0,10.0,high,/media/bendico765/Crucial X9/MRI Lesions/manifest-1728494830954/Advanced-MRI-Breast-Lesions/AMBL-022/03-16-2004-NA-MRI BREASTS - Delayed contrast-48965/600.000000-Registered Ax T2 FSE-15454,/media/bendico765/Crucial X9/MRI Lesions/manifest-1728494830954/Advanced-MRI-Breast-Lesions/AMBL-022/03-16-2004-NA-MRI BREASTS - Delayed contrast-48965/500.000000-ROI-50270/1-1.dcm,-24.82,L,"[[[0 0 0 ... 0 0 0]
  [0 0 0 ... 0 0 0]
  [0 0 0 ... 0 0 0]
  ...
  [0 0 0 ... 0 0 0]
  [0 0 0 ... 0 0 0]
  [0 0 0 ... 0 0 0]]

 [[0 0 0 ... 0 0 0]
  [0 0 0 ... 0 0 0]
  [0 0 0 ... 0 0 0]
  ...
  [0 0 0 ... 0 0 0]
  [0 0 0 ... 0 0 0]
  [0 0 0 ... 0 0 0]]

 [[0 0 0 ... 0 0 0]
  [0 0 0 ... 0 0 0]
  [0 0 0 ... 0 0 0]
  ...
  [0 0 0 ... 0 0 0]
  [0 0 0 ... 0 0 0]
  [0 0 0 ... 0 0 0]]

 ...

 [[0 0 0 ... 0 0 0]
  [0 0 0 ... 0 0 0]
  [0 0 0 ... 0 0 0]
  ...
  [0 0 0 ... 0 0 0]
  [0 0 0 ... 0 0 0]
  [0 0 0 ... 0 0 0]]

 [[0 0 0 ... 0 0 0]
  [0 0 0 ... 0 0 0]
  [0 0 0 ... 0 0 0]
  ...
  [0 0 0 ... 0 0 0]
  [0 0 0 ... 0 0 0]
  [0 0 0 ... 0 0 0]]

 [[0 0 0 ... 0 0 0]
  [0 0 0 ... 0 0 0]
  [0 0 0 ... 0 0 0]
  ...
  [0 0 0 ... 0 0 0]
  [0 0 0 ... 0 0 0]
  [0 0 0 ... 0 0 0]]]","[69, 70, 71, 72, 73]","[233, 234, 235, 236, 237, 238, 239, 240, 241, 242, 243, 244, 245, 246, 247, 248, 249, 250, 251, 252, 253]","[129, 130, 131, 132, 133, 134, 135, 136, 137, 138, 139, 140, 141, 142, 143, 144, 145]",5,21,17,/media/bendico765/Crucial X9/Materiali Tesista/Roi masks/AMBL-022/ROI 0.npy,/media/bendico765/Crucial X9/Materiali Tesista/Cleaned Roi masks/AMBL-022/ROI 0.npy,0.6641,2.0,/media/bendico765/Crucial X9/MRI Lesions/manifest-1728494830954/Advanced-MRI-Breast-Lesions/AMBL-022/03-16-2004-NA-MRI BREASTS - Delayed contrast-48965/500.000000-Registered AX Sen Vibrant MultiPhase-60443,,114558.0,86311.0,86006.0,86012.0,0.002269592695403202,1.1586008735850587e-05,-0.00032555868195242193,0.0,0.000676354205413435,0.0003176550154681658,-1.6201690846578484e-05,0.00016732108460826476,0.0005062937551284065,0.0003128222358679658,4.6508383136060275e-05,0.0001627679858624378,0.0005007051901762299,-0.00010781484926193883,7.66111125780134e-05,-4.2106077164366456e-05
21,AMBL-023,0,0.0,-1,-1,-1,-1,,-1,-1,-1.0,-1,/media/bendico765/Crucial X9/MRI Lesions/manifest-1728494830954/Advanced-MRI-Breast-Lesions/AMBL-023/03-17-2004-NA-MRI BREASTS - Delayed contrast-69871/600.000000-Registered Ax T2 FSE-06408,/media/bendico765/Crucial X9/MRI Lesions/manifest-1728494830954/Advanced-MRI-Breast-Lesions/AMBL-023/03-17-2004-NA-MRI BREASTS - Delayed contrast-69871/500.000000-ROI-38505/1-1.dcm,-14.63,L,"[[[0 0 0 ... 0 0 0]
  [0 0 0 ... 0 0 0]
  [0 0 0 ... 0 0 0]
  ...
  [0 0 0 ... 0 0 0]
  [0 0 0 ... 0 0 0]
  [0 0 0 ... 0 0 0]]

 [[0 0 0 ... 0 0 0]
  [0 0 0 ... 0 0 0]
  [0 0 0 ... 0 0 0]
  ...
  [0 0 0 ... 0 0 0]
  [0 0 0 ... 0 0 0]
  [0 0 0 ... 0 0 0]]

 [[0 0 0 ... 0 0 0]
  [0 0 0 ... 0 0 0]
  [0 0 0 ... 0 0 0]
  ...
  [0 0 0 ... 0 0 0]
  [0 0 0 ... 0 0 0]
  [0 0 0 ... 0 0 0]]

 ...

 [[0 0 0 ... 0 0 0]
  [0 0 0 ... 0 0 0]
  [0 0 0 ... 0 0 0]
  ...
  [0 0 0 ... 0 0 0]
  [0 0 0 ... 0 0 0]
  [0 0 0 ... 0 0 0]]

 [[0 0 0 ... 0 0 0]
  [0 0 0 ... 0 0 0]
  [0 0 0 ... 0 0 0]
  ...
  [0 0 0 ... 0 0 0]
  [0 0 0 ... 0 0 0]
  [0 0 0 ... 0 0 0]]

 [[0 0 0 ... 0 0 0]
  [0 0 0 ... 0 0 0]
  [0 0 0 ... 0 0 0]
  ...
  [0 0 0 ... 0 0 0]
  [0 0 0 ... 0 0 0]
  [0 0 0 ... 0 0 0]]]","[63, 64, 65]","[202, 203, 204, 205, 206, 207, 208, 209, 210, 211, 212]","[101, 102, 103, 104, 105, 106, 107]",3,11,7,/media/bendico765/Crucial X9/Materiali Tesista/Roi masks/AMBL-023/ROI 0.npy,/media/bendico765/Crucial X9/Materiali Tesista/Cleaned Roi masks/AMBL-023/ROI 0.npy,0.6836,2.1,/media/bendico765/Crucial X9/MRI Lesions/manifest-1728494830954/Advanced-MRI-Breast-Lesions/AMBL-023/03-17-2004-NA-MRI BREASTS - Delayed contrast-69871/500.000000-Registered AX Sen Vibrant MultiPhase-97875,,113902.0,85427.0,85545.0,85422.0,0.0008955066636231146,0.0005970009481779765,-0.00021041557075223566,-0.00035119758376062375,0.0005443719206427501,-9.34698454218044e-05,7.019756274534462e-05,5.634533624981044e-05,0.0005223788871134836,-0.0001638826132253269,8.76731544800982e-05,0.0001229191543162183,0.00012447686778409533,9.217350054273191e-05,-3.2413827747409864e-05,-5.734093056925775e-05
22,AMBL-023,1,0.0,-1,-1,-1,-1,,-1.0,-1.0,-1.0,-1,/media/bendico765/Crucial X9/MRI Lesions/manifest-1728494830954/Advanced-MRI-Breast-Lesions/AMBL-023/03-17-2004-NA-MRI BREASTS - Delayed contrast-69871/600.000000-Registered Ax T2 FSE-06408,/media/bendico765/Crucial X9/MRI Lesions/manifest-1728494830954/Advanced-MRI-Breast-Lesions/AMBL-023/03-17-2004-NA-MRI BREASTS - Delayed contrast-69871/500.000000-ROI-38505/1-1.dcm,-58.73,R,"[[[0 0 0 ... 0 0 0]
  [0 0 0 ... 0 0 0]
  [0 0 0 ... 0 0 0]
  ...
  [0 0 0 ... 0 0 0]
  [0 0 0 ... 0 0 0]
  [0 0 0 ... 0 0 0]]

 [[0 0 0 ... 0 0 0]
  [0 0 0 ... 0 0 0]
  [0 0 0 ... 0 0 0]
  ...
  [0 0 0 ... 0 0 0]
  [0 0 0 ... 0 0 0]
  [0 0 0 ... 0 0 0]]

 [[0 0 0 ... 0 0 0]
  [0 0 0 ... 0 0 0]
  [0 0 0 ... 0 0 0]
  ...
  [0 0 0 ... 0 0 0]
  [0 0 0 ... 0 0 0]
  [0 0 0 ... 0 0 0]]

 ...

 [[0 0 0 ... 0 0 0]
  [0 0 0 ... 0 0 0]
  [0 0 0 ... 0 0 0]
  ...
  [0 0 0 ... 0 0 0]
  [0 0 0 ... 0 0 0]
  [0 0 0 ... 0 0 0]]

 [[0 0 0 ... 0 0 0]
  [0 0 0 ... 0 0 0]
  [0 0 0 ... 0 0 0]
  ...
  [0 0 0 ... 0 0 0]
  [0 0 0 ... 0 0 0]
  [0 0 0 ... 0 0 0]]

 [[0 0 0 ... 0 0 0]
  [0 0 0 ... 0 0 0]
  [0 0 0 ... 0 0 0]
  ...
  [0 0 0 ... 0 0 0]
  [0 0 0 ... 0 0 0]
  [0 0 0 ... 0 0 0]]]","[84, 85, 86]","[215, 216, 217, 218, 219, 220, 221, 222, 223, 224, 225]","[398, 399, 400, 401, 402, 403, 404]",3,11,7,/media/bendico765/Crucial X9/Materiali Tesista/Roi masks/AMBL-023/ROI 1.npy,/media/bendico765/Crucial X9/Materiali Tesista/Cleaned Roi masks/AMBL-023/ROI 1.npy,0.6836,2.1,/media/bendico765/Crucial X9/MRI Lesions/manifest-1728494830954/Advanced-MRI-Breast-Lesions/AMBL-023/03-17-2004-NA-MRI BREASTS - Delayed contrast-69871/500.000000-Registered AX Sen Vibrant MultiPhase-97875,,113902.0,85427.0,85545.0,85422.0,0.0010008603887552458,0.00033947112739532,-8.182827751475831e-05,-2.341317225070825e-05,0.00033534370791035186,0.00032252270639568056,7.214657947401128e-05,-1.7164871680733867e-05,0.0002897227441133606,0.00030435342456132137,0.00010520778537611783,2.341317225070825e-05,0.0002510799533215897,-3.499366770468713e-05,-3.342132637208862e-05,1.0540638847045248e-06
23,AMBL-024,0,0.0,-1,-1,-1,-1,,-1,-1,-1.0,-1,/media/bendico765/Crucial X9/MRI Lesions/manifest-1728494830954/Advanced-MRI-Breast-Lesions/AMBL-024/03-17-2004-NA-MRI BREASTS - Delayed contrast-83099/600.000000-Registered Ax T2 FSE-39229,/media/bendico765/Crucial X9/MRI Lesions/manifest-1728494830954/Advanced-MRI-Breast-Lesions/AMBL-024/03-17-2004-NA-MRI BREASTS - Delayed contrast-83099/500.000000-ROI-05492/1-1.dcm,-49.1,R,"[[[0 0 0 ... 0 0 0]
  [0 0 0 ... 0 0 0]
  [0 0 0 ... 0 0 0]
  ...
  [0 0 0 ... 0 0 0]
  [0 0 0 ... 0 0 0]
  [0 0 0 ... 0 0 0]]

 [[0 0 0 ... 0 0 0]
  [0 0 0 ... 0 0 0]
  [0 0 0 ... 0 0 0]
  ...
  [0 0 0 ... 0 0 0]
  [0 0 0 ... 0 0 0]
  [0 0 0 ... 0 0 0]]

 [[0 0 0 ... 0 0 0]
  [0 0 0 ... 0 0 0]
  [0 0 0 ... 0 0 0]
  ...
  [0 0 0 ... 0 0 0]
  [0 0 0 ... 0 0 0]
  [0 0 0 ... 0 0 0]]

 ...

 [[0 0 0 ... 0 0 0]
  [0 0 0 ... 0 0 0]
  [0 0 0 ... 0 0 0]
  ...
  [0 0 0 ... 0 0 0]
  [0 0 0 ... 0 0 0]
  [0 0 0 ... 0 0 0]]

 [[0 0 0 ... 0 0 0]
  [0 0 0 ... 0 0 0]
  [0 0 0 ... 0 0 0]
  ...
  [0 0 0 ... 0 0 0]
  [0 0 0 ... 0 0 0]
  [0 0 0 ... 0 0 0]]

 [[0 0 0 ... 0 0 0]
  [0 0 0 ... 0 0 0]
  [0 0 0 ... 0 0 0]
  ...
  [0 0 0 ... 0 0 0]
  [0 0 0 ... 0 0 0]
  [0 0 0 ... 0 0 0]]]","[77, 78, 79, 80, 81, 82, 83, 84, 85, 86]","[183, 184, 185, 186, 187, 188, 189, 190, 191, 192, 193, 194, 195, 196, 197, 198, 199, 200, 201, 202, 203, 204, 205, 206, 207, 208, 209, 210, 211, 212, 213, 214, 215, 216, 217, 218, 219, 220, 221, 222, 223, 224, 225, 226, 227, 228, 229, 230, 231, 232, 233, 234, 235, 236, 237, 238]","[362, 363, 364, 365, 366, 367, 368, 369, 370, 371, 372, 373, 374, 375, 376, 377, 378, 379, 380, 381, 382, 383, 384, 385, 386, 387, 388, 389, 390, 391, 392]",10,56,31,/media/bendico765/Crucial X9/Materiali Tesista/Roi masks/AMBL-024/ROI 0.npy,/media/bendico765/Crucial X9/Materiali Tesista/Cleaned Roi masks/AMBL-024/ROI 0.npy,0.6055,2.0,/media/bendico765/Crucial X9/MRI Lesions/manifest-1728494830954/Advanced-MRI-Breast-Lesions/AMBL-024/03-17-2004-NA-MRI BREASTS - Delayed contrast-83099/500.000000-Registered AX Sen Vibrant MultiPhase-04844,,118340.0,89721.0,89988.0,89995.0,0.0020365049856346123,0.000434680843949577,0.00014446370627194737,0.0002777932107339297,0.0006753966977470773,0.00030796264123893815,9.063858308324726e-05,0.00023281419958092774,0.0007182693932736184,0.0003232242172958393,0.00012223852069164778,0.0002333462970165009,0.00019751449363034987,6.936176324626395e-05,6.108011803880932e-05,2.0684232366310337e-05
24,AMBL-024,1,0.0,-1,-1,-1,-1,,-1.0,-1.0,-1.0,-1,/media/bendico765/Crucial X9/MRI Lesions/manifest-1728494830954/Advanced-MRI-Breast-Lesions/AMBL-024/03-17-2004-NA-MRI BREASTS - Delayed contrast-83099/600.000000-Registered Ax T2 FSE-39229,/media/bendico765/Crucial X9/MRI Lesions/manifest-1728494830954/Advanced-MRI-Breast-Lesions/AMBL-024/03-17-2004-NA-MRI BREASTS - Delayed contrast-83099/500.000000-ROI-05492/1-1.dcm,-1.1,R,"[[[0 0 0 ... 0 0 0]
  [0 0 0 ... 0 0 0]
  [0 0 0 ... 0 0 0]
  ...
  [0 0 0 ... 0 0 0]
  [0 0 0 ... 0 0 0]
  [0 0 0 ... 0 0 0]]

 [[0 0 0 ... 0 0 0]
  [0 0 0 ... 0 0 0]
  [0 0 0 ... 0 0 0]
  ...
  [0 0 0 ... 0 0 0]
  [0 0 0 ... 0 0 0]
  [0 0 0 ... 0 0 0]]

 [[0 0 0 ... 0 0 0]
  [0 0 0 ... 0 0 0]
  [0 0 0 ... 0 0 0]
  ...
  [0 0 0 ... 0 0 0]
  [0 0 0 ... 0 0 0]
  [0 0 0 ... 0 0 0]]

 ...

 [[0 0 0 ... 0 0 0]
  [0 0 0 ... 0 0 0]
  [0 0 0 ... 0 0 0]
  ...
  [0 0 0 ... 0 0 0]
  [0 0 0 ... 0 0 0]
  [0 0 0 ... 0 0 0]]

 [[0 0 0 ... 0 0 0]
  [0 0 0 ... 0 0 0]
  [0 0 0 ... 0 0 0]
  ...
  [0 0 0 ... 0 0 0]
  [0 0 0 ... 0 0 0]
  [0 0 0 ... 0 0 0]]

 [[0 0 0 ... 0 0 0]
  [0 0 0 ... 0 0 0]
  [0 0 0 ... 0 0 0]
  ...
  [0 0 0 ... 0 0 0]
  [0 0 0 ... 0 0 0]
  [0 0 0 ... 0 0 0]]]","[59, 60, 61]","[202, 203, 204, 205, 206, 207, 208, 209, 210, 211, 212, 213, 214, 215, 216, 217, 218, 219, 220]","[381, 382, 383, 384, 385, 386, 387, 388]",3,19,8,/media/bendico765/Crucial X9/Materiali Tesista/Roi masks/AMBL-024/ROI 1.npy,/media/bendico765/Crucial X9/Materiali Tesista/Cleaned Roi masks/AMBL-024/ROI 1.npy,0.6055,2.0,/media/bendico765/Crucial X9/MRI Lesions/manifest-1728494830954/Advanced-MRI-Breast-Lesions/AMBL-024/03-17-2004-NA-MRI BREASTS - Delayed contrast-83099/500.000000-Registered AX Sen Vibrant MultiPhase-04844,,118340.0,89721.0,89988.0,89995.0,0.0013182355923609937,0.00031207855463046555,0.00020002667022269636,-4.4446913717428746e-05,0.00042519729939798827,0.00028741639152004205,0.00022355602317201108,8.509030181111648e-05,0.00037181003887104953,0.000289787229299718,0.00020002667022269636,0.00013334074115228624,0.00013986543662589896,4.6946263520513686e-05,5.4080901836016886e-05,2.0179066510182193e-05
25,AMBL-025,0,0.0,-1,-1,-1,-1,,-1,-1,-1.0,-1,/media/bendico765/Crucial X9/MRI Lesions/manifest-1728494830954/Advanced-MRI-Breast-Lesions/AMBL-025/03-18-2004-NA-MRI BREASTS - Delayed contrast-60779/600.000000-Registered Ax T2 FSE-67690,/media/bendico765/Crucial X9/MRI Lesions/manifest-1728494830954/Advanced-MRI-Breast-Lesions/AMBL-025/03-18-2004-NA-MRI BREASTS - Delayed contrast-60779/500.000000-ROI-13019/1-1.dcm,34.66,R,"[[[0 0 0 ... 0 0 0]
  [0 0 0 ... 0 0 0]
  [0 0 0 ... 0 0 0]
  ...
  [0 0 0 ... 0 0 0]
  [0 0 0 ... 0 0 0]
  [0 0 0 ... 0 0 0]]

 [[0 0 0 ... 0 0 0]
  [0 0 0 ... 0 0 0]
  [0 0 0 ... 0 0 0]
  ...
  [0 0 0 ... 0 0 0]
  [0 0 0 ... 0 0 0]
  [0 0 0 ... 0 0 0]]

 [[0 0 0 ... 0 0 0]
  [0 0 0 ... 0 0 0]
  [0 0 0 ... 0 0 0]
  ...
  [0 0 0 ... 0 0 0]
  [0 0 0 ... 0 0 0]
  [0 0 0 ... 0 0 0]]

 ...

 [[0 0 0 ... 0 0 0]
  [0 0 0 ... 0 0 0]
  [0 0 0 ... 0 0 0]
  ...
  [0 0 0 ... 0 0 0]
  [0 0 0 ... 0 0 0]
  [0 0 0 ... 0 0 0]]

 [[0 0 0 ... 0 0 0]
  [0 0 0 ... 0 0 0]
  [0 0 0 ... 0 0 0]
  ...
  [0 0 0 ... 0 0 0]
  [0 0 0 ... 0 0 0]
  [0 0 0 ... 0 0 0]]

 [[0 0 0 ... 0 0 0]
  [0 0 0 ... 0 0 0]
  [0 0 0 ... 0 0 0]
  ...
  [0 0 0 ... 0 0 0]
  [0 0 0 ... 0 0 0]
  [0 0 0 ... 0 0 0]]]","[39, 40, 41, 42, 43, 44, 45, 46, 47, 48, 49, 50, 51, 52, 53]","[227, 228, 229, 230, 231, 232, 233, 234, 235, 236, 237, 238, 239, 240, 241, 242, 243, 244, 245, 246, 247, 248, 249, 250, 251, 252, 253, 254, 255, 256, 257, 258, 259]","[341, 342, 343, 344, 345, 346, 347, 348, 349, 350, 351, 352, 353, 354, 355, 356, 357, 358, 359, 360, 361, 362, 363, 364, 365, 366, 367, 368, 369, 370, 371, 372, 373, 374, 375]",15,33,35,/media/bendico765/Crucial X9/Materiali Tesista/Roi masks/AMBL-025/ROI 0.npy,/media/bendico765/Crucial X9/Materiali Tesista/Cleaned Roi masks/AMBL-025/ROI 0.npy,0.6641,2.0,/media/bendico765/Crucial X9/MRI Lesions/manifest-1728494830954/Advanced-MRI-Breast-Lesions/AMBL-025/03-18-2004-NA-MRI BREASTS - Delayed contrast-60779/500.000000-Registered AX Sen Vibrant MultiPhase-11184,,114570.0,86152.0,85983.0,85993.0,0.0014838090250501876,0.00046429566347850313,0.0001279322656804252,0.0003023501912946403,0.0003194100796119421,0.0002907982461415916,0.00013453134756117577,4.8985158319329e-05,0.000322946670157982,0.00023214783173925157,0.0001511926776223207,2.3257707022664635e-05,0.00019229146981306202,3.555690422915957e-05,3.3191981841784695e-05,9.98775712236396e-05
26,AMBL-026,0,0.0,-1,-1,-1,-1,,-1,-1,-1.0,-1,/media/bendico765/Crucial X9/MRI Lesions/manifest-1728494830954/Advanced-MRI-Breast-Lesions/AMBL-026/03-18-2004-NA-MRI BREASTS - Delayed contrast-73242/600.000000-Registered Ax T2 FSE-45034,/media/bendico765/Crucial X9/MRI Lesions/manifest-1728494830954/Advanced-MRI-Breast-Lesions/AMBL-026/03-18-2004-NA-MRI BREASTS - Delayed contrast-73242/500.000000-ROI-95541/1-1.dcm,-42.02,L,"[[[0 0 0 ... 0 0 0]
  [0 0 0 ... 0 0 0]
  [0 0 0 ... 0 0 0]
  ...
  [0 0 0 ... 0 0 0]
  [0 0 0 ... 0 0 0]
  [0 0 0 ... 0 0 0]]

 [[0 0 0 ... 0 0 0]
  [0 0 0 ... 0 0 0]
  [0 0 0 ... 0 0 0]
  ...
  [0 0 0 ... 0 0 0]
  [0 0 0 ... 0 0 0]
  [0 0 0 ... 0 0 0]]

 [[0 0 0 ... 0 0 0]
  [0 0 0 ... 0 0 0]
  [0 0 0 ... 0 0 0]
  ...
  [0 0 0 ... 0 0 0]
  [0 0 0 ... 0 0 0]
  [0 0 0 ... 0 0 0]]

 ...

 [[0 0 0 ... 0 0 0]
  [0 0 0 ... 0 0 0]
  [0 0 0 ... 0 0 0]
  ...
  [0 0 0 ... 0 0 0]
  [0 0 0 ... 0 0 0]
  [0 0 0 ... 0 0 0]]

 [[0 0 0 ... 0 0 0]
  [0 0 0 ... 0 0 0]
  [0 0 0 ... 0 0 0]
  ...
  [0 0 0 ... 0 0 0]
  [0 0 0 ... 0 0 0]
  [0 0 0 ... 0 0 0]]

 [[0 0 0 ... 0 0 0]
  [0 0 0 ... 0 0 0]
  [0 0 0 ... 0 0 0]
  ...
  [0 0 0 ... 0 0 0]
  [0 0 0 ... 0 0 0]
  [0 0 0 ... 0 0 0]]]","[77, 78, 79, 80, 81, 82]","[136, 143, 144, 145, 146, 147, 148, 149, 150, 151, 152, 153, 154, 155, 156, 157, 158, 159, 160, 161, 162, 163, 164, 165, 166, 167, 168, 169, 170, 171, 172, 173, 174, 175, 176, 177, 178, 179, 180, 181, 182, 183, 184, 185, 186, 187, 188, 189, 190, 191, 192, 193, 194, 195, 196, 197, 198, 199, 200, 201, 202, 203, 204, 205, 206, 207, 208, 209, 210, 211, 212, 213, 214, 216, 217]","[130, 131, 132, 133, 134, 135, 136, 137, 138, 139, 140, 141, 142, 143, 144, 145, 146, 147, 148, 149, 150, 151, 152, 153, 154, 155, 156, 157, 158, 159, 160, 161]",6,82,32,/media/bendico765/Crucial X9/Materiali Tesista/Roi masks/AMBL-026/ROI 0.npy,/media/bendico765/Crucial X9/Materiali Tesista/Cleaned Roi masks/AMBL-026/ROI 0.npy,0.6641,2.0,/media/bendico765/Crucial X9/MRI Lesions/manifest-1728494830954/Advanced-MRI-Breast-Lesions/AMBL-026/03-18-2004-NA-MRI BREASTS - Delayed contrast-73242/500.000000-Registered AX Sen Vibrant MultiPhase-80941,,114674.0,86384.0,86001.0,86007.0,0.002502746917348309,-0.0005903871087238377,1.1627771770095696e-05,1.162696059623054e-05,0.0005121296508762686,0.0003568306762422679,9.833479751359502e-05,9.99854059241164e-05,0.00042729825418141864,0.00035886275236154844,8.139440239066987e-05,0.00013952352715476647,0.0003073945385885316,1.4047913876130234e-05,-5.34347538687723e-06,1.2751356891481171e-05
27,AMBL-026,1,0.0,-1,-1,-1,-1,,-1.0,-1.0,-1.0,-1,/media/bendico765/Crucial X9/MRI Lesions/manifest-1728494830954/Advanced-MRI-Breast-Lesions/AMBL-026/03-18-2004-NA-MRI BREASTS - Delayed contrast-73242/600.000000-Registered Ax T2 FSE-45034,/media/bendico765/Crucial X9/MRI Lesions/manifest-1728494830954/Advanced-MRI-Breast-Lesions/AMBL-026/03-18-2004-NA-MRI BREASTS - Delayed contrast-73242/500.000000-ROI-95541/1-1.dcm,-36.02,L,"[[[0 0 0 ... 0 0 0]
  [0 0 0 ... 0 0 0]
  [0 0 0 ... 0 0 0]
  ...
  [0 0 0 ... 0 0 0]
  [0 0 0 ... 0 0 0]
  [0 0 0 ... 0 0 0]]

 [[0 0 0 ... 0 0 0]
  [0 0 0 ... 0 0 0]
  [0 0 0 ... 0 0 0]
  ...
  [0 0 0 ... 0 0 0]
  [0 0 0 ... 0 0 0]
  [0 0 0 ... 0 0 0]]

 [[0 0 0 ... 0 0 0]
  [0 0 0 ... 0 0 0]
  [0 0 0 ... 0 0 0]
  ...
  [0 0 0 ... 0 0 0]
  [0 0 0 ... 0 0 0]
  [0 0 0 ... 0 0 0]]

 ...

 [[0 0 0 ... 0 0 0]
  [0 0 0 ... 0 0 0]
  [0 0 0 ... 0 0 0]
  ...
  [0 0 0 ... 0 0 0]
  [0 0 0 ... 0 0 0]
  [0 0 0 ... 0 0 0]]

 [[0 0 0 ... 0 0 0]
  [0 0 0 ... 0 0 0]
  [0 0 0 ... 0 0 0]
  ...
  [0 0 0 ... 0 0 0]
  [0 0 0 ... 0 0 0]
  [0 0 0 ... 0 0 0]]

 [[0 0 0 ... 0 0 0]
  [0 0 0 ... 0 0 0]
  [0 0 0 ... 0 0 0]
  ...
  [0 0 0 ... 0 0 0]
  [0 0 0 ... 0 0 0]
  [0 0 0 ... 0 0 0]]]","[75, 76, 77]","[98, 99, 100, 101, 102, 103, 104, 105, 106, 107, 108]","[162, 163, 164, 165, 166, 167, 168, 169, 170, 171, 172, 173, 174]",3,11,13,/media/bendico765/Crucial X9/Materiali Tesista/Roi masks/AMBL-026/ROI 1.npy,/media/bendico765/Crucial X9/Materiali Tesista/Cleaned Roi masks/AMBL-026/ROI 1.npy,0.6641,2.0,/media/bendico765/Crucial X9/MRI Lesions/manifest-1728494830954/Advanced-MRI-Breast-Lesions/AMBL-026/03-18-2004-NA-MRI BREASTS - Delayed contrast-73242/500.000000-Registered AX Sen Vibrant MultiPhase-80941,,114674.0,86384.0,86001.0,86007.0,0.001595828173779584,0.0007987590294498982,0.00019767212009162683,-0.00017440440894345808,0.000523436947356145,0.0005109592338957455,0.00021510077129065195,0.00020304262732477767,0.0005145019795245653,0.0004977773661789221,0.0002441832071720096,0.00019765833013591917,0.00033464009399633023,6.920315966299036e-05,4.056669795637809e-05,-2.6313151743404885e-06
28,AMBL-026,2,0.0,-1.0,-1,-1,-1,,-1.0,-1.0,-1.0,-1,/media/bendico765/Crucial X9/MRI Lesions/manifest-1728494830954/Advanced-MRI-Breast-Lesions/AMBL-026/03-18-2004-NA-MRI BREASTS - Delayed contrast-73242/600.000000-Registered Ax T2 FSE-45034,/media/bendico765/Crucial X9/MRI Lesions/manifest-1728494830954/Advanced-MRI-Breast-Lesions/AMBL-026/03-18-2004-NA-MRI BREASTS - Delayed contrast-73242/500.000000-ROI-95541/1-1.dcm,17.98,R,"[[[0 0 0 ... 0 0 0]
  [0 0 0 ... 0 0 0]
  [0 0 0 ... 0 0 0]
  ...
  [0 0 0 ... 0 0 0]
  [0 0 0 ... 0 0 0]
  [0 0 0 ... 0 0 0]]

 [[0 0 0 ... 0 0 0]
  [0 0 0 ... 0 0 0]
  [0 0 0 ... 0 0 0]
  ...
  [0 0 0 ... 0 0 0]
  [0 0 0 ... 0 0 0]
  [0 0 0 ... 0 0 0]]

 [[0 0 0 ... 0 0 0]
  [0 0 0 ... 0 0 0]
  [0 0 0 ... 0 0 0]
  ...
  [0 0 0 ... 0 0 0]
  [0 0 0 ... 0 0 0]
  [0 0 0 ... 0 0 0]]

 ...

 [[0 0 0 ... 0 0 0]
  [0 0 0 ... 0 0 0]
  [0 0 0 ... 0 0 0]
  ...
  [0 0 0 ... 0 0 0]
  [0 0 0 ... 0 0 0]
  [0 0 0 ... 0 0 0]]

 [[0 0 0 ... 0 0 0]
  [0 0 0 ... 0 0 0]
  [0 0 0 ... 0 0 0]
  ...
  [0 0 0 ... 0 0 0]
  [0 0 0 ... 0 0 0]
  [0 0 0 ... 0 0 0]]

 [[0 0 0 ... 0 0 0]
  [0 0 0 ... 0 0 0]
  [0 0 0 ... 0 0 0]
  ...
  [0 0 0 ... 0 0 0]
  [0 0 0 ... 0 0 0]
  [0 0 0 ... 0 0 0]]]","[47, 48, 49, 50]","[202, 203, 204, 205, 206, 207, 208, 209, 210, 211, 212, 213, 214, 215, 216, 217, 218, 219, 220, 221, 222, 223, 224, 225, 226, 227]","[376, 377, 378, 379, 380, 381, 382, 383, 384, 385, 386, 387, 388, 389, 390, 391, 392, 393, 394]",4,26,19,/media/bendico765/Crucial X9/Materiali Tesista/Roi masks/AMBL-026/ROI 2.npy,/media/bendico765/Crucial X9/Materiali Tesista/Cleaned Roi masks/AMBL-026/ROI 2.npy,0.6641,2.0,/media/bendico765/Crucial X9/MRI Lesions/manifest-1728494830954/Advanced-MRI-Breast-Lesions/AMBL-026/03-18-2004-NA-MRI BREASTS - Delayed contrast-73242/500.000000-Registered AX Sen Vibrant MultiPhase-80941,,114674.0,86384.0,86001.0,86007.0,0.0014911837033678079,0.0023036673458047786,0.00017441657655143544,-0.0006162289116002186,0.0005108428126042477,0.0005754157457505873,0.0002160177034674137,-8.681190014076021e-05,0.00045345937178436265,0.0004977773661789221,0.00015116103301124405,-4.069436208680689e-05,0.00038218749488009933,0.0003120397504214887,0.00018908128577508536,-0.00011998165677475153
29,AMBL-028,0,1.0,3,0,0,0,1.0,0,0,0.0,30,/media/bendico765/Crucial X9/MRI Lesions/manifest-1728494830954/Advanced-MRI-Breast-Lesions/AMBL-028/03-19-2004-NA-MRI BREASTS - Delayed contrast-15395/600.000000-Registered Ax T2 FSE-82839,/media/bendico765/Crucial X9/MRI Lesions/manifest-1728494830954/Advanced-MRI-Breast-Lesions/AMBL-028/03-19-2004-NA-MRI BREASTS - Delayed contrast-15395/500.000000-ROI-95218/1-1.dcm,-53.5,R,"[[[0 0 0 ... 0 0 0]
  [0 0 0 ... 0 0 0]
  [0 0 0 ... 0 0 0]
  ...
  [0 0 0 ... 0 0 0]
  [0 0 0 ... 0 0 0]
  [0 0 0 ... 0 0 0]]

 [[0 0 0 ... 0 0 0]
  [0 0 0 ... 0 0 0]
  [0 0 0 ... 0 0 0]
  ...
  [0 0 0 ... 0 0 0]
  [0 0 0 ... 0 0 0]
  [0 0 0 ... 0 0 0]]

 [[0 0 0 ... 0 0 0]
  [0 0 0 ... 0 0 0]
  [0 0 0 ... 0 0 0]
  ...
  [0 0 0 ... 0 0 0]
  [0 0 0 ... 0 0 0]
  [0 0 0 ... 0 0 0]]

 ...

 [[0 0 0 ... 0 0 0]
  [0 0 0 ... 0 0 0]
  [0 0 0 ... 0 0 0]
  ...
  [0 0 0 ... 0 0 0]
  [0 0 0 ... 0 0 0]
  [0 0 0 ... 0 0 0]]

 [[0 0 0 ... 0 0 0]
  [0 0 0 ... 0 0 0]
  [0 0 0 ... 0 0 0]
  ...
  [0 0 0 ... 0 0 0]
  [0 0 0 ... 0 0 0]
  [0 0 0 ... 0 0 0]]

 [[0 0 0 ... 0 0 0]
  [0 0 0 ... 0 0 0]
  [0 0 0 ... 0 0 0]
  ...
  [0 0 0 ... 0 0 0]
  [0 0 0 ... 0 0 0]
  [0 0 0 ... 0 0 0]]]","[79, 80, 81]","[211, 212, 213, 214, 215, 216, 217, 218, 219, 220, 221, 222, 223, 224, 225, 226, 227, 228, 229, 230, 231, 232]","[366, 367, 368, 369, 370, 371, 372, 373, 374, 375, 376]",3,22,11,/media/bendico765/Crucial X9/Materiali Tesista/Roi masks/AMBL-028/ROI 0.npy,/media/bendico765/Crucial X9/Materiali Tesista/Cleaned Roi masks/AMBL-028/ROI 0.npy,0.7031,2.0,/media/bendico765/Crucial X9/MRI Lesions/manifest-1728494830954/Advanced-MRI-Breast-Lesions/AMBL-028/03-19-2004-NA-MRI BREASTS - Delayed contrast-15395/500.000000-Registered AX Sen Vibrant MultiPhase-53757,,113635.0,85180.0,85005.0,85477.0,0.0028512342148105775,-0.0007396102371448696,-0.0005646726663137463,-0.0002456801244779297,0.0003480088727796633,0.00036051203184783297,5.95337375687927e-05,0.00012122600494927223,0.0002992035904430853,0.000340455505987321,8.234809717075466e-05,0.00016378674965195316,0.0003442575950360318,-3.888370059082414e-05,-1.6813615254996184e-05,-8.27905813146901e-05
30,AMBL-029,0,1.0,3,2.5,0.04,0,,100,2,0.0,intermediate to high,/media/bendico765/Crucial X9/MRI Lesions/manifest-1728494830954/Advanced-MRI-Breast-Lesions/AMBL-029/03-20-2004-NA-MRI BREASTS - Delayed contrast-51836/600.000000-Registered Ax T2 FSE-21793,/media/bendico765/Crucial X9/MRI Lesions/manifest-1728494830954/Advanced-MRI-Breast-Lesions/AMBL-029/03-20-2004-NA-MRI BREASTS - Delayed contrast-51836/500.000000-ROI-47044/1-1.dcm,-39.7,R,"[[[0 0 0 ... 0 0 0]
  [0 0 0 ... 0 0 0]
  [0 0 0 ... 0 0 0]
  ...
  [0 0 0 ... 0 0 0]
  [0 0 0 ... 0 0 0]
  [0 0 0 ... 0 0 0]]

 [[0 0 0 ... 0 0 0]
  [0 0 0 ... 0 0 0]
  [0 0 0 ... 0 0 0]
  ...
  [0 0 0 ... 0 0 0]
  [0 0 0 ... 0 0 0]
  [0 0 0 ... 0 0 0]]

 [[0 0 0 ... 0 0 0]
  [0 0 0 ... 0 0 0]
  [0 0 0 ... 0 0 0]
  ...
  [0 0 0 ... 0 0 0]
  [0 0 0 ... 0 0 0]
  [0 0 0 ... 0 0 0]]

 ...

 [[0 0 0 ... 0 0 0]
  [0 0 0 ... 0 0 0]
  [0 0 0 ... 0 0 0]
  ...
  [0 0 0 ... 0 0 0]
  [0 0 0 ... 0 0 0]
  [0 0 0 ... 0 0 0]]

 [[0 0 0 ... 0 0 0]
  [0 0 0 ... 0 0 0]
  [0 0 0 ... 0 0 0]
  ...
  [0 0 0 ... 0 0 0]
  [0 0 0 ... 0 0 0]
  [0 0 0 ... 0 0 0]]

 [[0 0 0 ... 0 0 0]
  [0 0 0 ... 0 0 0]
  [0 0 0 ... 0 0 0]
  ...
  [0 0 0 ... 0 0 0]
  [0 0 0 ... 0 0 0]
  [0 0 0 ... 0 0 0]]]","[71, 72, 73, 74, 75, 76, 77, 78, 79, 80, 81, 82, 83, 84, 85, 86, 87]","[132, 133, 134, 135, 136, 137, 138, 139, 140, 141, 142, 143, 144, 145, 146, 147, 148, 149, 150, 151, 152, 153, 154, 155, 156, 157, 158, 159, 160, 161, 162, 163, 164, 165, 166, 167, 168, 169, 170, 171, 172, 173, 174, 175, 176, 177, 178, 179, 180, 181, 182, 183, 184, 185, 186, 187, 188, 189, 190, 191, 192, 193, 194, 195, 196, 197, 198, 199, 200, 201, 202, 203, 204, 205, 206, 207, 208, 209, 210, 211, 212, 213, 214, 215, 216, 217, 218, 219, 220, 221, 222, 223, 224, 225, 226, 227, 228, 229, 230, 231, 232, 233, 234, 235, 236, 237, 238, 239, 240, 241, 242, 243, 244, 245, 246, 247, 248, 249, 250, 251, 252]","[364, 366, 367, 368, 369, 370, 371, 372, 373, 374, 375, 376, 377, 378, 379, 380, 381, 382, 383, 384, 385, 386, 387, 388, 389, 390, 391, 392, 393, 394, 395, 396, 397, 398, 399, 400, 401, 402, 403, 404, 405, 406, 407, 408, 409, 410, 411, 412, 413, 414]",17,121,51,/media/bendico765/Crucial X9/Materiali Tesista/Roi masks/AMBL-029/ROI 0.npy,/media/bendico765/Crucial X9/Materiali Tesista/Cleaned Roi masks/AMBL-029/ROI 0.npy,0.7422,2.0,/media/bendico765/Crucial X9/MRI Lesions/manifest-1728494830954/Advanced-MRI-Breast-Lesions/AMBL-029/03-20-2004-NA-MRI BREASTS - Delayed contrast-51836/500.000000-Registered AX Sen Vibrant MultiPhase-85478,,112907.0,84569.0,84484.0,84515.0,0.003746446190227355,0.00021284394991072378,-0.000970597983050045,9.465775306158671e-05,0.000508147429655595,0.0003268137029122023,6.262812132964412e-05,0.000195750485855815,0.00045169918605578044,0.0002956165970982275,4.734624307561195e-05,0.00020114772525587173,0.00035918201527410174,0.00010243798747396757,1.1263602164020946e-05,3.1209086070337515e-05
31,AMBL-029,1,1.0,3,2.5,0.04,0,,100.0,2.0,0.0,intermediate to high,/media/bendico765/Crucial X9/MRI Lesions/manifest-1728494830954/Advanced-MRI-Breast-Lesions/AMBL-029/03-20-2004-NA-MRI BREASTS - Delayed contrast-51836/600.000000-Registered Ax T2 FSE-21793,/media/bendico765/Crucial X9/MRI Lesions/manifest-1728494830954/Advanced-MRI-Breast-Lesions/AMBL-029/03-20-2004-NA-MRI BREASTS - Delayed contrast-51836/500.000000-ROI-47044/1-1.dcm,-7.7,R,"[[[0 0 0 ... 0 0 0]
  [0 0 0 ... 0 0 0]
  [0 0 0 ... 0 0 0]
  ...
  [0 0 0 ... 0 0 0]
  [0 0 0 ... 0 0 0]
  [0 0 0 ... 0 0 0]]

 [[0 0 0 ... 0 0 0]
  [0 0 0 ... 0 0 0]
  [0 0 0 ... 0 0 0]
  ...
  [0 0 0 ... 0 0 0]
  [0 0 0 ... 0 0 0]
  [0 0 0 ... 0 0 0]]

 [[0 0 0 ... 0 0 0]
  [0 0 0 ... 0 0 0]
  [0 0 0 ... 0 0 0]
  ...
  [0 0 0 ... 0 0 0]
  [0 0 0 ... 0 0 0]
  [0 0 0 ... 0 0 0]]

 ...

 [[0 0 0 ... 0 0 0]
  [0 0 0 ... 0 0 0]
  [0 0 0 ... 0 0 0]
  ...
  [0 0 0 ... 0 0 0]
  [0 0 0 ... 0 0 0]
  [0 0 0 ... 0 0 0]]

 [[0 0 0 ... 0 0 0]
  [0 0 0 ... 0 0 0]
  [0 0 0 ... 0 0 0]
  ...
  [0 0 0 ... 0 0 0]
  [0 0 0 ... 0 0 0]
  [0 0 0 ... 0 0 0]]

 [[0 0 0 ... 0 0 0]
  [0 0 0 ... 0 0 0]
  [0 0 0 ... 0 0 0]
  ...
  [0 0 0 ... 0 0 0]
  [0 0 0 ... 0 0 0]
  [0 0 0 ... 0 0 0]]]","[59, 60, 61, 62, 63, 64, 65, 66]","[155, 157, 158, 159, 160, 161, 162, 163, 164, 165, 166, 167, 168, 169, 170, 171]","[326, 327, 328, 330, 331, 332, 333, 334, 335, 336, 337, 338, 339, 340, 341, 342, 343, 344, 345, 346, 347, 348, 349, 350, 351, 352]",8,17,27,/media/bendico765/Crucial X9/Materiali Tesista/Roi masks/AMBL-029/ROI 1.npy,/media/bendico765/Crucial X9/Materiali Tesista/Cleaned Roi masks/AMBL-029/ROI 1.npy,0.7422,2.0,/media/bendico765/Crucial X9/MRI Lesions/manifest-1728494830954/Advanced-MRI-Breast-Lesions/AMBL-029/03-20-2004-NA-MRI BREASTS - Delayed contrast-51836/500.000000-Registered AX Sen Vibrant MultiPhase-85478,,112907.0,84569.0,84484.0,84515.0,0.001425952332450601,0.0008159018079911079,0.00042611618768050757,0.00020114772525587173,0.0005245264885095497,0.0002528287835733596,9.289155408274667e-05,0.000291970117319649,0.0005136971135536327,0.00016554529437500738,4.734624307561195e-05,0.0003076376974501568,0.0003290130718051039,0.00011659966848640268,4.9940922397370486e-05,6.83480763059856e-05
32,AMBL-031,0,1.0,-1,0,0,1,,0,0,-1.0,20 to 25,/media/bendico765/Crucial X9/MRI Lesions/manifest-1728494830954/Advanced-MRI-Breast-Lesions/AMBL-031/03-23-2004-NA-MRI BREASTS - Delayed contrast-05763/600.000000-Registered Ax T2 FSE-92269,/media/bendico765/Crucial X9/MRI Lesions/manifest-1728494830954/Advanced-MRI-Breast-Lesions/AMBL-031/03-23-2004-NA-MRI BREASTS - Delayed contrast-05763/500.000000-ROI-36543/1-1.dcm,-39.0,R,"[[[0 0 0 ... 0 0 0]
  [0 0 0 ... 0 0 0]
  [0 0 0 ... 0 0 0]
  ...
  [0 0 0 ... 0 0 0]
  [0 0 0 ... 0 0 0]
  [0 0 0 ... 0 0 0]]

 [[0 0 0 ... 0 0 0]
  [0 0 0 ... 0 0 0]
  [0 0 0 ... 0 0 0]
  ...
  [0 0 0 ... 0 0 0]
  [0 0 0 ... 0 0 0]
  [0 0 0 ... 0 0 0]]

 [[0 0 0 ... 0 0 0]
  [0 0 0 ... 0 0 0]
  [0 0 0 ... 0 0 0]
  ...
  [0 0 0 ... 0 0 0]
  [0 0 0 ... 0 0 0]
  [0 0 0 ... 0 0 0]]

 ...

 [[0 0 0 ... 0 0 0]
  [0 0 0 ... 0 0 0]
  [0 0 0 ... 0 0 0]
  ...
  [0 0 0 ... 0 0 0]
  [0 0 0 ... 0 0 0]
  [0 0 0 ... 0 0 0]]

 [[0 0 0 ... 0 0 0]
  [0 0 0 ... 0 0 0]
  [0 0 0 ... 0 0 0]
  ...
  [0 0 0 ... 0 0 0]
  [0 0 0 ... 0 0 0]
  [0 0 0 ... 0 0 0]]

 [[0 0 0 ... 0 0 0]
  [0 0 0 ... 0 0 0]
  [0 0 0 ... 0 0 0]
  ...
  [0 0 0 ... 0 0 0]
  [0 0 0 ... 0 0 0]
  [0 0 0 ... 0 0 0]]]","[70, 71, 72, 73, 74, 75, 76, 77, 78, 79, 80, 81, 82, 83, 84, 85, 86]","[145, 146, 147, 148, 149, 150, 151, 152, 153, 154, 155, 156, 157, 158, 159, 160, 161, 162, 163, 164, 165, 166, 167, 168, 169, 170, 171, 172, 173, 174, 175, 176, 177, 178, 179, 180, 181, 182, 183, 184, 185, 186, 187, 188, 189, 190, 191, 192, 193, 194, 195, 196, 197, 198, 199, 200, 201, 202, 203, 204, 205, 206, 207, 208, 209, 210, 211, 212, 213, 214, 215, 216, 217, 218, 219, 220]","[346, 347, 351, 352, 353, 354, 355, 356, 357, 358, 359, 360, 361, 362, 363, 364, 365, 366, 367, 368, 369, 370, 371, 372, 373, 374, 375, 376, 377, 378, 379, 380, 381, 382, 383, 384, 385, 386, 387, 388, 389, 390, 391, 392, 393, 394, 395, 396, 397, 398, 399, 400, 401, 402, 403, 404, 405, 406]",17,76,61,/media/bendico765/Crucial X9/Materiali Tesista/Roi masks/AMBL-031/ROI 0.npy,/media/bendico765/Crucial X9/Materiali Tesista/Cleaned Roi masks/AMBL-031/ROI 0.npy,0.6641,2.0,/media/bendico765/Crucial X9/MRI Lesions/manifest-1728494830954/Advanced-MRI-Breast-Lesions/AMBL-031/03-23-2004-NA-MRI BREASTS - Delayed contrast-05763/500.000000-Registered AX Sen Vibrant MultiPhase-06467,,114581.0,86032.0,86025.0,85997.0,0.004739005594295739,-0.0012785940115305932,-1.1624527753560011e-05,-0.00023256625231112712,0.0016944360176428504,-9.51807610955865e-05,0.00016351347229827992,-5.4054978962557775e-05,0.0011607509098367093,0.00019760089269109168,0.00036036036036036037,2.3256625231112715e-05,0.0013022622996729744,-0.00034091611274161447,-0.00013257162525371843,-0.00010338634610008033
33,AMBL-031,1,0.0,-1,-1,-1,-1,,-1.0,-1.0,-1.0,-1,/media/bendico765/Crucial X9/MRI Lesions/manifest-1728494830954/Advanced-MRI-Breast-Lesions/AMBL-031/03-23-2004-NA-MRI BREASTS - Delayed contrast-05763/600.000000-Registered Ax T2 FSE-92269,/media/bendico765/Crucial X9/MRI Lesions/manifest-1728494830954/Advanced-MRI-Breast-Lesions/AMBL-031/03-23-2004-NA-MRI BREASTS - Delayed contrast-05763/500.000000-ROI-36543/1-1.dcm,-41.0,L,"[[[0 0 0 ... 0 0 0]
  [0 0 0 ... 0 0 0]
  [0 0 0 ... 0 0 0]
  ...
  [0 0 0 ... 0 0 0]
  [0 0 0 ... 0 0 0]
  [0 0 0 ... 0 0 0]]

 [[0 0 0 ... 0 0 0]
  [0 0 0 ... 0 0 0]
  [0 0 0 ... 0 0 0]
  ...
  [0 0 0 ... 0 0 0]
  [0 0 0 ... 0 0 0]
  [0 0 0 ... 0 0 0]]

 [[0 0 0 ... 0 0 0]
  [0 0 0 ... 0 0 0]
  [0 0 0 ... 0 0 0]
  ...
  [0 0 0 ... 0 0 0]
  [0 0 0 ... 0 0 0]
  [0 0 0 ... 0 0 0]]

 ...

 [[0 0 0 ... 0 0 0]
  [0 0 0 ... 0 0 0]
  [0 0 0 ... 0 0 0]
  ...
  [0 0 0 ... 0 0 0]
  [0 0 0 ... 0 0 0]
  [0 0 0 ... 0 0 0]]

 [[0 0 0 ... 0 0 0]
  [0 0 0 ... 0 0 0]
  [0 0 0 ... 0 0 0]
  ...
  [0 0 0 ... 0 0 0]
  [0 0 0 ... 0 0 0]
  [0 0 0 ... 0 0 0]]

 [[0 0 0 ... 0 0 0]
  [0 0 0 ... 0 0 0]
  [0 0 0 ... 0 0 0]
  ...
  [0 0 0 ... 0 0 0]
  [0 0 0 ... 0 0 0]
  [0 0 0 ... 0 0 0]]]","[77, 78, 79, 80, 81]","[141, 142, 143, 144, 145, 146, 147, 148, 149, 150, 151, 152, 153, 154, 155, 156, 157, 158, 159, 160, 161, 162, 163, 164, 165, 166, 167, 168, 169, 170, 171, 172, 173, 174, 175, 176, 177, 178, 179, 180, 181, 182, 183, 184, 185, 186, 187, 188, 189, 190, 191, 192, 193, 194, 195, 196, 197, 198, 199, 200, 201, 202, 203, 204, 205, 206, 207]","[140, 141, 142, 143, 144, 145, 146, 147, 148, 149, 150, 151, 152, 153, 154, 155, 156, 157, 158, 159, 160, 161, 162, 163, 165]",5,67,26,/media/bendico765/Crucial X9/Materiali Tesista/Roi masks/AMBL-031/ROI 1.npy,/media/bendico765/Crucial X9/Materiali Tesista/Cleaned Roi masks/AMBL-031/ROI 1.npy,0.6641,2.0,/media/bendico765/Crucial X9/MRI Lesions/manifest-1728494830954/Advanced-MRI-Breast-Lesions/AMBL-031/03-23-2004-NA-MRI BREASTS - Delayed contrast-05763/500.000000-Registered AX Sen Vibrant MultiPhase-06467,,114581.0,86032.0,86025.0,85997.0,0.0022080449638247177,-0.0008950158080714153,0.00024411508282476025,1.1628312615556357e-05,0.0005833001593378367,0.00018838702885560807,0.00018791315768026327,0.00016704819150998982,0.0005149195765441042,0.00022084805653710247,0.0001976169718105202,0.00019768131446445806,0.00026771666703492185,-2.8411867906419682e-05,6.0381701699710095e-06,-5.706578003577639e-07
34,AMBL-032,0,1.0,-1,-1,-1,-1,,-1,-1,-1.0,-1,/media/bendico765/Crucial X9/MRI Lesions/manifest-1728494830954/Advanced-MRI-Breast-Lesions/AMBL-032/03-23-2004-NA-MRI BREASTS - Delayed contrast-42718/600.000000-Registered Ax T2 FSE-26593,/media/bendico765/Crucial X9/MRI Lesions/manifest-1728494830954/Advanced-MRI-Breast-Lesions/AMBL-032/03-23-2004-NA-MRI BREASTS - Delayed contrast-42718/500.000000-ROI-28906/1-1.dcm,-61.39,L,"[[[0 0 0 ... 0 0 0]
  [0 0 0 ... 0 0 0]
  [0 0 0 ... 0 0 0]
  ...
  [0 0 0 ... 0 0 0]
  [0 0 0 ... 0 0 0]
  [0 0 0 ... 0 0 0]]

 [[0 0 0 ... 0 0 0]
  [0 0 0 ... 0 0 0]
  [0 0 0 ... 0 0 0]
  ...
  [0 0 0 ... 0 0 0]
  [0 0 0 ... 0 0 0]
  [0 0 0 ... 0 0 0]]

 [[0 0 0 ... 0 0 0]
  [0 0 0 ... 0 0 0]
  [0 0 0 ... 0 0 0]
  ...
  [0 0 0 ... 0 0 0]
  [0 0 0 ... 0 0 0]
  [0 0 0 ... 0 0 0]]

 ...

 [[0 0 0 ... 0 0 0]
  [0 0 0 ... 0 0 0]
  [0 0 0 ... 0 0 0]
  ...
  [0 0 0 ... 0 0 0]
  [0 0 0 ... 0 0 0]
  [0 0 0 ... 0 0 0]]

 [[0 0 0 ... 0 0 0]
  [0 0 0 ... 0 0 0]
  [0 0 0 ... 0 0 0]
  ...
  [0 0 0 ... 0 0 0]
  [0 0 0 ... 0 0 0]
  [0 0 0 ... 0 0 0]]

 [[0 0 0 ... 0 0 0]
  [0 0 0 ... 0 0 0]
  [0 0 0 ... 0 0 0]
  ...
  [0 0 0 ... 0 0 0]
  [0 0 0 ... 0 0 0]
  [0 0 0 ... 0 0 0]]]","[71, 72, 73, 74, 75, 76, 77, 78, 79, 80, 81, 82]","[190, 191, 192, 193, 194, 195, 196, 197, 198, 199, 200, 201, 202, 203, 204, 205, 206, 207, 208, 209, 210, 211, 212, 213, 214, 215, 216, 217, 218, 219, 220, 221, 222, 223, 224, 225, 226, 227, 228, 229, 230, 231, 232, 233, 234, 235, 236, 237, 238, 239, 240]","[122, 123, 124, 125, 126, 127, 128, 129, 130, 131, 132, 133, 134, 135, 136, 137, 138, 139, 140, 141, 142, 143, 144, 145, 146, 147, 148, 149, 150, 151, 152, 153, 154, 155, 156]",12,51,35,/media/bendico765/Crucial X9/Materiali Tesista/Roi masks/AMBL-032/ROI 0.npy,/media/bendico765/Crucial X9/Materiali Tesista/Cleaned Roi masks/AMBL-032/ROI 0.npy,0.6836,2.0,/media/bendico765/Crucial X9/MRI Lesions/manifest-1728494830954/Advanced-MRI-Breast-Lesions/AMBL-032/03-23-2004-NA-MRI BREASTS - Delayed contrast-42718/500.000000-Registered AX Sen Vibrant MultiPhase-21908,,113958.0,85532.0,85500.0,85505.0,0.0031502834377577704,-3.5074591965580135e-05,-4.6783625730994155e-05,-0.0006549324600900532,0.00105711773446584,0.0003132687837803723,8.784488930455061e-05,-6.881095101213224e-05,0.0006844626967830253,0.0003624374503109947,0.00019883040935672516,1.1695222501608093e-05,0.0007391509029109969,2.1418049349845737e-05,-9.936281848912401e-05,-0.00011274089810260483
35,AMBL-033,0,0.0,-1,-1,-1,-1,,-1,-1,-1.0,-1,/media/bendico765/Crucial X9/MRI Lesions/manifest-1728494830954/Advanced-MRI-Breast-Lesions/AMBL-033/03-23-2004-NA-MRI BREASTS - Delayed contrast-97015/600.000000-Registered Ax T2 FSE-64118,/media/bendico765/Crucial X9/MRI Lesions/manifest-1728494830954/Advanced-MRI-Breast-Lesions/AMBL-033/03-23-2004-NA-MRI BREASTS - Delayed contrast-97015/500.000000-ROI-77826/1-1.dcm,-47.15,R,"[[[0 0 0 ... 0 0 0]
  [0 0 0 ... 0 0 0]
  [0 0 0 ... 0 0 0]
  ...
  [0 0 0 ... 0 0 0]
  [0 0 0 ... 0 0 0]
  [0 0 0 ... 0 0 0]]

 [[0 0 0 ... 0 0 0]
  [0 0 0 ... 0 0 0]
  [0 0 0 ... 0 0 0]
  ...
  [0 0 0 ... 0 0 0]
  [0 0 0 ... 0 0 0]
  [0 0 0 ... 0 0 0]]

 [[0 0 0 ... 0 0 0]
  [0 0 0 ... 0 0 0]
  [0 0 0 ... 0 0 0]
  ...
  [0 0 0 ... 0 0 0]
  [0 0 0 ... 0 0 0]
  [0 0 0 ... 0 0 0]]

 ...

 [[0 0 0 ... 0 0 0]
  [0 0 0 ... 0 0 0]
  [0 0 0 ... 0 0 0]
  ...
  [0 0 0 ... 0 0 0]
  [0 0 0 ... 0 0 0]
  [0 0 0 ... 0 0 0]]

 [[0 0 0 ... 0 0 0]
  [0 0 0 ... 0 0 0]
  [0 0 0 ... 0 0 0]
  ...
  [0 0 0 ... 0 0 0]
  [0 0 0 ... 0 0 0]
  [0 0 0 ... 0 0 0]]

 [[0 0 0 ... 0 0 0]
  [0 0 0 ... 0 0 0]
  [0 0 0 ... 0 0 0]
  ...
  [0 0 0 ... 0 0 0]
  [0 0 0 ... 0 0 0]
  [0 0 0 ... 0 0 0]]]","[82, 83, 84, 85, 86]","[131, 132, 133, 134, 135, 136, 137, 138, 139, 140, 141, 142, 143, 144, 145, 146, 147, 148, 149, 150, 151, 152, 153, 154, 155, 156, 157, 158, 159, 160, 162, 163, 164, 165, 166, 167, 168, 169, 170, 171, 172, 173, 174, 175, 176, 177, 178, 179, 180, 181, 182, 183, 184, 185, 186]","[356, 357, 358, 359, 360, 361, 362, 363, 364, 365, 366, 367, 368, 369, 370, 371, 372, 373, 374, 375, 376, 377, 378, 379, 380, 381]",5,56,26,/media/bendico765/Crucial X9/Materiali Tesista/Roi masks/AMBL-033/ROI 0.npy,/media/bendico765/Crucial X9/Materiali Tesista/Cleaned Roi masks/AMBL-033/ROI 0.npy,0.7422,2.0,/media/bendico765/Crucial X9/MRI Lesions/manifest-1728494830954/Advanced-MRI-Breast-Lesions/AMBL-033/03-23-2004-NA-MRI BREASTS - Delayed contrast-97015/500.000000-Registered AX Sen Vibrant MultiPhase-95961,,112963.0,84757.0,84526.0,84483.0,0.0006816391207740588,0.0013096263435468456,0.0007808248349620235,-4.734680349892878e-05,0.0003022263798830115,0.000461036692621515,0.0003716912247565024,0.00013904907033007383,0.0002921310517603109,0.00046013898557051335,0.0003667510588457989,0.00013020370962205414,6.376835828427785e-05,0.00017353362136625792,5.859889551177332e-05,5.797919698780362e-05
36,AMBL-034,0,0.0,-1,-1,-1,-1,,-1,-1,-1.0,-1,/media/bendico765/Crucial X9/MRI Lesions/manifest-1728494830954/Advanced-MRI-Breast-Lesions/AMBL-034/03-23-2004-NA-MRI BREASTS - Delayed contrast-25995/600.000000-Registered Ax T2 FSE-79003,/media/bendico765/Crucial X9/MRI Lesions/manifest-1728494830954/Advanced-MRI-Breast-Lesions/AMBL-034/03-23-2004-NA-MRI BREASTS - Delayed contrast-25995/500.000000-ROI-54502/1-1.dcm,-50.76,R,"[[[0 0 0 ... 0 0 0]
  [0 0 0 ... 0 0 0]
  [0 0 0 ... 0 0 0]
  ...
  [0 0 0 ... 0 0 0]
  [0 0 0 ... 0 0 0]
  [0 0 0 ... 0 0 0]]

 [[0 0 0 ... 0 0 0]
  [0 0 0 ... 0 0 0]
  [0 0 0 ... 0 0 0]
  ...
  [0 0 0 ... 0 0 0]
  [0 0 0 ... 0 0 0]
  [0 0 0 ... 0 0 0]]

 [[0 0 0 ... 0 0 0]
  [0 0 0 ... 0 0 0]
  [0 0 0 ... 0 0 0]
  ...
  [0 0 0 ... 0 0 0]
  [0 0 0 ... 0 0 0]
  [0 0 0 ... 0 0 0]]

 ...

 [[0 0 0 ... 0 0 0]
  [0 0 0 ... 0 0 0]
  [0 0 0 ... 0 0 0]
  ...
  [0 0 0 ... 0 0 0]
  [0 0 0 ... 0 0 0]
  [0 0 0 ... 0 0 0]]

 [[0 0 0 ... 0 0 0]
  [0 0 0 ... 0 0 0]
  [0 0 0 ... 0 0 0]
  ...
  [0 0 0 ... 0 0 0]
  [0 0 0 ... 0 0 0]
  [0 0 0 ... 0 0 0]]

 [[0 0 0 ... 0 0 0]
  [0 0 0 ... 0 0 0]
  [0 0 0 ... 0 0 0]
  ...
  [0 0 0 ... 0 0 0]
  [0 0 0 ... 0 0 0]
  [0 0 0 ... 0 0 0]]]","[75, 76, 77, 78, 79, 80]","[174, 175, 176, 177, 178, 179, 180, 181, 182, 183, 184, 185, 186, 187, 188, 189, 190, 191, 192, 193, 194, 195, 196, 197, 198, 199, 200]","[360, 361, 362, 363, 364, 365, 366, 367, 368, 369, 370, 371, 372, 373, 374, 375, 376, 377, 378, 379, 380]",6,27,21,/media/bendico765/Crucial X9/Materiali Tesista/Roi masks/AMBL-034/ROI 0.npy,/media/bendico765/Crucial X9/Materiali Tesista/Cleaned Roi masks/AMBL-034/ROI 0.npy,0.6836,2.0,/media/bendico765/Crucial X9/MRI Lesions/manifest-1728494830954/Advanced-MRI-Breast-Lesions/AMBL-034/03-23-2004-NA-MRI BREASTS - Delayed contrast-25995/500.000000-Registered AX Sen Vibrant MultiPhase-48757,,113955.0,85375.0,85449.0,85500.0,0.004694835680751174,-9.370424597364568e-05,-0.00015213753232922562,-0.00011695906432748539,0.0010972666788666044,0.00016719351498053754,0.0003304724055912403,0.00015838539438025914,0.0007195822912553201,0.00016398243045387994,0.0003627895001696919,0.0002573099415204678,0.0009271158340542977,8.183834550509093e-05,-5.410995158226482e-05,-3.481254482556839e-05
37,AMBL-034,1,0.0,-1,-1,-1,-1,,-1.0,-1.0,-1.0,-1,/media/bendico765/Crucial X9/MRI Lesions/manifest-1728494830954/Advanced-MRI-Breast-Lesions/AMBL-034/03-23-2004-NA-MRI BREASTS - Delayed contrast-25995/600.000000-Registered Ax T2 FSE-79003,/media/bendico765/Crucial X9/MRI Lesions/manifest-1728494830954/Advanced-MRI-Breast-Lesions/AMBL-034/03-23-2004-NA-MRI BREASTS - Delayed contrast-25995/500.000000-ROI-54502/1-1.dcm,-56.76,R,"[[[0 0 0 ... 0 0 0]
  [0 0 0 ... 0 0 0]
  [0 0 0 ... 0 0 0]
  ...
  [0 0 0 ... 0 0 0]
  [0 0 0 ... 0 0 0]
  [0 0 0 ... 0 0 0]]

 [[0 0 0 ... 0 0 0]
  [0 0 0 ... 0 0 0]
  [0 0 0 ... 0 0 0]
  ...
  [0 0 0 ... 0 0 0]
  [0 0 0 ... 0 0 0]
  [0 0 0 ... 0 0 0]]

 [[0 0 0 ... 0 0 0]
  [0 0 0 ... 0 0 0]
  [0 0 0 ... 0 0 0]
  ...
  [0 0 0 ... 0 0 0]
  [0 0 0 ... 0 0 0]
  [0 0 0 ... 0 0 0]]

 ...

 [[0 0 0 ... 0 0 0]
  [0 0 0 ... 0 0 0]
  [0 0 0 ... 0 0 0]
  ...
  [0 0 0 ... 0 0 0]
  [0 0 0 ... 0 0 0]
  [0 0 0 ... 0 0 0]]

 [[0 0 0 ... 0 0 0]
  [0 0 0 ... 0 0 0]
  [0 0 0 ... 0 0 0]
  ...
  [0 0 0 ... 0 0 0]
  [0 0 0 ... 0 0 0]
  [0 0 0 ... 0 0 0]]

 [[0 0 0 ... 0 0 0]
  [0 0 0 ... 0 0 0]
  [0 0 0 ... 0 0 0]
  ...
  [0 0 0 ... 0 0 0]
  [0 0 0 ... 0 0 0]
  [0 0 0 ... 0 0 0]]]","[74, 75, 76, 77, 78, 79, 80, 81, 82, 83, 84]","[203, 204, 205, 206, 207, 208, 209, 210, 211, 212, 213, 214, 215, 216, 217, 218, 219, 220, 221, 222, 223, 224, 225, 226, 227, 228, 229, 230, 231, 232, 233, 234]","[387, 388, 389, 390, 391, 392, 393, 394, 395, 396, 397, 398, 399, 400, 401, 402, 403, 404, 405, 406, 407, 408, 409, 410, 411, 412, 413, 414, 415, 416, 417, 418, 419, 420, 421, 422, 423, 424, 425, 426]",11,32,40,/media/bendico765/Crucial X9/Materiali Tesista/Roi masks/AMBL-034/ROI 1.npy,/media/bendico765/Crucial X9/Materiali Tesista/Cleaned Roi masks/AMBL-034/ROI 1.npy,0.6836,2.0,/media/bendico765/Crucial X9/MRI Lesions/manifest-1728494830954/Advanced-MRI-Breast-Lesions/AMBL-034/03-23-2004-NA-MRI BREASTS - Delayed contrast-25995/500.000000-Registered AX Sen Vibrant MultiPhase-48757,,113955.0,85375.0,85449.0,85500.0,0.005361765609231715,-0.0004568081991215227,-0.0005149270324989175,-0.00015204678362573098,0.0010071786853267984,0.0003159221832556802,5.894936149772154e-05,0.00015124286149856563,0.0007722346540300996,0.0003748169838945827,9.362309681798499e-05,0.00014035087719298245,0.0006849766549928528,8.499109152834293e-05,-2.7646427842870276e-05,-2.5660765169268534e-05
38,AMBL-035,0,0.0,-1,-1,-1,-1,,-1,-1,-1.0,-1,/media/bendico765/Crucial X9/MRI Lesions/manifest-1728494830954/Advanced-MRI-Breast-Lesions/AMBL-035/03-24-2004-NA-MRI BREASTS - Delayed contrast-85585/600.000000-Registered Ax T2 FSE-09217,/media/bendico765/Crucial X9/MRI Lesions/manifest-1728494830954/Advanced-MRI-Breast-Lesions/AMBL-035/03-24-2004-NA-MRI BREASTS - Delayed contrast-85585/500.000000-ROI-04983/1-1.dcm,-19.16,L,"[[[0 0 0 ... 0 0 0]
  [0 0 0 ... 0 0 0]
  [0 0 0 ... 0 0 0]
  ...
  [0 0 0 ... 0 0 0]
  [0 0 0 ... 0 0 0]
  [0 0 0 ... 0 0 0]]

 [[0 0 0 ... 0 0 0]
  [0 0 0 ... 0 0 0]
  [0 0 0 ... 0 0 0]
  ...
  [0 0 0 ... 0 0 0]
  [0 0 0 ... 0 0 0]
  [0 0 0 ... 0 0 0]]

 [[0 0 0 ... 0 0 0]
  [0 0 0 ... 0 0 0]
  [0 0 0 ... 0 0 0]
  ...
  [0 0 0 ... 0 0 0]
  [0 0 0 ... 0 0 0]
  [0 0 0 ... 0 0 0]]

 ...

 [[0 0 0 ... 0 0 0]
  [0 0 0 ... 0 0 0]
  [0 0 0 ... 0 0 0]
  ...
  [0 0 0 ... 0 0 0]
  [0 0 0 ... 0 0 0]
  [0 0 0 ... 0 0 0]]

 [[0 0 0 ... 0 0 0]
  [0 0 0 ... 0 0 0]
  [0 0 0 ... 0 0 0]
  ...
  [0 0 0 ... 0 0 0]
  [0 0 0 ... 0 0 0]
  [0 0 0 ... 0 0 0]]

 [[0 0 0 ... 0 0 0]
  [0 0 0 ... 0 0 0]
  [0 0 0 ... 0 0 0]
  ...
  [0 0 0 ... 0 0 0]
  [0 0 0 ... 0 0 0]
  [0 0 0 ... 0 0 0]]]","[73, 74, 75, 76, 77]","[165, 166, 167, 168, 169, 170, 171, 172, 173, 174, 175, 176, 177, 178, 179, 180, 181, 182, 183, 184, 185, 186, 187, 188, 189, 190]","[147, 148, 149, 150, 151, 152, 153, 154, 155, 156, 157, 158, 159, 160, 161, 162]",5,26,16,/media/bendico765/Crucial X9/Materiali Tesista/Roi masks/AMBL-035/ROI 0.npy,/media/bendico765/Crucial X9/Materiali Tesista/Cleaned Roi masks/AMBL-035/ROI 0.npy,0.6641,2.0,/media/bendico765/Crucial X9/MRI Lesions/manifest-1728494830954/Advanced-MRI-Breast-Lesions/AMBL-035/03-24-2004-NA-MRI BREASTS - Delayed contrast-85585/500.000000-Registered AX Sen Vibrant MultiPhase-41185,,114562.0,86103.0,85983.0,86018.0,0.0017719662715385556,0.0007200678257435862,0.00032564576718653685,0.00024413494849915134,0.000609204541730695,0.0003473141398391876,0.00031755227128292296,4.277208341248583e-05,0.0005848361585866169,0.00025550793816707894,0.0003605363850993801,0.0,0.0003448924517973162,7.000621263348586e-05,0.00017149717403446753,2.1722370841791875e-05
39,AMBL-036,0,1.0,-1,-1,-1,-1,,-1,-1,-1.0,-1,/media/bendico765/Crucial X9/MRI Lesions/manifest-1728494830954/Advanced-MRI-Breast-Lesions/AMBL-036/03-25-2004-NA-MRI BREASTS - Delayed contrast-66604/600.000000-Registered Ax T2 FSE-32535,/media/bendico765/Crucial X9/MRI Lesions/manifest-1728494830954/Advanced-MRI-Breast-Lesions/AMBL-036/03-25-2004-NA-MRI BREASTS - Delayed contrast-66604/500.000000-ROI-09583/1-1.dcm,-36.02,R,"[[[0 0 0 ... 0 0 0]
  [0 0 0 ... 0 0 0]
  [0 0 0 ... 0 0 0]
  ...
  [0 0 0 ... 0 0 0]
  [0 0 0 ... 0 0 0]
  [0 0 0 ... 0 0 0]]

 [[0 0 0 ... 0 0 0]
  [0 0 0 ... 0 0 0]
  [0 0 0 ... 0 0 0]
  ...
  [0 0 0 ... 0 0 0]
  [0 0 0 ... 0 0 0]
  [0 0 0 ... 0 0 0]]

 [[0 0 0 ... 0 0 0]
  [0 0 0 ... 0 0 0]
  [0 0 0 ... 0 0 0]
  ...
  [0 0 0 ... 0 0 0]
  [0 0 0 ... 0 0 0]
  [0 0 0 ... 0 0 0]]

 ...

 [[0 0 0 ... 0 0 0]
  [0 0 0 ... 0 0 0]
  [0 0 0 ... 0 0 0]
  ...
  [0 0 0 ... 0 0 0]
  [0 0 0 ... 0 0 0]
  [0 0 0 ... 0 0 0]]

 [[0 0 0 ... 0 0 0]
  [0 0 0 ... 0 0 0]
  [0 0 0 ... 0 0 0]
  ...
  [0 0 0 ... 0 0 0]
  [0 0 0 ... 0 0 0]
  [0 0 0 ... 0 0 0]]

 [[0 0 0 ... 0 0 0]
  [0 0 0 ... 0 0 0]
  [0 0 0 ... 0 0 0]
  ...
  [0 0 0 ... 0 0 0]
  [0 0 0 ... 0 0 0]
  [0 0 0 ... 0 0 0]]]","[71, 72, 73, 74, 75, 76, 77, 78]","[183, 186, 187, 188, 189, 190, 191, 192, 193, 194, 195, 196, 197, 198, 199, 200, 201, 202, 203, 204, 205, 206, 207, 208, 209, 210, 211, 212, 213]","[360, 361, 362, 363, 364, 365, 366, 367, 368, 369, 370, 371, 372, 373, 374, 375, 376, 378]",8,31,19,/media/bendico765/Crucial X9/Materiali Tesista/Roi masks/AMBL-036/ROI 0.npy,/media/bendico765/Crucial X9/Materiali Tesista/Cleaned Roi masks/AMBL-036/ROI 0.npy,0.7422,2.0,/media/bendico765/Crucial X9/MRI Lesions/manifest-1728494830954/Advanced-MRI-Breast-Lesions/AMBL-036/03-25-2004-NA-MRI BREASTS - Delayed contrast-66604/500.000000-Registered AX Sen Vibrant MultiPhase-24618,,112947.0,84278.0,84470.0,84558.0,0.003010261450060648,0.0005576781603740004,-0.0002604474961524802,-0.00017739303200170296,0.0007763623064555061,0.0003973268883096153,0.00018485880755508938,6.633222389121602e-05,0.00066402826104279,0.000355964783217447,0.00021901266721913106,5.3217909600510895e-05,0.0005019347747429797,0.0002100298133185536,3.247254388557432e-05,-0.0001375903619782977
40,AMBL-038,0,1.0,3,3,0,3,,100,0,100.0,low to intermediate,/media/bendico765/Crucial X9/MRI Lesions/manifest-1728494830954/Advanced-MRI-Breast-Lesions/AMBL-038/03-26-2004-NA-MRI BREASTS - Delayed contrast-65978/600.000000-Registered Ax T2 FSE-85640,/media/bendico765/Crucial X9/MRI Lesions/manifest-1728494830954/Advanced-MRI-Breast-Lesions/AMBL-038/03-26-2004-NA-MRI BREASTS - Delayed contrast-65978/500.000000-ROI-46425/1-1.dcm,-13.73,L,"[[[0 0 0 ... 0 0 0]
  [0 0 0 ... 0 0 0]
  [0 0 0 ... 0 0 0]
  ...
  [0 0 0 ... 0 0 0]
  [0 0 0 ... 0 0 0]
  [0 0 0 ... 0 0 0]]

 [[0 0 0 ... 0 0 0]
  [0 0 0 ... 0 0 0]
  [0 0 0 ... 0 0 0]
  ...
  [0 0 0 ... 0 0 0]
  [0 0 0 ... 0 0 0]
  [0 0 0 ... 0 0 0]]

 [[0 0 0 ... 0 0 0]
  [0 0 0 ... 0 0 0]
  [0 0 0 ... 0 0 0]
  ...
  [0 0 0 ... 0 0 0]
  [0 0 0 ... 0 0 0]
  [0 0 0 ... 0 0 0]]

 ...

 [[0 0 0 ... 0 0 0]
  [0 0 0 ... 0 0 0]
  [0 0 0 ... 0 0 0]
  ...
  [0 0 0 ... 0 0 0]
  [0 0 0 ... 0 0 0]
  [0 0 0 ... 0 0 0]]

 [[0 0 0 ... 0 0 0]
  [0 0 0 ... 0 0 0]
  [0 0 0 ... 0 0 0]
  ...
  [0 0 0 ... 0 0 0]
  [0 0 0 ... 0 0 0]
  [0 0 0 ... 0 0 0]]

 [[0 0 0 ... 0 0 0]
  [0 0 0 ... 0 0 0]
  [0 0 0 ... 0 0 0]
  ...
  [0 0 0 ... 0 0 0]
  [0 0 0 ... 0 0 0]
  [0 0 0 ... 0 0 0]]]","[54, 55, 56, 57, 58, 59, 60, 61, 62, 63, 64, 65, 66, 67, 68, 69, 70]","[131, 132, 133, 134, 135, 136, 137, 138, 139, 140, 141, 142, 143, 144, 145, 146, 147, 148, 149, 150, 151, 152, 153, 154, 155, 156, 157, 158, 159, 160, 161, 162, 163, 164, 165, 166, 167, 168, 169, 170, 171, 172, 173, 174, 175, 176, 177, 178, 179, 180, 181, 182, 183, 184, 185, 186, 187, 188, 189, 190, 191, 192, 193, 194, 195, 196, 197, 198, 199, 200, 201, 202, 203, 204, 205, 206, 207, 208, 209, 210, 211, 212, 213, 214, 215, 216, 217, 218, 219, 220, 221, 222, 223, 224, 225, 226, 227, 228, 229, 230, 231]","[96, 97, 98, 99, 100, 101, 102, 103, 104, 105, 106, 107, 108, 109, 110, 111, 112, 113, 114, 115, 116, 117, 118, 119, 120, 121, 122, 123, 124, 125, 126, 127, 128, 129, 130, 132, 133, 134, 135, 136]",17,101,41,/media/bendico765/Crucial X9/Materiali Tesista/Roi masks/AMBL-038/ROI 0.npy,/media/bendico765/Crucial X9/Materiali Tesista/Cleaned Roi masks/AMBL-038/ROI 0.npy,0.7422,2.0,/media/bendico765/Crucial X9/MRI Lesions/manifest-1728494830954/Advanced-MRI-Breast-Lesions/AMBL-038/03-26-2004-NA-MRI BREASTS - Delayed contrast-65978/500.000000-Registered AX Sen Vibrant MultiPhase-90145,,112903.0,84526.0,84512.0,84510.0,0.002931720149154584,0.0006388566831507465,-9.46611132146914e-05,-0.0002484913028044018,0.0005747659481945907,0.0003731202223361211,6.06940581048618e-05,0.0001339765161945229,0.0004428580285732,0.00031942834157537326,5.916319575918213e-05,0.0001774937877174299,0.0004820876088758772,0.00015255400077290304,-1.1137079011969116e-06,-5.5725051772407344e-05
41,AMBL-042,0,0.0,-1,-1,-1,-1,,-1,-1,-1.0,-1,/media/bendico765/Crucial X9/MRI Lesions/manifest-1728494830954/Advanced-MRI-Breast-Lesions/AMBL-042/03-30-2004-NA-MRI BREASTS - Delayed contrast-91145/600.000000-Registered Ax T2 FSE-57394,/media/bendico765/Crucial X9/MRI Lesions/manifest-1728494830954/Advanced-MRI-Breast-Lesions/AMBL-042/03-30-2004-NA-MRI BREASTS - Delayed contrast-91145/500.000000-ROI-64035/1-1.dcm,-23.05,L,"[[[0 0 0 ... 0 0 0]
  [0 0 0 ... 0 0 0]
  [0 0 0 ... 0 0 0]
  ...
  [0 0 0 ... 0 0 0]
  [0 0 0 ... 0 0 0]
  [0 0 0 ... 0 0 0]]

 [[0 0 0 ... 0 0 0]
  [0 0 0 ... 0 0 0]
  [0 0 0 ... 0 0 0]
  ...
  [0 0 0 ... 0 0 0]
  [0 0 0 ... 0 0 0]
  [0 0 0 ... 0 0 0]]

 [[0 0 0 ... 0 0 0]
  [0 0 0 ... 0 0 0]
  [0 0 0 ... 0 0 0]
  ...
  [0 0 0 ... 0 0 0]
  [0 0 0 ... 0 0 0]
  [0 0 0 ... 0 0 0]]

 ...

 [[0 0 0 ... 0 0 0]
  [0 0 0 ... 0 0 0]
  [0 0 0 ... 0 0 0]
  ...
  [0 0 0 ... 0 0 0]
  [0 0 0 ... 0 0 0]
  [0 0 0 ... 0 0 0]]

 [[0 0 0 ... 0 0 0]
  [0 0 0 ... 0 0 0]
  [0 0 0 ... 0 0 0]
  ...
  [0 0 0 ... 0 0 0]
  [0 0 0 ... 0 0 0]
  [0 0 0 ... 0 0 0]]

 [[0 0 0 ... 0 0 0]
  [0 0 0 ... 0 0 0]
  [0 0 0 ... 0 0 0]
  ...
  [0 0 0 ... 0 0 0]
  [0 0 0 ... 0 0 0]
  [0 0 0 ... 0 0 0]]]","[69, 70, 71]","[161, 162, 163, 164, 165, 166, 167]","[133, 134, 135, 136]",3,7,4,/media/bendico765/Crucial X9/Materiali Tesista/Roi masks/AMBL-042/ROI 0.npy,/media/bendico765/Crucial X9/Materiali Tesista/Cleaned Roi masks/AMBL-042/ROI 0.npy,0.7031,2.0,/media/bendico765/Crucial X9/MRI Lesions/manifest-1728494830954/Advanced-MRI-Breast-Lesions/AMBL-042/03-30-2004-NA-MRI BREASTS - Delayed contrast-91145/500.000000-Registered AX Sen Vibrant MultiPhase-36592,,113738.0,85173.0,85493.0,85522.0,0.001116601311786738,5.870404940532798e-05,0.00025733100955633795,-0.0003858656252192418,0.0004546564183624797,0.00016437133833491834,0.00023077596680113824,-0.00023470068604653844,0.000395646134097663,0.00016437133833491834,0.00029242160176856587,-0.0002455508524122448,0.00026884966425884453,-3.177649145803949e-05,-3.7130093684976085e-06,2.819582916509949e-06
42,AMBL-043,0,0.0,-1,-1,-1,-1,,-1,-1,-1.0,-1,/media/bendico765/Crucial X9/MRI Lesions/manifest-1728494830954/Advanced-MRI-Breast-Lesions/AMBL-043/03-30-2004-NA-MRI BREASTS - Delayed contrast-73191/600.000000-Registered Ax T2 FSE-67540,/media/bendico765/Crucial X9/MRI Lesions/manifest-1728494830954/Advanced-MRI-Breast-Lesions/AMBL-043/03-30-2004-NA-MRI BREASTS - Delayed contrast-73191/500.000000-ROI-93334/1-1.dcm,-68.46,L,"[[[0 0 0 ... 0 0 0]
  [0 0 0 ... 0 0 0]
  [0 0 0 ... 0 0 0]
  ...
  [0 0 0 ... 0 0 0]
  [0 0 0 ... 0 0 0]
  [0 0 0 ... 0 0 0]]

 [[0 0 0 ... 0 0 0]
  [0 0 0 ... 0 0 0]
  [0 0 0 ... 0 0 0]
  ...
  [0 0 0 ... 0 0 0]
  [0 0 0 ... 0 0 0]
  [0 0 0 ... 0 0 0]]

 [[0 0 0 ... 0 0 0]
  [0 0 0 ... 0 0 0]
  [0 0 0 ... 0 0 0]
  ...
  [0 0 0 ... 0 0 0]
  [0 0 0 ... 0 0 0]
  [0 0 0 ... 0 0 0]]

 ...

 [[0 0 0 ... 0 0 0]
  [0 0 0 ... 0 0 0]
  [0 0 0 ... 0 0 0]
  ...
  [0 0 0 ... 0 0 0]
  [0 0 0 ... 0 0 0]
  [0 0 0 ... 0 0 0]]

 [[0 0 0 ... 0 0 0]
  [0 0 0 ... 0 0 0]
  [0 0 0 ... 0 0 0]
  ...
  [0 0 0 ... 0 0 0]
  [0 0 0 ... 0 0 0]
  [0 0 0 ... 0 0 0]]

 [[0 0 0 ... 0 0 0]
  [0 0 0 ... 0 0 0]
  [0 0 0 ... 0 0 0]
  ...
  [0 0 0 ... 0 0 0]
  [0 0 0 ... 0 0 0]
  [0 0 0 ... 0 0 0]]]","[80, 81, 82]","[128, 129, 131, 132, 133, 134, 135, 136, 137, 138, 139, 140, 141, 142, 143, 144, 145, 146, 147, 148, 149]","[182, 183, 184, 185, 186, 187, 188, 189, 190, 191, 192, 193, 194, 195, 196, 197, 198]",3,22,17,/media/bendico765/Crucial X9/Materiali Tesista/Roi masks/AMBL-043/ROI 0.npy,/media/bendico765/Crucial X9/Materiali Tesista/Cleaned Roi masks/AMBL-043/ROI 0.npy,0.7617,2.0,/media/bendico765/Crucial X9/MRI Lesions/manifest-1728494830954/Advanced-MRI-Breast-Lesions/AMBL-043/03-30-2004-NA-MRI BREASTS - Delayed contrast-73191/500.000000-Registered AX Sen Vibrant MultiPhase-37449,,112646.0,84078.0,84007.0,84033.0,0.0016245583509401132,0.001962463426817955,0.00028569047817443783,0.0001309009555769757,0.0002008995823299988,0.0006709509472211282,9.15408993997863e-05,0.0003031342739489024,0.00015091525664471,0.0006303670401294037,4.761507969573964e-05,0.0003332024323777564,0.00020655753401672598,0.00021687010988775786,3.0421680363845848e-05,1.7376764442747433e-05
43,AMBL-044,0,0.0,-1,-1,-1,-1,,-1,-1,-1.0,-1,/media/bendico765/Crucial X9/MRI Lesions/manifest-1728494830954/Advanced-MRI-Breast-Lesions/AMBL-044/03-30-2004-NA-MRI BREASTS - Delayed contrast-29907/600.000000-Registered Ax T2 FSE-75091,/media/bendico765/Crucial X9/MRI Lesions/manifest-1728494830954/Advanced-MRI-Breast-Lesions/AMBL-044/03-30-2004-NA-MRI BREASTS - Delayed contrast-29907/500.000000-ROI-12975/1-1.dcm,45.2,R,"[[[0 0 0 ... 0 0 0]
  [0 0 0 ... 0 0 0]
  [0 0 0 ... 0 0 0]
  ...
  [0 0 0 ... 0 0 0]
  [0 0 0 ... 0 0 0]
  [0 0 0 ... 0 0 0]]

 [[0 0 0 ... 0 0 0]
  [0 0 0 ... 0 0 0]
  [0 0 0 ... 0 0 0]
  ...
  [0 0 0 ... 0 0 0]
  [0 0 0 ... 0 0 0]
  [0 0 0 ... 0 0 0]]

 [[0 0 0 ... 0 0 0]
  [0 0 0 ... 0 0 0]
  [0 0 0 ... 0 0 0]
  ...
  [0 0 0 ... 0 0 0]
  [0 0 0 ... 0 0 0]
  [0 0 0 ... 0 0 0]]

 ...

 [[0 0 0 ... 0 0 0]
  [0 0 0 ... 0 0 0]
  [0 0 0 ... 0 0 0]
  ...
  [0 0 0 ... 0 0 0]
  [0 0 0 ... 0 0 0]
  [0 0 0 ... 0 0 0]]

 [[0 0 0 ... 0 0 0]
  [0 0 0 ... 0 0 0]
  [0 0 0 ... 0 0 0]
  ...
  [0 0 0 ... 0 0 0]
  [0 0 0 ... 0 0 0]
  [0 0 0 ... 0 0 0]]

 [[0 0 0 ... 0 0 0]
  [0 0 0 ... 0 0 0]
  [0 0 0 ... 0 0 0]
  ...
  [0 0 0 ... 0 0 0]
  [0 0 0 ... 0 0 0]
  [0 0 0 ... 0 0 0]]]","[48, 49, 50, 51, 52, 53, 54]","[184, 185, 186, 187, 188, 189, 190, 191, 192, 193, 194, 195, 196, 197, 198, 199, 200, 201, 202, 203, 204, 205, 206, 207, 208, 209, 210, 211, 212, 213, 214, 215, 216, 217, 218, 219, 220]","[370, 371, 372, 373, 374, 375, 376, 377, 378, 379, 380, 381, 382, 383, 384, 385, 386, 387, 388, 389, 390, 391, 392]",7,37,23,/media/bendico765/Crucial X9/Materiali Tesista/Roi masks/AMBL-044/ROI 0.npy,/media/bendico765/Crucial X9/Materiali Tesista/Cleaned Roi masks/AMBL-044/ROI 0.npy,0.7031,2.0,/media/bendico765/Crucial X9/MRI Lesions/manifest-1728494830954/Advanced-MRI-Breast-Lesions/AMBL-044/03-30-2004-NA-MRI BREASTS - Delayed contrast-29907/500.000000-Registered AX Sen Vibrant MultiPhase-73595,,113641.0,85328.0,85505.0,85019.0,0.0019007224505240186,0.0007852053253328333,0.0007017133500964856,4.704830684905727e-05,0.0006643998312623947,0.0003847458259508566,0.00045665667003600465,5.888839733543346e-05,0.0006511734321239693,0.0003281455090943184,0.0004795041225659318,5.881038356132159e-05,0.0004497058853363785,0.00014000115858152332,0.0001293536777444761,1.3508960225377123e-05
44,AMBL-045,0,0.0,-1,-1,-1,-1,,-1,-1,-1.0,-1,/media/bendico765/Crucial X9/MRI Lesions/manifest-1728494830954/Advanced-MRI-Breast-Lesions/AMBL-045/03-30-2004-NA-MRI BREASTS - Delayed contrast-08327/600.000000-Registered Ax T2 FSE-54414,/media/bendico765/Crucial X9/MRI Lesions/manifest-1728494830954/Advanced-MRI-Breast-Lesions/AMBL-045/03-30-2004-NA-MRI BREASTS - Delayed contrast-08327/500.000000-ROI-75945/1-1.dcm,-3.45,L,"[[[0 0 0 ... 0 0 0]
  [0 0 0 ... 0 0 0]
  [0 0 0 ... 0 0 0]
  ...
  [0 0 0 ... 0 0 0]
  [0 0 0 ... 0 0 0]
  [0 0 0 ... 0 0 0]]

 [[0 0 0 ... 0 0 0]
  [0 0 0 ... 0 0 0]
  [0 0 0 ... 0 0 0]
  ...
  [0 0 0 ... 0 0 0]
  [0 0 0 ... 0 0 0]
  [0 0 0 ... 0 0 0]]

 [[0 0 0 ... 0 0 0]
  [0 0 0 ... 0 0 0]
  [0 0 0 ... 0 0 0]
  ...
  [0 0 0 ... 0 0 0]
  [0 0 0 ... 0 0 0]
  [0 0 0 ... 0 0 0]]

 ...

 [[0 0 0 ... 0 0 0]
  [0 0 0 ... 0 0 0]
  [0 0 0 ... 0 0 0]
  ...
  [0 0 0 ... 0 0 0]
  [0 0 0 ... 0 0 0]
  [0 0 0 ... 0 0 0]]

 [[0 0 0 ... 0 0 0]
  [0 0 0 ... 0 0 0]
  [0 0 0 ... 0 0 0]
  ...
  [0 0 0 ... 0 0 0]
  [0 0 0 ... 0 0 0]
  [0 0 0 ... 0 0 0]]

 [[0 0 0 ... 0 0 0]
  [0 0 0 ... 0 0 0]
  [0 0 0 ... 0 0 0]
  ...
  [0 0 0 ... 0 0 0]
  [0 0 0 ... 0 0 0]
  [0 0 0 ... 0 0 0]]]","[57, 58, 59, 60, 61, 62, 63, 64, 65, 66, 67]","[130, 131, 132, 133, 134, 135, 136, 137, 138, 139, 140, 141, 142, 143, 144, 145, 146, 147, 148, 149, 150, 151, 152, 153, 154, 155, 156, 157, 158, 159, 160, 161, 162, 163, 164, 165, 166, 167, 168, 169, 170, 171, 172, 173, 174, 175]","[121, 123, 124, 125, 126, 127, 128, 129, 130, 131, 132, 133, 134, 135, 136, 137, 138, 139, 140, 141, 142, 143, 144, 145, 146, 147, 148, 149, 150, 151, 152, 153]",11,46,33,/media/bendico765/Crucial X9/Materiali Tesista/Roi masks/AMBL-045/ROI 0.npy,/media/bendico765/Crucial X9/Materiali Tesista/Cleaned Roi masks/AMBL-045/ROI 0.npy,0.6641,2.1,/media/bendico765/Crucial X9/MRI Lesions/manifest-1728494830954/Advanced-MRI-Breast-Lesions/AMBL-045/03-30-2004-NA-MRI BREASTS - Delayed contrast-08327/500.000000-Registered AX Sen Vibrant MultiPhase-67967,,114575.0,86130.0,86015.0,86501.0,0.0016233907920576041,0.0006153488912109602,0.0004766610474917166,-0.00012716615992878694,0.0006056438262152128,0.0003023642825834755,0.00012116854153071058,0.0001751812528847095,0.0004625790966615754,0.0002786485545106235,8.138115444980527e-05,0.00021965063987699565,0.00034781884343149057,0.00013210039650009384,7.387293209750519e-05,-1.573582120316182e-05
45,AMBL-046,0,0.0,-1,-1,-1,-1,,-1,-1,-1.0,-1,/media/bendico765/Crucial X9/MRI Lesions/manifest-1728494830954/Advanced-MRI-Breast-Lesions/AMBL-046/03-30-2004-NA-MRI BREASTS - Delayed contrast-04861/600.000000-Registered Ax T2 FSE-47373,/media/bendico765/Crucial X9/MRI Lesions/manifest-1728494830954/Advanced-MRI-Breast-Lesions/AMBL-046/03-30-2004-NA-MRI BREASTS - Delayed contrast-04861/500.000000-ROI-01645/1-1.dcm,-58.18,L,"[[[0 0 0 ... 0 0 0]
  [0 0 0 ... 0 0 0]
  [0 0 0 ... 0 0 0]
  ...
  [0 0 0 ... 0 0 0]
  [0 0 0 ... 0 0 0]
  [0 0 0 ... 0 0 0]]

 [[0 0 0 ... 0 0 0]
  [0 0 0 ... 0 0 0]
  [0 0 0 ... 0 0 0]
  ...
  [0 0 0 ... 0 0 0]
  [0 0 0 ... 0 0 0]
  [0 0 0 ... 0 0 0]]

 [[0 0 0 ... 0 0 0]
  [0 0 0 ... 0 0 0]
  [0 0 0 ... 0 0 0]
  ...
  [0 0 0 ... 0 0 0]
  [0 0 0 ... 0 0 0]
  [0 0 0 ... 0 0 0]]

 ...

 [[0 0 0 ... 0 0 0]
  [0 0 0 ... 0 0 0]
  [0 0 0 ... 0 0 0]
  ...
  [0 0 0 ... 0 0 0]
  [0 0 0 ... 0 0 0]
  [0 0 0 ... 0 0 0]]

 [[0 0 0 ... 0 0 0]
  [0 0 0 ... 0 0 0]
  [0 0 0 ... 0 0 0]
  ...
  [0 0 0 ... 0 0 0]
  [0 0 0 ... 0 0 0]
  [0 0 0 ... 0 0 0]]

 [[0 0 0 ... 0 0 0]
  [0 0 0 ... 0 0 0]
  [0 0 0 ... 0 0 0]
  ...
  [0 0 0 ... 0 0 0]
  [0 0 0 ... 0 0 0]
  [0 0 0 ... 0 0 0]]]","[74, 75, 76, 77]","[130, 132, 133, 134, 135, 136, 137, 138, 139, 140, 141, 142]","[121, 122, 123, 124, 125, 126, 127, 128]",4,13,8,/media/bendico765/Crucial X9/Materiali Tesista/Roi masks/AMBL-046/ROI 0.npy,/media/bendico765/Crucial X9/Materiali Tesista/Cleaned Roi masks/AMBL-046/ROI 0.npy,0.7422,2.0,/media/bendico765/Crucial X9/MRI Lesions/manifest-1728494830954/Advanced-MRI-Breast-Lesions/AMBL-046/03-30-2004-NA-MRI BREASTS - Delayed contrast-04861/500.000000-Registered AX Sen Vibrant MultiPhase-77163,,112802.0,84536.0,84498.0,84505.0,0.0005850960089360118,0.0005796347118387432,0.0008757603730265805,0.00028400686349920124,0.0003187870909077092,0.00037251669618353637,0.00024873792448172903,0.00017063656419315853,0.0003723338238683711,0.00014786599791804676,0.0004437974863310374,0.00022483876693686763,0.00012375208445120534,-1.886065328758528e-07,0.00034127635302060646,8.719612655703935e-05
46,AMBL-046,1,0.0,-1,-1,-1,-1,,-1.0,-1.0,-1.0,-1,/media/bendico765/Crucial X9/MRI Lesions/manifest-1728494830954/Advanced-MRI-Breast-Lesions/AMBL-046/03-30-2004-NA-MRI BREASTS - Delayed contrast-04861/600.000000-Registered Ax T2 FSE-47373,/media/bendico765/Crucial X9/MRI Lesions/manifest-1728494830954/Advanced-MRI-Breast-Lesions/AMBL-046/03-30-2004-NA-MRI BREASTS - Delayed contrast-04861/500.000000-ROI-01645/1-1.dcm,-52.18,R,"[[[0 0 0 ... 0 0 0]
  [0 0 0 ... 0 0 0]
  [0 0 0 ... 0 0 0]
  ...
  [0 0 0 ... 0 0 0]
  [0 0 0 ... 0 0 0]
  [0 0 0 ... 0 0 0]]

 [[0 0 0 ... 0 0 0]
  [0 0 0 ... 0 0 0]
  [0 0 0 ... 0 0 0]
  ...
  [0 0 0 ... 0 0 0]
  [0 0 0 ... 0 0 0]
  [0 0 0 ... 0 0 0]]

 [[0 0 0 ... 0 0 0]
  [0 0 0 ... 0 0 0]
  [0 0 0 ... 0 0 0]
  ...
  [0 0 0 ... 0 0 0]
  [0 0 0 ... 0 0 0]
  [0 0 0 ... 0 0 0]]

 ...

 [[0 0 0 ... 0 0 0]
  [0 0 0 ... 0 0 0]
  [0 0 0 ... 0 0 0]
  ...
  [0 0 0 ... 0 0 0]
  [0 0 0 ... 0 0 0]
  [0 0 0 ... 0 0 0]]

 [[0 0 0 ... 0 0 0]
  [0 0 0 ... 0 0 0]
  [0 0 0 ... 0 0 0]
  ...
  [0 0 0 ... 0 0 0]
  [0 0 0 ... 0 0 0]
  [0 0 0 ... 0 0 0]]

 [[0 0 0 ... 0 0 0]
  [0 0 0 ... 0 0 0]
  [0 0 0 ... 0 0 0]
  ...
  [0 0 0 ... 0 0 0]
  [0 0 0 ... 0 0 0]
  [0 0 0 ... 0 0 0]]]","[72, 73, 74]","[113, 114, 129, 130, 131, 132, 133, 134, 136, 137, 144, 145, 146, 149, 150, 151, 152, 153, 154, 155, 156, 157, 158, 159, 160, 161, 162, 163, 164, 165, 166, 167, 168, 169, 170, 171, 172, 173, 174, 175, 176, 177, 178, 179, 180, 181, 182, 183, 184, 185, 186, 187, 188, 189, 190, 191, 192, 193, 194, 195, 196, 197, 198, 199, 200, 201, 202, 203, 204, 205, 206, 207]","[371, 372, 373, 374, 375, 376, 377, 378, 379, 380, 381, 382, 383, 384, 385, 386, 387, 388, 389, 390, 391, 392, 393, 394, 395, 396, 397, 398, 399, 400, 401, 402, 405, 410, 411, 412]",3,95,42,/media/bendico765/Crucial X9/Materiali Tesista/Roi masks/AMBL-046/ROI 1.npy,/media/bendico765/Crucial X9/Materiali Tesista/Cleaned Roi masks/AMBL-046/ROI 1.npy,0.7422,2.0,/media/bendico765/Crucial X9/MRI Lesions/manifest-1728494830954/Advanced-MRI-Breast-Lesions/AMBL-046/03-30-2004-NA-MRI BREASTS - Delayed contrast-04861/500.000000-Registered AX Sen Vibrant MultiPhase-77163,,112802.0,84536.0,84498.0,84505.0,0.00041665927909079626,0.00034304911516986844,0.0004970531846907619,0.00029584048281166794,0.00028983297658466943,0.00042745533015740216,0.0001747155360739221,0.00029211619653058703,0.00034573855073491606,0.0003785369546701997,0.0001893535941679093,0.00028400686349920124,0.00015285651176712487,1.7714791111023103e-05,9.914753751118837e-05,6.639788743962864e-06
47,AMBL-047,0,1.0,-1,-1,-1,-1,,-1,-1,-1.0,-1,/media/bendico765/Crucial X9/MRI Lesions/manifest-1728494830954/Advanced-MRI-Breast-Lesions/AMBL-047/03-30-2004-NA-MRI BREASTS - Delayed contrast-34189/600.000000-Registered Ax T2 FSE-63787,/media/bendico765/Crucial X9/MRI Lesions/manifest-1728494830954/Advanced-MRI-Breast-Lesions/AMBL-047/03-30-2004-NA-MRI BREASTS - Delayed contrast-34189/500.000000-ROI-59699/1-1.dcm,-33.78,L,"[[[0 0 0 ... 0 0 0]
  [0 0 0 ... 0 0 0]
  [0 0 0 ... 0 0 0]
  ...
  [0 0 0 ... 0 0 0]
  [0 0 0 ... 0 0 0]
  [0 0 0 ... 0 0 0]]

 [[0 0 0 ... 0 0 0]
  [0 0 0 ... 0 0 0]
  [0 0 0 ... 0 0 0]
  ...
  [0 0 0 ... 0 0 0]
  [0 0 0 ... 0 0 0]
  [0 0 0 ... 0 0 0]]

 [[0 0 0 ... 0 0 0]
  [0 0 0 ... 0 0 0]
  [0 0 0 ... 0 0 0]
  ...
  [0 0 0 ... 0 0 0]
  [0 0 0 ... 0 0 0]
  [0 0 0 ... 0 0 0]]

 ...

 [[0 0 0 ... 0 0 0]
  [0 0 0 ... 0 0 0]
  [0 0 0 ... 0 0 0]
  ...
  [0 0 0 ... 0 0 0]
  [0 0 0 ... 0 0 0]
  [0 0 0 ... 0 0 0]]

 [[0 0 0 ... 0 0 0]
  [0 0 0 ... 0 0 0]
  [0 0 0 ... 0 0 0]
  ...
  [0 0 0 ... 0 0 0]
  [0 0 0 ... 0 0 0]
  [0 0 0 ... 0 0 0]]

 [[0 0 0 ... 0 0 0]
  [0 0 0 ... 0 0 0]
  [0 0 0 ... 0 0 0]
  ...
  [0 0 0 ... 0 0 0]
  [0 0 0 ... 0 0 0]
  [0 0 0 ... 0 0 0]]]","[47, 48, 49, 50, 51, 52, 53, 54, 55, 56, 57, 58, 59]","[205, 206, 207, 208, 209, 210, 211, 212, 213, 214, 215, 216, 217, 218, 219, 220, 221, 222, 223, 224, 225, 226, 227, 228, 229, 230, 231, 232, 233, 234, 235, 236, 237, 238, 239, 240, 241, 242, 243, 244, 245, 246, 247, 248, 249, 250, 251, 252, 253, 254, 255, 256, 257, 258, 259, 260, 261, 262, 263, 264, 265, 266, 267, 268, 269, 270, 271, 272, 273, 274, 275, 276, 277, 278, 279, 280]","[152, 153, 154, 155, 156, 157, 158, 159, 160, 161, 162, 163, 164, 165, 166, 167, 168, 169, 170, 171, 172, 173, 174, 175, 176, 177, 178, 179, 180, 181, 182, 183, 184, 185, 186, 187, 188, 189, 190, 191, 192, 193, 194, 195, 196, 197, 198, 199, 200, 201, 202, 203, 204, 205, 206, 207, 208, 209, 210, 211]",13,76,60,/media/bendico765/Crucial X9/Materiali Tesista/Roi masks/AMBL-047/ROI 0.npy,/media/bendico765/Crucial X9/Materiali Tesista/Cleaned Roi masks/AMBL-047/ROI 0.npy,0.7422,2.0,/media/bendico765/Crucial X9/MRI Lesions/manifest-1728494830954/Advanced-MRI-Breast-Lesions/AMBL-047/03-30-2004-NA-MRI BREASTS - Delayed contrast-34189/500.000000-Registered AX Sen Vibrant MultiPhase-04924,,112910.0,84532.0,84355.0,84502.0,0.002541847489150651,0.00010646855628637676,-0.0005927330922885425,0.00017751059146529075,0.0008069534668078508,0.0003082053155197286,0.0001289218782412356,7.527787696590178e-06,0.0007173855282968737,0.00037855486679600625,0.00017781992768656275,-3.550211829305815e-05,0.00048513563721493916,-1.299614841860298e-05,5.327005277564273e-05,-2.810843193679344e-05
48,AMBL-049,0,0.0,-1,-1,-1,-1,,-1,-1,-1.0,-1,/media/bendico765/Crucial X9/MRI Lesions/manifest-1728494830954/Advanced-MRI-Breast-Lesions/AMBL-049/04-01-2004-NA-MRI BREASTS - Delayed contrast-79345/600.000000-Registered Ax T2 FSE-54246,/media/bendico765/Crucial X9/MRI Lesions/manifest-1728494830954/Advanced-MRI-Breast-Lesions/AMBL-049/04-01-2004-NA-MRI BREASTS - Delayed contrast-79345/500.000000-ROI-50017/1-1.dcm,13.8,L,"[[[0 0 0 ... 0 0 0]
  [0 0 0 ... 0 0 0]
  [0 0 0 ... 0 0 0]
  ...
  [0 0 0 ... 0 0 0]
  [0 0 0 ... 0 0 0]
  [0 0 0 ... 0 0 0]]

 [[0 0 0 ... 0 0 0]
  [0 0 0 ... 0 0 0]
  [0 0 0 ... 0 0 0]
  ...
  [0 0 0 ... 0 0 0]
  [0 0 0 ... 0 0 0]
  [0 0 0 ... 0 0 0]]

 [[0 0 0 ... 0 0 0]
  [0 0 0 ... 0 0 0]
  [0 0 0 ... 0 0 0]
  ...
  [0 0 0 ... 0 0 0]
  [0 0 0 ... 0 0 0]
  [0 0 0 ... 0 0 0]]

 ...

 [[0 0 0 ... 0 0 0]
  [0 0 0 ... 0 0 0]
  [0 0 0 ... 0 0 0]
  ...
  [0 0 0 ... 0 0 0]
  [0 0 0 ... 0 0 0]
  [0 0 0 ... 0 0 0]]

 [[0 0 0 ... 0 0 0]
  [0 0 0 ... 0 0 0]
  [0 0 0 ... 0 0 0]
  ...
  [0 0 0 ... 0 0 0]
  [0 0 0 ... 0 0 0]
  [0 0 0 ... 0 0 0]]

 [[0 0 0 ... 0 0 0]
  [0 0 0 ... 0 0 0]
  [0 0 0 ... 0 0 0]
  ...
  [0 0 0 ... 0 0 0]
  [0 0 0 ... 0 0 0]
  [0 0 0 ... 0 0 0]]]","[48, 49, 50, 51]","[185, 186, 187, 188, 189, 190, 191, 192, 193, 194, 195, 196, 197, 198]","[177, 178, 179, 180, 181, 182, 183, 184, 185, 186]",4,14,10,/media/bendico765/Crucial X9/Materiali Tesista/Roi masks/AMBL-049/ROI 0.npy,/media/bendico765/Crucial X9/Materiali Tesista/Cleaned Roi masks/AMBL-049/ROI 0.npy,0.7422,2.1,/media/bendico765/Crucial X9/MRI Lesions/manifest-1728494830954/Advanced-MRI-Breast-Lesions/AMBL-049/04-01-2004-NA-MRI BREASTS - Delayed contrast-79345/500.000000-Registered AX Sen Vibrant MultiPhase-71162,,112382.0,84088.0,83990.0,83999.0,0.003924115961630866,-0.0002616306726286747,0.0005000595308965354,-0.0006666746032690865,0.0008597290474915473,0.000277576615248287,8.617922393714101e-05,7.976529885842738e-05,0.0003915217739495649,0.0004519075254495291,4.7624717228241455e-05,0.0002738127834855177,0.000950113695941655,-5.9828643953335714e-05,4.732844067857357e-05,-0.00024338015514366505
49,AMBL-050,0,1.0,1,3,2.8,0,,100,100,10.0,low,/media/bendico765/Crucial X9/MRI Lesions/manifest-1728494830954/Advanced-MRI-Breast-Lesions/AMBL-050/04-01-2004-NA-MRI BREASTS - Delayed contrast-68780/600.000000-Registered Ax T2 FSE-16266,/media/bendico765/Crucial X9/MRI Lesions/manifest-1728494830954/Advanced-MRI-Breast-Lesions/AMBL-050/04-01-2004-NA-MRI BREASTS - Delayed contrast-68780/500.000000-ROI-45497/1-1.dcm,3.62,L,"[[[0 0 0 ... 0 0 0]
  [0 0 0 ... 0 0 0]
  [0 0 0 ... 0 0 0]
  ...
  [0 0 0 ... 0 0 0]
  [0 0 0 ... 0 0 0]
  [0 0 0 ... 0 0 0]]

 [[0 0 0 ... 0 0 0]
  [0 0 0 ... 0 0 0]
  [0 0 0 ... 0 0 0]
  ...
  [0 0 0 ... 0 0 0]
  [0 0 0 ... 0 0 0]
  [0 0 0 ... 0 0 0]]

 [[0 0 0 ... 0 0 0]
  [0 0 0 ... 0 0 0]
  [0 0 0 ... 0 0 0]
  ...
  [0 0 0 ... 0 0 0]
  [0 0 0 ... 0 0 0]
  [0 0 0 ... 0 0 0]]

 ...

 [[0 0 0 ... 0 0 0]
  [0 0 0 ... 0 0 0]
  [0 0 0 ... 0 0 0]
  ...
  [0 0 0 ... 0 0 0]
  [0 0 0 ... 0 0 0]
  [0 0 0 ... 0 0 0]]

 [[0 0 0 ... 0 0 0]
  [0 0 0 ... 0 0 0]
  [0 0 0 ... 0 0 0]
  ...
  [0 0 0 ... 0 0 0]
  [0 0 0 ... 0 0 0]
  [0 0 0 ... 0 0 0]]

 [[0 0 0 ... 0 0 0]
  [0 0 0 ... 0 0 0]
  [0 0 0 ... 0 0 0]
  ...
  [0 0 0 ... 0 0 0]
  [0 0 0 ... 0 0 0]
  [0 0 0 ... 0 0 0]]]","[47, 48, 49, 50, 51]","[123, 124, 125, 126, 127, 128, 129, 130, 131, 132, 133, 134, 135, 136, 137, 138, 139, 140, 141, 142, 143, 144, 145, 146, 147, 148, 149, 150, 151]","[93, 95, 96, 97, 98, 99, 100, 101, 102, 103, 104, 105, 106, 107, 108, 109, 110, 111, 112, 113, 114, 115, 116, 117, 118, 119, 120, 121, 122, 123]",5,29,31,/media/bendico765/Crucial X9/Materiali Tesista/Roi masks/AMBL-050/ROI 0.npy,/media/bendico765/Crucial X9/Materiali Tesista/Cleaned Roi masks/AMBL-050/ROI 0.npy,0.7031,2.0,/media/bendico765/Crucial X9/MRI Lesions/manifest-1728494830954/Advanced-MRI-Breast-Lesions/AMBL-050/04-01-2004-NA-MRI BREASTS - Delayed contrast-68780/500.000000-Registered AX Sen Vibrant MultiPhase-12435,,113642.0,85026.0,85468.0,85029.0,0.0018303092166628535,0.00017641662550278738,0.00029250713717414705,-0.0001293676275153183,0.0005603409437058946,0.0003114930810180194,5.746794397372163e-05,-3.137234221865073e-05,0.00042237904999912004,0.0003410721426387223,4.6801141947863526e-05,-1.1760693410483483e-05,0.0004236161837216013,-3.3082205083179184e-05,-1.9805096674100322e-05,3.248671704550654e-05
50,AMBL-496,0,1.0,2,strong,strong,neg,,100,90,20.0,30,/media/bendico765/Crucial X9/MRI Lesions/manifest-1728494830954/Advanced-MRI-Breast-Lesions/AMBL-496/07-06-2005-NA-MRI BREASTS - Delayed contrast-17291/600.000000-Registered Ax T2 FSE-60683,/media/bendico765/Crucial X9/MRI Lesions/manifest-1728494830954/Advanced-MRI-Breast-Lesions/AMBL-496/07-06-2005-NA-MRI BREASTS - Delayed contrast-17291/500.000000-ROI-58155/1-1.dcm,-15.98,L,"[[[0 0 0 ... 0 0 0]
  [0 0 0 ... 0 0 0]
  [0 0 0 ... 0 0 0]
  ...
  [0 0 0 ... 0 0 0]
  [0 0 0 ... 0 0 0]
  [0 0 0 ... 0 0 0]]

 [[0 0 0 ... 0 0 0]
  [0 0 0 ... 0 0 0]
  [0 0 0 ... 0 0 0]
  ...
  [0 0 0 ... 0 0 0]
  [0 0 0 ... 0 0 0]
  [0 0 0 ... 0 0 0]]

 [[0 0 0 ... 0 0 0]
  [0 0 0 ... 0 0 0]
  [0 0 0 ... 0 0 0]
  ...
  [0 0 0 ... 0 0 0]
  [0 0 0 ... 0 0 0]
  [0 0 0 ... 0 0 0]]

 ...

 [[0 0 0 ... 0 0 0]
  [0 0 0 ... 0 0 0]
  [0 0 0 ... 0 0 0]
  ...
  [0 0 0 ... 0 0 0]
  [0 0 0 ... 0 0 0]
  [0 0 0 ... 0 0 0]]

 [[0 0 0 ... 0 0 0]
  [0 0 0 ... 0 0 0]
  [0 0 0 ... 0 0 0]
  ...
  [0 0 0 ... 0 0 0]
  [0 0 0 ... 0 0 0]
  [0 0 0 ... 0 0 0]]

 [[0 0 0 ... 0 0 0]
  [0 0 0 ... 0 0 0]
  [0 0 0 ... 0 0 0]
  ...
  [0 0 0 ... 0 0 0]
  [0 0 0 ... 0 0 0]
  [0 0 0 ... 0 0 0]]]","[54, 55, 56, 57, 58, 59, 60, 61, 62, 63, 64, 65, 66, 67, 68, 69, 70, 71, 72, 73, 74, 75, 76, 77, 78, 79, 80, 81, 82, 83, 84]","[151, 152, 153, 154, 155, 156, 157, 158, 159, 160, 161, 162, 163, 164, 165, 166, 167, 168, 169, 170, 171, 172, 173, 174, 175, 176, 177, 178, 179, 180, 181, 182, 183, 184, 185, 186, 187, 188, 189, 190, 191, 192, 193, 194, 195, 196, 197, 198, 199, 200, 201, 202, 203, 204, 205, 206, 207, 208, 209, 210, 211, 212, 213, 214, 215, 216, 217, 218, 219, 220, 221, 222, 223, 224, 225, 226]","[104, 105, 106, 107, 108, 109, 110, 111, 112, 113, 114, 115, 116, 117, 118, 119, 120, 121, 122, 123, 124, 125, 126, 127, 128, 129, 130, 131, 132, 133, 134, 135, 136, 137, 138, 139, 140, 141, 142, 143, 144, 145, 146, 147, 148, 149, 150, 151, 152, 153, 154, 155, 156, 157, 158, 159]",31,76,56,/media/bendico765/Crucial X9/Materiali Tesista/Roi masks/AMBL-496/ROI 0.npy,/media/bendico765/Crucial X9/Materiali Tesista/Cleaned Roi masks/AMBL-496/ROI 0.npy,0.6445,2.0,/media/bendico765/Crucial X9/MRI Lesions/manifest-1728494830954/Advanced-MRI-Breast-Lesions/AMBL-496/07-06-2005-NA-MRI BREASTS - Delayed contrast-17291/500.000000-Registered AX Sen Vibrant MultiPhase-89689,,115002.0,86942.0,86501.0,86531.0,0.006999878262986731,-0.001966828460352879,-0.0008439208795274043,-0.0003929227675630699,0.0016743770590646892,0.0002773875649601895,-5.317506992161392e-07,1.6604019499018494e-05,0.001599972174396967,0.000333555703802535,9.248447994820869e-05,-4.6226207948596454e-05,0.001129012210023342,2.1594611359233557e-06,-0.00013170449769532962,-0.00015187637843146721
51,AMBL-507,0,1.0,3,3,3,0,,100,100,0.0,2,/media/bendico765/Crucial X9/MRI Lesions/manifest-1728494830954/Advanced-MRI-Breast-Lesions/AMBL-507/07-14-2005-NA-MRI BREASTS - Delayed contrast-25680/700.000000-Registered Ax T2 FSE-89559,/media/bendico765/Crucial X9/MRI Lesions/manifest-1728494830954/Advanced-MRI-Breast-Lesions/AMBL-507/07-14-2005-NA-MRI BREASTS - Delayed contrast-25680/600.000000-ROI-16517/1-1.dcm,-46.67,R,"[[[0 0 0 ... 0 0 0]
  [0 0 0 ... 0 0 0]
  [0 0 0 ... 0 0 0]
  ...
  [0 0 0 ... 0 0 0]
  [0 0 0 ... 0 0 0]
  [0 0 0 ... 0 0 0]]

 [[0 0 0 ... 0 0 0]
  [0 0 0 ... 0 0 0]
  [0 0 0 ... 0 0 0]
  ...
  [0 0 0 ... 0 0 0]
  [0 0 0 ... 0 0 0]
  [0 0 0 ... 0 0 0]]

 [[0 0 0 ... 0 0 0]
  [0 0 0 ... 0 0 0]
  [0 0 0 ... 0 0 0]
  ...
  [0 0 0 ... 0 0 0]
  [0 0 0 ... 0 0 0]
  [0 0 0 ... 0 0 0]]

 ...

 [[0 0 0 ... 0 0 0]
  [0 0 0 ... 0 0 0]
  [0 0 0 ... 0 0 0]
  ...
  [0 0 0 ... 0 0 0]
  [0 0 0 ... 0 0 0]
  [0 0 0 ... 0 0 0]]

 [[0 0 0 ... 0 0 0]
  [0 0 0 ... 0 0 0]
  [0 0 0 ... 0 0 0]
  ...
  [0 0 0 ... 0 0 0]
  [0 0 0 ... 0 0 0]
  [0 0 0 ... 0 0 0]]

 [[0 0 0 ... 0 0 0]
  [0 0 0 ... 0 0 0]
  [0 0 0 ... 0 0 0]
  ...
  [0 0 0 ... 0 0 0]
  [0 0 0 ... 0 0 0]
  [0 0 0 ... 0 0 0]]]","[79, 80, 81, 82]","[181, 184, 185, 186, 187, 188, 189, 190, 191, 192, 193, 194, 195, 196, 197, 198, 199, 200, 201, 202, 203, 204, 205, 206, 207, 208, 209, 210, 211]","[317, 318, 319, 320, 321, 322, 323, 324, 325, 326, 327, 328, 329, 330, 331, 332, 333, 334]",4,31,18,/media/bendico765/Crucial X9/Materiali Tesista/Roi masks/AMBL-507/ROI 0.npy,/media/bendico765/Crucial X9/Materiali Tesista/Cleaned Roi masks/AMBL-507/ROI 0.npy,0.7422,2.0,/media/bendico765/Crucial X9/MRI Lesions/manifest-1728494830954/Advanced-MRI-Breast-Lesions/AMBL-507/07-14-2005-NA-MRI BREASTS - Delayed contrast-25680/600.000000-Registered AX Sen Vibrant MultiPhase-31428,,112898.0,84258.0,84492.0,84498.0,0.003667026873815302,-0.00022549787557264592,-0.0003905695213748047,-0.00028403039125186397,0.000806209809041511,0.0002937733141679737,0.00012808531682681286,-4.643652388728281e-05,0.0004251625360945278,0.00029670773101663937,0.00022487336079155424,1.1834599635494332e-05,0.0008333007191750681,1.592835386799606e-05,-0.0001387882700794702,-6.773940556299689e-05
52,AMBL-514,0,1.0,3,-1,-1,-1,,-1,-1,-1.0,-1,/media/bendico765/Crucial X9/MRI Lesions/manifest-1728494830954/Advanced-MRI-Breast-Lesions/AMBL-514/07-20-2005-NA-MRI BREASTS - Delayed contrast-12280/700.000000-Registered Ax T2 FSE-69231,/media/bendico765/Crucial X9/MRI Lesions/manifest-1728494830954/Advanced-MRI-Breast-Lesions/AMBL-514/07-20-2005-NA-MRI BREASTS - Delayed contrast-12280/600.000000-ROI-82983/1-1.dcm,-31.4,L,"[[[0 0 0 ... 0 0 0]
  [0 0 0 ... 0 0 0]
  [0 0 0 ... 0 0 0]
  ...
  [0 0 0 ... 0 0 0]
  [0 0 0 ... 0 0 0]
  [0 0 0 ... 0 0 0]]

 [[0 0 0 ... 0 0 0]
  [0 0 0 ... 0 0 0]
  [0 0 0 ... 0 0 0]
  ...
  [0 0 0 ... 0 0 0]
  [0 0 0 ... 0 0 0]
  [0 0 0 ... 0 0 0]]

 [[0 0 0 ... 0 0 0]
  [0 0 0 ... 0 0 0]
  [0 0 0 ... 0 0 0]
  ...
  [0 0 0 ... 0 0 0]
  [0 0 0 ... 0 0 0]
  [0 0 0 ... 0 0 0]]

 ...

 [[0 0 0 ... 0 0 0]
  [0 0 0 ... 0 0 0]
  [0 0 0 ... 0 0 0]
  ...
  [0 0 0 ... 0 0 0]
  [0 0 0 ... 0 0 0]
  [0 0 0 ... 0 0 0]]

 [[0 0 0 ... 0 0 0]
  [0 0 0 ... 0 0 0]
  [0 0 0 ... 0 0 0]
  ...
  [0 0 0 ... 0 0 0]
  [0 0 0 ... 0 0 0]
  [0 0 0 ... 0 0 0]]

 [[0 0 0 ... 0 0 0]
  [0 0 0 ... 0 0 0]
  [0 0 0 ... 0 0 0]
  ...
  [0 0 0 ... 0 0 0]
  [0 0 0 ... 0 0 0]
  [0 0 0 ... 0 0 0]]]","[66, 67, 68]","[183, 184, 185, 186, 187, 188, 189, 190, 191, 192, 193, 194, 195, 196, 197, 198, 199, 200, 201, 202, 203, 204]","[105, 106, 107, 108, 109, 110, 111, 112, 113, 114, 115, 116]",3,22,12,/media/bendico765/Crucial X9/Materiali Tesista/Roi masks/AMBL-514/ROI 0.npy,/media/bendico765/Crucial X9/Materiali Tesista/Cleaned Roi masks/AMBL-514/ROI 0.npy,0.7031,2.0,/media/bendico765/Crucial X9/MRI Lesions/manifest-1728494830954/Advanced-MRI-Breast-Lesions/AMBL-514/07-20-2005-NA-MRI BREASTS - Delayed contrast-12280/600.000000-Registered AX Sen Vibrant MultiPhase-87410,,113647.0,85312.0,85049.0,85482.0,0.0012758805775779387,0.00045714553638409605,8.230549447965291e-05,0.00012868206172059616,0.0004546669322262385,0.0003210628158864533,0.00018580958868451373,0.00017359696846580759,0.000492753878236997,0.0002989028507126782,0.00018224788063351714,0.00016962635408624037,0.00023735301365108497,7.763264727416773e-05,1.8611450248704387e-05,-1.2721472436792465e-05
53,AMBL-541,0,1.0,2,weak,neg,neg,1.0,1,0,0.0,60,/media/bendico765/Crucial X9/MRI Lesions/manifest-1728494830954/Advanced-MRI-Breast-Lesions/AMBL-541/08-17-2005-NA-MRI BREASTS - Delayed contrast-27657/600.000000-Registered Ax T2 FSE-49140,/media/bendico765/Crucial X9/MRI Lesions/manifest-1728494830954/Advanced-MRI-Breast-Lesions/AMBL-541/08-17-2005-NA-MRI BREASTS - Delayed contrast-27657/500.000000-ROI-43425/1-1.dcm,22.07,L,"[[[0 0 0 ... 0 0 0]
  [0 0 0 ... 0 0 0]
  [0 0 0 ... 0 0 0]
  ...
  [0 0 0 ... 0 0 0]
  [0 0 0 ... 0 0 0]
  [0 0 0 ... 0 0 0]]

 [[0 0 0 ... 0 0 0]
  [0 0 0 ... 0 0 0]
  [0 0 0 ... 0 0 0]
  ...
  [0 0 0 ... 0 0 0]
  [0 0 0 ... 0 0 0]
  [0 0 0 ... 0 0 0]]

 [[0 0 0 ... 0 0 0]
  [0 0 0 ... 0 0 0]
  [0 0 0 ... 0 0 0]
  ...
  [0 0 0 ... 0 0 0]
  [0 0 0 ... 0 0 0]
  [0 0 0 ... 0 0 0]]

 ...

 [[0 0 0 ... 0 0 0]
  [0 0 0 ... 0 0 0]
  [0 0 0 ... 0 0 0]
  ...
  [0 0 0 ... 0 0 0]
  [0 0 0 ... 0 0 0]
  [0 0 0 ... 0 0 0]]

 [[0 0 0 ... 0 0 0]
  [0 0 0 ... 0 0 0]
  [0 0 0 ... 0 0 0]
  ...
  [0 0 0 ... 0 0 0]
  [0 0 0 ... 0 0 0]
  [0 0 0 ... 0 0 0]]

 [[0 0 0 ... 0 0 0]
  [0 0 0 ... 0 0 0]
  [0 0 0 ... 0 0 0]
  ...
  [0 0 0 ... 0 0 0]
  [0 0 0 ... 0 0 0]
  [0 0 0 ... 0 0 0]]]","[39, 40, 41, 42, 43, 44, 45, 46, 47, 48, 49, 50]","[196, 197, 198, 199, 200, 201, 202, 203, 204, 205, 206, 207, 208, 209, 210, 211, 212, 213, 214, 215, 216, 217, 218, 219, 220, 221, 222, 223, 224, 225, 226, 227, 228, 229, 230, 231, 232, 233, 234, 235, 236, 237, 238, 239, 240, 241, 242, 243, 244, 245, 246, 247, 248, 249, 250, 251, 252, 253, 254]","[136, 137, 138, 139, 140, 141, 142, 143, 144, 145, 146, 147, 148, 149, 150, 151, 152, 153, 154, 155, 156, 157, 158, 159, 160, 161, 162, 163, 164, 165, 166, 167, 168, 169, 170, 171, 172, 173, 174, 175, 176, 177]",12,59,42,/media/bendico765/Crucial X9/Materiali Tesista/Roi masks/AMBL-541/ROI 0.npy,/media/bendico765/Crucial X9/Materiali Tesista/Cleaned Roi masks/AMBL-541/ROI 0.npy,0.6836,2.0,/media/bendico765/Crucial X9/MRI Lesions/manifest-1728494830954/Advanced-MRI-Breast-Lesions/AMBL-541/08-17-2005-NA-MRI BREASTS - Delayed contrast-27657/500.000000-Registered AX Sen Vibrant MultiPhase-69036,,113947.0,85506.0,85509.0,85488.0,0.002781995138090516,-0.00014034102869974038,0.0002689775345285292,-0.0005146921205315365,0.0009636516002925482,3.974479834433197e-05,0.00012702424476996783,-4.018113698260723e-05,0.00084249695033656,0.00015203611442471873,0.00021050415745710977,2.339509638779712e-05,0.0005452575849335482,-7.226307652618995e-05,-4.110348338664214e-05,-3.4205833146860863e-05
54,AMBL-557,0,1.0,3,neg,neg,strong,,0,0,-1.0,15 to 20,/media/bendico765/Crucial X9/MRI Lesions/manifest-1728494830954/Advanced-MRI-Breast-Lesions/AMBL-557/09-28-2005-NA-MRI BREASTS - Delayed contrast-74662/700.000000-Registered Ax T2 FSE-05243,/media/bendico765/Crucial X9/MRI Lesions/manifest-1728494830954/Advanced-MRI-Breast-Lesions/AMBL-557/09-28-2005-NA-MRI BREASTS - Delayed contrast-74662/600.000000-ROI-53036/1-1.dcm,2.81,L,"[[[0 0 0 ... 0 0 0]
  [0 0 0 ... 0 0 0]
  [0 0 0 ... 0 0 0]
  ...
  [0 0 0 ... 0 0 0]
  [0 0 0 ... 0 0 0]
  [0 0 0 ... 0 0 0]]

 [[0 0 0 ... 0 0 0]
  [0 0 0 ... 0 0 0]
  [0 0 0 ... 0 0 0]
  ...
  [0 0 0 ... 0 0 0]
  [0 0 0 ... 0 0 0]
  [0 0 0 ... 0 0 0]]

 [[0 0 0 ... 0 0 0]
  [0 0 0 ... 0 0 0]
  [0 0 0 ... 0 0 0]
  ...
  [0 0 0 ... 0 0 0]
  [0 0 0 ... 0 0 0]
  [0 0 0 ... 0 0 0]]

 ...

 [[0 0 0 ... 0 0 0]
  [0 0 0 ... 0 0 0]
  [0 0 0 ... 0 0 0]
  ...
  [0 0 0 ... 0 0 0]
  [0 0 0 ... 0 0 0]
  [0 0 0 ... 0 0 0]]

 [[0 0 0 ... 0 0 0]
  [0 0 0 ... 0 0 0]
  [0 0 0 ... 0 0 0]
  ...
  [0 0 0 ... 0 0 0]
  [0 0 0 ... 0 0 0]
  [0 0 0 ... 0 0 0]]

 [[0 0 0 ... 0 0 0]
  [0 0 0 ... 0 0 0]
  [0 0 0 ... 0 0 0]
  ...
  [0 0 0 ... 0 0 0]
  [0 0 0 ... 0 0 0]
  [0 0 0 ... 0 0 0]]]","[55, 56, 57, 58, 59, 60, 61, 62, 63, 64, 65, 66]","[119, 120, 121, 122, 123, 124, 125, 126, 127, 128, 129, 130, 131, 132, 133, 134, 135, 136, 137, 138, 139, 140, 141, 142, 143, 144, 145, 146, 147, 148, 149, 150, 151, 152, 153, 154, 155, 156, 157, 158, 159, 160, 161, 162, 163, 164, 165, 166, 167, 168, 169, 170, 171, 172, 173, 174, 175, 176, 177, 178, 179, 180, 181, 182, 183, 184, 185, 186, 187, 188, 189, 190, 191, 192, 197, 198, 199, 202, 203, 204, 205, 206]","[85, 86, 87, 88, 89, 90, 91, 92, 93, 94, 95, 96, 97, 98, 99, 100, 101, 102, 103, 104, 105, 106, 107, 108, 109, 110, 111, 112, 113, 114, 115, 116, 117, 118, 119, 120, 121, 122, 123, 124, 125, 126, 127, 128, 129, 130, 131, 132, 133, 134, 135, 136, 137, 138, 139, 140, 141, 142, 143, 144, 145, 146, 147, 148, 149, 150, 151]",12,88,67,/media/bendico765/Crucial X9/Materiali Tesista/Roi masks/AMBL-557/ROI 0.npy,/media/bendico765/Crucial X9/Materiali Tesista/Cleaned Roi masks/AMBL-557/ROI 0.npy,0.7227,2.0,/media/bendico765/Crucial X9/MRI Lesions/manifest-1728494830954/Advanced-MRI-Breast-Lesions/AMBL-557/09-28-2005-NA-MRI BREASTS - Delayed contrast-74662/600.000000-Registered AX Sen Vibrant MultiPhase-52200,,113210.0,84674.0,84787.0,84541.0,0.0030739333981097076,0.00015353000921180054,-0.0006958613938457546,-0.00010645722193965058,0.0008417531409885485,0.00027261527775847397,-8.303689225611559e-05,-2.6460901155593476e-05,0.000547654800812649,0.00035430002125800127,1.179426091263991e-05,4.7314320862066925e-05,0.0007520737222765959,-7.775544849556949e-05,-0.00011271012381761137,-6.69342307370748e-05
55,AMBL-557,1,1.0,3,neg,intermediate,strong,,0.0,-1.0,80.0,30 to 40,/media/bendico765/Crucial X9/MRI Lesions/manifest-1728494830954/Advanced-MRI-Breast-Lesions/AMBL-557/09-28-2005-NA-MRI BREASTS - Delayed contrast-74662/700.000000-Registered Ax T2 FSE-05243,/media/bendico765/Crucial X9/MRI Lesions/manifest-1728494830954/Advanced-MRI-Breast-Lesions/AMBL-557/09-28-2005-NA-MRI BREASTS - Delayed contrast-74662/600.000000-ROI-53036/1-1.dcm,-13.19,L,"[[[0 0 0 ... 0 0 0]
  [0 0 0 ... 0 0 0]
  [0 0 0 ... 0 0 0]
  ...
  [0 0 0 ... 0 0 0]
  [0 0 0 ... 0 0 0]
  [0 0 0 ... 0 0 0]]

 [[0 0 0 ... 0 0 0]
  [0 0 0 ... 0 0 0]
  [0 0 0 ... 0 0 0]
  ...
  [0 0 0 ... 0 0 0]
  [0 0 0 ... 0 0 0]
  [0 0 0 ... 0 0 0]]

 [[0 0 0 ... 0 0 0]
  [0 0 0 ... 0 0 0]
  [0 0 0 ... 0 0 0]
  ...
  [0 0 0 ... 0 0 0]
  [0 0 0 ... 0 0 0]
  [0 0 0 ... 0 0 0]]

 ...

 [[0 0 0 ... 0 0 0]
  [0 0 0 ... 0 0 0]
  [0 0 0 ... 0 0 0]
  ...
  [0 0 0 ... 0 0 0]
  [0 0 0 ... 0 0 0]
  [0 0 0 ... 0 0 0]]

 [[0 0 0 ... 0 0 0]
  [0 0 0 ... 0 0 0]
  [0 0 0 ... 0 0 0]
  ...
  [0 0 0 ... 0 0 0]
  [0 0 0 ... 0 0 0]
  [0 0 0 ... 0 0 0]]

 [[0 0 0 ... 0 0 0]
  [0 0 0 ... 0 0 0]
  [0 0 0 ... 0 0 0]
  ...
  [0 0 0 ... 0 0 0]
  [0 0 0 ... 0 0 0]
  [0 0 0 ... 0 0 0]]]","[67, 68, 69, 70, 71, 72, 73, 74, 75, 76, 77, 78, 79, 80]","[131, 132, 133, 134, 135, 136, 137, 138, 139, 140, 141, 142, 143, 144, 145, 146, 147, 148, 149, 150, 151, 152, 153, 154, 155, 156, 157, 158, 159, 160, 161, 162, 163, 164, 165, 166, 167, 168, 169, 170, 171, 172, 173, 174, 175, 176, 177, 178, 179, 180, 181, 182, 183, 184, 185, 186, 187, 188, 189, 190, 191, 192, 193, 194, 195, 196, 197, 198, 199, 200, 201, 202, 203, 204, 205, 206, 207, 208, 209, 210, 212, 214, 217]","[100, 101, 102, 103, 104, 105, 106, 107, 108, 109, 110, 111, 112, 113, 114, 115, 116, 117, 118, 119, 120, 121, 122, 123, 124, 125, 126, 127, 128, 129, 130, 131, 132, 133, 134, 135, 136, 137, 138, 139, 140, 141, 142]",14,87,43,/media/bendico765/Crucial X9/Materiali Tesista/Roi masks/AMBL-557/ROI 1.npy,/media/bendico765/Crucial X9/Materiali Tesista/Cleaned Roi masks/AMBL-557/ROI 1.npy,0.7227,2.0,/media/bendico765/Crucial X9/MRI Lesions/manifest-1728494830954/Advanced-MRI-Breast-Lesions/AMBL-557/09-28-2005-NA-MRI BREASTS - Delayed contrast-74662/600.000000-Registered AX Sen Vibrant MultiPhase-52200,,113210.0,84674.0,84787.0,84541.0,0.0008833141948591114,-0.00041335002480100147,0.00018870817460223856,-0.0003785145668965354,0.0005325682192939193,0.00021731164470267282,-2.2015530287299093e-05,-7.170399972324812e-05,0.0004593233813267379,0.00021258001275480077,0.0,-5.914290107758366e-05,0.00036072209313214675,-1.7669776738403963e-05,-7.861986174460266e-05,6.843751694301279e-06
56,AMBL-559,0,0.0,-1,-1,-1,-1,,-1,-1,-1.0,-1,/media/bendico765/Crucial X9/MRI Lesions/manifest-1728494830954/Advanced-MRI-Breast-Lesions/AMBL-559/09-30-2005-NA-MRI BREASTS - Delayed contrast-44438/600.000000-Registered Ax T2 FSE-37055,/media/bendico765/Crucial X9/MRI Lesions/manifest-1728494830954/Advanced-MRI-Breast-Lesions/AMBL-559/09-30-2005-NA-MRI BREASTS - Delayed contrast-44438/500.000000-ROI-51172/1-1.dcm,-8.38,L,"[[[0 0 0 ... 0 0 0]
  [0 0 0 ... 0 0 0]
  [0 0 0 ... 0 0 0]
  ...
  [0 0 0 ... 0 0 0]
  [0 0 0 ... 0 0 0]
  [0 0 0 ... 0 0 0]]

 [[0 0 0 ... 0 0 0]
  [0 0 0 ... 0 0 0]
  [0 0 0 ... 0 0 0]
  ...
  [0 0 0 ... 0 0 0]
  [0 0 0 ... 0 0 0]
  [0 0 0 ... 0 0 0]]

 [[0 0 0 ... 0 0 0]
  [0 0 0 ... 0 0 0]
  [0 0 0 ... 0 0 0]
  ...
  [0 0 0 ... 0 0 0]
  [0 0 0 ... 0 0 0]
  [0 0 0 ... 0 0 0]]

 ...

 [[0 0 0 ... 0 0 0]
  [0 0 0 ... 0 0 0]
  [0 0 0 ... 0 0 0]
  ...
  [0 0 0 ... 0 0 0]
  [0 0 0 ... 0 0 0]
  [0 0 0 ... 0 0 0]]

 [[0 0 0 ... 0 0 0]
  [0 0 0 ... 0 0 0]
  [0 0 0 ... 0 0 0]
  ...
  [0 0 0 ... 0 0 0]
  [0 0 0 ... 0 0 0]
  [0 0 0 ... 0 0 0]]

 [[0 0 0 ... 0 0 0]
  [0 0 0 ... 0 0 0]
  [0 0 0 ... 0 0 0]
  ...
  [0 0 0 ... 0 0 0]
  [0 0 0 ... 0 0 0]
  [0 0 0 ... 0 0 0]]]","[55, 56, 57, 58, 59]","[216, 217, 218, 219, 220, 221, 222, 223, 224, 225, 226, 227, 228, 229, 230, 231, 232, 233]","[134, 135, 136, 137, 138, 139, 140, 141, 142, 143, 144, 145, 146]",5,18,13,/media/bendico765/Crucial X9/Materiali Tesista/Roi masks/AMBL-559/ROI 0.npy,/media/bendico765/Crucial X9/Materiali Tesista/Cleaned Roi masks/AMBL-559/ROI 0.npy,0.6836,2.2,/media/bendico765/Crucial X9/MRI Lesions/manifest-1728494830954/Advanced-MRI-Breast-Lesions/AMBL-559/09-30-2005-NA-MRI BREASTS - Delayed contrast-44438/500.000000-Registered AX Sen Vibrant MultiPhase-66661,,113797.0,85390.0,85443.0,85510.0,0.0016696397971827026,0.0009837217472771988,0.0003745186849712674,0.00036253069816395743,0.0005338316769113812,0.0003772158422778381,0.0002458216119522649,0.0003179953317964893,0.0005096795170347197,0.0003279072490923996,0.0002106667602963379,0.0003274470822126067,0.00024619120161806387,0.0001957680029316229,8.14710383751029e-05,6.689607658620409e-05
57,AMBL-561,0,0.0,-1,-1,-1,-1,,-1,-1,-1.0,-1,/media/bendico765/Crucial X9/MRI Lesions/manifest-1728494830954/Advanced-MRI-Breast-Lesions/AMBL-561/10-07-2005-NA-MRI BREASTS - Delayed contrast-71836/600.000000-Registered Ax T2 FSE-55084,/media/bendico765/Crucial X9/MRI Lesions/manifest-1728494830954/Advanced-MRI-Breast-Lesions/AMBL-561/10-07-2005-NA-MRI BREASTS - Delayed contrast-71836/500.000000-ROI-35708/1-1.dcm,3.28,L,"[[[0 0 0 ... 0 0 0]
  [0 0 0 ... 0 0 0]
  [0 0 0 ... 0 0 0]
  ...
  [0 0 0 ... 0 0 0]
  [0 0 0 ... 0 0 0]
  [0 0 0 ... 0 0 0]]

 [[0 0 0 ... 0 0 0]
  [0 0 0 ... 0 0 0]
  [0 0 0 ... 0 0 0]
  ...
  [0 0 0 ... 0 0 0]
  [0 0 0 ... 0 0 0]
  [0 0 0 ... 0 0 0]]

 [[0 0 0 ... 0 0 0]
  [0 0 0 ... 0 0 0]
  [0 0 0 ... 0 0 0]
  ...
  [0 0 0 ... 0 0 0]
  [0 0 0 ... 0 0 0]
  [0 0 0 ... 0 0 0]]

 ...

 [[0 0 0 ... 0 0 0]
  [0 0 0 ... 0 0 0]
  [0 0 0 ... 0 0 0]
  ...
  [0 0 0 ... 0 0 0]
  [0 0 0 ... 0 0 0]
  [0 0 0 ... 0 0 0]]

 [[0 0 0 ... 0 0 0]
  [0 0 0 ... 0 0 0]
  [0 0 0 ... 0 0 0]
  ...
  [0 0 0 ... 0 0 0]
  [0 0 0 ... 0 0 0]
  [0 0 0 ... 0 0 0]]

 [[0 0 0 ... 0 0 0]
  [0 0 0 ... 0 0 0]
  [0 0 0 ... 0 0 0]
  ...
  [0 0 0 ... 0 0 0]
  [0 0 0 ... 0 0 0]
  [0 0 0 ... 0 0 0]]]","[55, 56, 57]","[180, 181, 182, 183, 184, 185, 186, 187, 188]","[144, 145, 146, 147, 148]",3,9,5,/media/bendico765/Crucial X9/Materiali Tesista/Roi masks/AMBL-561/ROI 0.npy,/media/bendico765/Crucial X9/Materiali Tesista/Cleaned Roi masks/AMBL-561/ROI 0.npy,0.7422,2.0,/media/bendico765/Crucial X9/MRI Lesions/manifest-1728494830954/Advanced-MRI-Breast-Lesions/AMBL-561/10-07-2005-NA-MRI BREASTS - Delayed contrast-71836/500.000000-Registered AX Sen Vibrant MultiPhase-00926,,112975.0,84721.0,84502.0,85000.0,0.0011506970568709893,0.0006019758973572078,-0.00013017443374121324,4.705882352941177e-05,0.00033844031084440845,0.0003872414942105977,9.935530431390652e-06,9.537590437244435e-05,0.0003009515379508741,0.0003895138159370168,-1.1834039431019384e-05,0.00011764705882352942,0.000154416216302477,0.00014026571805664435,-8.239605127106135e-06,-5.295924307765343e-06
58,AMBL-561,1,0.0,-1,-1,-1,-1,,-1.0,-1.0,-1.0,-1,/media/bendico765/Crucial X9/MRI Lesions/manifest-1728494830954/Advanced-MRI-Breast-Lesions/AMBL-561/10-07-2005-NA-MRI BREASTS - Delayed contrast-71836/600.000000-Registered Ax T2 FSE-55084,/media/bendico765/Crucial X9/MRI Lesions/manifest-1728494830954/Advanced-MRI-Breast-Lesions/AMBL-561/10-07-2005-NA-MRI BREASTS - Delayed contrast-71836/500.000000-ROI-35708/1-1.dcm,-16.72,L,"[[[0 0 0 ... 0 0 0]
  [0 0 0 ... 0 0 0]
  [0 0 0 ... 0 0 0]
  ...
  [0 0 0 ... 0 0 0]
  [0 0 0 ... 0 0 0]
  [0 0 0 ... 0 0 0]]

 [[0 0 0 ... 0 0 0]
  [0 0 0 ... 0 0 0]
  [0 0 0 ... 0 0 0]
  ...
  [0 0 0 ... 0 0 0]
  [0 0 0 ... 0 0 0]
  [0 0 0 ... 0 0 0]]

 [[0 0 0 ... 0 0 0]
  [0 0 0 ... 0 0 0]
  [0 0 0 ... 0 0 0]
  ...
  [0 0 0 ... 0 0 0]
  [0 0 0 ... 0 0 0]
  [0 0 0 ... 0 0 0]]

 ...

 [[0 0 0 ... 0 0 0]
  [0 0 0 ... 0 0 0]
  [0 0 0 ... 0 0 0]
  ...
  [0 0 0 ... 0 0 0]
  [0 0 0 ... 0 0 0]
  [0 0 0 ... 0 0 0]]

 [[0 0 0 ... 0 0 0]
  [0 0 0 ... 0 0 0]
  [0 0 0 ... 0 0 0]
  ...
  [0 0 0 ... 0 0 0]
  [0 0 0 ... 0 0 0]
  [0 0 0 ... 0 0 0]]

 [[0 0 0 ... 0 0 0]
  [0 0 0 ... 0 0 0]
  [0 0 0 ... 0 0 0]
  ...
  [0 0 0 ... 0 0 0]
  [0 0 0 ... 0 0 0]
  [0 0 0 ... 0 0 0]]]","[64, 65, 66, 67]","[137, 138, 140, 141, 144, 152, 153, 154, 155, 156, 157, 158, 159, 160, 161, 162, 163, 164, 165, 166, 167, 168, 169, 170, 171, 172, 173, 174, 175, 176, 177, 178, 179, 180, 181, 182, 190, 191, 192, 193, 196, 197, 201, 202, 203, 204, 210, 211, 212, 213, 214, 215, 216, 217, 218, 219, 220, 221, 222, 223, 224, 225, 226, 227, 229, 232, 233, 236, 237]","[113, 114, 115, 116, 117, 118, 119, 120, 121, 122, 123, 124, 125, 126, 127, 128, 129, 130, 131, 132, 133, 134, 135, 136, 137, 138, 139, 140, 141, 142, 143, 144]",4,101,32,/media/bendico765/Crucial X9/Materiali Tesista/Roi masks/AMBL-561/ROI 1.npy,/media/bendico765/Crucial X9/Materiali Tesista/Cleaned Roi masks/AMBL-561/ROI 1.npy,0.7422,2.0,/media/bendico765/Crucial X9/MRI Lesions/manifest-1728494830954/Advanced-MRI-Breast-Lesions/AMBL-561/10-07-2005-NA-MRI BREASTS - Delayed contrast-71836/500.000000-Registered AX Sen Vibrant MultiPhase-00926,,112975.0,84721.0,84502.0,85000.0,0.0005753485284354946,0.00015344483658124905,-8.283827601713568e-05,0.00015294117647058822,0.00027858745493710097,0.00040762239840405433,9.07176491066496e-05,0.00011350707371556221,0.00026554547466253595,0.00044853106077595876,0.00015384251260325198,0.00010588235294117647,5.705456751989491e-05,6.134359436782901e-05,1.4961280507723297e-05,4.493556343759738e-05
59,AMBL-562,0,1.0,-1,-1,-1,-1,,-1,-1,-1.0,-1,/media/bendico765/Crucial X9/MRI Lesions/manifest-1728494830954/Advanced-MRI-Breast-Lesions/AMBL-562/10-14-2005-NA-MRI BREASTS - Delayed contrast-38911/600.000000-Registered Ax T2 FSE-40878,/media/bendico765/Crucial X9/MRI Lesions/manifest-1728494830954/Advanced-MRI-Breast-Lesions/AMBL-562/10-14-2005-NA-MRI BREASTS - Delayed contrast-38911/500.000000-ROI-84037/1-1.dcm,-45.83,R,"[[[0 0 0 ... 0 0 0]
  [0 0 0 ... 0 0 0]
  [0 0 0 ... 0 0 0]
  ...
  [0 0 0 ... 0 0 0]
  [0 0 0 ... 0 0 0]
  [0 0 0 ... 0 0 0]]

 [[0 0 0 ... 0 0 0]
  [0 0 0 ... 0 0 0]
  [0 0 0 ... 0 0 0]
  ...
  [0 0 0 ... 0 0 0]
  [0 0 0 ... 0 0 0]
  [0 0 0 ... 0 0 0]]

 [[0 0 0 ... 0 0 0]
  [0 0 0 ... 0 0 0]
  [0 0 0 ... 0 0 0]
  ...
  [0 0 0 ... 0 0 0]
  [0 0 0 ... 0 0 0]
  [0 0 0 ... 0 0 0]]

 ...

 [[0 0 0 ... 0 0 0]
  [0 0 0 ... 0 0 0]
  [0 0 0 ... 0 0 0]
  ...
  [0 0 0 ... 0 0 0]
  [0 0 0 ... 0 0 0]
  [0 0 0 ... 0 0 0]]

 [[0 0 0 ... 0 0 0]
  [0 0 0 ... 0 0 0]
  [0 0 0 ... 0 0 0]
  ...
  [0 0 0 ... 0 0 0]
  [0 0 0 ... 0 0 0]
  [0 0 0 ... 0 0 0]]

 [[0 0 0 ... 0 0 0]
  [0 0 0 ... 0 0 0]
  [0 0 0 ... 0 0 0]
  ...
  [0 0 0 ... 0 0 0]
  [0 0 0 ... 0 0 0]
  [0 0 0 ... 0 0 0]]]","[63, 64, 65, 66, 67, 68, 69, 70, 71, 72, 73, 74, 75, 76, 77, 78, 79, 80, 81, 82, 83, 84, 85, 86, 87, 88, 89, 90]","[141, 143, 144, 145, 146, 147, 148, 149, 150, 151, 152, 153, 154, 155, 156, 157, 158, 159, 160, 161, 162, 163, 164, 165, 166, 167, 168, 169, 170, 171, 172, 173, 174, 175, 176, 177, 178, 179, 180, 181, 182, 183, 184, 185, 186, 187, 188, 189, 190, 191, 192, 193, 194, 195, 196, 197, 198, 199, 200, 201, 202, 203, 204, 205, 206, 207, 208, 209, 210, 211, 212, 213, 214, 215, 216, 217, 218, 219, 220, 221, 222, 223, 224, 225, 226, 227, 228, 229, 230, 231, 232, 233, 234, 235, 236, 237, 238, 239, 241, 242, 243, 244, 245]","[369, 370, 371, 372, 373, 374, 375, 376, 377, 378, 379, 380, 381, 382, 383, 384, 385, 386, 387, 388, 389, 390, 391, 392, 393, 394, 395, 396, 397, 398, 399, 400, 401, 402, 403, 404, 405, 406, 407, 408, 409, 410, 411, 412, 413, 414, 415, 416, 417, 418, 419, 420, 421, 422, 423, 424, 425, 426, 427, 428, 429]",28,105,61,/media/bendico765/Crucial X9/Materiali Tesista/Roi masks/AMBL-562/ROI 0.npy,/media/bendico765/Crucial X9/Materiali Tesista/Cleaned Roi masks/AMBL-562/ROI 0.npy,0.6445,2.0,/media/bendico765/Crucial X9/MRI Lesions/manifest-1728494830954/Advanced-MRI-Breast-Lesions/AMBL-562/10-14-2005-NA-MRI BREASTS - Delayed contrast-38911/500.000000-Registered AX Sen Vibrant MultiPhase-87741,,114994.0,86565.0,86522.0,86522.0,0.0059394403186253195,-0.000658464737480506,-0.0006241187212500867,0.0001271352950694621,0.0011187218798911873,0.0004916419859822068,5.756677362337469e-05,0.00023146058221430794,0.0007739534236568864,0.0003927684399006527,8.090427868056679e-05,0.0002542705901389242,0.000983678758571412,0.00013806702781579572,1.5839840697608112e-05,3.958516724977603e-05
60,AMBL-563,0,0.0,-1,-1,-1,-1,,-1,-1,-1.0,-1,/media/bendico765/Crucial X9/MRI Lesions/manifest-1728494830954/Advanced-MRI-Breast-Lesions/AMBL-563/10-18-2005-NA-MRI BREASTS - Delayed contrast-99811/600.000000-Registered Ax T2 FSE-93137,/media/bendico765/Crucial X9/MRI Lesions/manifest-1728494830954/Advanced-MRI-Breast-Lesions/AMBL-563/10-18-2005-NA-MRI BREASTS - Delayed contrast-99811/500.000000-ROI-27523/1-1.dcm,-26.96,L,"[[[0 0 0 ... 0 0 0]
  [0 0 0 ... 0 0 0]
  [0 0 0 ... 0 0 0]
  ...
  [0 0 0 ... 0 0 0]
  [0 0 0 ... 0 0 0]
  [0 0 0 ... 0 0 0]]

 [[0 0 0 ... 0 0 0]
  [0 0 0 ... 0 0 0]
  [0 0 0 ... 0 0 0]
  ...
  [0 0 0 ... 0 0 0]
  [0 0 0 ... 0 0 0]
  [0 0 0 ... 0 0 0]]

 [[0 0 0 ... 0 0 0]
  [0 0 0 ... 0 0 0]
  [0 0 0 ... 0 0 0]
  ...
  [0 0 0 ... 0 0 0]
  [0 0 0 ... 0 0 0]
  [0 0 0 ... 0 0 0]]

 ...

 [[0 0 0 ... 0 0 0]
  [0 0 0 ... 0 0 0]
  [0 0 0 ... 0 0 0]
  ...
  [0 0 0 ... 0 0 0]
  [0 0 0 ... 0 0 0]
  [0 0 0 ... 0 0 0]]

 [[0 0 0 ... 0 0 0]
  [0 0 0 ... 0 0 0]
  [0 0 0 ... 0 0 0]
  ...
  [0 0 0 ... 0 0 0]
  [0 0 0 ... 0 0 0]
  [0 0 0 ... 0 0 0]]

 [[0 0 0 ... 0 0 0]
  [0 0 0 ... 0 0 0]
  [0 0 0 ... 0 0 0]
  ...
  [0 0 0 ... 0 0 0]
  [0 0 0 ... 0 0 0]
  [0 0 0 ... 0 0 0]]]","[75, 76, 77]","[232, 233, 234, 235, 236, 237, 238, 239, 240, 241, 242, 243, 244, 245, 246, 247, 248, 249, 250]","[142, 143, 144, 145, 146, 147, 148, 149, 150, 151, 152, 153, 154, 155, 156, 157, 158]",3,19,17,/media/bendico765/Crucial X9/Materiali Tesista/Roi masks/AMBL-563/ROI 0.npy,/media/bendico765/Crucial X9/Materiali Tesista/Cleaned Roi masks/AMBL-563/ROI 0.npy,0.6641,2.0,/media/bendico765/Crucial X9/MRI Lesions/manifest-1728494830954/Advanced-MRI-Breast-Lesions/AMBL-563/10-18-2005-NA-MRI BREASTS - Delayed contrast-99811/500.000000-Registered AX Sen Vibrant MultiPhase-94536,,114570.0,86119.0,85953.0,86008.0,0.0007593610892903901,0.0003599670223760146,0.00034902795713936686,0.0006394753976374291,0.0005633317091853037,0.00031472897417641647,0.0004207251984943511,0.00021627625080176876,0.0005847953216374269,0.00026707230692413984,0.0004188335485672402,0.00018602920658543392,9.095073707740818e-05,7.171904264775268e-05,6.628294521769176e-05,6.089657037926401e-05
61,AMBL-563,1,0.0,-1,-1,-1,-1,,-1.0,-1.0,-1.0,-1,/media/bendico765/Crucial X9/MRI Lesions/manifest-1728494830954/Advanced-MRI-Breast-Lesions/AMBL-563/10-18-2005-NA-MRI BREASTS - Delayed contrast-99811/600.000000-Registered Ax T2 FSE-93137,/media/bendico765/Crucial X9/MRI Lesions/manifest-1728494830954/Advanced-MRI-Breast-Lesions/AMBL-563/10-18-2005-NA-MRI BREASTS - Delayed contrast-99811/500.000000-ROI-27523/1-1.dcm,7.04,R,"[[[0 0 0 ... 0 0 0]
  [0 0 0 ... 0 0 0]
  [0 0 0 ... 0 0 0]
  ...
  [0 0 0 ... 0 0 0]
  [0 0 0 ... 0 0 0]
  [0 0 0 ... 0 0 0]]

 [[0 0 0 ... 0 0 0]
  [0 0 0 ... 0 0 0]
  [0 0 0 ... 0 0 0]
  ...
  [0 0 0 ... 0 0 0]
  [0 0 0 ... 0 0 0]
  [0 0 0 ... 0 0 0]]

 [[0 0 0 ... 0 0 0]
  [0 0 0 ... 0 0 0]
  [0 0 0 ... 0 0 0]
  ...
  [0 0 0 ... 0 0 0]
  [0 0 0 ... 0 0 0]
  [0 0 0 ... 0 0 0]]

 ...

 [[0 0 0 ... 0 0 0]
  [0 0 0 ... 0 0 0]
  [0 0 0 ... 0 0 0]
  ...
  [0 0 0 ... 0 0 0]
  [0 0 0 ... 0 0 0]
  [0 0 0 ... 0 0 0]]

 [[0 0 0 ... 0 0 0]
  [0 0 0 ... 0 0 0]
  [0 0 0 ... 0 0 0]
  ...
  [0 0 0 ... 0 0 0]
  [0 0 0 ... 0 0 0]
  [0 0 0 ... 0 0 0]]

 [[0 0 0 ... 0 0 0]
  [0 0 0 ... 0 0 0]
  [0 0 0 ... 0 0 0]
  ...
  [0 0 0 ... 0 0 0]
  [0 0 0 ... 0 0 0]
  [0 0 0 ... 0 0 0]]]","[59, 60]","[204, 205, 206, 207, 208, 209, 210, 211, 212, 213]","[361, 362, 363, 364, 365, 366, 367, 368, 369]",2,10,9,/media/bendico765/Crucial X9/Materiali Tesista/Roi masks/AMBL-563/ROI 1.npy,/media/bendico765/Crucial X9/Materiali Tesista/Cleaned Roi masks/AMBL-563/ROI 1.npy,0.6641,2.0,/media/bendico765/Crucial X9/MRI Lesions/manifest-1728494830954/Advanced-MRI-Breast-Lesions/AMBL-563/10-18-2005-NA-MRI BREASTS - Delayed contrast-99811/500.000000-Registered AX Sen Vibrant MultiPhase-94536,,114570.0,86119.0,85953.0,86008.0,0.002155887230514096,0.0010915129065595282,0.00015124544809372564,-5.8134127057948096e-05,0.000739176922405516,0.0006078285655348313,0.00022425901706883556,0.00024138486433546527,0.0005847953216374269,0.0004586676575436315,0.0002443195699975568,0.00023253650823179238,0.00040223464702849866,0.00022359808244842516,1.129023606835442e-05,-5.286873500134134e-05
62,AMBL-563,2,0.0,-1.0,-1,-1,-1,,-1.0,-1.0,-1.0,-1,/media/bendico765/Crucial X9/MRI Lesions/manifest-1728494830954/Advanced-MRI-Breast-Lesions/AMBL-563/10-18-2005-NA-MRI BREASTS - Delayed contrast-99811/600.000000-Registered Ax T2 FSE-93137,/media/bendico765/Crucial X9/MRI Lesions/manifest-1728494830954/Advanced-MRI-Breast-Lesions/AMBL-563/10-18-2005-NA-MRI BREASTS - Delayed contrast-99811/500.000000-ROI-27523/1-1.dcm,-22.96,R,"[[[0 0 0 ... 0 0 0]
  [0 0 0 ... 0 0 0]
  [0 0 0 ... 0 0 0]
  ...
  [0 0 0 ... 0 0 0]
  [0 0 0 ... 0 0 0]
  [0 0 0 ... 0 0 0]]

 [[0 0 0 ... 0 0 0]
  [0 0 0 ... 0 0 0]
  [0 0 0 ... 0 0 0]
  ...
  [0 0 0 ... 0 0 0]
  [0 0 0 ... 0 0 0]
  [0 0 0 ... 0 0 0]]

 [[0 0 0 ... 0 0 0]
  [0 0 0 ... 0 0 0]
  [0 0 0 ... 0 0 0]
  ...
  [0 0 0 ... 0 0 0]
  [0 0 0 ... 0 0 0]
  [0 0 0 ... 0 0 0]]

 ...

 [[0 0 0 ... 0 0 0]
  [0 0 0 ... 0 0 0]
  [0 0 0 ... 0 0 0]
  ...
  [0 0 0 ... 0 0 0]
  [0 0 0 ... 0 0 0]
  [0 0 0 ... 0 0 0]]

 [[0 0 0 ... 0 0 0]
  [0 0 0 ... 0 0 0]
  [0 0 0 ... 0 0 0]
  ...
  [0 0 0 ... 0 0 0]
  [0 0 0 ... 0 0 0]
  [0 0 0 ... 0 0 0]]

 [[0 0 0 ... 0 0 0]
  [0 0 0 ... 0 0 0]
  [0 0 0 ... 0 0 0]
  ...
  [0 0 0 ... 0 0 0]
  [0 0 0 ... 0 0 0]
  [0 0 0 ... 0 0 0]]]","[73, 74]","[158, 159, 160, 161, 162, 163, 164, 165, 166, 167, 168, 169]","[357, 358, 359, 360, 361, 362, 363, 364, 365, 366]",2,12,10,/media/bendico765/Crucial X9/Materiali Tesista/Roi masks/AMBL-563/ROI 2.npy,/media/bendico765/Crucial X9/Materiali Tesista/Cleaned Roi masks/AMBL-563/ROI 2.npy,0.6641,2.0,/media/bendico765/Crucial X9/MRI Lesions/manifest-1728494830954/Advanced-MRI-Breast-Lesions/AMBL-563/10-18-2005-NA-MRI BREASTS - Delayed contrast-99811/500.000000-Registered AX Sen Vibrant MultiPhase-94536,,114570.0,86119.0,85953.0,86008.0,0.0009426551453260016,0.0007896050813409353,0.00039556501809128244,0.0005115803181099433,0.0005205800571079437,0.00038157794576238857,0.00016551127332600936,0.00023996475780030762,0.00045387099589770446,0.0003425492632287881,9.889125452282061e-05,0.00014533531764487025,0.00022200821629644833,7.051573611686939e-05,0.00013287990280543628,6.0470121716373493e-05
63,AMBL-564,0,1.0,2,-1,-1,-1,,-1,-1,-1.0,-1,/media/bendico765/Crucial X9/MRI Lesions/manifest-1728494830954/Advanced-MRI-Breast-Lesions/AMBL-564/10-21-2005-NA-MRI BREASTS - Delayed contrast-76004/600.000000-Registered Ax T2 FSE-98564,/media/bendico765/Crucial X9/MRI Lesions/manifest-1728494830954/Advanced-MRI-Breast-Lesions/AMBL-564/10-21-2005-NA-MRI BREASTS - Delayed contrast-76004/500.000000-ROI-12939/1-1.dcm,-21.5,L,"[[[0 0 0 ... 0 0 0]
  [0 0 0 ... 0 0 0]
  [0 0 0 ... 0 0 0]
  ...
  [0 0 0 ... 0 0 0]
  [0 0 0 ... 0 0 0]
  [0 0 0 ... 0 0 0]]

 [[0 0 0 ... 0 0 0]
  [0 0 0 ... 0 0 0]
  [0 0 0 ... 0 0 0]
  ...
  [0 0 0 ... 0 0 0]
  [0 0 0 ... 0 0 0]
  [0 0 0 ... 0 0 0]]

 [[0 0 0 ... 0 0 0]
  [0 0 0 ... 0 0 0]
  [0 0 0 ... 0 0 0]
  ...
  [0 0 0 ... 0 0 0]
  [0 0 0 ... 0 0 0]
  [0 0 0 ... 0 0 0]]

 ...

 [[0 0 0 ... 0 0 0]
  [0 0 0 ... 0 0 0]
  [0 0 0 ... 0 0 0]
  ...
  [0 0 0 ... 0 0 0]
  [0 0 0 ... 0 0 0]
  [0 0 0 ... 0 0 0]]

 [[0 0 0 ... 0 0 0]
  [0 0 0 ... 0 0 0]
  [0 0 0 ... 0 0 0]
  ...
  [0 0 0 ... 0 0 0]
  [0 0 0 ... 0 0 0]
  [0 0 0 ... 0 0 0]]

 [[0 0 0 ... 0 0 0]
  [0 0 0 ... 0 0 0]
  [0 0 0 ... 0 0 0]
  ...
  [0 0 0 ... 0 0 0]
  [0 0 0 ... 0 0 0]
  [0 0 0 ... 0 0 0]]]","[60, 61, 62, 63, 64, 65, 66, 67]","[213, 214, 215, 216, 217, 218, 219, 220, 221, 222, 223, 224, 225, 226, 227, 228, 229, 230, 231, 232, 233, 234]","[122, 123, 124, 125, 126, 127, 128, 129, 130, 131, 132, 133, 134, 135, 136, 137, 138, 139, 140, 141, 142, 143, 144, 145]",8,22,24,/media/bendico765/Crucial X9/Materiali Tesista/Roi masks/AMBL-564/ROI 0.npy,/media/bendico765/Crucial X9/Materiali Tesista/Cleaned Roi masks/AMBL-564/ROI 0.npy,0.6641,2.0,/media/bendico765/Crucial X9/MRI Lesions/manifest-1728494830954/Advanced-MRI-Breast-Lesions/AMBL-564/10-21-2005-NA-MRI BREASTS - Delayed contrast-76004/500.000000-Registered AX Sen Vibrant MultiPhase-87586,,114577.0,86299.0,85998.0,86060.0,0.001474990617663231,0.000359216213397606,0.0,0.00045317220543806646,0.00038711440353915254,0.0005107536186326531,-3.464842707356062e-05,0.0003598652639399797,0.0003054714296935685,0.000486680031054821,-1.1628177399474406e-05,0.00036021380432256565,0.00030435972811138713,4.435226715931349e-05,2.267065772857619e-05,4.219295599833105e-05
64,AMBL-564,1,1.0,2,Moderate to strong,neg,neg,,100.0,0.0,0.0,2 to 3,/media/bendico765/Crucial X9/MRI Lesions/manifest-1728494830954/Advanced-MRI-Breast-Lesions/AMBL-564/10-21-2005-NA-MRI BREASTS - Delayed contrast-76004/600.000000-Registered Ax T2 FSE-98564,/media/bendico765/Crucial X9/MRI Lesions/manifest-1728494830954/Advanced-MRI-Breast-Lesions/AMBL-564/10-21-2005-NA-MRI BREASTS - Delayed contrast-76004/500.000000-ROI-12939/1-1.dcm,-3.5,L,"[[[0 0 0 ... 0 0 0]
  [0 0 0 ... 0 0 0]
  [0 0 0 ... 0 0 0]
  ...
  [0 0 0 ... 0 0 0]
  [0 0 0 ... 0 0 0]
  [0 0 0 ... 0 0 0]]

 [[0 0 0 ... 0 0 0]
  [0 0 0 ... 0 0 0]
  [0 0 0 ... 0 0 0]
  ...
  [0 0 0 ... 0 0 0]
  [0 0 0 ... 0 0 0]
  [0 0 0 ... 0 0 0]]

 [[0 0 0 ... 0 0 0]
  [0 0 0 ... 0 0 0]
  [0 0 0 ... 0 0 0]
  ...
  [0 0 0 ... 0 0 0]
  [0 0 0 ... 0 0 0]
  [0 0 0 ... 0 0 0]]

 ...

 [[0 0 0 ... 0 0 0]
  [0 0 0 ... 0 0 0]
  [0 0 0 ... 0 0 0]
  ...
  [0 0 0 ... 0 0 0]
  [0 0 0 ... 0 0 0]
  [0 0 0 ... 0 0 0]]

 [[0 0 0 ... 0 0 0]
  [0 0 0 ... 0 0 0]
  [0 0 0 ... 0 0 0]
  ...
  [0 0 0 ... 0 0 0]
  [0 0 0 ... 0 0 0]
  [0 0 0 ... 0 0 0]]

 [[0 0 0 ... 0 0 0]
  [0 0 0 ... 0 0 0]
  [0 0 0 ... 0 0 0]
  ...
  [0 0 0 ... 0 0 0]
  [0 0 0 ... 0 0 0]
  [0 0 0 ... 0 0 0]]]","[53, 54, 55, 56]","[214, 215, 216, 227, 229, 230, 231, 242, 243, 244, 245, 246, 247, 248, 249, 250, 251, 252, 253, 254, 255, 256, 257, 258, 259, 260, 261, 262, 263, 264, 265, 266, 267, 268]","[121, 122, 123, 128, 129, 130, 136, 137, 138, 139, 140, 141, 142, 143, 144, 145, 146, 147, 148, 149, 150, 151, 152]",4,55,32,/media/bendico765/Crucial X9/Materiali Tesista/Roi masks/AMBL-564/ROI 1.npy,/media/bendico765/Crucial X9/Materiali Tesista/Cleaned Roi masks/AMBL-564/ROI 1.npy,0.6641,2.0,/media/bendico765/Crucial X9/MRI Lesions/manifest-1728494830954/Advanced-MRI-Breast-Lesions/AMBL-564/10-21-2005-NA-MRI BREASTS - Delayed contrast-76004/500.000000-Registered AX Sen Vibrant MultiPhase-87586,,114577.0,86299.0,85998.0,86060.0,0.0011695191879696623,0.0006489067080730947,0.00023256354798948813,4.647920055775041e-05,0.0004447703463819189,0.0004097303796555963,0.0001503648159995314,3.0723539351733194e-05,0.00034038245022997637,0.0003708038331846255,0.00013953812879369286,5.809900069718801e-05,0.00023586036286372418,0.00010409952764693859,6.494183852586519e-05,0.00010707477973658826
65,AMBL-565,0,1.0,1 to 2,strong,strong,weak,,100,100,10.0,10,/media/bendico765/Crucial X9/MRI Lesions/manifest-1728494830954/Advanced-MRI-Breast-Lesions/AMBL-565/10-21-2005-NA-MRI BREASTS - Delayed contrast-17253/600.000000-Registered Ax T2 FSE-51636,/media/bendico765/Crucial X9/MRI Lesions/manifest-1728494830954/Advanced-MRI-Breast-Lesions/AMBL-565/10-21-2005-NA-MRI BREASTS - Delayed contrast-17253/500.000000-ROI-14996/1-1.dcm,0.37,R,"[[[0 0 0 ... 0 0 0]
  [0 0 0 ... 0 0 0]
  [0 0 0 ... 0 0 0]
  ...
  [0 0 0 ... 0 0 0]
  [0 0 0 ... 0 0 0]
  [0 0 0 ... 0 0 0]]

 [[0 0 0 ... 0 0 0]
  [0 0 0 ... 0 0 0]
  [0 0 0 ... 0 0 0]
  ...
  [0 0 0 ... 0 0 0]
  [0 0 0 ... 0 0 0]
  [0 0 0 ... 0 0 0]]

 [[0 0 0 ... 0 0 0]
  [0 0 0 ... 0 0 0]
  [0 0 0 ... 0 0 0]
  ...
  [0 0 0 ... 0 0 0]
  [0 0 0 ... 0 0 0]
  [0 0 0 ... 0 0 0]]

 ...

 [[0 0 0 ... 0 0 0]
  [0 0 0 ... 0 0 0]
  [0 0 0 ... 0 0 0]
  ...
  [0 0 0 ... 0 0 0]
  [0 0 0 ... 0 0 0]
  [0 0 0 ... 0 0 0]]

 [[0 0 0 ... 0 0 0]
  [0 0 0 ... 0 0 0]
  [0 0 0 ... 0 0 0]
  ...
  [0 0 0 ... 0 0 0]
  [0 0 0 ... 0 0 0]
  [0 0 0 ... 0 0 0]]

 [[0 0 0 ... 0 0 0]
  [0 0 0 ... 0 0 0]
  [0 0 0 ... 0 0 0]
  ...
  [0 0 0 ... 0 0 0]
  [0 0 0 ... 0 0 0]
  [0 0 0 ... 0 0 0]]]","[48, 49, 50, 51, 52]","[211, 212, 213, 214, 215, 216, 217, 218, 219, 220, 221, 222, 223, 224, 225, 226, 227, 228]","[387, 388, 389, 390, 391, 392, 393, 394, 395, 396, 397, 398, 399, 400]",5,18,14,/media/bendico765/Crucial X9/Materiali Tesista/Roi masks/AMBL-565/ROI 0.npy,/media/bendico765/Crucial X9/Materiali Tesista/Cleaned Roi masks/AMBL-565/ROI 0.npy,0.6445,2.0,/media/bendico765/Crucial X9/MRI Lesions/manifest-1728494830954/Advanced-MRI-Breast-Lesions/AMBL-565/10-21-2005-NA-MRI BREASTS - Delayed contrast-17253/500.000000-Registered AX Sen Vibrant MultiPhase-06627,,115000.0,86605.0,86502.0,86511.0,0.005643478260869565,0.00021938687142774666,-0.0012716468983376107,0.0,0.0014507749015665577,0.0005182433610219995,-6.187835143776326e-05,0.0001789341099528058,0.0009434782608695652,0.0005022804687951042,6.358234491688054e-05,0.0003294378749523182,0.0013295120681179157,1.338522138325406e-05,-0.0001975286101210589,-0.00018108244452746524
66,AMBL-565,1,0.0,-1,-1,-1,-1,,-1.0,-1.0,-1.0,-1,/media/bendico765/Crucial X9/MRI Lesions/manifest-1728494830954/Advanced-MRI-Breast-Lesions/AMBL-565/10-21-2005-NA-MRI BREASTS - Delayed contrast-17253/600.000000-Registered Ax T2 FSE-51636,/media/bendico765/Crucial X9/MRI Lesions/manifest-1728494830954/Advanced-MRI-Breast-Lesions/AMBL-565/10-21-2005-NA-MRI BREASTS - Delayed contrast-17253/500.000000-ROI-14996/1-1.dcm,-61.63,L,"[[[0 0 0 ... 0 0 0]
  [0 0 0 ... 0 0 0]
  [0 0 0 ... 0 0 0]
  ...
  [0 0 0 ... 0 0 0]
  [0 0 0 ... 0 0 0]
  [0 0 0 ... 0 0 0]]

 [[0 0 0 ... 0 0 0]
  [0 0 0 ... 0 0 0]
  [0 0 0 ... 0 0 0]
  ...
  [0 0 0 ... 0 0 0]
  [0 0 0 ... 0 0 0]
  [0 0 0 ... 0 0 0]]

 [[0 0 0 ... 0 0 0]
  [0 0 0 ... 0 0 0]
  [0 0 0 ... 0 0 0]
  ...
  [0 0 0 ... 0 0 0]
  [0 0 0 ... 0 0 0]
  [0 0 0 ... 0 0 0]]

 ...

 [[0 0 0 ... 0 0 0]
  [0 0 0 ... 0 0 0]
  [0 0 0 ... 0 0 0]
  ...
  [0 0 0 ... 0 0 0]
  [0 0 0 ... 0 0 0]
  [0 0 0 ... 0 0 0]]

 [[0 0 0 ... 0 0 0]
  [0 0 0 ... 0 0 0]
  [0 0 0 ... 0 0 0]
  ...
  [0 0 0 ... 0 0 0]
  [0 0 0 ... 0 0 0]
  [0 0 0 ... 0 0 0]]

 [[0 0 0 ... 0 0 0]
  [0 0 0 ... 0 0 0]
  [0 0 0 ... 0 0 0]
  ...
  [0 0 0 ... 0 0 0]
  [0 0 0 ... 0 0 0]
  [0 0 0 ... 0 0 0]]]","[80, 81, 82]","[177, 178, 179, 180, 181, 182, 183, 184, 185, 186, 187, 188, 189, 190, 191, 192, 193, 194, 195, 196, 197, 198, 199, 200, 201, 202, 203]","[154, 155, 156, 157, 158, 159, 160, 161, 162, 163, 164, 165, 166, 167, 168, 169, 170, 171, 172, 173, 174, 175, 176]",3,27,23,/media/bendico765/Crucial X9/Materiali Tesista/Roi masks/AMBL-565/ROI 1.npy,/media/bendico765/Crucial X9/Materiali Tesista/Cleaned Roi masks/AMBL-565/ROI 1.npy,0.6445,2.0,/media/bendico765/Crucial X9/MRI Lesions/manifest-1728494830954/Advanced-MRI-Breast-Lesions/AMBL-565/10-21-2005-NA-MRI BREASTS - Delayed contrast-17253/500.000000-Registered AX Sen Vibrant MultiPhase-06627,,115000.0,86605.0,86502.0,86511.0,0.002826086956521739,0.0004041337105247965,-0.0005202191856835681,-0.00038145438152373685,0.0006327582716660296,0.0004147186626355043,0.00013629700800975468,-0.0001194373381331198,0.0004608695652173913,0.0004041337105247965,0.00011560426348523733,-0.00011559223682537481,0.0003891386064645513,2.939851661991817e-05,4.388401172451264e-05,-2.333661172365205e-05
67,AMBL-567,0,1.0,2,-1,-1,-1,,-1,-1,-1.0,-1,/media/bendico765/Crucial X9/MRI Lesions/manifest-1728494830954/Advanced-MRI-Breast-Lesions/AMBL-567/11-09-2005-NA-MRI BREASTS - Delayed contrast-75323/600.000000-Registered Ax T2 FSE-08667,/media/bendico765/Crucial X9/MRI Lesions/manifest-1728494830954/Advanced-MRI-Breast-Lesions/AMBL-567/11-09-2005-NA-MRI BREASTS - Delayed contrast-75323/500.000000-ROI-54461/1-1.dcm,6.76,R,"[[[0 0 0 ... 0 0 0]
  [0 0 0 ... 0 0 0]
  [0 0 0 ... 0 0 0]
  ...
  [0 0 0 ... 0 0 0]
  [0 0 0 ... 0 0 0]
  [0 0 0 ... 0 0 0]]

 [[0 0 0 ... 0 0 0]
  [0 0 0 ... 0 0 0]
  [0 0 0 ... 0 0 0]
  ...
  [0 0 0 ... 0 0 0]
  [0 0 0 ... 0 0 0]
  [0 0 0 ... 0 0 0]]

 [[0 0 0 ... 0 0 0]
  [0 0 0 ... 0 0 0]
  [0 0 0 ... 0 0 0]
  ...
  [0 0 0 ... 0 0 0]
  [0 0 0 ... 0 0 0]
  [0 0 0 ... 0 0 0]]

 ...

 [[0 0 0 ... 0 0 0]
  [0 0 0 ... 0 0 0]
  [0 0 0 ... 0 0 0]
  ...
  [0 0 0 ... 0 0 0]
  [0 0 0 ... 0 0 0]
  [0 0 0 ... 0 0 0]]

 [[0 0 0 ... 0 0 0]
  [0 0 0 ... 0 0 0]
  [0 0 0 ... 0 0 0]
  ...
  [0 0 0 ... 0 0 0]
  [0 0 0 ... 0 0 0]
  [0 0 0 ... 0 0 0]]

 [[0 0 0 ... 0 0 0]
  [0 0 0 ... 0 0 0]
  [0 0 0 ... 0 0 0]
  ...
  [0 0 0 ... 0 0 0]
  [0 0 0 ... 0 0 0]
  [0 0 0 ... 0 0 0]]]","[52, 53, 54, 55, 56, 57, 58, 59, 60, 61]","[143, 144, 145, 146, 147, 148, 149, 150, 151, 152, 153, 154, 155, 156, 157, 158, 159, 160, 161, 162, 163, 164, 165, 166, 167, 168, 169, 170, 171, 172, 173, 174, 175, 176, 177, 178, 179, 180, 181, 182, 183, 184, 185]","[349, 350, 351, 352, 353, 354, 355, 356, 357, 358, 359, 360, 361, 362, 363, 364, 365, 366, 367, 368, 369, 370, 371, 372, 373, 374, 375, 376, 377, 378, 379, 380, 381, 382]",10,43,34,/media/bendico765/Crucial X9/Materiali Tesista/Roi masks/AMBL-567/ROI 0.npy,/media/bendico765/Crucial X9/Materiali Tesista/Cleaned Roi masks/AMBL-567/ROI 0.npy,0.6641,2.2,/media/bendico765/Crucial X9/MRI Lesions/manifest-1728494830954/Advanced-MRI-Breast-Lesions/AMBL-567/11-09-2005-NA-MRI BREASTS - Delayed contrast-75323/500.000000-Registered AX Sen Vibrant MultiPhase-43852,,114308.0,85807.0,85993.0,85712.0,0.0007173601147776184,0.0007342058340228652,0.00013954624213598782,-0.0002450065335075602,0.000564537116804366,0.0005547469309219751,0.0001064777528236507,0.00025559863551515157,0.000594883997620464,0.0005244327385877609,5.814426755666159e-05,0.0002566735112936345,0.00019573470819968814,0.00014145499580376186,9.878025046228843e-05,1.5019345563231697e-05
68,AMBL-568,0,1.0,3,neg,neg,neg,1.0,0,0,0.0,60,/media/bendico765/Crucial X9/MRI Lesions/manifest-1728494830954/Advanced-MRI-Breast-Lesions/AMBL-568/11-10-2005-NA-MRI BREASTS - Delayed contrast-14994/600.000000-Registered Ax T2 FSE-30757,/media/bendico765/Crucial X9/MRI Lesions/manifest-1728494830954/Advanced-MRI-Breast-Lesions/AMBL-568/11-10-2005-NA-MRI BREASTS - Delayed contrast-14994/500.000000-ROI-65832/1-1.dcm,9.96,R,"[[[0 0 0 ... 0 0 0]
  [0 0 0 ... 0 0 0]
  [0 0 0 ... 0 0 0]
  ...
  [0 0 0 ... 0 0 0]
  [0 0 0 ... 0 0 0]
  [0 0 0 ... 0 0 0]]

 [[0 0 0 ... 0 0 0]
  [0 0 0 ... 0 0 0]
  [0 0 0 ... 0 0 0]
  ...
  [0 0 0 ... 0 0 0]
  [0 0 0 ... 0 0 0]
  [0 0 0 ... 0 0 0]]

 [[0 0 0 ... 0 0 0]
  [0 0 0 ... 0 0 0]
  [0 0 0 ... 0 0 0]
  ...
  [0 0 0 ... 0 0 0]
  [0 0 0 ... 0 0 0]
  [0 0 0 ... 0 0 0]]

 ...

 [[0 0 0 ... 0 0 0]
  [0 0 0 ... 0 0 0]
  [0 0 0 ... 0 0 0]
  ...
  [0 0 0 ... 0 0 0]
  [0 0 0 ... 0 0 0]
  [0 0 0 ... 0 0 0]]

 [[0 0 0 ... 0 0 0]
  [0 0 0 ... 0 0 0]
  [0 0 0 ... 0 0 0]
  ...
  [0 0 0 ... 0 0 0]
  [0 0 0 ... 0 0 0]
  [0 0 0 ... 0 0 0]]

 [[0 0 0 ... 0 0 0]
  [0 0 0 ... 0 0 0]
  [0 0 0 ... 0 0 0]
  ...
  [0 0 0 ... 0 0 0]
  [0 0 0 ... 0 0 0]
  [0 0 0 ... 0 0 0]]]","[58, 59, 60, 61]","[194, 195, 196, 197, 198, 199, 200, 201, 202, 203, 204, 205, 206, 207]","[346, 347, 348, 349, 350, 351, 352, 353, 354, 355]",4,14,10,/media/bendico765/Crucial X9/Materiali Tesista/Roi masks/AMBL-568/ROI 0.npy,/media/bendico765/Crucial X9/Materiali Tesista/Cleaned Roi masks/AMBL-568/ROI 0.npy,0.625,2.0,/media/bendico765/Crucial X9/MRI Lesions/manifest-1728494830954/Advanced-MRI-Breast-Lesions/AMBL-568/11-10-2005-NA-MRI BREASTS - Delayed contrast-14994/500.000000-Registered AX Sen Vibrant MultiPhase-64046,,115520.0,86943.0,86926.0,87009.0,0.0015581717451523547,0.00027604292467478693,0.00043715344085774107,4.59722557436587e-05,0.0006235515905346443,0.0004501985461789417,0.0003813124899214353,0.00010949709932844178,0.0005626731301939059,0.00046007154112464487,0.00043715344085774107,0.0001379167672309761,0.00041971226336780763,3.90423504498866e-05,6.644088231242725e-06,-2.6331478999946853e-05
69,AMBL-569,0,1.0,2,-1,-1,neg,,95,60,0.0,6 to 9,/media/bendico765/Crucial X9/MRI Lesions/manifest-1728494830954/Advanced-MRI-Breast-Lesions/AMBL-569/11-18-2005-NA-MRI BREASTS - Delayed contrast-71616/600.000000-Registered Ax T2 FSE-29760,/media/bendico765/Crucial X9/MRI Lesions/manifest-1728494830954/Advanced-MRI-Breast-Lesions/AMBL-569/11-18-2005-NA-MRI BREASTS - Delayed contrast-71616/500.000000-ROI-91131/1-1.dcm,-52.52,L,"[[[0 0 0 ... 0 0 0]
  [0 0 0 ... 0 0 0]
  [0 0 0 ... 0 0 0]
  ...
  [0 0 0 ... 0 0 0]
  [0 0 0 ... 0 0 0]
  [0 0 0 ... 0 0 0]]

 [[0 0 0 ... 0 0 0]
  [0 0 0 ... 0 0 0]
  [0 0 0 ... 0 0 0]
  ...
  [0 0 0 ... 0 0 0]
  [0 0 0 ... 0 0 0]
  [0 0 0 ... 0 0 0]]

 [[0 0 0 ... 0 0 0]
  [0 0 0 ... 0 0 0]
  [0 0 0 ... 0 0 0]
  ...
  [0 0 0 ... 0 0 0]
  [0 0 0 ... 0 0 0]
  [0 0 0 ... 0 0 0]]

 ...

 [[0 0 0 ... 0 0 0]
  [0 0 0 ... 0 0 0]
  [0 0 0 ... 0 0 0]
  ...
  [0 0 0 ... 0 0 0]
  [0 0 0 ... 0 0 0]
  [0 0 0 ... 0 0 0]]

 [[0 0 0 ... 0 0 0]
  [0 0 0 ... 0 0 0]
  [0 0 0 ... 0 0 0]
  ...
  [0 0 0 ... 0 0 0]
  [0 0 0 ... 0 0 0]
  [0 0 0 ... 0 0 0]]

 [[0 0 0 ... 0 0 0]
  [0 0 0 ... 0 0 0]
  [0 0 0 ... 0 0 0]
  ...
  [0 0 0 ... 0 0 0]
  [0 0 0 ... 0 0 0]
  [0 0 0 ... 0 0 0]]]","[76, 77, 78, 79, 80, 81, 82, 83, 84, 85, 86, 87, 88, 89, 90, 91, 92]","[117, 118, 119, 120, 121, 122, 127, 129, 130, 131, 132, 133, 134, 135, 136, 137, 138, 139, 140, 141, 142, 143, 144, 145, 146, 147, 148, 149, 150, 151, 152, 153, 154, 155, 156, 157, 158, 159, 160, 161, 162, 163, 164, 165, 166, 167, 168, 169, 170, 171, 172, 173, 174, 175, 176, 177, 178, 179, 180, 181, 182, 183, 184, 185, 186, 187, 188, 189, 190, 191, 192, 193, 194, 195, 196, 197, 198, 199, 200, 201, 202, 203, 204, 205, 206, 207, 208, 209, 210, 211, 212, 213, 214, 215, 216, 217, 218, 219, 221, 226, 227, 228, 229, 230, 231, 232, 233, 234, 235, 236, 237, 239, 240, 241, 245]","[103, 104, 105, 106, 107, 108, 109, 110, 111, 112, 113, 114, 115, 116, 117, 118, 119, 120, 121, 122, 123, 124, 125, 126, 127, 128, 129, 130, 131, 132, 133, 134, 135, 136, 137, 138, 139, 142, 143, 144, 145, 146, 147]",17,129,45,/media/bendico765/Crucial X9/Materiali Tesista/Roi masks/AMBL-569/ROI 0.npy,/media/bendico765/Crucial X9/Materiali Tesista/Cleaned Roi masks/AMBL-569/ROI 0.npy,0.7813,2.0,/media/bendico765/Crucial X9/MRI Lesions/manifest-1728494830954/Advanced-MRI-Breast-Lesions/AMBL-569/11-18-2005-NA-MRI BREASTS - Delayed contrast-71616/500.000000-Registered AX Sen Vibrant MultiPhase-20681,,112245.0,83847.0,84030.0,83631.0,0.003572542206779812,8.348539601893926e-05,-0.0005593240509341902,-8.370101995671462e-05,0.0007926703677148424,0.0003545236678377408,3.5954381532859907e-05,0.00011812796099923642,0.0005434540514054078,0.0003697210395124453,7.140307033202428e-05,0.00016740203991342923,0.0006198881547260087,1.4068675302476194e-05,-8.492143438286167e-06,5.806425432321787e-06
70,AMBL-569,1,1.0,2,strong,strong,neg,,100.0,100.0,10.0,20,/media/bendico765/Crucial X9/MRI Lesions/manifest-1728494830954/Advanced-MRI-Breast-Lesions/AMBL-569/11-18-2005-NA-MRI BREASTS - Delayed contrast-71616/600.000000-Registered Ax T2 FSE-29760,/media/bendico765/Crucial X9/MRI Lesions/manifest-1728494830954/Advanced-MRI-Breast-Lesions/AMBL-569/11-18-2005-NA-MRI BREASTS - Delayed contrast-71616/500.000000-ROI-91131/1-1.dcm,-34.52,R,"[[[0 0 0 ... 0 0 0]
  [0 0 0 ... 0 0 0]
  [0 0 0 ... 0 0 0]
  ...
  [0 0 0 ... 0 0 0]
  [0 0 0 ... 0 0 0]
  [0 0 0 ... 0 0 0]]

 [[0 0 0 ... 0 0 0]
  [0 0 0 ... 0 0 0]
  [0 0 0 ... 0 0 0]
  ...
  [0 0 0 ... 0 0 0]
  [0 0 0 ... 0 0 0]
  [0 0 0 ... 0 0 0]]

 [[0 0 0 ... 0 0 0]
  [0 0 0 ... 0 0 0]
  [0 0 0 ... 0 0 0]
  ...
  [0 0 0 ... 0 0 0]
  [0 0 0 ... 0 0 0]
  [0 0 0 ... 0 0 0]]

 ...

 [[0 0 0 ... 0 0 0]
  [0 0 0 ... 0 0 0]
  [0 0 0 ... 0 0 0]
  ...
  [0 0 0 ... 0 0 0]
  [0 0 0 ... 0 0 0]
  [0 0 0 ... 0 0 0]]

 [[0 0 0 ... 0 0 0]
  [0 0 0 ... 0 0 0]
  [0 0 0 ... 0 0 0]
  ...
  [0 0 0 ... 0 0 0]
  [0 0 0 ... 0 0 0]
  [0 0 0 ... 0 0 0]]

 [[0 0 0 ... 0 0 0]
  [0 0 0 ... 0 0 0]
  [0 0 0 ... 0 0 0]
  ...
  [0 0 0 ... 0 0 0]
  [0 0 0 ... 0 0 0]
  [0 0 0 ... 0 0 0]]]","[68, 69, 70, 71, 72]","[122, 123, 124, 125, 126, 127, 128, 129, 130, 131, 132, 133, 135]","[329, 330, 331, 332, 333, 334, 335, 336, 337, 338, 339, 340, 341, 342]",5,14,14,/media/bendico765/Crucial X9/Materiali Tesista/Roi masks/AMBL-569/ROI 1.npy,/media/bendico765/Crucial X9/Materiali Tesista/Cleaned Roi masks/AMBL-569/ROI 1.npy,0.7813,2.0,/media/bendico765/Crucial X9/MRI Lesions/manifest-1728494830954/Advanced-MRI-Breast-Lesions/AMBL-569/11-18-2005-NA-MRI BREASTS - Delayed contrast-71616/500.000000-Registered AX Sen Vibrant MultiPhase-20681,,112245.0,83847.0,84030.0,83631.0,0.0026103612633079426,-2.3852970291125503e-05,-0.00040461739854813755,-8.370101995671462e-05,0.0006708951120204863,0.00015121079380981366,-7.050303163036218e-06,2.3387049693788047e-05,0.0004944540959508219,0.0001490810643195344,2.9751279305010117e-05,5.380779854360225e-05,0.0006363334054422698,-1.0642987320717627e-05,-3.7974755880331016e-05,-2.2200186265561065e-05
71,AMBL-570,0,1.0,2,Moderate to strong,strong,neg,,90,90,0.0,10 to 20,/media/bendico765/Crucial X9/MRI Lesions/manifest-1728494830954/Advanced-MRI-Breast-Lesions/AMBL-570/11-23-2005-NA-MRI BREASTS - Delayed contrast-22275/600.000000-Registered Ax T2 FSE-20117,/media/bendico765/Crucial X9/MRI Lesions/manifest-1728494830954/Advanced-MRI-Breast-Lesions/AMBL-570/11-23-2005-NA-MRI BREASTS - Delayed contrast-22275/500.000000-ROI-40378/1-1.dcm,-40.15,L,"[[[0 0 0 ... 0 0 0]
  [0 0 0 ... 0 0 0]
  [0 0 0 ... 0 0 0]
  ...
  [0 0 0 ... 0 0 0]
  [0 0 0 ... 0 0 0]
  [0 0 0 ... 0 0 0]]

 [[0 0 0 ... 0 0 0]
  [0 0 0 ... 0 0 0]
  [0 0 0 ... 0 0 0]
  ...
  [0 0 0 ... 0 0 0]
  [0 0 0 ... 0 0 0]
  [0 0 0 ... 0 0 0]]

 [[0 0 0 ... 0 0 0]
  [0 0 0 ... 0 0 0]
  [0 0 0 ... 0 0 0]
  ...
  [0 0 0 ... 0 0 0]
  [0 0 0 ... 0 0 0]
  [0 0 0 ... 0 0 0]]

 ...

 [[0 0 0 ... 0 0 0]
  [0 0 0 ... 0 0 0]
  [0 0 0 ... 0 0 0]
  ...
  [0 0 0 ... 0 0 0]
  [0 0 0 ... 0 0 0]
  [0 0 0 ... 0 0 0]]

 [[0 0 0 ... 0 0 0]
  [0 0 0 ... 0 0 0]
  [0 0 0 ... 0 0 0]
  ...
  [0 0 0 ... 0 0 0]
  [0 0 0 ... 0 0 0]
  [0 0 0 ... 0 0 0]]

 [[0 0 0 ... 0 0 0]
  [0 0 0 ... 0 0 0]
  [0 0 0 ... 0 0 0]
  ...
  [0 0 0 ... 0 0 0]
  [0 0 0 ... 0 0 0]
  [0 0 0 ... 0 0 0]]]","[70, 71, 72, 73, 74]","[101, 102, 103, 104, 105, 106, 107, 108, 109, 110, 111, 112, 113, 114, 115, 116, 117, 118]","[139, 140, 141, 142, 143, 144, 145, 146, 147, 148, 149, 150, 151, 152, 153]",5,18,15,/media/bendico765/Crucial X9/Materiali Tesista/Roi masks/AMBL-570/ROI 0.npy,/media/bendico765/Crucial X9/Materiali Tesista/Cleaned Roi masks/AMBL-570/ROI 0.npy,0.7031,2.2,/media/bendico765/Crucial X9/MRI Lesions/manifest-1728494830954/Advanced-MRI-Breast-Lesions/AMBL-570/11-23-2005-NA-MRI BREASTS - Delayed contrast-22275/500.000000-Registered AX Sen Vibrant MultiPhase-73793,,113273.0,84924.0,85012.0,84644.0,0.00038844208240269086,0.0005534360133766662,0.00019997176869147884,0.0001535844241765512,0.0004461324951121355,0.00021988873103227097,0.0002343388957418249,1.0783619007631043e-05,0.0004767243738578479,0.0002237294522160991,0.0002352609043429163,2.3628372950238646e-05,0.00018747532674941452,1.9656909199875462e-05,6.111518853725306e-05,-2.6858764346774502e-05
72,AMBL-570,1,0.0,-1,-1,-1,-1,,-1.0,-1.0,-1.0,-1,/media/bendico765/Crucial X9/MRI Lesions/manifest-1728494830954/Advanced-MRI-Breast-Lesions/AMBL-570/11-23-2005-NA-MRI BREASTS - Delayed contrast-22275/600.000000-Registered Ax T2 FSE-20117,/media/bendico765/Crucial X9/MRI Lesions/manifest-1728494830954/Advanced-MRI-Breast-Lesions/AMBL-570/11-23-2005-NA-MRI BREASTS - Delayed contrast-22275/500.000000-ROI-40378/1-1.dcm,-13.75,R,"[[[0 0 0 ... 0 0 0]
  [0 0 0 ... 0 0 0]
  [0 0 0 ... 0 0 0]
  ...
  [0 0 0 ... 0 0 0]
  [0 0 0 ... 0 0 0]
  [0 0 0 ... 0 0 0]]

 [[0 0 0 ... 0 0 0]
  [0 0 0 ... 0 0 0]
  [0 0 0 ... 0 0 0]
  ...
  [0 0 0 ... 0 0 0]
  [0 0 0 ... 0 0 0]
  [0 0 0 ... 0 0 0]]

 [[0 0 0 ... 0 0 0]
  [0 0 0 ... 0 0 0]
  [0 0 0 ... 0 0 0]
  ...
  [0 0 0 ... 0 0 0]
  [0 0 0 ... 0 0 0]
  [0 0 0 ... 0 0 0]]

 ...

 [[0 0 0 ... 0 0 0]
  [0 0 0 ... 0 0 0]
  [0 0 0 ... 0 0 0]
  ...
  [0 0 0 ... 0 0 0]
  [0 0 0 ... 0 0 0]
  [0 0 0 ... 0 0 0]]

 [[0 0 0 ... 0 0 0]
  [0 0 0 ... 0 0 0]
  [0 0 0 ... 0 0 0]
  ...
  [0 0 0 ... 0 0 0]
  [0 0 0 ... 0 0 0]
  [0 0 0 ... 0 0 0]]

 [[0 0 0 ... 0 0 0]
  [0 0 0 ... 0 0 0]
  [0 0 0 ... 0 0 0]
  ...
  [0 0 0 ... 0 0 0]
  [0 0 0 ... 0 0 0]
  [0 0 0 ... 0 0 0]]]","[57, 58, 59, 60]","[155, 157, 158, 159, 160, 161, 162, 163, 164, 165, 166, 167]","[351, 353, 354, 355, 356, 357, 358, 359, 360]",4,13,10,/media/bendico765/Crucial X9/Materiali Tesista/Roi masks/AMBL-570/ROI 1.npy,/media/bendico765/Crucial X9/Materiali Tesista/Cleaned Roi masks/AMBL-570/ROI 1.npy,0.7031,2.2,/media/bendico765/Crucial X9/MRI Lesions/manifest-1728494830954/Advanced-MRI-Breast-Lesions/AMBL-570/11-23-2005-NA-MRI BREASTS - Delayed contrast-22275/500.000000-Registered AX Sen Vibrant MultiPhase-73793,,113273.0,84924.0,85012.0,84644.0,0.0022865113486885665,-0.00027083038952475155,-0.00012939349738860396,-0.0001535844241765512,0.0007370637132363229,0.00011672434662402152,0.00010792127199222688,3.8661768967519944e-05,0.0005429360924492156,0.000105977108944468,0.00021173481390862468,5.9070932375596614e-06,0.0004614561835832613,-1.6588580493115932e-05,-4.310094722132476e-07,-0.00011030648277962502
73,AMBL-571,0,1.0,3,neg,neg,neg,1.0,0,0,0.0,30 to 40,/media/bendico765/Crucial X9/MRI Lesions/manifest-1728494830954/Advanced-MRI-Breast-Lesions/AMBL-571/11-24-2005-NA-MRI BREASTS - Delayed contrast-46377/700.000000-Registered Ax T2 FSE-04965,/media/bendico765/Crucial X9/MRI Lesions/manifest-1728494830954/Advanced-MRI-Breast-Lesions/AMBL-571/11-24-2005-NA-MRI BREASTS - Delayed contrast-46377/600.000000-ROI-73182/1-1.dcm,-6.66,L,"[[[0 0 0 ... 0 0 0]
  [0 0 0 ... 0 0 0]
  [0 0 0 ... 0 0 0]
  ...
  [0 0 0 ... 0 0 0]
  [0 0 0 ... 0 0 0]
  [0 0 0 ... 0 0 0]]

 [[0 0 0 ... 0 0 0]
  [0 0 0 ... 0 0 0]
  [0 0 0 ... 0 0 0]
  ...
  [0 0 0 ... 0 0 0]
  [0 0 0 ... 0 0 0]
  [0 0 0 ... 0 0 0]]

 [[0 0 0 ... 0 0 0]
  [0 0 0 ... 0 0 0]
  [0 0 0 ... 0 0 0]
  ...
  [0 0 0 ... 0 0 0]
  [0 0 0 ... 0 0 0]
  [0 0 0 ... 0 0 0]]

 ...

 [[0 0 0 ... 0 0 0]
  [0 0 0 ... 0 0 0]
  [0 0 0 ... 0 0 0]
  ...
  [0 0 0 ... 0 0 0]
  [0 0 0 ... 0 0 0]
  [0 0 0 ... 0 0 0]]

 [[0 0 0 ... 0 0 0]
  [0 0 0 ... 0 0 0]
  [0 0 0 ... 0 0 0]
  ...
  [0 0 0 ... 0 0 0]
  [0 0 0 ... 0 0 0]
  [0 0 0 ... 0 0 0]]

 [[0 0 0 ... 0 0 0]
  [0 0 0 ... 0 0 0]
  [0 0 0 ... 0 0 0]
  ...
  [0 0 0 ... 0 0 0]
  [0 0 0 ... 0 0 0]
  [0 0 0 ... 0 0 0]]]","[50, 51, 52, 53, 54, 55, 56, 57, 58, 59]","[164, 165, 166, 167, 168, 169, 170, 171, 172, 173, 174, 175, 176, 177, 178, 179, 180, 181, 182, 183, 184, 185, 186, 187, 188, 189, 190, 191, 192, 193, 194, 195, 196, 197, 198, 199, 200, 201, 202, 203, 204, 205, 206, 207, 208, 209, 210, 211, 212, 213, 214, 215, 216, 217, 218, 219]","[139, 140, 141, 142, 143, 144, 145, 146, 147, 148, 149, 150, 151, 152, 153, 154, 155, 156, 157, 158, 159, 160, 161, 162, 163, 164, 165, 166, 167, 168, 169, 170, 171, 172, 173, 174, 175, 176, 177, 178, 179, 180, 182]",10,56,44,/media/bendico765/Crucial X9/Materiali Tesista/Roi masks/AMBL-571/ROI 0.npy,/media/bendico765/Crucial X9/Materiali Tesista/Cleaned Roi masks/AMBL-571/ROI 0.npy,0.6641,2.0,/media/bendico765/Crucial X9/MRI Lesions/manifest-1728494830954/Advanced-MRI-Breast-Lesions/AMBL-571/11-24-2005-NA-MRI BREASTS - Delayed contrast-46377/600.000000-Registered AX Sen Vibrant MultiPhase-67422,,114686.0,86097.0,86504.0,86063.0,0.0047782641298850775,-0.0010569473965411106,-0.0006936095440673263,-0.0003950594332059073,0.0010988987923406827,0.0004746610134705058,3.135463952969475e-06,4.01463018784925e-05,0.0008109097884658982,0.0006039699408806347,9.248127254231018e-05,0.00015105213622578807,0.000781238440311497,-3.1097364728728174e-05,-6.780928178463537e-05,-5.954288122592816e-05
74,AMBL-573,0,0.0,-1,-1,-1,-1,,-1,-1,-1.0,-1,/media/bendico765/Crucial X9/MRI Lesions/manifest-1728494830954/Advanced-MRI-Breast-Lesions/AMBL-573/11-26-2005-NA-MRI BREASTS - Delayed contrast-61733/600.000000-Registered Ax T2 FSE-70959,/media/bendico765/Crucial X9/MRI Lesions/manifest-1728494830954/Advanced-MRI-Breast-Lesions/AMBL-573/11-26-2005-NA-MRI BREASTS - Delayed contrast-61733/500.000000-ROI-28902/1-1.dcm,-15.7,R,"[[[0 0 0 ... 0 0 0]
  [0 0 0 ... 0 0 0]
  [0 0 0 ... 0 0 0]
  ...
  [0 0 0 ... 0 0 0]
  [0 0 0 ... 0 0 0]
  [0 0 0 ... 0 0 0]]

 [[0 0 0 ... 0 0 0]
  [0 0 0 ... 0 0 0]
  [0 0 0 ... 0 0 0]
  ...
  [0 0 0 ... 0 0 0]
  [0 0 0 ... 0 0 0]
  [0 0 0 ... 0 0 0]]

 [[0 0 0 ... 0 0 0]
  [0 0 0 ... 0 0 0]
  [0 0 0 ... 0 0 0]
  ...
  [0 0 0 ... 0 0 0]
  [0 0 0 ... 0 0 0]
  [0 0 0 ... 0 0 0]]

 ...

 [[0 0 0 ... 0 0 0]
  [0 0 0 ... 0 0 0]
  [0 0 0 ... 0 0 0]
  ...
  [0 0 0 ... 0 0 0]
  [0 0 0 ... 0 0 0]
  [0 0 0 ... 0 0 0]]

 [[0 0 0 ... 0 0 0]
  [0 0 0 ... 0 0 0]
  [0 0 0 ... 0 0 0]
  ...
  [0 0 0 ... 0 0 0]
  [0 0 0 ... 0 0 0]
  [0 0 0 ... 0 0 0]]

 [[0 0 0 ... 0 0 0]
  [0 0 0 ... 0 0 0]
  [0 0 0 ... 0 0 0]
  ...
  [0 0 0 ... 0 0 0]
  [0 0 0 ... 0 0 0]
  [0 0 0 ... 0 0 0]]]","[64, 65, 66, 67]","[158, 159, 160, 161, 162, 163, 164, 165, 166, 167, 168]","[385, 386, 387, 388, 389, 390, 391, 392]",4,11,8,/media/bendico765/Crucial X9/Materiali Tesista/Roi masks/AMBL-573/ROI 0.npy,/media/bendico765/Crucial X9/Materiali Tesista/Cleaned Roi masks/AMBL-573/ROI 0.npy,0.6445,2.0,/media/bendico765/Crucial X9/MRI Lesions/manifest-1728494830954/Advanced-MRI-Breast-Lesions/AMBL-573/11-26-2005-NA-MRI BREASTS - Delayed contrast-61733/500.000000-Registered AX Sen Vibrant MultiPhase-45697,,115000.0,86448.0,86507.0,86502.0,0.0009652173913043478,0.0006824912085878216,0.00020807564705746355,0.0006011421701232341,0.0003108532200065381,0.00044061430644907654,7.379123824218309e-05,0.00022403758581443538,0.0002869565217391304,0.00031232648528595224,3.467927450957726e-05,0.0002774502323645696,0.00025941650904274,0.00013389496556756605,5.9370018630069264e-05,1.961556596823023e-05
75,AMBL-575,0,1.0,2 to3,Moderate to strong,neg,-1,,95,0,-1.0,-1,/media/bendico765/Crucial X9/MRI Lesions/manifest-1728494830954/Advanced-MRI-Breast-Lesions/AMBL-575/12-07-2005-NA-MRI BREASTS - Delayed contrast-99773/600.000000-Registered Ax T2 FSE-63524,/media/bendico765/Crucial X9/MRI Lesions/manifest-1728494830954/Advanced-MRI-Breast-Lesions/AMBL-575/12-07-2005-NA-MRI BREASTS - Delayed contrast-99773/500.000000-ROI-33765/1-1.dcm,-14.9,R,"[[[0 0 0 ... 0 0 0]
  [0 0 0 ... 0 0 0]
  [0 0 0 ... 0 0 0]
  ...
  [0 0 0 ... 0 0 0]
  [0 0 0 ... 0 0 0]
  [0 0 0 ... 0 0 0]]

 [[0 0 0 ... 0 0 0]
  [0 0 0 ... 0 0 0]
  [0 0 0 ... 0 0 0]
  ...
  [0 0 0 ... 0 0 0]
  [0 0 0 ... 0 0 0]
  [0 0 0 ... 0 0 0]]

 [[0 0 0 ... 0 0 0]
  [0 0 0 ... 0 0 0]
  [0 0 0 ... 0 0 0]
  ...
  [0 0 0 ... 0 0 0]
  [0 0 0 ... 0 0 0]
  [0 0 0 ... 0 0 0]]

 ...

 [[0 0 0 ... 0 0 0]
  [0 0 0 ... 0 0 0]
  [0 0 0 ... 0 0 0]
  ...
  [0 0 0 ... 0 0 0]
  [0 0 0 ... 0 0 0]
  [0 0 0 ... 0 0 0]]

 [[0 0 0 ... 0 0 0]
  [0 0 0 ... 0 0 0]
  [0 0 0 ... 0 0 0]
  ...
  [0 0 0 ... 0 0 0]
  [0 0 0 ... 0 0 0]
  [0 0 0 ... 0 0 0]]

 [[0 0 0 ... 0 0 0]
  [0 0 0 ... 0 0 0]
  [0 0 0 ... 0 0 0]
  ...
  [0 0 0 ... 0 0 0]
  [0 0 0 ... 0 0 0]
  [0 0 0 ... 0 0 0]]]","[53, 54, 55, 56, 57, 58, 59, 60, 61, 62, 63, 64, 65, 66, 67, 68, 69, 70, 71, 72, 73, 74, 75]","[113, 114, 115, 116, 117, 118, 119, 120, 121, 122, 123, 124, 125, 126, 127, 128, 129, 130, 131, 132, 133, 134, 135, 136, 137, 138, 139, 140, 141, 142, 143, 144, 145, 146, 147, 148, 149, 150, 151, 152, 153, 154, 155, 156, 157, 158, 159, 160, 161, 162, 163, 164, 165, 166, 167, 168, 169, 170, 171, 172, 173, 174, 175, 176, 177, 178, 179, 180, 181, 182, 183, 184, 185, 186, 187, 188, 189, 190, 191, 192, 193, 194, 195, 196, 197, 198, 199, 200, 201, 202, 203, 204, 205, 206, 207, 208, 209, 210, 211, 212, 213, 214, 215, 216, 217, 218, 219, 220, 221, 222, 223, 224, 225, 226, 227, 228, 229, 230, 231, 232, 233, 234]","[328, 329, 330, 331, 332, 333, 334, 335, 336, 337, 338, 339, 340, 341, 342, 343, 344, 345, 346, 347, 348, 349, 350, 351, 352, 353, 354, 355, 356, 357, 358, 359, 360, 361, 362, 363, 364, 365, 366, 367, 368, 369, 370, 371, 372, 373, 374, 375, 376, 377, 378, 379, 380, 381, 382, 383, 384, 385, 386, 387, 388, 389, 390, 391, 392, 393, 394, 395, 396, 397, 398, 399, 400, 401, 402, 403, 404, 405, 406, 407, 408, 409, 410, 411, 412, 413, 414, 415, 416, 417, 418, 419]",23,122,92,/media/bendico765/Crucial X9/Materiali Tesista/Roi masks/AMBL-575/ROI 0.npy,/media/bendico765/Crucial X9/Materiali Tesista/Cleaned Roi masks/AMBL-575/ROI 0.npy,0.6445,2.0,/media/bendico765/Crucial X9/MRI Lesions/manifest-1728494830954/Advanced-MRI-Breast-Lesions/AMBL-575/12-07-2005-NA-MRI BREASTS - Delayed contrast-99773/500.000000-Registered AX Sen Vibrant MultiPhase-32292,,114991.0,86367.0,86349.0,86518.0,0.002652381490725361,-0.001099957159563259,-0.0007990827919257895,-0.00043921496104856793,0.000852405607870857,0.0003316233946165492,0.00020617475555342998,4.046614052336473e-06,0.0007565809498134636,0.0003589333889101161,0.00025478002061401985,3.467486534593957e-05,0.0004274004573294744,0.00010063548939059021,-4.598481848857447e-05,3.661047278181555e-05
76,AMBL-575,1,0.0,-1,-1,-1,-1,,-1.0,-1.0,-1.0,-1,/media/bendico765/Crucial X9/MRI Lesions/manifest-1728494830954/Advanced-MRI-Breast-Lesions/AMBL-575/12-07-2005-NA-MRI BREASTS - Delayed contrast-99773/600.000000-Registered Ax T2 FSE-63524,/media/bendico765/Crucial X9/MRI Lesions/manifest-1728494830954/Advanced-MRI-Breast-Lesions/AMBL-575/12-07-2005-NA-MRI BREASTS - Delayed contrast-99773/500.000000-ROI-33765/1-1.dcm,-20.9,L,"[[[0 0 0 ... 0 0 0]
  [0 0 0 ... 0 0 0]
  [0 0 0 ... 0 0 0]
  ...
  [0 0 0 ... 0 0 0]
  [0 0 0 ... 0 0 0]
  [0 0 0 ... 0 0 0]]

 [[0 0 0 ... 0 0 0]
  [0 0 0 ... 0 0 0]
  [0 0 0 ... 0 0 0]
  ...
  [0 0 0 ... 0 0 0]
  [0 0 0 ... 0 0 0]
  [0 0 0 ... 0 0 0]]

 [[0 0 0 ... 0 0 0]
  [0 0 0 ... 0 0 0]
  [0 0 0 ... 0 0 0]
  ...
  [0 0 0 ... 0 0 0]
  [0 0 0 ... 0 0 0]
  [0 0 0 ... 0 0 0]]

 ...

 [[0 0 0 ... 0 0 0]
  [0 0 0 ... 0 0 0]
  [0 0 0 ... 0 0 0]
  ...
  [0 0 0 ... 0 0 0]
  [0 0 0 ... 0 0 0]
  [0 0 0 ... 0 0 0]]

 [[0 0 0 ... 0 0 0]
  [0 0 0 ... 0 0 0]
  [0 0 0 ... 0 0 0]
  ...
  [0 0 0 ... 0 0 0]
  [0 0 0 ... 0 0 0]
  [0 0 0 ... 0 0 0]]

 [[0 0 0 ... 0 0 0]
  [0 0 0 ... 0 0 0]
  [0 0 0 ... 0 0 0]
  ...
  [0 0 0 ... 0 0 0]
  [0 0 0 ... 0 0 0]
  [0 0 0 ... 0 0 0]]]","[65, 66, 67]","[148, 149, 150, 151, 152, 153, 154, 155, 156, 157, 158, 159, 160]","[116, 117, 118, 119, 120, 121, 122, 123, 124, 125]",3,13,10,/media/bendico765/Crucial X9/Materiali Tesista/Roi masks/AMBL-575/ROI 1.npy,/media/bendico765/Crucial X9/Materiali Tesista/Cleaned Roi masks/AMBL-575/ROI 1.npy,0.6445,2.0,/media/bendico765/Crucial X9/MRI Lesions/manifest-1728494830954/Advanced-MRI-Breast-Lesions/AMBL-575/12-07-2005-NA-MRI BREASTS - Delayed contrast-99773/500.000000-Registered AX Sen Vibrant MultiPhase-32292,,114991.0,86367.0,86349.0,86518.0,0.003130679792331574,0.001389419569974643,8.106637019536995e-05,0.0005201229801890936,0.0009882127717587479,0.0006052715512801688,0.0001544707500252027,3.507602069339801e-05,0.0008261516118652764,0.00043998286382530366,-1.1580910027909993e-05,0.00010402459603781872,0.0007450906191996786,0.0002724341321970724,7.730373688314103e-05,0.00017540213613895253
77,AMBL-575,2,0.0,-1.0,-1,-1,-1,,-1.0,-1.0,-1.0,-1,/media/bendico765/Crucial X9/MRI Lesions/manifest-1728494830954/Advanced-MRI-Breast-Lesions/AMBL-575/12-07-2005-NA-MRI BREASTS - Delayed contrast-99773/600.000000-Registered Ax T2 FSE-63524,/media/bendico765/Crucial X9/MRI Lesions/manifest-1728494830954/Advanced-MRI-Breast-Lesions/AMBL-575/12-07-2005-NA-MRI BREASTS - Delayed contrast-99773/500.000000-ROI-33765/1-1.dcm,-26.9,R,"[[[0 0 0 ... 0 0 0]
  [0 0 0 ... 0 0 0]
  [0 0 0 ... 0 0 0]
  ...
  [0 0 0 ... 0 0 0]
  [0 0 0 ... 0 0 0]
  [0 0 0 ... 0 0 0]]

 [[0 0 0 ... 0 0 0]
  [0 0 0 ... 0 0 0]
  [0 0 0 ... 0 0 0]
  ...
  [0 0 0 ... 0 0 0]
  [0 0 0 ... 0 0 0]
  [0 0 0 ... 0 0 0]]

 [[0 0 0 ... 0 0 0]
  [0 0 0 ... 0 0 0]
  [0 0 0 ... 0 0 0]
  ...
  [0 0 0 ... 0 0 0]
  [0 0 0 ... 0 0 0]
  [0 0 0 ... 0 0 0]]

 ...

 [[0 0 0 ... 0 0 0]
  [0 0 0 ... 0 0 0]
  [0 0 0 ... 0 0 0]
  ...
  [0 0 0 ... 0 0 0]
  [0 0 0 ... 0 0 0]
  [0 0 0 ... 0 0 0]]

 [[0 0 0 ... 0 0 0]
  [0 0 0 ... 0 0 0]
  [0 0 0 ... 0 0 0]
  ...
  [0 0 0 ... 0 0 0]
  [0 0 0 ... 0 0 0]
  [0 0 0 ... 0 0 0]]

 [[0 0 0 ... 0 0 0]
  [0 0 0 ... 0 0 0]
  [0 0 0 ... 0 0 0]
  ...
  [0 0 0 ... 0 0 0]
  [0 0 0 ... 0 0 0]
  [0 0 0 ... 0 0 0]]]","[67, 68, 69, 70]","[187, 188, 189, 190, 191, 192, 193, 194, 195, 196, 197, 198, 199, 200]","[397, 398, 399, 400, 401, 402, 403, 404, 405, 406, 407]",4,14,11,/media/bendico765/Crucial X9/Materiali Tesista/Roi masks/AMBL-575/ROI 2.npy,/media/bendico765/Crucial X9/Materiali Tesista/Cleaned Roi masks/AMBL-575/ROI 2.npy,0.6445,2.0,/media/bendico765/Crucial X9/MRI Lesions/manifest-1728494830954/Advanced-MRI-Breast-Lesions/AMBL-575/12-07-2005-NA-MRI BREASTS - Delayed contrast-99773/500.000000-Registered AX Sen Vibrant MultiPhase-32292,,114991.0,86367.0,86349.0,86518.0,0.004130758059326382,-4.631398566582144e-05,-0.00028952275069774985,-0.0003236320765621027,0.0013649030141489335,0.0002671557134090568,0.0002462210042965171,2.4308525393560114e-05,0.0010218190988859998,0.00035314414070188846,0.0004632364011163997,5.7791442243232624e-05,0.0010241069798763412,4.889929021050029e-05,-0.00021896183916898364,-7.791153208138823e-05
78,AMBL-577,0,1.0,3,neg,neg,neg,1.0,0,0,0.0,60,/media/bendico765/Crucial X9/MRI Lesions/manifest-1728494830954/Advanced-MRI-Breast-Lesions/AMBL-577/12-20-2005-NA-MRI BREASTS - Delayed contrast-29275/600.000000-Registered Ax T2 FSE-48442,/media/bendico765/Crucial X9/MRI Lesions/manifest-1728494830954/Advanced-MRI-Breast-Lesions/AMBL-577/12-20-2005-NA-MRI BREASTS - Delayed contrast-29275/500.000000-ROI-20966/1-1.dcm,-50.32,R,"[[[0 0 0 ... 0 0 0]
  [0 0 0 ... 0 0 0]
  [0 0 0 ... 0 0 0]
  ...
  [0 0 0 ... 0 0 0]
  [0 0 0 ... 0 0 0]
  [0 0 0 ... 0 0 0]]

 [[0 0 0 ... 0 0 0]
  [0 0 0 ... 0 0 0]
  [0 0 0 ... 0 0 0]
  ...
  [0 0 0 ... 0 0 0]
  [0 0 0 ... 0 0 0]
  [0 0 0 ... 0 0 0]]

 [[0 0 0 ... 0 0 0]
  [0 0 0 ... 0 0 0]
  [0 0 0 ... 0 0 0]
  ...
  [0 0 0 ... 0 0 0]
  [0 0 0 ... 0 0 0]
  [0 0 0 ... 0 0 0]]

 ...

 [[0 0 0 ... 0 0 0]
  [0 0 0 ... 0 0 0]
  [0 0 0 ... 0 0 0]
  ...
  [0 0 0 ... 0 0 0]
  [0 0 0 ... 0 0 0]
  [0 0 0 ... 0 0 0]]

 [[0 0 0 ... 0 0 0]
  [0 0 0 ... 0 0 0]
  [0 0 0 ... 0 0 0]
  ...
  [0 0 0 ... 0 0 0]
  [0 0 0 ... 0 0 0]
  [0 0 0 ... 0 0 0]]

 [[0 0 0 ... 0 0 0]
  [0 0 0 ... 0 0 0]
  [0 0 0 ... 0 0 0]
  ...
  [0 0 0 ... 0 0 0]
  [0 0 0 ... 0 0 0]
  [0 0 0 ... 0 0 0]]]","[87, 88, 89, 90, 91, 92, 93, 94, 95]","[180, 181, 182, 183, 184, 185, 187, 188, 189, 190, 191, 192, 193, 194, 195, 196, 197, 198, 199, 200, 201, 202, 203, 204, 205, 206]","[377, 378, 379, 380, 381, 382, 383, 384, 385, 386, 387, 388, 389, 390, 391, 392, 393, 394, 395, 396, 397]",9,27,21,/media/bendico765/Crucial X9/Materiali Tesista/Roi masks/AMBL-577/ROI 0.npy,/media/bendico765/Crucial X9/Materiali Tesista/Cleaned Roi masks/AMBL-577/ROI 0.npy,0.7031,2.0,/media/bendico765/Crucial X9/MRI Lesions/manifest-1728494830954/Advanced-MRI-Breast-Lesions/AMBL-577/12-20-2005-NA-MRI BREASTS - Delayed contrast-29275/500.000000-Registered AX Sen Vibrant MultiPhase-66789,,113634.0,85337.0,85002.0,85031.0,0.004030483834063748,-0.00022264668315033338,-0.00048234159196254204,-0.0001646458350483941,0.0008557842491141245,0.00026339886386111407,-0.00014768971987279663,0.0001679702665917384,0.0004180086945808473,0.00033982914796629833,-5.882214536128562e-05,0.00023520833578342015,0.0009542659984019383,-9.455308526817203e-05,-7.308804431110463e-05,-4.357531094183622e-05
79,AMBL-578,0,1.0,2,strong,strong,neg,,100,90,0.0,40,/media/bendico765/Crucial X9/MRI Lesions/manifest-1728494830954/Advanced-MRI-Breast-Lesions/AMBL-578/12-21-2005-NA-MRI BREASTS - Delayed contrast-01821/600.000000-Registered Ax T2 FSE-52081,/media/bendico765/Crucial X9/MRI Lesions/manifest-1728494830954/Advanced-MRI-Breast-Lesions/AMBL-578/12-21-2005-NA-MRI BREASTS - Delayed contrast-01821/500.000000-ROI-65564/1-1.dcm,-0.57,R,"[[[0 0 0 ... 0 0 0]
  [0 0 0 ... 0 0 0]
  [0 0 0 ... 0 0 0]
  ...
  [0 0 0 ... 0 0 0]
  [0 0 0 ... 0 0 0]
  [0 0 0 ... 0 0 0]]

 [[0 0 0 ... 0 0 0]
  [0 0 0 ... 0 0 0]
  [0 0 0 ... 0 0 0]
  ...
  [0 0 0 ... 0 0 0]
  [0 0 0 ... 0 0 0]
  [0 0 0 ... 0 0 0]]

 [[0 0 0 ... 0 0 0]
  [0 0 0 ... 0 0 0]
  [0 0 0 ... 0 0 0]
  ...
  [0 0 0 ... 0 0 0]
  [0 0 0 ... 0 0 0]
  [0 0 0 ... 0 0 0]]

 ...

 [[0 0 0 ... 0 0 0]
  [0 0 0 ... 0 0 0]
  [0 0 0 ... 0 0 0]
  ...
  [0 0 0 ... 0 0 0]
  [0 0 0 ... 0 0 0]
  [0 0 0 ... 0 0 0]]

 [[0 0 0 ... 0 0 0]
  [0 0 0 ... 0 0 0]
  [0 0 0 ... 0 0 0]
  ...
  [0 0 0 ... 0 0 0]
  [0 0 0 ... 0 0 0]
  [0 0 0 ... 0 0 0]]

 [[0 0 0 ... 0 0 0]
  [0 0 0 ... 0 0 0]
  [0 0 0 ... 0 0 0]
  ...
  [0 0 0 ... 0 0 0]
  [0 0 0 ... 0 0 0]
  [0 0 0 ... 0 0 0]]]","[51, 52, 53, 54, 55, 56, 57, 58, 59, 60]","[175, 176, 177, 178, 179, 180, 181, 182, 183, 184, 185, 186, 187, 188, 189, 190, 191, 192, 193, 194, 195, 196, 197, 198, 199, 200, 201, 202, 203, 204, 205, 206, 207, 208, 209, 210, 211, 212, 213, 214, 215, 216, 217, 218, 219, 220, 221, 222]","[360, 361, 362, 363, 364, 365, 366, 367, 368, 369, 370, 371, 372, 373, 374, 375, 376, 377, 378, 379, 380, 381, 382, 383, 384, 385, 386, 387, 388, 389, 390, 391]",10,48,32,/media/bendico765/Crucial X9/Materiali Tesista/Roi masks/AMBL-578/ROI 0.npy,/media/bendico765/Crucial X9/Materiali Tesista/Cleaned Roi masks/AMBL-578/ROI 0.npy,0.6445,2.0,/media/bendico765/Crucial X9/MRI Lesions/manifest-1728494830954/Advanced-MRI-Breast-Lesions/AMBL-578/12-21-2005-NA-MRI BREASTS - Delayed contrast-01821/500.000000-Registered AX Sen Vibrant MultiPhase-62381,,114989.0,86753.0,86514.0,86516.0,0.003287270956352347,0.0008414694592694201,-0.0003467646854844303,0.00038143233621526653,0.001118904960260135,0.0004512376019653551,3.6697903820011784e-05,0.0002542128384476752,0.0007652905930132447,0.0004380251979758625,9.247058279584807e-05,0.00038143233621526653,0.0008091695290953917,9.653775286496125e-05,1.8868105356601342e-05,-0.0001174902580025838
80,AMBL-578,1,0.0,-1,-1,-1,-1,,-1.0,-1.0,-1.0,-1,/media/bendico765/Crucial X9/MRI Lesions/manifest-1728494830954/Advanced-MRI-Breast-Lesions/AMBL-578/12-21-2005-NA-MRI BREASTS - Delayed contrast-01821/600.000000-Registered Ax T2 FSE-52081,/media/bendico765/Crucial X9/MRI Lesions/manifest-1728494830954/Advanced-MRI-Breast-Lesions/AMBL-578/12-21-2005-NA-MRI BREASTS - Delayed contrast-01821/500.000000-ROI-65564/1-1.dcm,-42.57,L,"[[[0 0 0 ... 0 0 0]
  [0 0 0 ... 0 0 0]
  [0 0 0 ... 0 0 0]
  ...
  [0 0 0 ... 0 0 0]
  [0 0 0 ... 0 0 0]
  [0 0 0 ... 0 0 0]]

 [[0 0 0 ... 0 0 0]
  [0 0 0 ... 0 0 0]
  [0 0 0 ... 0 0 0]
  ...
  [0 0 0 ... 0 0 0]
  [0 0 0 ... 0 0 0]
  [0 0 0 ... 0 0 0]]

 [[0 0 0 ... 0 0 0]
  [0 0 0 ... 0 0 0]
  [0 0 0 ... 0 0 0]
  ...
  [0 0 0 ... 0 0 0]
  [0 0 0 ... 0 0 0]
  [0 0 0 ... 0 0 0]]

 ...

 [[0 0 0 ... 0 0 0]
  [0 0 0 ... 0 0 0]
  [0 0 0 ... 0 0 0]
  ...
  [0 0 0 ... 0 0 0]
  [0 0 0 ... 0 0 0]
  [0 0 0 ... 0 0 0]]

 [[0 0 0 ... 0 0 0]
  [0 0 0 ... 0 0 0]
  [0 0 0 ... 0 0 0]
  ...
  [0 0 0 ... 0 0 0]
  [0 0 0 ... 0 0 0]
  [0 0 0 ... 0 0 0]]

 [[0 0 0 ... 0 0 0]
  [0 0 0 ... 0 0 0]
  [0 0 0 ... 0 0 0]
  ...
  [0 0 0 ... 0 0 0]
  [0 0 0 ... 0 0 0]
  [0 0 0 ... 0 0 0]]]","[75, 76, 77, 78]","[142, 143, 144, 145, 146, 147, 148, 149, 150, 151, 152, 153, 154, 155, 156, 157, 158]","[121, 122, 123, 124, 125, 126, 127, 128, 129, 130, 131, 132, 133, 134]",4,17,14,/media/bendico765/Crucial X9/Materiali Tesista/Roi masks/AMBL-578/ROI 1.npy,/media/bendico765/Crucial X9/Materiali Tesista/Cleaned Roi masks/AMBL-578/ROI 1.npy,0.6445,2.0,/media/bendico765/Crucial X9/MRI Lesions/manifest-1728494830954/Advanced-MRI-Breast-Lesions/AMBL-578/12-21-2005-NA-MRI BREASTS - Delayed contrast-01821/500.000000-Registered AX Sen Vibrant MultiPhase-62381,,114989.0,86753.0,86514.0,86516.0,0.0017219038342798007,0.00020748562009382962,-0.0003467646854844303,0.00018493689028618984,0.0005665099693073349,0.0002966145048864576,2.555108208832651e-05,0.00022034614975565282,0.00047830662063327796,0.000357336345717151,1.1558822849481008e-05,0.0002831846132507282,0.0003204607006733464,5.7360383744369987e-05,-9.750794071646326e-05,2.809384962245852e-05
81,AMBL-580,0,1.0,2 to3,neg,neg,strong,,0,0,100.0,30,/media/bendico765/Crucial X9/MRI Lesions/manifest-1728494830954/Advanced-MRI-Breast-Lesions/AMBL-580/12-22-2005-NA-MRI BREASTS - Delayed contrast-10880/600.000000-Registered Ax T2 FSE-62016,/media/bendico765/Crucial X9/MRI Lesions/manifest-1728494830954/Advanced-MRI-Breast-Lesions/AMBL-580/12-22-2005-NA-MRI BREASTS - Delayed contrast-10880/500.000000-ROI-58022/1-1.dcm,-10.72,R,"[[[0 0 0 ... 0 0 0]
  [0 0 0 ... 0 0 0]
  [0 0 0 ... 0 0 0]
  ...
  [0 0 0 ... 0 0 0]
  [0 0 0 ... 0 0 0]
  [0 0 0 ... 0 0 0]]

 [[0 0 0 ... 0 0 0]
  [0 0 0 ... 0 0 0]
  [0 0 0 ... 0 0 0]
  ...
  [0 0 0 ... 0 0 0]
  [0 0 0 ... 0 0 0]
  [0 0 0 ... 0 0 0]]

 [[0 0 0 ... 0 0 0]
  [0 0 0 ... 0 0 0]
  [0 0 0 ... 0 0 0]
  ...
  [0 0 0 ... 0 0 0]
  [0 0 0 ... 0 0 0]
  [0 0 0 ... 0 0 0]]

 ...

 [[0 0 0 ... 0 0 0]
  [0 0 0 ... 0 0 0]
  [0 0 0 ... 0 0 0]
  ...
  [0 0 0 ... 0 0 0]
  [0 0 0 ... 0 0 0]
  [0 0 0 ... 0 0 0]]

 [[0 0 0 ... 0 0 0]
  [0 0 0 ... 0 0 0]
  [0 0 0 ... 0 0 0]
  ...
  [0 0 0 ... 0 0 0]
  [0 0 0 ... 0 0 0]
  [0 0 0 ... 0 0 0]]

 [[0 0 0 ... 0 0 0]
  [0 0 0 ... 0 0 0]
  [0 0 0 ... 0 0 0]
  ...
  [0 0 0 ... 0 0 0]
  [0 0 0 ... 0 0 0]
  [0 0 0 ... 0 0 0]]]","[53, 54, 55, 56, 57, 58, 59, 60, 61, 62, 63, 64, 65, 66, 67, 68, 69, 70, 71, 72, 73, 74, 75]","[175, 176, 177, 178, 179, 180, 181, 182, 183, 184, 185, 186, 187, 188, 189, 190, 191, 192, 193, 194, 195, 196, 197, 198, 199, 200, 201, 202, 203, 204, 205, 206, 207, 208, 209, 210, 211, 212, 213, 214, 215, 216, 217, 218, 219, 220, 221, 222, 223, 224, 225, 226, 227, 228, 229, 230, 231, 232, 233, 234, 235, 236, 237, 238, 239, 240, 241, 242, 243, 244, 245, 246, 247, 248, 249, 250, 251, 252, 253, 254, 255, 256, 257, 260, 261]","[348, 349, 350, 351, 352, 353, 354, 355, 356, 357, 358, 359, 360, 361, 362, 363, 364, 365, 366, 367, 368, 369, 370, 371, 372, 373, 374, 375, 376, 377, 378, 379, 380, 381, 382, 383, 384, 385, 386, 387, 388, 389, 390, 391, 392, 393, 394, 395, 396, 397, 398, 399, 400]",23,87,53,/media/bendico765/Crucial X9/Materiali Tesista/Roi masks/AMBL-580/ROI 0.npy,/media/bendico765/Crucial X9/Materiali Tesista/Cleaned Roi masks/AMBL-580/ROI 0.npy,0.7031,2.0,/media/bendico765/Crucial X9/MRI Lesions/manifest-1728494830954/Advanced-MRI-Breast-Lesions/AMBL-580/12-22-2005-NA-MRI BREASTS - Delayed contrast-10880/500.000000-Registered AX Sen Vibrant MultiPhase-77624,,113641.0,85211.0,85013.0,85001.0,0.006054152990557986,-0.0013613265892901151,9.410325479632526e-05,-0.0009764591004811709,0.0014599776927697726,0.00020745918127874024,7.314966492071895e-05,-1.0015964497770751e-05,0.0009415615842873611,0.0003168604992313199,0.0002470210438403538,9.411653980541405e-05,0.0011294433181453917,4.880033840547721e-05,-0.00010940196433595026,-5.236425701223469e-05
82,AMBL-581,0,1.0,3,neg,neg,-1,,0,0,-1.0,-1,/media/bendico765/Crucial X9/MRI Lesions/manifest-1728494830954/Advanced-MRI-Breast-Lesions/AMBL-581/12-29-2005-NA-MRI BREASTS - Delayed contrast-25443/600.000000-Registered Ax T2 FSE-50320,/media/bendico765/Crucial X9/MRI Lesions/manifest-1728494830954/Advanced-MRI-Breast-Lesions/AMBL-581/12-29-2005-NA-MRI BREASTS - Delayed contrast-25443/500.000000-ROI-84521/1-1.dcm,-17.79,L,"[[[0 0 0 ... 0 0 0]
  [0 0 0 ... 0 0 0]
  [0 0 0 ... 0 0 0]
  ...
  [0 0 0 ... 0 0 0]
  [0 0 0 ... 0 0 0]
  [0 0 0 ... 0 0 0]]

 [[0 0 0 ... 0 0 0]
  [0 0 0 ... 0 0 0]
  [0 0 0 ... 0 0 0]
  ...
  [0 0 0 ... 0 0 0]
  [0 0 0 ... 0 0 0]
  [0 0 0 ... 0 0 0]]

 [[0 0 0 ... 0 0 0]
  [0 0 0 ... 0 0 0]
  [0 0 0 ... 0 0 0]
  ...
  [0 0 0 ... 0 0 0]
  [0 0 0 ... 0 0 0]
  [0 0 0 ... 0 0 0]]

 ...

 [[0 0 0 ... 0 0 0]
  [0 0 0 ... 0 0 0]
  [0 0 0 ... 0 0 0]
  ...
  [0 0 0 ... 0 0 0]
  [0 0 0 ... 0 0 0]
  [0 0 0 ... 0 0 0]]

 [[0 0 0 ... 0 0 0]
  [0 0 0 ... 0 0 0]
  [0 0 0 ... 0 0 0]
  ...
  [0 0 0 ... 0 0 0]
  [0 0 0 ... 0 0 0]
  [0 0 0 ... 0 0 0]]

 [[0 0 0 ... 0 0 0]
  [0 0 0 ... 0 0 0]
  [0 0 0 ... 0 0 0]
  ...
  [0 0 0 ... 0 0 0]
  [0 0 0 ... 0 0 0]
  [0 0 0 ... 0 0 0]]]","[61, 62, 63, 64, 65, 66, 67, 68, 69, 70]","[222, 223, 224, 225, 226, 227, 228, 229, 230, 231, 232, 233, 234, 235, 236, 237, 238, 239, 240, 241, 242, 243, 244, 245, 246, 247, 248, 249, 250, 251, 252, 253, 254, 255, 256, 257, 258, 259, 260, 261, 262, 263, 264, 265, 266, 267, 268, 269, 270, 271, 272, 273]","[113, 114, 115, 116, 117, 118, 119, 120, 121, 122, 123, 124, 125, 126, 127, 128, 129, 130, 131, 132, 133, 134, 135, 136, 137, 138, 139, 140, 141]",10,52,29,/media/bendico765/Crucial X9/Materiali Tesista/Roi masks/AMBL-581/ROI 0.npy,/media/bendico765/Crucial X9/Materiali Tesista/Cleaned Roi masks/AMBL-581/ROI 0.npy,0.6641,2.0,/media/bendico765/Crucial X9/MRI Lesions/manifest-1728494830954/Advanced-MRI-Breast-Lesions/AMBL-581/12-29-2005-NA-MRI BREASTS - Delayed contrast-25443/500.000000-Registered AX Sen Vibrant MultiPhase-30212,,114585.0,86014.0,86480.0,86521.0,0.0012043461186019113,0.00022089427302532147,-0.0003469010175763182,3.4673663041342565e-05,0.0006286457025093884,0.0003100681488934819,0.00011257383685566378,-3.542704837384874e-06,0.000610900205087926,0.0003022763736135978,0.00011563367252543941,2.311577536089504e-05,0.00032988805757555687,-3.128249383456054e-05,4.321905719086365e-06,2.8177737604867123e-05
83,AMBL-582,0,1.0,2,pos,pos,neg,,-1,-1,-1.0,15,/media/bendico765/Crucial X9/MRI Lesions/manifest-1728494830954/Advanced-MRI-Breast-Lesions/AMBL-582/12-30-2005-NA-MRI BREASTS - Delayed contrast-98705/600.000000-Registered Ax T2 FSE-87092,/media/bendico765/Crucial X9/MRI Lesions/manifest-1728494830954/Advanced-MRI-Breast-Lesions/AMBL-582/12-30-2005-NA-MRI BREASTS - Delayed contrast-98705/500.000000-ROI-79742/1-1.dcm,-23.0,R,"[[[0 0 0 ... 0 0 0]
  [0 0 0 ... 0 0 0]
  [0 0 0 ... 0 0 0]
  ...
  [0 0 0 ... 0 0 0]
  [0 0 0 ... 0 0 0]
  [0 0 0 ... 0 0 0]]

 [[0 0 0 ... 0 0 0]
  [0 0 0 ... 0 0 0]
  [0 0 0 ... 0 0 0]
  ...
  [0 0 0 ... 0 0 0]
  [0 0 0 ... 0 0 0]
  [0 0 0 ... 0 0 0]]

 [[0 0 0 ... 0 0 0]
  [0 0 0 ... 0 0 0]
  [0 0 0 ... 0 0 0]
  ...
  [0 0 0 ... 0 0 0]
  [0 0 0 ... 0 0 0]
  [0 0 0 ... 0 0 0]]

 ...

 [[0 0 0 ... 0 0 0]
  [0 0 0 ... 0 0 0]
  [0 0 0 ... 0 0 0]
  ...
  [0 0 0 ... 0 0 0]
  [0 0 0 ... 0 0 0]
  [0 0 0 ... 0 0 0]]

 [[0 0 0 ... 0 0 0]
  [0 0 0 ... 0 0 0]
  [0 0 0 ... 0 0 0]
  ...
  [0 0 0 ... 0 0 0]
  [0 0 0 ... 0 0 0]
  [0 0 0 ... 0 0 0]]

 [[0 0 0 ... 0 0 0]
  [0 0 0 ... 0 0 0]
  [0 0 0 ... 0 0 0]
  ...
  [0 0 0 ... 0 0 0]
  [0 0 0 ... 0 0 0]
  [0 0 0 ... 0 0 0]]]","[58, 59, 60, 61, 62, 63, 64, 65, 66, 67, 68, 69, 70, 71, 72]","[175, 176, 177, 179, 180, 181, 182, 183, 184, 185, 186, 187, 188, 189, 190, 191, 192, 193, 194, 195, 196, 197, 198, 199, 200, 201, 202, 203, 204, 205, 206, 207, 208, 209, 210, 211, 212, 213, 214, 215, 216, 217, 218, 219, 220, 221, 222, 223, 224, 225, 226, 227, 228, 229, 230, 231, 232, 233, 234]","[335, 336, 337, 338, 339, 340, 341, 342, 343, 344, 345, 346, 347, 348, 349, 350, 351, 352, 353, 354, 355, 356, 357, 358, 359, 360, 361, 362, 363, 364, 365, 366, 367, 368, 369, 370, 371, 372, 373, 374, 375, 376, 377, 378, 379, 380, 381, 382, 383, 384, 385, 386, 387, 388, 389, 390, 391, 392, 393, 394, 395, 396, 397, 398, 399, 400, 401, 402, 403]",15,60,69,/media/bendico765/Crucial X9/Materiali Tesista/Roi masks/AMBL-582/ROI 0.npy,/media/bendico765/Crucial X9/Materiali Tesista/Cleaned Roi masks/AMBL-582/ROI 0.npy,0.6836,2.0,/media/bendico765/Crucial X9/MRI Lesions/manifest-1728494830954/Advanced-MRI-Breast-Lesions/AMBL-582/12-30-2005-NA-MRI BREASTS - Delayed contrast-98705/500.000000-Registered AX Sen Vibrant MultiPhase-38534,,113961.0,85789.0,85512.0,86016.0,0.00283430296329446,-0.00026809963981396217,-0.0003742164842361306,-0.0003603980654761905,0.0009208861733038775,0.0002932268182595979,1.0441762465703487e-05,5.2593578105139405e-05,0.0007195444055422469,0.00031472566412943387,0.00012863691645616988,0.00011625744047619047,0.0005582126569569996,-8.136481432946561e-05,-3.4309508367775264e-05,-6.645281213529114e-05
84,AMBL-583,0,1.0,2,strong,strong,neg,,100,10,10.0,15,/media/bendico765/Crucial X9/MRI Lesions/manifest-1728494830954/Advanced-MRI-Breast-Lesions/AMBL-583/01-04-2006-NA-MRI BREASTS - Delayed contrast-14463/600.000000-Registered Ax T2 FSE-25349,/media/bendico765/Crucial X9/MRI Lesions/manifest-1728494830954/Advanced-MRI-Breast-Lesions/AMBL-583/01-04-2006-NA-MRI BREASTS - Delayed contrast-14463/500.000000-ROI-96917/1-1.dcm,-23.74,R,"[[[0 0 0 ... 0 0 0]
  [0 0 0 ... 0 0 0]
  [0 0 0 ... 0 0 0]
  ...
  [0 0 0 ... 0 0 0]
  [0 0 0 ... 0 0 0]
  [0 0 0 ... 0 0 0]]

 [[0 0 0 ... 0 0 0]
  [0 0 0 ... 0 0 0]
  [0 0 0 ... 0 0 0]
  ...
  [0 0 0 ... 0 0 0]
  [0 0 0 ... 0 0 0]
  [0 0 0 ... 0 0 0]]

 [[0 0 0 ... 0 0 0]
  [0 0 0 ... 0 0 0]
  [0 0 0 ... 0 0 0]
  ...
  [0 0 0 ... 0 0 0]
  [0 0 0 ... 0 0 0]
  [0 0 0 ... 0 0 0]]

 ...

 [[0 0 0 ... 0 0 0]
  [0 0 0 ... 0 0 0]
  [0 0 0 ... 0 0 0]
  ...
  [0 0 0 ... 0 0 0]
  [0 0 0 ... 0 0 0]
  [0 0 0 ... 0 0 0]]

 [[0 0 0 ... 0 0 0]
  [0 0 0 ... 0 0 0]
  [0 0 0 ... 0 0 0]
  ...
  [0 0 0 ... 0 0 0]
  [0 0 0 ... 0 0 0]
  [0 0 0 ... 0 0 0]]

 [[0 0 0 ... 0 0 0]
  [0 0 0 ... 0 0 0]
  [0 0 0 ... 0 0 0]
  ...
  [0 0 0 ... 0 0 0]
  [0 0 0 ... 0 0 0]
  [0 0 0 ... 0 0 0]]]","[64, 65, 66, 67, 68, 69, 70, 71, 72, 73]","[161, 162, 163, 164, 165, 166, 167, 168, 169, 170, 171, 172, 173, 174, 175, 176, 177, 178, 179, 180, 181, 182, 183, 184, 185, 186, 187, 188, 189, 190, 191, 192, 193, 194, 195, 196, 197, 198, 199, 200, 201, 202, 203, 204, 205, 206, 207, 208, 209, 210, 211, 212]","[369, 370, 371, 372, 373, 374, 375, 376, 377, 378, 379, 380, 381, 382, 383, 384, 385, 386, 387, 388, 389, 390, 391, 392, 393, 394, 395, 396, 397, 398, 399, 400, 401, 402, 403, 404, 405]",10,52,37,/media/bendico765/Crucial X9/Materiali Tesista/Roi masks/AMBL-583/ROI 0.npy,/media/bendico765/Crucial X9/Materiali Tesista/Cleaned Roi masks/AMBL-583/ROI 0.npy,0.6641,2.0,/media/bendico765/Crucial X9/MRI Lesions/manifest-1728494830954/Advanced-MRI-Breast-Lesions/AMBL-583/01-04-2006-NA-MRI BREASTS - Delayed contrast-14463/500.000000-Registered AX Sen Vibrant MultiPhase-22986,,114575.0,86097.0,85987.0,86001.0,0.0036395374209033386,-5.80740327769841e-05,-0.00044192726807540676,0.00019767212009162683,0.0009421030484251815,0.0005527328646416084,-8.371368273374656e-06,7.70375216525411e-05,0.0006895046912502727,0.0005923551343252378,6.977798969611685e-05,0.00020929989186172252,0.0007578583894058589,-2.4271251347346096e-05,-3.556503386550805e-05,1.8314344322265227e-05
85,AMBL-583,2,0.0,-1.0,-1,-1,-1,,-1.0,-1.0,-1.0,-1,/media/bendico765/Crucial X9/MRI Lesions/manifest-1728494830954/Advanced-MRI-Breast-Lesions/AMBL-583/01-04-2006-NA-MRI BREASTS - Delayed contrast-14463/600.000000-Registered Ax T2 FSE-25349,/media/bendico765/Crucial X9/MRI Lesions/manifest-1728494830954/Advanced-MRI-Breast-Lesions/AMBL-583/01-04-2006-NA-MRI BREASTS - Delayed contrast-14463/500.000000-ROI-96917/1-1.dcm,-43.74,L,"[[[0 0 0 ... 0 0 0]
  [0 0 0 ... 0 0 0]
  [0 0 0 ... 0 0 0]
  ...
  [0 0 0 ... 0 0 0]
  [0 0 0 ... 0 0 0]
  [0 0 0 ... 0 0 0]]

 [[0 0 0 ... 0 0 0]
  [0 0 0 ... 0 0 0]
  [0 0 0 ... 0 0 0]
  ...
  [0 0 0 ... 0 0 0]
  [0 0 0 ... 0 0 0]
  [0 0 0 ... 0 0 0]]

 [[0 0 0 ... 0 0 0]
  [0 0 0 ... 0 0 0]
  [0 0 0 ... 0 0 0]
  ...
  [0 0 0 ... 0 0 0]
  [0 0 0 ... 0 0 0]
  [0 0 0 ... 0 0 0]]

 ...

 [[0 0 0 ... 0 0 0]
  [0 0 0 ... 0 0 0]
  [0 0 0 ... 0 0 0]
  ...
  [0 0 0 ... 0 0 0]
  [0 0 0 ... 0 0 0]
  [0 0 0 ... 0 0 0]]

 [[0 0 0 ... 0 0 0]
  [0 0 0 ... 0 0 0]
  [0 0 0 ... 0 0 0]
  ...
  [0 0 0 ... 0 0 0]
  [0 0 0 ... 0 0 0]
  [0 0 0 ... 0 0 0]]

 [[0 0 0 ... 0 0 0]
  [0 0 0 ... 0 0 0]
  [0 0 0 ... 0 0 0]
  ...
  [0 0 0 ... 0 0 0]
  [0 0 0 ... 0 0 0]
  [0 0 0 ... 0 0 0]]]","[75, 76, 77, 78, 79, 80, 81]","[102, 104, 105, 106, 107, 108, 109, 110, 111, 112, 113, 114, 115, 116, 117, 118, 119, 120, 121, 122, 123, 124, 125, 126, 127, 128, 129, 130, 131, 132, 133, 134, 135, 136, 137, 138, 139, 140, 141, 142, 143]","[157, 158, 159, 160, 161, 162, 163, 164, 165, 166, 167, 168, 169, 170, 171, 172, 173, 174, 175, 176, 177, 178, 179, 180, 181, 182, 183, 184, 185, 186, 187, 188, 189, 190, 191, 192, 193, 194, 195, 196]",7,42,40,/media/bendico765/Crucial X9/Materiali Tesista/Roi masks/AMBL-583/ROI 1.npy,/media/bendico765/Crucial X9/Materiali Tesista/Cleaned Roi masks/AMBL-583/ROI 1.npy,0.6641,2.0,/media/bendico765/Crucial X9/MRI Lesions/manifest-1728494830954/Advanced-MRI-Breast-Lesions/AMBL-583/01-04-2006-NA-MRI BREASTS - Delayed contrast-14463/500.000000-Registered AX Sen Vibrant MultiPhase-22986,,114575.0,86097.0,85987.0,86001.0,0.002758018765001091,-0.0009524141375425393,-0.0001511856443415865,-9.302217416076557e-05,0.00043945231565352367,0.00036313989212925616,0.0001815053250034422,3.796402321076992e-05,0.0004363953742090334,0.00036586640649499983,0.00019188947166432136,5.8138858850478486e-05,0.00026038218510340654,-7.797600657644969e-05,3.4493739763649436e-05,3.400265726843605e-05
86,AMBL-584,0,1.0,1,Moderate to strong,strong,neg,,90,100,10.0,5,/media/bendico765/Crucial X9/MRI Lesions/manifest-1728494830954/Advanced-MRI-Breast-Lesions/AMBL-584/01-10-2006-NA-MRI BREASTS - Delayed contrast-74775/600.000000-Registered Ax T2 FSE-10673,/media/bendico765/Crucial X9/MRI Lesions/manifest-1728494830954/Advanced-MRI-Breast-Lesions/AMBL-584/01-10-2006-NA-MRI BREASTS - Delayed contrast-74775/500.000000-ROI-16506/1-1.dcm,11.62,R,"[[[0 0 0 ... 0 0 0]
  [0 0 0 ... 0 0 0]
  [0 0 0 ... 0 0 0]
  ...
  [0 0 0 ... 0 0 0]
  [0 0 0 ... 0 0 0]
  [0 0 0 ... 0 0 0]]

 [[0 0 0 ... 0 0 0]
  [0 0 0 ... 0 0 0]
  [0 0 0 ... 0 0 0]
  ...
  [0 0 0 ... 0 0 0]
  [0 0 0 ... 0 0 0]
  [0 0 0 ... 0 0 0]]

 [[0 0 0 ... 0 0 0]
  [0 0 0 ... 0 0 0]
  [0 0 0 ... 0 0 0]
  ...
  [0 0 0 ... 0 0 0]
  [0 0 0 ... 0 0 0]
  [0 0 0 ... 0 0 0]]

 ...

 [[0 0 0 ... 0 0 0]
  [0 0 0 ... 0 0 0]
  [0 0 0 ... 0 0 0]
  ...
  [0 0 0 ... 0 0 0]
  [0 0 0 ... 0 0 0]
  [0 0 0 ... 0 0 0]]

 [[0 0 0 ... 0 0 0]
  [0 0 0 ... 0 0 0]
  [0 0 0 ... 0 0 0]
  ...
  [0 0 0 ... 0 0 0]
  [0 0 0 ... 0 0 0]
  [0 0 0 ... 0 0 0]]

 [[0 0 0 ... 0 0 0]
  [0 0 0 ... 0 0 0]
  [0 0 0 ... 0 0 0]
  ...
  [0 0 0 ... 0 0 0]
  [0 0 0 ... 0 0 0]
  [0 0 0 ... 0 0 0]]]","[33, 34, 35, 36, 37, 38, 41, 42, 43, 44, 45, 46, 47, 48, 49, 50, 51]","[195, 196, 197, 198, 199, 200, 201, 202, 203, 204, 205, 206, 207, 208, 209, 210, 211, 212, 213, 214, 215, 216, 217, 218, 219, 220, 221, 222, 223, 224, 225, 226, 227, 228, 229, 230, 231, 232, 233, 234, 235, 236, 237, 238, 239, 240, 241, 242, 243, 244, 245, 246, 247, 248, 249, 250, 251, 252, 253, 254, 255, 256, 257, 258, 259, 260, 261, 262, 263, 264, 265, 266, 267, 268, 269, 270, 271, 272, 273, 274, 275, 276]","[329, 330, 331, 332, 333, 334, 335, 336, 337, 338, 339, 340, 341, 342, 343, 344, 345, 346, 347, 348, 349, 350, 351, 352, 353, 354, 355, 356, 357, 358, 359, 360, 361, 362, 363, 364, 365, 366, 367, 368, 369, 370, 371, 372, 373, 374, 375, 376]",19,82,48,/media/bendico765/Crucial X9/Materiali Tesista/Roi masks/AMBL-584/ROI 0.npy,/media/bendico765/Crucial X9/Materiali Tesista/Cleaned Roi masks/AMBL-584/ROI 0.npy,0.6641,2.0,/media/bendico765/Crucial X9/MRI Lesions/manifest-1728494830954/Advanced-MRI-Breast-Lesions/AMBL-584/01-10-2006-NA-MRI BREASTS - Delayed contrast-74775/500.000000-Registered AX Sen Vibrant MultiPhase-53845,,114579.0,86351.0,86006.0,86489.0,0.004084518105411986,-0.0007411610751467847,-8.138967048810548e-05,-0.00043936223103516057,0.0008181355620347847,0.0003540101918705319,0.00023510135630252775,7.888431706140703e-06,0.0006196597980432715,0.00031267732857754975,0.0002906773946003767,4.6248655898437954e-05,0.0005458598415659613,7.378757203288058e-05,-1.829148333821641e-05,-2.3464215244534227e-05
87,AMBL-585,0,1.0,-1,pos,pos,pos,,30,100,-1.0,50 to 60,/media/bendico765/Crucial X9/MRI Lesions/manifest-1728494830954/Advanced-MRI-Breast-Lesions/AMBL-585/01-12-2006-NA-MRI BREASTS - Delayed contrast-41589/600.000000-Registered Ax T2 FSE-29653,/media/bendico765/Crucial X9/MRI Lesions/manifest-1728494830954/Advanced-MRI-Breast-Lesions/AMBL-585/01-12-2006-NA-MRI BREASTS - Delayed contrast-41589/500.000000-ROI-05032/1-1.dcm,0.16,R,"[[[0 0 0 ... 0 0 0]
  [0 0 0 ... 0 0 0]
  [0 0 0 ... 0 0 0]
  ...
  [0 0 0 ... 0 0 0]
  [0 0 0 ... 0 0 0]
  [0 0 0 ... 0 0 0]]

 [[0 0 0 ... 0 0 0]
  [0 0 0 ... 0 0 0]
  [0 0 0 ... 0 0 0]
  ...
  [0 0 0 ... 0 0 0]
  [0 0 0 ... 0 0 0]
  [0 0 0 ... 0 0 0]]

 [[0 0 0 ... 0 0 0]
  [0 0 0 ... 0 0 0]
  [0 0 0 ... 0 0 0]
  ...
  [0 0 0 ... 0 0 0]
  [0 0 0 ... 0 0 0]
  [0 0 0 ... 0 0 0]]

 ...

 [[0 0 0 ... 0 0 0]
  [0 0 0 ... 0 0 0]
  [0 0 0 ... 0 0 0]
  ...
  [0 0 0 ... 0 0 0]
  [0 0 0 ... 0 0 0]
  [0 0 0 ... 0 0 0]]

 [[0 0 0 ... 0 0 0]
  [0 0 0 ... 0 0 0]
  [0 0 0 ... 0 0 0]
  ...
  [0 0 0 ... 0 0 0]
  [0 0 0 ... 0 0 0]
  [0 0 0 ... 0 0 0]]

 [[0 0 0 ... 0 0 0]
  [0 0 0 ... 0 0 0]
  [0 0 0 ... 0 0 0]
  ...
  [0 0 0 ... 0 0 0]
  [0 0 0 ... 0 0 0]
  [0 0 0 ... 0 0 0]]]","[56, 57, 58, 59, 60, 61, 62]","[186, 187, 188, 189, 190, 191, 192, 193, 194, 195, 196, 197, 198, 199, 200, 201, 202, 203, 204, 205, 206, 207, 208, 209, 210, 211]","[330, 331, 332, 333, 334, 335, 336, 337, 338, 339, 340, 341, 342, 343, 344, 345, 346, 347]",7,26,18,/media/bendico765/Crucial X9/Materiali Tesista/Roi masks/AMBL-585/ROI 0.npy,/media/bendico765/Crucial X9/Materiali Tesista/Cleaned Roi masks/AMBL-585/ROI 0.npy,0.6641,2.0,/media/bendico765/Crucial X9/MRI Lesions/manifest-1728494830954/Advanced-MRI-Breast-Lesions/AMBL-585/01-12-2006-NA-MRI BREASTS - Delayed contrast-41589/500.000000-Registered AX Sen Vibrant MultiPhase-27345,,114571.0,85943.0,85999.0,85993.0,0.0028192125406952895,-0.0010006632302805348,3.488412655961116e-05,0.0,0.0008045672882707511,9.359568788283052e-05,-3.5767517496686106e-05,-2.1314111359825257e-05,0.000628431278421241,0.0002559836170485089,-3.488412655961116e-05,-3.4886560533996956e-05,0.0005792378006967063,-0.00023646696159116028,-3.3783243342865374e-05,2.4723472158986056e-05
88,AMBL-585,1,1.0,3,Moderate to strong,neg,-1,,80.0,0.0,-1.0,-1,/media/bendico765/Crucial X9/MRI Lesions/manifest-1728494830954/Advanced-MRI-Breast-Lesions/AMBL-585/01-12-2006-NA-MRI BREASTS - Delayed contrast-41589/600.000000-Registered Ax T2 FSE-29653,/media/bendico765/Crucial X9/MRI Lesions/manifest-1728494830954/Advanced-MRI-Breast-Lesions/AMBL-585/01-12-2006-NA-MRI BREASTS - Delayed contrast-41589/500.000000-ROI-05032/1-1.dcm,-15.84,R,"[[[0 0 0 ... 0 0 0]
  [0 0 0 ... 0 0 0]
  [0 0 0 ... 0 0 0]
  ...
  [0 0 0 ... 0 0 0]
  [0 0 0 ... 0 0 0]
  [0 0 0 ... 0 0 0]]

 [[0 0 0 ... 0 0 0]
  [0 0 0 ... 0 0 0]
  [0 0 0 ... 0 0 0]
  ...
  [0 0 0 ... 0 0 0]
  [0 0 0 ... 0 0 0]
  [0 0 0 ... 0 0 0]]

 [[0 0 0 ... 0 0 0]
  [0 0 0 ... 0 0 0]
  [0 0 0 ... 0 0 0]
  ...
  [0 0 0 ... 0 0 0]
  [0 0 0 ... 0 0 0]
  [0 0 0 ... 0 0 0]]

 ...

 [[0 0 0 ... 0 0 0]
  [0 0 0 ... 0 0 0]
  [0 0 0 ... 0 0 0]
  ...
  [0 0 0 ... 0 0 0]
  [0 0 0 ... 0 0 0]
  [0 0 0 ... 0 0 0]]

 [[0 0 0 ... 0 0 0]
  [0 0 0 ... 0 0 0]
  [0 0 0 ... 0 0 0]
  ...
  [0 0 0 ... 0 0 0]
  [0 0 0 ... 0 0 0]
  [0 0 0 ... 0 0 0]]

 [[0 0 0 ... 0 0 0]
  [0 0 0 ... 0 0 0]
  [0 0 0 ... 0 0 0]
  ...
  [0 0 0 ... 0 0 0]
  [0 0 0 ... 0 0 0]
  [0 0 0 ... 0 0 0]]]","[64, 65, 66, 67, 68, 69, 70, 71, 72, 73]","[126, 127, 128, 129, 130, 131, 132, 133, 134, 135, 136, 137, 138, 139, 140, 141, 142, 143, 144, 145, 146, 147, 148, 149, 150, 151, 152, 153, 154, 155, 156, 157, 158, 159, 160, 161, 162, 163, 164, 165, 166, 167, 168, 169, 170, 171, 172, 173, 174, 175, 176, 177, 178, 179, 180, 181, 182, 183, 184, 185, 186, 188]","[338, 339, 340, 341, 342, 343, 344, 345, 346, 347, 348, 349, 350, 351, 352, 353, 354, 355, 356, 357, 358, 359, 360, 361, 362, 363, 364, 365, 366, 367, 368, 369, 370, 371, 372, 373, 374, 375]",10,63,38,/media/bendico765/Crucial X9/Materiali Tesista/Roi masks/AMBL-585/ROI 1.npy,/media/bendico765/Crucial X9/Materiali Tesista/Cleaned Roi masks/AMBL-585/ROI 1.npy,0.6641,2.0,/media/bendico765/Crucial X9/MRI Lesions/manifest-1728494830954/Advanced-MRI-Breast-Lesions/AMBL-585/01-12-2006-NA-MRI BREASTS - Delayed contrast-41589/500.000000-Registered AX Sen Vibrant MultiPhase-27345,,114571.0,85943.0,85999.0,85993.0,0.002662104721089979,0.0006515946615780226,0.0,-0.0005581849685439513,0.0005476133333097048,0.0002823039611819854,0.00013701452289514065,1.2169473835863117e-05,0.0005062363076171108,0.00023271237913500807,0.0001511645484249817,0.0,0.00033109034387190434,7.643986785492626e-05,2.931516505261293e-05,-3.498942436227779e-05
89,AMBL-586,0,1.0,2,strong,moderate,neg,,100,40,0.0,15,/media/bendico765/Crucial X9/MRI Lesions/manifest-1728494830954/Advanced-MRI-Breast-Lesions/AMBL-586/01-17-2006-NA-MRI BREASTS - Delayed contrast-25061/600.000000-Registered Ax T2 FSE-09696,/media/bendico765/Crucial X9/MRI Lesions/manifest-1728494830954/Advanced-MRI-Breast-Lesions/AMBL-586/01-17-2006-NA-MRI BREASTS - Delayed contrast-25061/500.000000-ROI-63529/1-1.dcm,-2.12,L,"[[[0 0 0 ... 0 0 0]
  [0 0 0 ... 0 0 0]
  [0 0 0 ... 0 0 0]
  ...
  [0 0 0 ... 0 0 0]
  [0 0 0 ... 0 0 0]
  [0 0 0 ... 0 0 0]]

 [[0 0 0 ... 0 0 0]
  [0 0 0 ... 0 0 0]
  [0 0 0 ... 0 0 0]
  ...
  [0 0 0 ... 0 0 0]
  [0 0 0 ... 0 0 0]
  [0 0 0 ... 0 0 0]]

 [[0 0 0 ... 0 0 0]
  [0 0 0 ... 0 0 0]
  [0 0 0 ... 0 0 0]
  ...
  [0 0 0 ... 0 0 0]
  [0 0 0 ... 0 0 0]
  [0 0 0 ... 0 0 0]]

 ...

 [[0 0 0 ... 0 0 0]
  [0 0 0 ... 0 0 0]
  [0 0 0 ... 0 0 0]
  ...
  [0 0 0 ... 0 0 0]
  [0 0 0 ... 0 0 0]
  [0 0 0 ... 0 0 0]]

 [[0 0 0 ... 0 0 0]
  [0 0 0 ... 0 0 0]
  [0 0 0 ... 0 0 0]
  ...
  [0 0 0 ... 0 0 0]
  [0 0 0 ... 0 0 0]
  [0 0 0 ... 0 0 0]]

 [[0 0 0 ... 0 0 0]
  [0 0 0 ... 0 0 0]
  [0 0 0 ... 0 0 0]
  ...
  [0 0 0 ... 0 0 0]
  [0 0 0 ... 0 0 0]
  [0 0 0 ... 0 0 0]]]","[57, 58, 59, 60, 61, 62, 63, 64, 65, 66]","[191, 192, 193, 194, 195, 196, 197, 198, 199, 200, 201, 202, 203, 204, 205, 206, 207, 208, 209, 210, 211, 212, 213, 214, 215, 216]","[127, 128, 129, 130, 131, 132, 133, 134, 135, 136, 137, 138, 139, 140, 141, 142, 143, 144, 145, 146, 147, 148, 149, 150, 151, 152, 153, 154, 155]",10,26,29,/media/bendico765/Crucial X9/Materiali Tesista/Roi masks/AMBL-586/ROI 0.npy,/media/bendico765/Crucial X9/Materiali Tesista/Cleaned Roi masks/AMBL-586/ROI 0.npy,0.6641,2.0,/media/bendico765/Crucial X9/MRI Lesions/manifest-1728494830954/Advanced-MRI-Breast-Lesions/AMBL-586/01-17-2006-NA-MRI BREASTS - Delayed contrast-25061/500.000000-Registered AX Sen Vibrant MultiPhase-87932,,114572.0,86268.0,86004.0,86012.0,0.0021034807806444857,0.0001506931886678722,0.00015115576019720012,0.0,0.0006225113650732123,0.0005690041097858034,0.0003072395890236513,5.496507448390064e-05,0.0005149600251370317,0.0005911809709278063,0.00034882098507046184,0.00011626284704459842,0.0003454373223175452,0.00024371253722501113,5.952194460094e-05,-2.768621785658566e-05
90,AMBL-587,0,1.0,3,neg,neg,neg,1.0,0,0,0.0,-1,/media/bendico765/Crucial X9/MRI Lesions/manifest-1728494830954/Advanced-MRI-Breast-Lesions/AMBL-587/01-21-2006-NA-MRI BREASTS - Delayed contrast-87561/600.000000-Registered Ax T2 FSE-60740,/media/bendico765/Crucial X9/MRI Lesions/manifest-1728494830954/Advanced-MRI-Breast-Lesions/AMBL-587/01-21-2006-NA-MRI BREASTS - Delayed contrast-87561/500.000000-ROI-08179/1-1.dcm,19.88,L,"[[[0 0 0 ... 0 0 0]
  [0 0 0 ... 0 0 0]
  [0 0 0 ... 0 0 0]
  ...
  [0 0 0 ... 0 0 0]
  [0 0 0 ... 0 0 0]
  [0 0 0 ... 0 0 0]]

 [[0 0 0 ... 0 0 0]
  [0 0 0 ... 0 0 0]
  [0 0 0 ... 0 0 0]
  ...
  [0 0 0 ... 0 0 0]
  [0 0 0 ... 0 0 0]
  [0 0 0 ... 0 0 0]]

 [[0 0 0 ... 0 0 0]
  [0 0 0 ... 0 0 0]
  [0 0 0 ... 0 0 0]
  ...
  [0 0 0 ... 0 0 0]
  [0 0 0 ... 0 0 0]
  [0 0 0 ... 0 0 0]]

 ...

 [[0 0 0 ... 0 0 0]
  [0 0 0 ... 0 0 0]
  [0 0 0 ... 0 0 0]
  ...
  [0 0 0 ... 0 0 0]
  [0 0 0 ... 0 0 0]
  [0 0 0 ... 0 0 0]]

 [[0 0 0 ... 0 0 0]
  [0 0 0 ... 0 0 0]
  [0 0 0 ... 0 0 0]
  ...
  [0 0 0 ... 0 0 0]
  [0 0 0 ... 0 0 0]
  [0 0 0 ... 0 0 0]]

 [[0 0 0 ... 0 0 0]
  [0 0 0 ... 0 0 0]
  [0 0 0 ... 0 0 0]
  ...
  [0 0 0 ... 0 0 0]
  [0 0 0 ... 0 0 0]
  [0 0 0 ... 0 0 0]]]","[44, 45, 46, 47, 48, 49, 50, 51, 52, 53, 54, 55, 56, 57, 58, 59, 60, 61, 62, 63, 64, 65, 66, 67, 68]","[138, 139, 140, 141, 142, 143, 144, 145, 146, 147, 148, 149, 150, 151, 152, 153, 154, 155, 156, 157, 158, 159, 160, 161, 162, 163, 164, 165, 166, 167, 168, 169, 170, 171, 172, 173, 174, 175, 176, 177, 178, 179, 180, 181, 182, 183, 184, 185, 186, 187, 188, 189, 190, 191, 192, 193, 194, 195, 196, 197, 198, 199, 200, 201, 202, 203, 204, 205, 206, 207, 208, 209, 210, 211, 212, 213, 214, 215, 216, 217, 218, 219, 220, 221, 222, 223, 224, 225, 226]","[146, 147, 148, 149, 150, 151, 152, 153, 154, 155, 156, 157, 158, 159, 160, 161, 162, 163, 164, 165, 166, 167, 168, 169, 170, 171, 172, 173, 174, 175, 176, 177, 178, 179, 180, 181, 182, 183, 184, 185, 186, 187, 188, 189, 190, 191, 192, 193, 194, 195, 196, 197, 198, 199, 200, 201, 202, 203, 204]",25,89,59,/media/bendico765/Crucial X9/Materiali Tesista/Roi masks/AMBL-587/ROI 0.npy,/media/bendico765/Crucial X9/Materiali Tesista/Cleaned Roi masks/AMBL-587/ROI 0.npy,0.6836,2.0,/media/bendico765/Crucial X9/MRI Lesions/manifest-1728494830954/Advanced-MRI-Breast-Lesions/AMBL-587/01-21-2006-NA-MRI BREASTS - Delayed contrast-87561/500.000000-Registered AX Sen Vibrant MultiPhase-25175,,113996.0,85532.0,85865.0,85483.0,0.002614126811467069,0.0008417902071739232,0.0002678623420485646,-0.0004562310634863072,0.000901625653020606,0.0005954165838476792,0.00021505973332764273,4.321585981949222e-05,0.0007105512474121899,0.0006313426553804424,0.0003028009084027252,0.00010528409157376321,0.0005167706529963915,0.0001679574594872427,-3.3677298381065234e-05,-8.673943597097159e-05
91,AMBL-587,1,0.0,-1,-1,-1,-1,,-1.0,-1.0,-1.0,-1,/media/bendico765/Crucial X9/MRI Lesions/manifest-1728494830954/Advanced-MRI-Breast-Lesions/AMBL-587/01-21-2006-NA-MRI BREASTS - Delayed contrast-87561/600.000000-Registered Ax T2 FSE-60740,/media/bendico765/Crucial X9/MRI Lesions/manifest-1728494830954/Advanced-MRI-Breast-Lesions/AMBL-587/01-21-2006-NA-MRI BREASTS - Delayed contrast-87561/500.000000-ROI-08179/1-1.dcm,-30.12,L,"[[[0 0 0 ... 0 0 0]
  [0 0 0 ... 0 0 0]
  [0 0 0 ... 0 0 0]
  ...
  [0 0 0 ... 0 0 0]
  [0 0 0 ... 0 0 0]
  [0 0 0 ... 0 0 0]]

 [[0 0 0 ... 0 0 0]
  [0 0 0 ... 0 0 0]
  [0 0 0 ... 0 0 0]
  ...
  [0 0 0 ... 0 0 0]
  [0 0 0 ... 0 0 0]
  [0 0 0 ... 0 0 0]]

 [[0 0 0 ... 0 0 0]
  [0 0 0 ... 0 0 0]
  [0 0 0 ... 0 0 0]
  ...
  [0 0 0 ... 0 0 0]
  [0 0 0 ... 0 0 0]
  [0 0 0 ... 0 0 0]]

 ...

 [[0 0 0 ... 0 0 0]
  [0 0 0 ... 0 0 0]
  [0 0 0 ... 0 0 0]
  ...
  [0 0 0 ... 0 0 0]
  [0 0 0 ... 0 0 0]
  [0 0 0 ... 0 0 0]]

 [[0 0 0 ... 0 0 0]
  [0 0 0 ... 0 0 0]
  [0 0 0 ... 0 0 0]
  ...
  [0 0 0 ... 0 0 0]
  [0 0 0 ... 0 0 0]
  [0 0 0 ... 0 0 0]]

 [[0 0 0 ... 0 0 0]
  [0 0 0 ... 0 0 0]
  [0 0 0 ... 0 0 0]
  ...
  [0 0 0 ... 0 0 0]
  [0 0 0 ... 0 0 0]
  [0 0 0 ... 0 0 0]]]","[73, 74, 75, 76]","[194, 195, 196, 197, 198, 199, 200, 201, 202, 203, 204, 205, 206, 207, 208, 209, 211]","[163, 164, 165, 166, 167, 168, 169, 170, 171, 172, 173, 174, 175, 176]",4,18,14,/media/bendico765/Crucial X9/Materiali Tesista/Roi masks/AMBL-587/ROI 1.npy,/media/bendico765/Crucial X9/Materiali Tesista/Cleaned Roi masks/AMBL-587/ROI 1.npy,0.6836,2.0,/media/bendico765/Crucial X9/MRI Lesions/manifest-1728494830954/Advanced-MRI-Breast-Lesions/AMBL-587/01-21-2006-NA-MRI BREASTS - Delayed contrast-87561/500.000000-Registered AX Sen Vibrant MultiPhase-25175,,113996.0,85532.0,85865.0,85483.0,0.001666725148250816,0.0007014918393116027,-0.0001979852093402434,-0.0001871717183533568,0.0004883641027071074,0.0005162616505588689,0.000297951175829616,2.298479679192619e-05,0.0003772062177620267,0.00040920357293176824,0.0002795085308332848,0.00010528409157376321,0.0002945270504660484,0.00019600378408627905,-2.189234798363137e-06,-5.264761450715558e-05
92,AMBL-588,0,0.0,-1,-1,-1,-1,,-1,-1,-1.0,-1,/media/bendico765/Crucial X9/MRI Lesions/manifest-1728494830954/Advanced-MRI-Breast-Lesions/AMBL-588/01-27-2006-NA-MRI BREASTS - Delayed contrast-20532/600.000000-Registered Ax T2 FSE-44336,/media/bendico765/Crucial X9/MRI Lesions/manifest-1728494830954/Advanced-MRI-Breast-Lesions/AMBL-588/01-27-2006-NA-MRI BREASTS - Delayed contrast-20532/500.000000-ROI-44526/1-1.dcm,46.22,L,"[[[0 0 0 ... 0 0 0]
  [0 0 0 ... 0 0 0]
  [0 0 0 ... 0 0 0]
  ...
  [0 0 0 ... 0 0 0]
  [0 0 0 ... 0 0 0]
  [0 0 0 ... 0 0 0]]

 [[0 0 0 ... 0 0 0]
  [0 0 0 ... 0 0 0]
  [0 0 0 ... 0 0 0]
  ...
  [0 0 0 ... 0 0 0]
  [0 0 0 ... 0 0 0]
  [0 0 0 ... 0 0 0]]

 [[0 0 0 ... 0 0 0]
  [0 0 0 ... 0 0 0]
  [0 0 0 ... 0 0 0]
  ...
  [0 0 0 ... 0 0 0]
  [0 0 0 ... 0 0 0]
  [0 0 0 ... 0 0 0]]

 ...

 [[0 0 0 ... 0 0 0]
  [0 0 0 ... 0 0 0]
  [0 0 0 ... 0 0 0]
  ...
  [0 0 0 ... 0 0 0]
  [0 0 0 ... 0 0 0]
  [0 0 0 ... 0 0 0]]

 [[0 0 0 ... 0 0 0]
  [0 0 0 ... 0 0 0]
  [0 0 0 ... 0 0 0]
  ...
  [0 0 0 ... 0 0 0]
  [0 0 0 ... 0 0 0]
  [0 0 0 ... 0 0 0]]

 [[0 0 0 ... 0 0 0]
  [0 0 0 ... 0 0 0]
  [0 0 0 ... 0 0 0]
  ...
  [0 0 0 ... 0 0 0]
  [0 0 0 ... 0 0 0]
  [0 0 0 ... 0 0 0]]]","[24, 25, 26, 27, 28, 29, 30, 31, 32, 33, 34]","[248, 249, 250, 251, 252, 253, 254, 255, 256, 257, 258, 259, 260, 261, 262, 263, 264, 265, 266, 267, 268, 269, 270, 271, 272, 273, 274, 275, 276, 277, 278, 279, 280, 281, 282, 283, 284, 285, 286, 287, 288, 289, 290]","[112, 113, 114, 115, 116, 117, 118, 119, 120, 121, 122, 123, 124, 125, 126, 127, 128, 129, 130, 131, 132, 133, 134, 135, 136, 137, 138, 139, 140, 141, 142, 143, 144, 145, 146, 147, 148, 149, 150, 151, 152, 153, 154, 155, 156, 157, 158, 159, 160, 161, 162, 163, 164, 165, 166, 167, 168, 169, 170, 171, 173]",11,43,62,/media/bendico765/Crucial X9/Materiali Tesista/Roi masks/AMBL-588/ROI 0.npy,/media/bendico765/Crucial X9/Materiali Tesista/Cleaned Roi masks/AMBL-588/ROI 0.npy,0.7227,2.0,/media/bendico765/Crucial X9/MRI Lesions/manifest-1728494830954/Advanced-MRI-Breast-Lesions/AMBL-588/01-27-2006-NA-MRI BREASTS - Delayed contrast-20532/500.000000-Registered AX Sen Vibrant MultiPhase-58212,,113380.0,84998.0,84996.0,85017.0,0.0014641030164050097,0.00042353937739711525,0.00021177467174925878,-4.704941364668243e-05,0.00037669228636947813,0.0003946956735116458,7.84843656508204e-05,0.00010367539937390672,0.000361615805256659,0.0004117743946916398,8.235681679137841e-05,9.409882729336486e-05,0.0002085690201560609,3.912053664779167e-05,6.440884233813655e-05,-4.313137578097792e-06
93,AMBL-591,0,1.0,2,weak,neg,neg,,2 to 3,0,0.0,70,/media/bendico765/Crucial X9/MRI Lesions/manifest-1728494830954/Advanced-MRI-Breast-Lesions/AMBL-591/02-08-2006-NA-MRI BREASTS - Delayed contrast-86630/600.000000-Registered Ax T2 FSE-23168,/media/bendico765/Crucial X9/MRI Lesions/manifest-1728494830954/Advanced-MRI-Breast-Lesions/AMBL-591/02-08-2006-NA-MRI BREASTS - Delayed contrast-86630/500.000000-ROI-17032/1-1.dcm,22.3,R,"[[[0 0 0 ... 0 0 0]
  [0 0 0 ... 0 0 0]
  [0 0 0 ... 0 0 0]
  ...
  [0 0 0 ... 0 0 0]
  [0 0 0 ... 0 0 0]
  [0 0 0 ... 0 0 0]]

 [[0 0 0 ... 0 0 0]
  [0 0 0 ... 0 0 0]
  [0 0 0 ... 0 0 0]
  ...
  [0 0 0 ... 0 0 0]
  [0 0 0 ... 0 0 0]
  [0 0 0 ... 0 0 0]]

 [[0 0 0 ... 0 0 0]
  [0 0 0 ... 0 0 0]
  [0 0 0 ... 0 0 0]
  ...
  [0 0 0 ... 0 0 0]
  [0 0 0 ... 0 0 0]
  [0 0 0 ... 0 0 0]]

 ...

 [[0 0 0 ... 0 0 0]
  [0 0 0 ... 0 0 0]
  [0 0 0 ... 0 0 0]
  ...
  [0 0 0 ... 0 0 0]
  [0 0 0 ... 0 0 0]
  [0 0 0 ... 0 0 0]]

 [[0 0 0 ... 0 0 0]
  [0 0 0 ... 0 0 0]
  [0 0 0 ... 0 0 0]
  ...
  [0 0 0 ... 0 0 0]
  [0 0 0 ... 0 0 0]
  [0 0 0 ... 0 0 0]]

 [[0 0 0 ... 0 0 0]
  [0 0 0 ... 0 0 0]
  [0 0 0 ... 0 0 0]
  ...
  [0 0 0 ... 0 0 0]
  [0 0 0 ... 0 0 0]
  [0 0 0 ... 0 0 0]]]","[42, 43, 44, 45, 46, 47, 48, 49, 50, 51]","[185, 186, 187, 188, 189, 190, 191, 192, 193, 194, 195, 196, 197, 198, 199, 200, 201, 202, 203, 204, 205, 206, 207, 208, 209, 210, 211, 212, 213, 214, 215, 216, 217, 218, 219, 220, 221, 222, 223, 224, 225, 226, 227, 228, 229, 230, 231, 232, 233, 234]","[373, 374, 375, 376, 377, 378, 379, 380, 381, 382, 383, 384, 385, 386, 387, 388, 389, 390, 391, 392, 393, 394, 395, 396, 397, 398, 399, 400, 401, 402, 403, 404, 405, 406]",10,50,34,/media/bendico765/Crucial X9/Materiali Tesista/Roi masks/AMBL-591/ROI 0.npy,/media/bendico765/Crucial X9/Materiali Tesista/Cleaned Roi masks/AMBL-591/ROI 0.npy,0.6641,2.0,/media/bendico765/Crucial X9/MRI Lesions/manifest-1728494830954/Advanced-MRI-Breast-Lesions/AMBL-591/02-08-2006-NA-MRI BREASTS - Delayed contrast-86630/500.000000-Registered AX Sen Vibrant MultiPhase-07229,,114564.0,86164.0,86502.0,86006.0,0.004992842428686149,-0.0006035003017501509,-0.0007861089916996139,-0.00019766062832825618,0.001473574707364016,-4.591056965036164e-06,4.2108449167190276e-05,-3.938939784315295e-05,0.0009165182779930868,0.00016248085047119448,0.00023120852697047466,0.00010464386205613562,0.0012713392726814523,-0.00017924346403353406,-0.00019578002684411355,-0.00011510393936892638
94,AMBL-593,0,1.0,2,strong,strong,neg,,100,80,10.0,10 to 20,/media/bendico765/Crucial X9/MRI Lesions/manifest-1728494830954/Advanced-MRI-Breast-Lesions/AMBL-593/03-29-2006-NA-MRI BREASTS - Delayed contrast-39811/600.000000-Registered Ax T2 FSE-88480,/media/bendico765/Crucial X9/MRI Lesions/manifest-1728494830954/Advanced-MRI-Breast-Lesions/AMBL-593/03-29-2006-NA-MRI BREASTS - Delayed contrast-39811/500.000000-ROI-81727/1-1.dcm,-3.06,R,"[[[0 0 0 ... 0 0 0]
  [0 0 0 ... 0 0 0]
  [0 0 0 ... 0 0 0]
  ...
  [0 0 0 ... 0 0 0]
  [0 0 0 ... 0 0 0]
  [0 0 0 ... 0 0 0]]

 [[0 0 0 ... 0 0 0]
  [0 0 0 ... 0 0 0]
  [0 0 0 ... 0 0 0]
  ...
  [0 0 0 ... 0 0 0]
  [0 0 0 ... 0 0 0]
  [0 0 0 ... 0 0 0]]

 [[0 0 0 ... 0 0 0]
  [0 0 0 ... 0 0 0]
  [0 0 0 ... 0 0 0]
  ...
  [0 0 0 ... 0 0 0]
  [0 0 0 ... 0 0 0]
  [0 0 0 ... 0 0 0]]

 ...

 [[0 0 0 ... 0 0 0]
  [0 0 0 ... 0 0 0]
  [0 0 0 ... 0 0 0]
  ...
  [0 0 0 ... 0 0 0]
  [0 0 0 ... 0 0 0]
  [0 0 0 ... 0 0 0]]

 [[0 0 0 ... 0 0 0]
  [0 0 0 ... 0 0 0]
  [0 0 0 ... 0 0 0]
  ...
  [0 0 0 ... 0 0 0]
  [0 0 0 ... 0 0 0]
  [0 0 0 ... 0 0 0]]

 [[0 0 0 ... 0 0 0]
  [0 0 0 ... 0 0 0]
  [0 0 0 ... 0 0 0]
  ...
  [0 0 0 ... 0 0 0]
  [0 0 0 ... 0 0 0]
  [0 0 0 ... 0 0 0]]]","[31, 32, 33, 34, 35, 36, 37, 38, 39, 41, 42, 43, 45, 46, 47]","[243, 244, 245, 246, 247, 248, 249, 250, 251, 252, 253, 254, 255, 256, 257, 258, 259, 260, 261, 262, 263, 264, 265, 266, 267, 268, 269, 270, 271, 272, 273, 274, 275, 276, 277, 278, 279, 280, 281]","[381, 382, 383, 384, 385, 386, 387, 388, 389, 390, 391, 392, 393, 394, 395, 396, 397, 398, 399, 400, 401, 402, 403, 404, 405, 406, 407, 408, 409, 410, 411, 412, 413, 414, 415, 416, 417, 418, 419]",17,39,39,/media/bendico765/Crucial X9/Materiali Tesista/Roi masks/AMBL-593/ROI 0.npy,/media/bendico765/Crucial X9/Materiali Tesista/Cleaned Roi masks/AMBL-593/ROI 0.npy,0.6641,2.0,/media/bendico765/Crucial X9/MRI Lesions/manifest-1728494830954/Advanced-MRI-Breast-Lesions/AMBL-593/03-29-2006-NA-MRI BREASTS - Delayed contrast-39811/500.000000-Registered AX Sen Vibrant MultiPhase-54210,,114667.0,86136.0,86019.0,86020.0,0.0035058037621983657,-6.965728615213152e-05,0.0005115148978714005,-0.0006975122064636131,0.0010245949497428833,0.0005744839106764996,0.0001843677923125702,6.75962390487343e-05,0.0008633695832279557,0.0005920869322931178,0.00033713481905160486,2.3250406882120437e-05,0.0007536814609669941,4.938307209184206e-05,3.1993086812106444e-05,-5.785120655821153e-05
95,AMBL-594,0,1.0,2,moderate ,strong,neg,,90,2 to 3,10.0,30 to 40,/media/bendico765/Crucial X9/MRI Lesions/manifest-1728494830954/Advanced-MRI-Breast-Lesions/AMBL-594/04-06-2006-NA-MRI BREASTS - Delayed contrast-78882/600.000000-Registered Ax T2 FSE-82517,/media/bendico765/Crucial X9/MRI Lesions/manifest-1728494830954/Advanced-MRI-Breast-Lesions/AMBL-594/04-06-2006-NA-MRI BREASTS - Delayed contrast-78882/500.000000-ROI-49419/1-1.dcm,31.23,R,"[[[0 0 0 ... 0 0 0]
  [0 0 0 ... 0 0 0]
  [0 0 0 ... 0 0 0]
  ...
  [0 0 0 ... 0 0 0]
  [0 0 0 ... 0 0 0]
  [0 0 0 ... 0 0 0]]

 [[0 0 0 ... 0 0 0]
  [0 0 0 ... 0 0 0]
  [0 0 0 ... 0 0 0]
  ...
  [0 0 0 ... 0 0 0]
  [0 0 0 ... 0 0 0]
  [0 0 0 ... 0 0 0]]

 [[0 0 0 ... 0 0 0]
  [0 0 0 ... 0 0 0]
  [0 0 0 ... 0 0 0]
  ...
  [0 0 0 ... 0 0 0]
  [0 0 0 ... 0 0 0]
  [0 0 0 ... 0 0 0]]

 ...

 [[0 0 0 ... 0 0 0]
  [0 0 0 ... 0 0 0]
  [0 0 0 ... 0 0 0]
  ...
  [0 0 0 ... 0 0 0]
  [0 0 0 ... 0 0 0]
  [0 0 0 ... 0 0 0]]

 [[0 0 0 ... 0 0 0]
  [0 0 0 ... 0 0 0]
  [0 0 0 ... 0 0 0]
  ...
  [0 0 0 ... 0 0 0]
  [0 0 0 ... 0 0 0]
  [0 0 0 ... 0 0 0]]

 [[0 0 0 ... 0 0 0]
  [0 0 0 ... 0 0 0]
  [0 0 0 ... 0 0 0]
  ...
  [0 0 0 ... 0 0 0]
  [0 0 0 ... 0 0 0]
  [0 0 0 ... 0 0 0]]]","[40, 41, 42, 43, 44, 45, 46, 47, 48, 49, 50, 51, 52, 53]","[233, 234, 235, 236, 237, 238, 239, 240, 241, 242, 243, 244, 245, 246, 247, 248, 249, 250, 251, 252, 253, 254, 255, 256, 257, 258, 259, 260, 261, 262, 263, 264, 265, 266, 267, 268, 269, 270, 271]","[377, 378, 379, 380, 381, 382, 383, 384, 385, 386, 387, 388, 389, 390, 391, 392, 393, 394, 395, 396, 397, 398, 399, 400, 401, 402, 403, 404, 405, 406, 407]",14,39,31,/media/bendico765/Crucial X9/Materiali Tesista/Roi masks/AMBL-594/ROI 0.npy,/media/bendico765/Crucial X9/Materiali Tesista/Cleaned Roi masks/AMBL-594/ROI 0.npy,0.7031,2.0,/media/bendico765/Crucial X9/MRI Lesions/manifest-1728494830954/Advanced-MRI-Breast-Lesions/AMBL-594/04-06-2006-NA-MRI BREASTS - Delayed contrast-78882/500.000000-Registered AX Sen Vibrant MultiPhase-79560,,113633.0,85089.0,85001.0,85024.0,0.0040657203453222214,-0.0003995816145447708,0.0001882330796108281,-0.00032931878057960106,0.0012516243313172011,-3.9150994488679825e-05,0.00012773952528010503,3.629774788574431e-05,0.0009504281326727271,0.00012927640470566113,0.00022352678203785837,8.232969514490026e-05,0.0008464921113845915,-0.00022523855501740565,-0.0001029965902333722,-3.277755526827116e-05
96,AMBL-594,1,0.0,-1,-1,-1,-1,,-1.0,-1.0,-1.0,-1,/media/bendico765/Crucial X9/MRI Lesions/manifest-1728494830954/Advanced-MRI-Breast-Lesions/AMBL-594/04-06-2006-NA-MRI BREASTS - Delayed contrast-78882/600.000000-Registered Ax T2 FSE-82517,/media/bendico765/Crucial X9/MRI Lesions/manifest-1728494830954/Advanced-MRI-Breast-Lesions/AMBL-594/04-06-2006-NA-MRI BREASTS - Delayed contrast-78882/500.000000-ROI-49419/1-1.dcm,1.23,R,"[[[0 0 0 ... 0 0 0]
  [0 0 0 ... 0 0 0]
  [0 0 0 ... 0 0 0]
  ...
  [0 0 0 ... 0 0 0]
  [0 0 0 ... 0 0 0]
  [0 0 0 ... 0 0 0]]

 [[0 0 0 ... 0 0 0]
  [0 0 0 ... 0 0 0]
  [0 0 0 ... 0 0 0]
  ...
  [0 0 0 ... 0 0 0]
  [0 0 0 ... 0 0 0]
  [0 0 0 ... 0 0 0]]

 [[0 0 0 ... 0 0 0]
  [0 0 0 ... 0 0 0]
  [0 0 0 ... 0 0 0]
  ...
  [0 0 0 ... 0 0 0]
  [0 0 0 ... 0 0 0]
  [0 0 0 ... 0 0 0]]

 ...

 [[0 0 0 ... 0 0 0]
  [0 0 0 ... 0 0 0]
  [0 0 0 ... 0 0 0]
  ...
  [0 0 0 ... 0 0 0]
  [0 0 0 ... 0 0 0]
  [0 0 0 ... 0 0 0]]

 [[0 0 0 ... 0 0 0]
  [0 0 0 ... 0 0 0]
  [0 0 0 ... 0 0 0]
  ...
  [0 0 0 ... 0 0 0]
  [0 0 0 ... 0 0 0]
  [0 0 0 ... 0 0 0]]

 [[0 0 0 ... 0 0 0]
  [0 0 0 ... 0 0 0]
  [0 0 0 ... 0 0 0]
  ...
  [0 0 0 ... 0 0 0]
  [0 0 0 ... 0 0 0]
  [0 0 0 ... 0 0 0]]]","[50, 51, 52, 53, 54, 55, 56, 57, 58, 59, 60, 61, 62]","[189, 190, 191, 192, 193, 194, 195, 196, 197, 198, 199, 200, 201, 202, 203, 204, 205, 206, 207, 208, 209, 210, 211, 212, 213, 214, 215, 216, 217, 218, 219, 220, 221, 222, 223, 224, 225, 226, 227, 228, 229, 230, 231, 232, 233, 234, 235, 236, 237, 238, 239, 240, 241, 242, 243, 244, 245, 246, 247, 248, 249, 250, 251, 252, 253, 254, 255, 256, 257, 258, 259, 260, 261, 262, 263, 264, 265, 266, 267, 268, 269, 270, 271, 272, 273, 274, 275, 276]","[367, 369, 370, 371, 372, 373, 374, 375, 376, 377, 378, 379, 380, 381, 382, 383, 384, 385, 386, 387, 388, 389, 390, 391, 392, 393, 394, 395, 396, 397, 398, 399, 400, 401, 402, 403]",13,88,37,/media/bendico765/Crucial X9/Materiali Tesista/Roi masks/AMBL-594/ROI 1.npy,/media/bendico765/Crucial X9/Materiali Tesista/Cleaned Roi masks/AMBL-594/ROI 1.npy,0.7031,2.0,/media/bendico765/Crucial X9/MRI Lesions/manifest-1728494830954/Advanced-MRI-Breast-Lesions/AMBL-594/04-06-2006-NA-MRI BREASTS - Delayed contrast-78882/500.000000-Registered AX Sen Vibrant MultiPhase-79560,,113633.0,85089.0,85001.0,85024.0,0.0033000976828914137,-0.0003408196124058339,1.1764567475676756e-05,0.0003528415506210011,0.0007274594352959813,0.00021337975014131875,0.0001917643316606939,0.00015649373852948012,0.0005808171921888888,0.0001997908072723854,0.00022352678203785837,0.00014113662024840045,0.00043386366943308236,9.06437601332513e-05,-5.278114861084525e-06,4.7391355842746044e-05
97,AMBL-596,0,1.0,2,strong,moderate,neg,,100,15,0.0,30 to 40,/media/bendico765/Crucial X9/MRI Lesions/manifest-1728494830954/Advanced-MRI-Breast-Lesions/AMBL-596/04-28-2006-NA-MRI BREASTS - Delayed contrast-79133/600.000000-Registered Ax T2 FSE-28383,/media/bendico765/Crucial X9/MRI Lesions/manifest-1728494830954/Advanced-MRI-Breast-Lesions/AMBL-596/04-28-2006-NA-MRI BREASTS - Delayed contrast-79133/500.000000-ROI-31894/1-1.dcm,-20.61,R,"[[[0 0 0 ... 0 0 0]
  [0 0 0 ... 0 0 0]
  [0 0 0 ... 0 0 0]
  ...
  [0 0 0 ... 0 0 0]
  [0 0 0 ... 0 0 0]
  [0 0 0 ... 0 0 0]]

 [[0 0 0 ... 0 0 0]
  [0 0 0 ... 0 0 0]
  [0 0 0 ... 0 0 0]
  ...
  [0 0 0 ... 0 0 0]
  [0 0 0 ... 0 0 0]
  [0 0 0 ... 0 0 0]]

 [[0 0 0 ... 0 0 0]
  [0 0 0 ... 0 0 0]
  [0 0 0 ... 0 0 0]
  ...
  [0 0 0 ... 0 0 0]
  [0 0 0 ... 0 0 0]
  [0 0 0 ... 0 0 0]]

 ...

 [[0 0 0 ... 0 0 0]
  [0 0 0 ... 0 0 0]
  [0 0 0 ... 0 0 0]
  ...
  [0 0 0 ... 0 0 0]
  [0 0 0 ... 0 0 0]
  [0 0 0 ... 0 0 0]]

 [[0 0 0 ... 0 0 0]
  [0 0 0 ... 0 0 0]
  [0 0 0 ... 0 0 0]
  ...
  [0 0 0 ... 0 0 0]
  [0 0 0 ... 0 0 0]
  [0 0 0 ... 0 0 0]]

 [[0 0 0 ... 0 0 0]
  [0 0 0 ... 0 0 0]
  [0 0 0 ... 0 0 0]
  ...
  [0 0 0 ... 0 0 0]
  [0 0 0 ... 0 0 0]
  [0 0 0 ... 0 0 0]]]","[73, 74, 75, 76, 77, 78, 79, 80, 81, 82, 83, 84, 85, 86, 87, 88, 89]","[67, 68, 69, 70, 71, 72, 73, 74, 75, 76, 77, 78, 79, 80, 81, 82, 83, 84, 85, 86, 87, 88, 89, 90, 91, 92, 93, 94, 95, 96, 97, 98, 99, 100, 101, 102, 103, 104, 105, 106, 107, 108, 109, 110, 111, 112, 113, 114, 115, 116, 117, 118, 119, 120, 121, 122, 123, 124, 125, 126, 127, 128, 129, 130, 131, 132, 133, 134, 135, 136, 137, 138, 139, 140, 141, 142, 143, 144, 145, 146, 147, 148]","[359, 360, 361, 362, 363, 364, 365, 366, 367, 368, 369, 370, 371, 372, 373, 374, 375, 376, 377, 378, 379, 380, 381, 382, 383, 384, 385, 386, 387, 388, 389, 390, 391, 392, 393, 394, 395, 396, 397, 398, 399, 400, 401, 402, 403, 404, 405, 406, 407, 408, 409, 410, 411, 412, 413, 414, 415, 416, 417, 418, 419, 420, 421, 422, 423, 424, 427]",17,82,69,/media/bendico765/Crucial X9/Materiali Tesista/Roi masks/AMBL-596/ROI 0.npy,/media/bendico765/Crucial X9/Materiali Tesista/Cleaned Roi masks/AMBL-596/ROI 0.npy,0.6836,2.0,/media/bendico765/Crucial X9/MRI Lesions/manifest-1728494830954/Advanced-MRI-Breast-Lesions/AMBL-596/04-28-2006-NA-MRI BREASTS - Delayed contrast-79133/500.000000-Registered AX Sen Vibrant MultiPhase-29958,,113938.0,85431.0,85490.0,85491.0,0.004432235075216346,-0.001545106577237771,-0.000760322844777167,-0.0005497654723889064,0.001101890033263945,-8.95612263169351e-05,-8.796427599660097e-05,-0.00016281126399069365,0.0012375151398128807,-0.0001989909985836523,-0.00014036729442040005,-0.00018715420336643624,0.0005030213201178333,-9.302628178269208e-05,-7.469481064409227e-05,-6.493243825559336e-05
98,AMBL-597,0,1.0,2,strong,neg,pos,,100,0,10.0,15 to 20,/media/bendico765/Crucial X9/MRI Lesions/manifest-1728494830954/Advanced-MRI-Breast-Lesions/AMBL-597/05-02-2006-NA-MRI BREASTS - Delayed contrast-37196/600.000000-Registered Ax T2 FSE-64771,/media/bendico765/Crucial X9/MRI Lesions/manifest-1728494830954/Advanced-MRI-Breast-Lesions/AMBL-597/05-02-2006-NA-MRI BREASTS - Delayed contrast-37196/500.000000-ROI-09357/1-1.dcm,-20.41,L,"[[[0 0 0 ... 0 0 0]
  [0 0 0 ... 0 0 0]
  [0 0 0 ... 0 0 0]
  ...
  [0 0 0 ... 0 0 0]
  [0 0 0 ... 0 0 0]
  [0 0 0 ... 0 0 0]]

 [[0 0 0 ... 0 0 0]
  [0 0 0 ... 0 0 0]
  [0 0 0 ... 0 0 0]
  ...
  [0 0 0 ... 0 0 0]
  [0 0 0 ... 0 0 0]
  [0 0 0 ... 0 0 0]]

 [[0 0 0 ... 0 0 0]
  [0 0 0 ... 0 0 0]
  [0 0 0 ... 0 0 0]
  ...
  [0 0 0 ... 0 0 0]
  [0 0 0 ... 0 0 0]
  [0 0 0 ... 0 0 0]]

 ...

 [[0 0 0 ... 0 0 0]
  [0 0 0 ... 0 0 0]
  [0 0 0 ... 0 0 0]
  ...
  [0 0 0 ... 0 0 0]
  [0 0 0 ... 0 0 0]
  [0 0 0 ... 0 0 0]]

 [[0 0 0 ... 0 0 0]
  [0 0 0 ... 0 0 0]
  [0 0 0 ... 0 0 0]
  ...
  [0 0 0 ... 0 0 0]
  [0 0 0 ... 0 0 0]
  [0 0 0 ... 0 0 0]]

 [[0 0 0 ... 0 0 0]
  [0 0 0 ... 0 0 0]
  [0 0 0 ... 0 0 0]
  ...
  [0 0 0 ... 0 0 0]
  [0 0 0 ... 0 0 0]
  [0 0 0 ... 0 0 0]]]","[68, 69, 70, 71, 72, 73, 74, 75, 76, 77, 78, 79, 80, 81, 82, 83, 84, 85, 86, 87, 88, 89]","[70, 71, 72, 73, 74, 75, 76, 77, 78, 79, 80, 84, 85, 86, 87, 88, 89, 90, 91, 92, 93, 94, 95, 96, 97, 98, 99, 100, 101, 102, 103, 104, 105, 106, 107, 108, 109, 110, 111, 112, 113, 114, 115, 116, 117, 118, 119, 120, 121, 122, 123, 124, 125, 126, 127, 128, 129, 130, 131, 132, 133, 134, 135, 136, 137, 138, 139, 140, 141, 142, 143, 144, 145, 146, 147, 148, 149, 150, 151, 152, 153, 154, 155, 156, 157, 158, 159, 160, 161, 162, 163, 164, 165, 166, 167, 168, 169, 170, 171, 172]","[122, 123, 124, 125, 126, 127, 128, 129, 130, 131, 132, 133, 134, 135, 136, 137, 138, 139, 140, 141, 142, 143, 144, 145, 146, 147, 148, 149, 150, 151, 152, 153, 154, 155, 156, 157, 158, 159, 160, 161, 162, 163, 164, 165, 166, 167, 168, 169, 170, 171, 172, 173, 174, 175, 176, 177, 178, 179, 180, 181, 182, 183, 184, 185, 186, 187, 188]",22,103,67,/media/bendico765/Crucial X9/Materiali Tesista/Roi masks/AMBL-597/ROI 0.npy,/media/bendico765/Crucial X9/Materiali Tesista/Cleaned Roi masks/AMBL-597/ROI 0.npy,0.625,2.0,/media/bendico765/Crucial X9/MRI Lesions/manifest-1728494830954/Advanced-MRI-Breast-Lesions/AMBL-597/05-02-2006-NA-MRI BREASTS - Delayed contrast-37196/500.000000-Registered AX Sen Vibrant MultiPhase-64547,,115505.0,86834.0,87022.0,87013.0,0.002519371455781135,-0.0003915516963401433,-0.00029877502240812666,2.298507119625803e-05,0.0005454577445604041,0.00023928907089302868,2.2433362835459106e-05,0.00010880338898779118,0.0004588545950391758,0.00027638943271068937,3.447404104709154e-05,0.00012641789157941916,0.00031403723588138276,-4.347536245278504e-05,1.0979385960973895e-06,-3.802540008298723e-05
99,AMBL-598,0,1.0,1,Moderate to strong,weak to moderate,neg,,100,90,0.0,3 to 5,/media/bendico765/Crucial X9/MRI Lesions/manifest-1728494830954/Advanced-MRI-Breast-Lesions/AMBL-598/05-02-2006-NA-MRI BREASTS - Delayed contrast-78155/600.000000-Registered Ax T2 FSE-38166,/media/bendico765/Crucial X9/MRI Lesions/manifest-1728494830954/Advanced-MRI-Breast-Lesions/AMBL-598/05-02-2006-NA-MRI BREASTS - Delayed contrast-78155/500.000000-ROI-20504/1-1.dcm,-29.29,L,"[[[0 0 0 ... 0 0 0]
  [0 0 0 ... 0 0 0]
  [0 0 0 ... 0 0 0]
  ...
  [0 0 0 ... 0 0 0]
  [0 0 0 ... 0 0 0]
  [0 0 0 ... 0 0 0]]

 [[0 0 0 ... 0 0 0]
  [0 0 0 ... 0 0 0]
  [0 0 0 ... 0 0 0]
  ...
  [0 0 0 ... 0 0 0]
  [0 0 0 ... 0 0 0]
  [0 0 0 ... 0 0 0]]

 [[0 0 0 ... 0 0 0]
  [0 0 0 ... 0 0 0]
  [0 0 0 ... 0 0 0]
  ...
  [0 0 0 ... 0 0 0]
  [0 0 0 ... 0 0 0]
  [0 0 0 ... 0 0 0]]

 ...

 [[0 0 0 ... 0 0 0]
  [0 0 0 ... 0 0 0]
  [0 0 0 ... 0 0 0]
  ...
  [0 0 0 ... 0 0 0]
  [0 0 0 ... 0 0 0]
  [0 0 0 ... 0 0 0]]

 [[0 0 0 ... 0 0 0]
  [0 0 0 ... 0 0 0]
  [0 0 0 ... 0 0 0]
  ...
  [0 0 0 ... 0 0 0]
  [0 0 0 ... 0 0 0]
  [0 0 0 ... 0 0 0]]

 [[0 0 0 ... 0 0 0]
  [0 0 0 ... 0 0 0]
  [0 0 0 ... 0 0 0]
  ...
  [0 0 0 ... 0 0 0]
  [0 0 0 ... 0 0 0]
  [0 0 0 ... 0 0 0]]]","[76, 77, 78, 79, 80]","[205, 206, 207, 208, 209, 210, 211, 212, 213, 214, 215, 216, 217, 218]","[163, 164, 165, 166, 167, 168, 169, 170, 171, 172, 173, 174, 175, 176, 177, 178, 179]",5,14,17,/media/bendico765/Crucial X9/Materiali Tesista/Roi masks/AMBL-598/ROI 0.npy,/media/bendico765/Crucial X9/Materiali Tesista/Cleaned Roi masks/AMBL-598/ROI 0.npy,0.6641,2.0,/media/bendico765/Crucial X9/MRI Lesions/manifest-1728494830954/Advanced-MRI-Breast-Lesions/AMBL-598/05-02-2006-NA-MRI BREASTS - Delayed contrast-78155/500.000000-Registered AX Sen Vibrant MultiPhase-23208,,114567.0,85901.0,86007.0,85996.0,0.002601098047430761,-9.313046413895065e-05,0.00013952352715476647,5.814223917391507e-05,0.0008046000353059601,0.00037431556830133596,0.00022408000487857783,0.00029016537076712674,0.0005760821178873497,0.0003725218565558026,0.00024416617252084134,0.0004069956742174055,0.0005339785802998129,4.647598741571105e-05,2.3219600106072053e-05,-8.241606558741117e-05
100,AMBL-599,0,1.0,2,strong,weak to moderate,neg,,100,40,5.0,10,/media/bendico765/Crucial X9/MRI Lesions/manifest-1728494830954/Advanced-MRI-Breast-Lesions/AMBL-599/05-04-2006-NA-MRI BREASTS - Delayed contrast-94577/600.000000-Registered Ax T2 FSE-44286,/media/bendico765/Crucial X9/MRI Lesions/manifest-1728494830954/Advanced-MRI-Breast-Lesions/AMBL-599/05-04-2006-NA-MRI BREASTS - Delayed contrast-94577/500.000000-ROI-09097/1-1.dcm,-12.46,L,"[[[0 0 0 ... 0 0 0]
  [0 0 0 ... 0 0 0]
  [0 0 0 ... 0 0 0]
  ...
  [0 0 0 ... 0 0 0]
  [0 0 0 ... 0 0 0]
  [0 0 0 ... 0 0 0]]

 [[0 0 0 ... 0 0 0]
  [0 0 0 ... 0 0 0]
  [0 0 0 ... 0 0 0]
  ...
  [0 0 0 ... 0 0 0]
  [0 0 0 ... 0 0 0]
  [0 0 0 ... 0 0 0]]

 [[0 0 0 ... 0 0 0]
  [0 0 0 ... 0 0 0]
  [0 0 0 ... 0 0 0]
  ...
  [0 0 0 ... 0 0 0]
  [0 0 0 ... 0 0 0]
  [0 0 0 ... 0 0 0]]

 ...

 [[0 0 0 ... 0 0 0]
  [0 0 0 ... 0 0 0]
  [0 0 0 ... 0 0 0]
  ...
  [0 0 0 ... 0 0 0]
  [0 0 0 ... 0 0 0]
  [0 0 0 ... 0 0 0]]

 [[0 0 0 ... 0 0 0]
  [0 0 0 ... 0 0 0]
  [0 0 0 ... 0 0 0]
  ...
  [0 0 0 ... 0 0 0]
  [0 0 0 ... 0 0 0]
  [0 0 0 ... 0 0 0]]

 [[0 0 0 ... 0 0 0]
  [0 0 0 ... 0 0 0]
  [0 0 0 ... 0 0 0]
  ...
  [0 0 0 ... 0 0 0]
  [0 0 0 ... 0 0 0]
  [0 0 0 ... 0 0 0]]]","[70, 71, 72, 73, 74, 75]","[199, 200, 201, 202, 203, 204, 205, 206, 207, 208, 209, 210, 211, 212, 213, 214, 215, 216, 217, 218, 219]","[113, 114, 115, 116, 117, 118, 119, 120, 121, 122, 123, 124, 125]",6,21,13,/media/bendico765/Crucial X9/Materiali Tesista/Roi masks/AMBL-599/ROI 0.npy,/media/bendico765/Crucial X9/Materiali Tesista/Cleaned Roi masks/AMBL-599/ROI 0.npy,0.7422,2.0,/media/bendico765/Crucial X9/MRI Lesions/manifest-1728494830954/Advanced-MRI-Breast-Lesions/AMBL-599/05-04-2006-NA-MRI BREASTS - Delayed contrast-94577/500.000000-Registered AX Sen Vibrant MultiPhase-37372,,112897.0,84229.0,84487.0,84495.0,0.002869872538685705,-0.0003086822828242054,0.0,-0.0003550505947097461,0.0007170265269751689,0.0002401911958799894,0.00012919890629522785,5.1027885088198565e-05,0.0005580307714111092,0.0002730650963444894,0.00015386982612709647,8.284513876560743e-05,0.0005375377759375295,6.493044993584454e-05,-7.455089287271475e-06,-4.1959414509207824e-05
101,AMBL-599,1,0.0,-1,-1,-1,-1,,-1.0,-1.0,-1.0,-1,/media/bendico765/Crucial X9/MRI Lesions/manifest-1728494830954/Advanced-MRI-Breast-Lesions/AMBL-599/05-04-2006-NA-MRI BREASTS - Delayed contrast-94577/600.000000-Registered Ax T2 FSE-44286,/media/bendico765/Crucial X9/MRI Lesions/manifest-1728494830954/Advanced-MRI-Breast-Lesions/AMBL-599/05-04-2006-NA-MRI BREASTS - Delayed contrast-94577/500.000000-ROI-09097/1-1.dcm,-2.46,L,"[[[0 0 0 ... 0 0 0]
  [0 0 0 ... 0 0 0]
  [0 0 0 ... 0 0 0]
  ...
  [0 0 0 ... 0 0 0]
  [0 0 0 ... 0 0 0]
  [0 0 0 ... 0 0 0]]

 [[0 0 0 ... 0 0 0]
  [0 0 0 ... 0 0 0]
  [0 0 0 ... 0 0 0]
  ...
  [0 0 0 ... 0 0 0]
  [0 0 0 ... 0 0 0]
  [0 0 0 ... 0 0 0]]

 [[0 0 0 ... 0 0 0]
  [0 0 0 ... 0 0 0]
  [0 0 0 ... 0 0 0]
  ...
  [0 0 0 ... 0 0 0]
  [0 0 0 ... 0 0 0]
  [0 0 0 ... 0 0 0]]

 ...

 [[0 0 0 ... 0 0 0]
  [0 0 0 ... 0 0 0]
  [0 0 0 ... 0 0 0]
  ...
  [0 0 0 ... 0 0 0]
  [0 0 0 ... 0 0 0]
  [0 0 0 ... 0 0 0]]

 [[0 0 0 ... 0 0 0]
  [0 0 0 ... 0 0 0]
  [0 0 0 ... 0 0 0]
  ...
  [0 0 0 ... 0 0 0]
  [0 0 0 ... 0 0 0]
  [0 0 0 ... 0 0 0]]

 [[0 0 0 ... 0 0 0]
  [0 0 0 ... 0 0 0]
  [0 0 0 ... 0 0 0]
  ...
  [0 0 0 ... 0 0 0]
  [0 0 0 ... 0 0 0]
  [0 0 0 ... 0 0 0]]]","[67, 68, 69]","[145, 146, 147, 148, 149, 150, 151, 152, 153, 154, 155, 156, 157]","[123, 124, 125, 126, 127, 128, 129]",3,13,7,/media/bendico765/Crucial X9/Materiali Tesista/Roi masks/AMBL-599/ROI 1.npy,/media/bendico765/Crucial X9/Materiali Tesista/Cleaned Roi masks/AMBL-599/ROI 1.npy,0.7422,2.0,/media/bendico765/Crucial X9/MRI Lesions/manifest-1728494830954/Advanced-MRI-Breast-Lesions/AMBL-599/05-04-2006-NA-MRI BREASTS - Delayed contrast-94577/500.000000-Registered AX Sen Vibrant MultiPhase-37372,,112897.0,84229.0,84487.0,84495.0,0.0007440410285481457,0.00014246874591886406,0.0002840673713115627,0.00013018521806024025,0.00038523435767725026,0.00023156036947673286,0.00021212886180762715,6.0969753763681786e-05,0.0004207374863813919,0.00018995832789181873,0.0002663131606045901,2.9587549559145512e-05,0.00016788079294895132,4.156848662854682e-05,6.845898283672544e-05,-1.1204349970908546e-05
102,AMBL-600,0,0.0,-1,-1,-1,-1,,-1,-1,-1.0,-1,/media/bendico765/Crucial X9/MRI Lesions/manifest-1728494830954/Advanced-MRI-Breast-Lesions/AMBL-600/05-05-2006-NA-MRI BREASTS - Delayed contrast-73303/600.000000-Registered Ax T2 FSE-73650,/media/bendico765/Crucial X9/MRI Lesions/manifest-1728494830954/Advanced-MRI-Breast-Lesions/AMBL-600/05-05-2006-NA-MRI BREASTS - Delayed contrast-73303/500.000000-ROI-74961/1-1.dcm,-10.19,R,"[[[0 0 0 ... 0 0 0]
  [0 0 0 ... 0 0 0]
  [0 0 0 ... 0 0 0]
  ...
  [0 0 0 ... 0 0 0]
  [0 0 0 ... 0 0 0]
  [0 0 0 ... 0 0 0]]

 [[0 0 0 ... 0 0 0]
  [0 0 0 ... 0 0 0]
  [0 0 0 ... 0 0 0]
  ...
  [0 0 0 ... 0 0 0]
  [0 0 0 ... 0 0 0]
  [0 0 0 ... 0 0 0]]

 [[0 0 0 ... 0 0 0]
  [0 0 0 ... 0 0 0]
  [0 0 0 ... 0 0 0]
  ...
  [0 0 0 ... 0 0 0]
  [0 0 0 ... 0 0 0]
  [0 0 0 ... 0 0 0]]

 ...

 [[0 0 0 ... 0 0 0]
  [0 0 0 ... 0 0 0]
  [0 0 0 ... 0 0 0]
  ...
  [0 0 0 ... 0 0 0]
  [0 0 0 ... 0 0 0]
  [0 0 0 ... 0 0 0]]

 [[0 0 0 ... 0 0 0]
  [0 0 0 ... 0 0 0]
  [0 0 0 ... 0 0 0]
  ...
  [0 0 0 ... 0 0 0]
  [0 0 0 ... 0 0 0]
  [0 0 0 ... 0 0 0]]

 [[0 0 0 ... 0 0 0]
  [0 0 0 ... 0 0 0]
  [0 0 0 ... 0 0 0]
  ...
  [0 0 0 ... 0 0 0]
  [0 0 0 ... 0 0 0]
  [0 0 0 ... 0 0 0]]]","[59, 60, 61, 62, 63, 64, 65, 66]","[184, 185, 186, 187, 188, 189, 190, 191, 192, 193, 194, 195, 196, 197, 198, 199, 200, 201, 202, 203, 204, 205, 206, 207, 208, 209, 210]","[409, 410, 411, 412, 413, 414, 415, 416, 417, 418, 419, 420, 421, 422]",8,27,14,/media/bendico765/Crucial X9/Materiali Tesista/Roi masks/AMBL-600/ROI 0.npy,/media/bendico765/Crucial X9/Materiali Tesista/Cleaned Roi masks/AMBL-600/ROI 0.npy,0.7227,2.0,/media/bendico765/Crucial X9/MRI Lesions/manifest-1728494830954/Advanced-MRI-Breast-Lesions/AMBL-600/05-05-2006-NA-MRI BREASTS - Delayed contrast-73303/500.000000-Registered AX Sen Vibrant MultiPhase-50437,,113208.0,84801.0,84970.0,84544.0,0.0008391633100134266,0.0012617775733776723,7.061315758503001e-05,0.00041398561695685086,0.0002982440482810004,0.0005725301449046718,0.00011953285285752778,0.0003144280058670187,0.00027824888700445197,0.0005483425902996427,0.00011180416617629751,0.00032527441332323996,0.00018734624282418173,0.00023349298246479153,1.9809156372770597e-05,0.0001191929444121547
103,AMBL-600,1,0.0,-1,-1,-1,-1,,-1.0,-1.0,-1.0,-1,/media/bendico765/Crucial X9/MRI Lesions/manifest-1728494830954/Advanced-MRI-Breast-Lesions/AMBL-600/05-05-2006-NA-MRI BREASTS - Delayed contrast-73303/600.000000-Registered Ax T2 FSE-73650,/media/bendico765/Crucial X9/MRI Lesions/manifest-1728494830954/Advanced-MRI-Breast-Lesions/AMBL-600/05-05-2006-NA-MRI BREASTS - Delayed contrast-73303/500.000000-ROI-74961/1-1.dcm,-17.19,R,"[[[0 0 0 ... 0 0 0]
  [0 0 0 ... 0 0 0]
  [0 0 0 ... 0 0 0]
  ...
  [0 0 0 ... 0 0 0]
  [0 0 0 ... 0 0 0]
  [0 0 0 ... 0 0 0]]

 [[0 0 0 ... 0 0 0]
  [0 0 0 ... 0 0 0]
  [0 0 0 ... 0 0 0]
  ...
  [0 0 0 ... 0 0 0]
  [0 0 0 ... 0 0 0]
  [0 0 0 ... 0 0 0]]

 [[0 0 0 ... 0 0 0]
  [0 0 0 ... 0 0 0]
  [0 0 0 ... 0 0 0]
  ...
  [0 0 0 ... 0 0 0]
  [0 0 0 ... 0 0 0]
  [0 0 0 ... 0 0 0]]

 ...

 [[0 0 0 ... 0 0 0]
  [0 0 0 ... 0 0 0]
  [0 0 0 ... 0 0 0]
  ...
  [0 0 0 ... 0 0 0]
  [0 0 0 ... 0 0 0]
  [0 0 0 ... 0 0 0]]

 [[0 0 0 ... 0 0 0]
  [0 0 0 ... 0 0 0]
  [0 0 0 ... 0 0 0]
  ...
  [0 0 0 ... 0 0 0]
  [0 0 0 ... 0 0 0]
  [0 0 0 ... 0 0 0]]

 [[0 0 0 ... 0 0 0]
  [0 0 0 ... 0 0 0]
  [0 0 0 ... 0 0 0]
  ...
  [0 0 0 ... 0 0 0]
  [0 0 0 ... 0 0 0]
  [0 0 0 ... 0 0 0]]]","[68, 69, 70, 71, 72]","[217, 218, 219, 220, 221, 222, 223, 224, 225, 226, 227, 228, 229, 230, 231, 232, 233, 234, 235, 236, 237, 238, 239]","[404, 405, 406, 407, 408, 409, 410, 411, 412, 413, 414, 415, 416, 417, 418, 419, 420, 421, 422, 423, 424]",5,23,21,/media/bendico765/Crucial X9/Materiali Tesista/Roi masks/AMBL-600/ROI 1.npy,/media/bendico765/Crucial X9/Materiali Tesista/Cleaned Roi masks/AMBL-600/ROI 1.npy,0.7227,2.0,/media/bendico765/Crucial X9/MRI Lesions/manifest-1728494830954/Advanced-MRI-Breast-Lesions/AMBL-600/05-05-2006-NA-MRI BREASTS - Delayed contrast-73303/500.000000-Registered AX Sen Vibrant MultiPhase-50437,,113208.0,84801.0,84970.0,84544.0,0.0014663274680234613,0.0010377236117498614,8.238201718253502e-05,0.00035484481453444363,0.0004191488073733127,0.00045920468312800886,4.335895641186043e-05,0.0003556927498141843,0.00036216521800579464,0.0003950425112911404,5.295986818877251e-05,0.0003311884935654807,0.00031407473612222087,0.00015094251891339426,3.9597816270762036e-05,0.00011073434252360322
104,AMBL-600,2,0.0,-1.0,-1,-1,-1,,-1.0,-1.0,-1.0,-1,/media/bendico765/Crucial X9/MRI Lesions/manifest-1728494830954/Advanced-MRI-Breast-Lesions/AMBL-600/05-05-2006-NA-MRI BREASTS - Delayed contrast-73303/600.000000-Registered Ax T2 FSE-73650,/media/bendico765/Crucial X9/MRI Lesions/manifest-1728494830954/Advanced-MRI-Breast-Lesions/AMBL-600/05-05-2006-NA-MRI BREASTS - Delayed contrast-73303/500.000000-ROI-74961/1-1.dcm,-57.19,L,"[[[0 0 0 ... 0 0 0]
  [0 0 0 ... 0 0 0]
  [0 0 0 ... 0 0 0]
  ...
  [0 0 0 ... 0 0 0]
  [0 0 0 ... 0 0 0]
  [0 0 0 ... 0 0 0]]

 [[0 0 0 ... 0 0 0]
  [0 0 0 ... 0 0 0]
  [0 0 0 ... 0 0 0]
  ...
  [0 0 0 ... 0 0 0]
  [0 0 0 ... 0 0 0]
  [0 0 0 ... 0 0 0]]

 [[0 0 0 ... 0 0 0]
  [0 0 0 ... 0 0 0]
  [0 0 0 ... 0 0 0]
  ...
  [0 0 0 ... 0 0 0]
  [0 0 0 ... 0 0 0]
  [0 0 0 ... 0 0 0]]

 ...

 [[0 0 0 ... 0 0 0]
  [0 0 0 ... 0 0 0]
  [0 0 0 ... 0 0 0]
  ...
  [0 0 0 ... 0 0 0]
  [0 0 0 ... 0 0 0]
  [0 0 0 ... 0 0 0]]

 [[0 0 0 ... 0 0 0]
  [0 0 0 ... 0 0 0]
  [0 0 0 ... 0 0 0]
  ...
  [0 0 0 ... 0 0 0]
  [0 0 0 ... 0 0 0]
  [0 0 0 ... 0 0 0]]

 [[0 0 0 ... 0 0 0]
  [0 0 0 ... 0 0 0]
  [0 0 0 ... 0 0 0]
  ...
  [0 0 0 ... 0 0 0]
  [0 0 0 ... 0 0 0]
  [0 0 0 ... 0 0 0]]]","[88, 89, 90, 91]","[160, 161, 162, 163, 164, 165, 166, 167, 168, 169, 170, 171, 172, 173, 174, 175]","[127, 128, 129, 130, 131, 132, 133, 134, 135, 136, 137, 139, 140, 141, 142, 143]",4,16,17,/media/bendico765/Crucial X9/Materiali Tesista/Roi masks/AMBL-600/ROI 2.npy,/media/bendico765/Crucial X9/Materiali Tesista/Cleaned Roi masks/AMBL-600/ROI 2.npy,0.7227,2.0,/media/bendico765/Crucial X9/MRI Lesions/manifest-1728494830954/Advanced-MRI-Breast-Lesions/AMBL-600/05-05-2006-NA-MRI BREASTS - Delayed contrast-73303/500.000000-Registered AX Sen Vibrant MultiPhase-50437,,113208.0,84801.0,84970.0,84544.0,0.0006536640520104586,0.0008608389052015896,0.00014122631517006002,0.0006150643451930356,0.00029595372239001657,0.00039006523599865664,0.00020055461387696307,0.00015120587840118487,0.000291498834004664,0.0004009386681760828,0.000152995174767565,0.00018333648750946252,0.00011081508044128989,0.00013010486509890367,7.848147872454487e-05,4.4567450880107896e-05
105,AMBL-603,0,1.0,-1,neg,neg,neg,1.0,0,0,0.0,95,/media/bendico765/Crucial X9/MRI Lesions/manifest-1728494830954/Advanced-MRI-Breast-Lesions/AMBL-603/05-19-2006-NA-MRI BREASTS - Delayed contrast-39175/600.000000-Registered Ax T2 FSE-05564,/media/bendico765/Crucial X9/MRI Lesions/manifest-1728494830954/Advanced-MRI-Breast-Lesions/AMBL-603/05-19-2006-NA-MRI BREASTS - Delayed contrast-39175/500.000000-ROI-00642/1-1.dcm,14.99,R,"[[[0 0 0 ... 0 0 0]
  [0 0 0 ... 0 0 0]
  [0 0 0 ... 0 0 0]
  ...
  [0 0 0 ... 0 0 0]
  [0 0 0 ... 0 0 0]
  [0 0 0 ... 0 0 0]]

 [[0 0 0 ... 0 0 0]
  [0 0 0 ... 0 0 0]
  [0 0 0 ... 0 0 0]
  ...
  [0 0 0 ... 0 0 0]
  [0 0 0 ... 0 0 0]
  [0 0 0 ... 0 0 0]]

 [[0 0 0 ... 0 0 0]
  [0 0 0 ... 0 0 0]
  [0 0 0 ... 0 0 0]
  ...
  [0 0 0 ... 0 0 0]
  [0 0 0 ... 0 0 0]
  [0 0 0 ... 0 0 0]]

 ...

 [[0 0 0 ... 0 0 0]
  [0 0 0 ... 0 0 0]
  [0 0 0 ... 0 0 0]
  ...
  [0 0 0 ... 0 0 0]
  [0 0 0 ... 0 0 0]
  [0 0 0 ... 0 0 0]]

 [[0 0 0 ... 0 0 0]
  [0 0 0 ... 0 0 0]
  [0 0 0 ... 0 0 0]
  ...
  [0 0 0 ... 0 0 0]
  [0 0 0 ... 0 0 0]
  [0 0 0 ... 0 0 0]]

 [[0 0 0 ... 0 0 0]
  [0 0 0 ... 0 0 0]
  [0 0 0 ... 0 0 0]
  ...
  [0 0 0 ... 0 0 0]
  [0 0 0 ... 0 0 0]
  [0 0 0 ... 0 0 0]]]","[50, 51, 52, 53, 54, 55, 56, 57, 58, 59, 60, 61, 62, 63]","[174, 175, 176, 177, 178, 179, 180, 181, 182, 183, 184, 185, 186, 187, 188, 189, 190, 191, 192, 193, 194, 195, 196, 197, 198, 199, 200, 201, 202, 203, 204, 205, 206, 207, 208, 209, 210, 211, 212, 213, 214, 215, 216, 217, 218, 219, 220, 221, 222, 223, 224, 225, 226, 227, 228, 229, 230, 231, 232, 233, 234, 235, 236, 237, 238, 239, 240, 241, 242]","[371, 372, 373, 374, 375, 376, 377, 378, 379, 380, 381, 382, 383, 384, 385, 386, 387, 388, 389, 390, 391, 392, 393, 394, 395, 396, 397, 398, 399, 400, 401, 402, 403, 404, 405, 406, 407, 408, 409, 410, 411, 412, 413, 414, 415, 416, 417, 418, 419, 420, 421, 422, 423]",14,69,53,/media/bendico765/Crucial X9/Materiali Tesista/Roi masks/AMBL-603/ROI 0.npy,/media/bendico765/Crucial X9/Materiali Tesista/Cleaned Roi masks/AMBL-603/ROI 0.npy,0.625,2.0,/media/bendico765/Crucial X9/MRI Lesions/manifest-1728494830954/Advanced-MRI-Breast-Lesions/AMBL-603/05-19-2006-NA-MRI BREASTS - Delayed contrast-39175/500.000000-Registered AX Sen Vibrant MultiPhase-10789,,115510.0,87309.0,86994.0,87006.0,0.0034023028309237294,0.0005154107823935677,-6.897027381198704e-05,0.00011493460221134174,0.001005922065674103,0.0006077565550251469,0.0002808313653687709,0.00019385152227463696,0.0007878105791706345,0.000652853657698519,0.00034485136905993514,0.000264349585086086,0.0006939449793708179,0.0001349603043429175,0.00012234383800201372,2.753732183090325e-05
106,AMBL-603,1,0.0,-1,-1,-1,-1,,-1.0,-1.0,-1.0,-1,/media/bendico765/Crucial X9/MRI Lesions/manifest-1728494830954/Advanced-MRI-Breast-Lesions/AMBL-603/05-19-2006-NA-MRI BREASTS - Delayed contrast-39175/600.000000-Registered Ax T2 FSE-05564,/media/bendico765/Crucial X9/MRI Lesions/manifest-1728494830954/Advanced-MRI-Breast-Lesions/AMBL-603/05-19-2006-NA-MRI BREASTS - Delayed contrast-39175/500.000000-ROI-00642/1-1.dcm,24.99,R,"[[[0 0 0 ... 0 0 0]
  [0 0 0 ... 0 0 0]
  [0 0 0 ... 0 0 0]
  ...
  [0 0 0 ... 0 0 0]
  [0 0 0 ... 0 0 0]
  [0 0 0 ... 0 0 0]]

 [[0 0 0 ... 0 0 0]
  [0 0 0 ... 0 0 0]
  [0 0 0 ... 0 0 0]
  ...
  [0 0 0 ... 0 0 0]
  [0 0 0 ... 0 0 0]
  [0 0 0 ... 0 0 0]]

 [[0 0 0 ... 0 0 0]
  [0 0 0 ... 0 0 0]
  [0 0 0 ... 0 0 0]
  ...
  [0 0 0 ... 0 0 0]
  [0 0 0 ... 0 0 0]
  [0 0 0 ... 0 0 0]]

 ...

 [[0 0 0 ... 0 0 0]
  [0 0 0 ... 0 0 0]
  [0 0 0 ... 0 0 0]
  ...
  [0 0 0 ... 0 0 0]
  [0 0 0 ... 0 0 0]
  [0 0 0 ... 0 0 0]]

 [[0 0 0 ... 0 0 0]
  [0 0 0 ... 0 0 0]
  [0 0 0 ... 0 0 0]
  ...
  [0 0 0 ... 0 0 0]
  [0 0 0 ... 0 0 0]
  [0 0 0 ... 0 0 0]]

 [[0 0 0 ... 0 0 0]
  [0 0 0 ... 0 0 0]
  [0 0 0 ... 0 0 0]
  ...
  [0 0 0 ... 0 0 0]
  [0 0 0 ... 0 0 0]
  [0 0 0 ... 0 0 0]]]","[50, 51, 52]","[196, 197, 198, 199, 200, 201, 202, 203, 204, 205, 206, 207, 208, 209, 210, 211, 212, 213, 214]","[342, 343, 344, 345, 346, 347, 348, 349, 350, 351, 352, 353]",3,19,12,/media/bendico765/Crucial X9/Materiali Tesista/Roi masks/AMBL-603/ROI 1.npy,/media/bendico765/Crucial X9/Materiali Tesista/Cleaned Roi masks/AMBL-603/ROI 1.npy,0.625,2.0,/media/bendico765/Crucial X9/MRI Lesions/manifest-1728494830954/Advanced-MRI-Breast-Lesions/AMBL-603/05-19-2006-NA-MRI BREASTS - Delayed contrast-39175/500.000000-Registered AX Sen Vibrant MultiPhase-10789,,115510.0,87309.0,86994.0,87006.0,0.0016708510085706866,0.0017753038060222886,0.001000068970273812,0.00013792152265361008,0.0006898245403260433,0.000787055249776324,0.0005107710141554837,-3.8467907678894534e-06,0.0005800363604882694,0.0005955857929881227,0.0004138216428719222,-3.448038066340252e-05,0.0002729739042844232,0.0003301441507330951,0.00022523624287528233,8.791124346929783e-05
107,AMBL-604,0,1.0,-1,neg,neg,neg,1.0,0,0,0.0,50,/media/bendico765/Crucial X9/MRI Lesions/manifest-1728494830954/Advanced-MRI-Breast-Lesions/AMBL-604/05-24-2006-NA-MRI BREASTS - Delayed contrast-13928/600.000000-Registered Ax T2 FSE-16656,/media/bendico765/Crucial X9/MRI Lesions/manifest-1728494830954/Advanced-MRI-Breast-Lesions/AMBL-604/05-24-2006-NA-MRI BREASTS - Delayed contrast-13928/500.000000-ROI-13482/1-1.dcm,-1.24,R,"[[[0 0 0 ... 0 0 0]
  [0 0 0 ... 0 0 0]
  [0 0 0 ... 0 0 0]
  ...
  [0 0 0 ... 0 0 0]
  [0 0 0 ... 0 0 0]
  [0 0 0 ... 0 0 0]]

 [[0 0 0 ... 0 0 0]
  [0 0 0 ... 0 0 0]
  [0 0 0 ... 0 0 0]
  ...
  [0 0 0 ... 0 0 0]
  [0 0 0 ... 0 0 0]
  [0 0 0 ... 0 0 0]]

 [[0 0 0 ... 0 0 0]
  [0 0 0 ... 0 0 0]
  [0 0 0 ... 0 0 0]
  ...
  [0 0 0 ... 0 0 0]
  [0 0 0 ... 0 0 0]
  [0 0 0 ... 0 0 0]]

 ...

 [[0 0 0 ... 0 0 0]
  [0 0 0 ... 0 0 0]
  [0 0 0 ... 0 0 0]
  ...
  [0 0 0 ... 0 0 0]
  [0 0 0 ... 0 0 0]
  [0 0 0 ... 0 0 0]]

 [[0 0 0 ... 0 0 0]
  [0 0 0 ... 0 0 0]
  [0 0 0 ... 0 0 0]
  ...
  [0 0 0 ... 0 0 0]
  [0 0 0 ... 0 0 0]
  [0 0 0 ... 0 0 0]]

 [[0 0 0 ... 0 0 0]
  [0 0 0 ... 0 0 0]
  [0 0 0 ... 0 0 0]
  ...
  [0 0 0 ... 0 0 0]
  [0 0 0 ... 0 0 0]
  [0 0 0 ... 0 0 0]]]","[59, 60, 61, 62, 63, 64, 65, 66, 67, 68, 69]","[207, 208, 209, 210, 211, 212, 213, 214, 215, 216, 217, 218, 219, 220, 221, 222, 223, 224, 225, 226, 227, 228, 229, 230, 231, 232, 233, 234, 235, 236, 237, 238, 239, 240, 241, 242, 243, 244, 245, 246, 247]","[345, 346, 347, 348, 349, 350, 351, 352, 353, 354, 355, 356, 357, 358, 359, 360, 361, 362, 363, 364, 365, 366, 367, 368, 369, 370, 371, 372, 373, 374, 375, 376, 377, 378, 379]",11,41,35,/media/bendico765/Crucial X9/Materiali Tesista/Roi masks/AMBL-604/ROI 0.npy,/media/bendico765/Crucial X9/Materiali Tesista/Cleaned Roi masks/AMBL-604/ROI 0.npy,0.6641,2.0,/media/bendico765/Crucial X9/MRI Lesions/manifest-1728494830954/Advanced-MRI-Breast-Lesions/AMBL-604/05-24-2006-NA-MRI BREASTS - Delayed contrast-13928/500.000000-Registered AX Sen Vibrant MultiPhase-31344,,114575.0,86026.0,86000.0,85986.0,0.0025834606153174776,-0.0003138586008881036,0.0002674418604651163,-0.000639639011001791,0.0009477510158613218,0.0003933096455140973,0.00012089886585920075,-0.00010864649262912734,0.0008640628409338861,0.0004417269197684421,0.00020930232558139534,-9.885330170027679e-05,0.0004748060052110818,4.030903907160424e-05,-6.585863874440443e-07,-7.600766493877126e-05
108,AMBL-605,0,1.0,2,weak to moderate,strong,neg,,80,100,0.0,20,/media/bendico765/Crucial X9/MRI Lesions/manifest-1728494830954/Advanced-MRI-Breast-Lesions/AMBL-605/05-26-2006-NA-MRI BREASTS - Delayed contrast-56659/600.000000-Registered Ax T2 FSE-03305,/media/bendico765/Crucial X9/MRI Lesions/manifest-1728494830954/Advanced-MRI-Breast-Lesions/AMBL-605/05-26-2006-NA-MRI BREASTS - Delayed contrast-56659/500.000000-ROI-37136/1-1.dcm,-24.02,R,"[[[0 0 0 ... 0 0 0]
  [0 0 0 ... 0 0 0]
  [0 0 0 ... 0 0 0]
  ...
  [0 0 0 ... 0 0 0]
  [0 0 0 ... 0 0 0]
  [0 0 0 ... 0 0 0]]

 [[0 0 0 ... 0 0 0]
  [0 0 0 ... 0 0 0]
  [0 0 0 ... 0 0 0]
  ...
  [0 0 0 ... 0 0 0]
  [0 0 0 ... 0 0 0]
  [0 0 0 ... 0 0 0]]

 [[0 0 0 ... 0 0 0]
  [0 0 0 ... 0 0 0]
  [0 0 0 ... 0 0 0]
  ...
  [0 0 0 ... 0 0 0]
  [0 0 0 ... 0 0 0]
  [0 0 0 ... 0 0 0]]

 ...

 [[0 0 0 ... 0 0 0]
  [0 0 0 ... 0 0 0]
  [0 0 0 ... 0 0 0]
  ...
  [0 0 0 ... 0 0 0]
  [0 0 0 ... 0 0 0]
  [0 0 0 ... 0 0 0]]

 [[0 0 0 ... 0 0 0]
  [0 0 0 ... 0 0 0]
  [0 0 0 ... 0 0 0]
  ...
  [0 0 0 ... 0 0 0]
  [0 0 0 ... 0 0 0]
  [0 0 0 ... 0 0 0]]

 [[0 0 0 ... 0 0 0]
  [0 0 0 ... 0 0 0]
  [0 0 0 ... 0 0 0]
  ...
  [0 0 0 ... 0 0 0]
  [0 0 0 ... 0 0 0]
  [0 0 0 ... 0 0 0]]]","[67, 68, 69, 70, 71, 72, 73, 74, 75]","[114, 115, 116, 117, 118, 119, 120, 121, 122, 123, 124, 125, 126, 127, 128, 129, 130, 131, 132, 133, 134, 135, 136, 137, 138, 139, 140, 141, 142, 143, 144, 145, 146, 147, 148, 149, 150, 151, 152, 153, 154, 155, 156, 157, 158, 159, 160, 161, 162, 163, 164, 165, 166, 168]","[374, 375, 376, 377, 378, 379, 380, 381, 382, 383, 384, 385, 386, 387, 388, 389, 390, 391, 392, 393, 394, 395, 396, 397, 398, 399, 400]",9,55,27,/media/bendico765/Crucial X9/Materiali Tesista/Roi masks/AMBL-605/ROI 0.npy,/media/bendico765/Crucial X9/Materiali Tesista/Cleaned Roi masks/AMBL-605/ROI 0.npy,0.6836,2.0,/media/bendico765/Crucial X9/MRI Lesions/manifest-1728494830954/Advanced-MRI-Breast-Lesions/AMBL-605/05-26-2006-NA-MRI BREASTS - Delayed contrast-56659/500.000000-Registered AX Sen Vibrant MultiPhase-83906,,114043.0,85424.0,85500.0,85497.0,0.002832265022842261,0.0009482112755197602,-0.00011695906432748539,-0.00040937108904406,0.0010895887814618636,0.0001621468211883253,0.0004104143337066069,-0.00028747353708317254,0.000868093613812334,0.00014047574452144597,0.0004970760233918128,-0.0002631671286711814,0.0007772847101756885,-2.877586180577333e-05,9.061786140035736e-05,-0.00013977198251860192
109,AMBL-606,0,0.0,-1,-1,-1,-1,,-1,-1,-1.0,-1,/media/bendico765/Crucial X9/MRI Lesions/manifest-1728494830954/Advanced-MRI-Breast-Lesions/AMBL-606/05-31-2006-NA-MRI BREASTS - Delayed contrast-21991/600.000000-Registered Ax T2 FSE-37560,/media/bendico765/Crucial X9/MRI Lesions/manifest-1728494830954/Advanced-MRI-Breast-Lesions/AMBL-606/05-31-2006-NA-MRI BREASTS - Delayed contrast-21991/500.000000-ROI-05790/1-1.dcm,-12.5,L,"[[[0 0 0 ... 0 0 0]
  [0 0 0 ... 0 0 0]
  [0 0 0 ... 0 0 0]
  ...
  [0 0 0 ... 0 0 0]
  [0 0 0 ... 0 0 0]
  [0 0 0 ... 0 0 0]]

 [[0 0 0 ... 0 0 0]
  [0 0 0 ... 0 0 0]
  [0 0 0 ... 0 0 0]
  ...
  [0 0 0 ... 0 0 0]
  [0 0 0 ... 0 0 0]
  [0 0 0 ... 0 0 0]]

 [[0 0 0 ... 0 0 0]
  [0 0 0 ... 0 0 0]
  [0 0 0 ... 0 0 0]
  ...
  [0 0 0 ... 0 0 0]
  [0 0 0 ... 0 0 0]
  [0 0 0 ... 0 0 0]]

 ...

 [[0 0 0 ... 0 0 0]
  [0 0 0 ... 0 0 0]
  [0 0 0 ... 0 0 0]
  ...
  [0 0 0 ... 0 0 0]
  [0 0 0 ... 0 0 0]
  [0 0 0 ... 0 0 0]]

 [[0 0 0 ... 0 0 0]
  [0 0 0 ... 0 0 0]
  [0 0 0 ... 0 0 0]
  ...
  [0 0 0 ... 0 0 0]
  [0 0 0 ... 0 0 0]
  [0 0 0 ... 0 0 0]]

 [[0 0 0 ... 0 0 0]
  [0 0 0 ... 0 0 0]
  [0 0 0 ... 0 0 0]
  ...
  [0 0 0 ... 0 0 0]
  [0 0 0 ... 0 0 0]
  [0 0 0 ... 0 0 0]]]","[72, 73, 74, 75]","[113, 114, 115, 116, 117, 118, 119, 120, 121, 122, 123, 124]","[113, 114, 115, 116, 117, 118, 119, 120, 121, 122]",4,12,10,/media/bendico765/Crucial X9/Materiali Tesista/Roi masks/AMBL-606/ROI 0.npy,/media/bendico765/Crucial X9/Materiali Tesista/Cleaned Roi masks/AMBL-606/ROI 0.npy,0.6641,2.0,/media/bendico765/Crucial X9/MRI Lesions/manifest-1728494830954/Advanced-MRI-Breast-Lesions/AMBL-606/05-31-2006-NA-MRI BREASTS - Delayed contrast-21991/500.000000-Registered AX Sen Vibrant MultiPhase-87468,,114667.0,86031.0,86031.0,85996.0,0.0012209266833526646,0.000592809568643861,0.00012786088735455825,0.00032559653937392437,0.00039101049124857194,0.0004815473492113308,0.0001263265567063035,0.00014796037024977928,0.0003183130281598019,0.00048238425683765155,5.811858516116284e-05,0.00017442671752174519,0.0002282279386871568,0.00010836421087063643,8.465077264182354e-05,8.304963822633715e-05
110,AMBL-606,1,0.0,-1,-1,-1,-1,,-1.0,-1.0,-1.0,-1,/media/bendico765/Crucial X9/MRI Lesions/manifest-1728494830954/Advanced-MRI-Breast-Lesions/AMBL-606/05-31-2006-NA-MRI BREASTS - Delayed contrast-21991/600.000000-Registered Ax T2 FSE-37560,/media/bendico765/Crucial X9/MRI Lesions/manifest-1728494830954/Advanced-MRI-Breast-Lesions/AMBL-606/05-31-2006-NA-MRI BREASTS - Delayed contrast-21991/500.000000-ROI-05790/1-1.dcm,27.49,L,"[[[0 0 0 ... 0 0 0]
  [0 0 0 ... 0 0 0]
  [0 0 0 ... 0 0 0]
  ...
  [0 0 0 ... 0 0 0]
  [0 0 0 ... 0 0 0]
  [0 0 0 ... 0 0 0]]

 [[0 0 0 ... 0 0 0]
  [0 0 0 ... 0 0 0]
  [0 0 0 ... 0 0 0]
  ...
  [0 0 0 ... 0 0 0]
  [0 0 0 ... 0 0 0]
  [0 0 0 ... 0 0 0]]

 [[0 0 0 ... 0 0 0]
  [0 0 0 ... 0 0 0]
  [0 0 0 ... 0 0 0]
  ...
  [0 0 0 ... 0 0 0]
  [0 0 0 ... 0 0 0]
  [0 0 0 ... 0 0 0]]

 ...

 [[0 0 0 ... 0 0 0]
  [0 0 0 ... 0 0 0]
  [0 0 0 ... 0 0 0]
  ...
  [0 0 0 ... 0 0 0]
  [0 0 0 ... 0 0 0]
  [0 0 0 ... 0 0 0]]

 [[0 0 0 ... 0 0 0]
  [0 0 0 ... 0 0 0]
  [0 0 0 ... 0 0 0]
  ...
  [0 0 0 ... 0 0 0]
  [0 0 0 ... 0 0 0]
  [0 0 0 ... 0 0 0]]

 [[0 0 0 ... 0 0 0]
  [0 0 0 ... 0 0 0]
  [0 0 0 ... 0 0 0]
  ...
  [0 0 0 ... 0 0 0]
  [0 0 0 ... 0 0 0]
  [0 0 0 ... 0 0 0]]]","[53, 54, 55]","[126, 127, 128, 129, 130, 131, 132, 133, 134, 135, 136, 137, 138]","[116, 117, 118, 119]",3,13,4,/media/bendico765/Crucial X9/Materiali Tesista/Roi masks/AMBL-606/ROI 1.npy,/media/bendico765/Crucial X9/Materiali Tesista/Cleaned Roi masks/AMBL-606/ROI 1.npy,0.6641,2.0,/media/bendico765/Crucial X9/MRI Lesions/manifest-1728494830954/Advanced-MRI-Breast-Lesions/AMBL-606/05-31-2006-NA-MRI BREASTS - Delayed contrast-21991/500.000000-Registered AX Sen Vibrant MultiPhase-87468,,114667.0,86031.0,86031.0,85996.0,0.0008895322978712271,0.00047657239832153524,0.00023247434064465136,-2.3256895669566027e-05,0.00028416431635013863,0.00039148417757434953,0.00010892337084137043,-1.0256552303713185e-05,0.0002659875988732591,0.0003603352279992096,0.00011623717032232568,-2.9071119586957534e-05,0.00019092718211872542,2.8911492313757515e-05,3.552666989289841e-05,-1.594600659472564e-06
111,AMBL-607,0,1.0,2,strong,strong,neg,,100,100,0.0,5 to 10,/media/bendico765/Crucial X9/MRI Lesions/manifest-1728494830954/Advanced-MRI-Breast-Lesions/AMBL-607/05-31-2006-NA-MRI BREASTS - Delayed contrast-08485/600.000000-Registered Ax T2 FSE-39711,/media/bendico765/Crucial X9/MRI Lesions/manifest-1728494830954/Advanced-MRI-Breast-Lesions/AMBL-607/05-31-2006-NA-MRI BREASTS - Delayed contrast-08485/500.000000-ROI-53343/1-1.dcm,-52.07,L,"[[[0 0 0 ... 0 0 0]
  [0 0 0 ... 0 0 0]
  [0 0 0 ... 0 0 0]
  ...
  [0 0 0 ... 0 0 0]
  [0 0 0 ... 0 0 0]
  [0 0 0 ... 0 0 0]]

 [[0 0 0 ... 0 0 0]
  [0 0 0 ... 0 0 0]
  [0 0 0 ... 0 0 0]
  ...
  [0 0 0 ... 0 0 0]
  [0 0 0 ... 0 0 0]
  [0 0 0 ... 0 0 0]]

 [[0 0 0 ... 0 0 0]
  [0 0 0 ... 0 0 0]
  [0 0 0 ... 0 0 0]
  ...
  [0 0 0 ... 0 0 0]
  [0 0 0 ... 0 0 0]
  [0 0 0 ... 0 0 0]]

 ...

 [[0 0 0 ... 0 0 0]
  [0 0 0 ... 0 0 0]
  [0 0 0 ... 0 0 0]
  ...
  [0 0 0 ... 0 0 0]
  [0 0 0 ... 0 0 0]
  [0 0 0 ... 0 0 0]]

 [[0 0 0 ... 0 0 0]
  [0 0 0 ... 0 0 0]
  [0 0 0 ... 0 0 0]
  ...
  [0 0 0 ... 0 0 0]
  [0 0 0 ... 0 0 0]
  [0 0 0 ... 0 0 0]]

 [[0 0 0 ... 0 0 0]
  [0 0 0 ... 0 0 0]
  [0 0 0 ... 0 0 0]
  ...
  [0 0 0 ... 0 0 0]
  [0 0 0 ... 0 0 0]
  [0 0 0 ... 0 0 0]]]","[83, 84, 85, 86, 87, 88, 89, 90]","[219, 220, 221, 222, 223, 224, 225, 226, 227, 228, 229, 230, 231, 232, 233, 234, 235, 236, 237, 238, 239, 240, 241, 242, 243, 244, 245, 246, 247, 248]","[131, 132, 133, 134, 135, 136, 137, 138, 139, 140, 141, 142, 143, 144, 145, 146]",8,30,16,/media/bendico765/Crucial X9/Materiali Tesista/Roi masks/AMBL-607/ROI 0.npy,/media/bendico765/Crucial X9/Materiali Tesista/Cleaned Roi masks/AMBL-607/ROI 0.npy,0.7031,2.0,/media/bendico765/Crucial X9/MRI Lesions/manifest-1728494830954/Advanced-MRI-Breast-Lesions/AMBL-607/05-31-2006-NA-MRI BREASTS - Delayed contrast-08485/500.000000-Registered AX Sen Vibrant MultiPhase-52084,,113730.0,85417.0,85022.0,85485.0,0.0020926756352765323,0.00035121814158774016,-0.0001293782785631954,-0.0003275428437737615,0.0006767145934786985,0.00018901876058371726,0.00012203145263801253,-7.059835393967307e-05,0.00048360151235382046,0.0002575599704976761,0.00021170991037613795,-1.1697958706205767e-05,0.0005299419723321373,-5.641019121708331e-05,-0.00011408124313726968,-4.980661813766545e-05
112,AMBL-608,0,1.0,-1,strong,weak ,strong,,50,20,-1.0,10,/media/bendico765/Crucial X9/MRI Lesions/manifest-1728494830954/Advanced-MRI-Breast-Lesions/AMBL-608/06-07-2006-NA-MRI BREASTS - Delayed contrast-57426/600.000000-Registered Ax T2 FSE-98977,/media/bendico765/Crucial X9/MRI Lesions/manifest-1728494830954/Advanced-MRI-Breast-Lesions/AMBL-608/06-07-2006-NA-MRI BREASTS - Delayed contrast-57426/500.000000-ROI-92345/1-1.dcm,8.01,L,"[[[0 0 0 ... 0 0 0]
  [0 0 0 ... 0 0 0]
  [0 0 0 ... 0 0 0]
  ...
  [0 0 0 ... 0 0 0]
  [0 0 0 ... 0 0 0]
  [0 0 0 ... 0 0 0]]

 [[0 0 0 ... 0 0 0]
  [0 0 0 ... 0 0 0]
  [0 0 0 ... 0 0 0]
  ...
  [0 0 0 ... 0 0 0]
  [0 0 0 ... 0 0 0]
  [0 0 0 ... 0 0 0]]

 [[0 0 0 ... 0 0 0]
  [0 0 0 ... 0 0 0]
  [0 0 0 ... 0 0 0]
  ...
  [0 0 0 ... 0 0 0]
  [0 0 0 ... 0 0 0]
  [0 0 0 ... 0 0 0]]

 ...

 [[0 0 0 ... 0 0 0]
  [0 0 0 ... 0 0 0]
  [0 0 0 ... 0 0 0]
  ...
  [0 0 0 ... 0 0 0]
  [0 0 0 ... 0 0 0]
  [0 0 0 ... 0 0 0]]

 [[0 0 0 ... 0 0 0]
  [0 0 0 ... 0 0 0]
  [0 0 0 ... 0 0 0]
  ...
  [0 0 0 ... 0 0 0]
  [0 0 0 ... 0 0 0]
  [0 0 0 ... 0 0 0]]

 [[0 0 0 ... 0 0 0]
  [0 0 0 ... 0 0 0]
  [0 0 0 ... 0 0 0]
  ...
  [0 0 0 ... 0 0 0]
  [0 0 0 ... 0 0 0]
  [0 0 0 ... 0 0 0]]]","[56, 57, 58, 59, 60]","[114, 115, 116, 117, 118, 119, 122, 123, 124, 125, 126, 127, 128, 129, 130, 131, 132, 133]","[121, 123, 124, 125, 126, 127, 128, 129, 130, 131]",5,20,11,/media/bendico765/Crucial X9/Materiali Tesista/Roi masks/AMBL-608/ROI 0.npy,/media/bendico765/Crucial X9/Materiali Tesista/Cleaned Roi masks/AMBL-608/ROI 0.npy,0.6836,2.0,/media/bendico765/Crucial X9/MRI Lesions/manifest-1728494830954/Advanced-MRI-Breast-Lesions/AMBL-608/06-07-2006-NA-MRI BREASTS - Delayed contrast-57426/500.000000-Registered AX Sen Vibrant MultiPhase-49996,,113939.0,85768.0,85487.0,85516.0,0.00028962866095015756,0.000956067531013898,0.00012867453530946227,0.0,0.00020083610103765207,0.0005377409726463888,-2.971589341824049e-06,0.00011792737522048326,0.00021941565223496784,0.0005188415259770544,-1.1697685028132933e-05,0.00013447775854810796,6.149795732516175e-05,0.00014828526242505142,6.716583816898742e-05,1.852924262442279e-05
113,AMBL-608,1,0.0,-1,-1,-1,-1,,-1.0,-1.0,-1.0,-1,/media/bendico765/Crucial X9/MRI Lesions/manifest-1728494830954/Advanced-MRI-Breast-Lesions/AMBL-608/06-07-2006-NA-MRI BREASTS - Delayed contrast-57426/600.000000-Registered Ax T2 FSE-98977,/media/bendico765/Crucial X9/MRI Lesions/manifest-1728494830954/Advanced-MRI-Breast-Lesions/AMBL-608/06-07-2006-NA-MRI BREASTS - Delayed contrast-57426/500.000000-ROI-92345/1-1.dcm,4.01,L,"[[[0 0 0 ... 0 0 0]
  [0 0 0 ... 0 0 0]
  [0 0 0 ... 0 0 0]
  ...
  [0 0 0 ... 0 0 0]
  [0 0 0 ... 0 0 0]
  [0 0 0 ... 0 0 0]]

 [[0 0 0 ... 0 0 0]
  [0 0 0 ... 0 0 0]
  [0 0 0 ... 0 0 0]
  ...
  [0 0 0 ... 0 0 0]
  [0 0 0 ... 0 0 0]
  [0 0 0 ... 0 0 0]]

 [[0 0 0 ... 0 0 0]
  [0 0 0 ... 0 0 0]
  [0 0 0 ... 0 0 0]
  ...
  [0 0 0 ... 0 0 0]
  [0 0 0 ... 0 0 0]
  [0 0 0 ... 0 0 0]]

 ...

 [[0 0 0 ... 0 0 0]
  [0 0 0 ... 0 0 0]
  [0 0 0 ... 0 0 0]
  ...
  [0 0 0 ... 0 0 0]
  [0 0 0 ... 0 0 0]
  [0 0 0 ... 0 0 0]]

 [[0 0 0 ... 0 0 0]
  [0 0 0 ... 0 0 0]
  [0 0 0 ... 0 0 0]
  ...
  [0 0 0 ... 0 0 0]
  [0 0 0 ... 0 0 0]
  [0 0 0 ... 0 0 0]]

 [[0 0 0 ... 0 0 0]
  [0 0 0 ... 0 0 0]
  [0 0 0 ... 0 0 0]
  ...
  [0 0 0 ... 0 0 0]
  [0 0 0 ... 0 0 0]
  [0 0 0 ... 0 0 0]]]","[61, 62]","[122, 123, 124, 125]","[157, 160]",2,4,4,/media/bendico765/Crucial X9/Materiali Tesista/Roi masks/AMBL-608/ROI 1.npy,/media/bendico765/Crucial X9/Materiali Tesista/Cleaned Roi masks/AMBL-608/ROI 1.npy,0.6836,2.0,/media/bendico765/Crucial X9/MRI Lesions/manifest-1728494830954/Advanced-MRI-Breast-Lesions/AMBL-608/06-07-2006-NA-MRI BREASTS - Delayed contrast-57426/500.000000-Registered AX Sen Vibrant MultiPhase-49996,,113939.0,85768.0,85487.0,85516.0,7.898963480458842e-05,0.0006296054472530548,9.358148022506346e-05,0.00022218064455774357,0.00016919384739007515,0.0004388453606110541,2.047094879923263e-05,0.00016760995992952596,0.00022819227832436654,0.000408077604701054,6.433726765473113e-05,0.0002280275036250526,7.418660118712029e-05,8.387895452241109e-05,2.5672622363154567e-05,6.96781933406764e-05
114,AMBL-608,2,0.0,-1.0,-1,-1,-1,,-1.0,-1.0,-1.0,-1,/media/bendico765/Crucial X9/MRI Lesions/manifest-1728494830954/Advanced-MRI-Breast-Lesions/AMBL-608/06-07-2006-NA-MRI BREASTS - Delayed contrast-57426/600.000000-Registered Ax T2 FSE-98977,/media/bendico765/Crucial X9/MRI Lesions/manifest-1728494830954/Advanced-MRI-Breast-Lesions/AMBL-608/06-07-2006-NA-MRI BREASTS - Delayed contrast-57426/500.000000-ROI-92345/1-1.dcm,4.01,R,"[[[0 0 0 ... 0 0 0]
  [0 0 0 ... 0 0 0]
  [0 0 0 ... 0 0 0]
  ...
  [0 0 0 ... 0 0 0]
  [0 0 0 ... 0 0 0]
  [0 0 0 ... 0 0 0]]

 [[0 0 0 ... 0 0 0]
  [0 0 0 ... 0 0 0]
  [0 0 0 ... 0 0 0]
  ...
  [0 0 0 ... 0 0 0]
  [0 0 0 ... 0 0 0]
  [0 0 0 ... 0 0 0]]

 [[0 0 0 ... 0 0 0]
  [0 0 0 ... 0 0 0]
  [0 0 0 ... 0 0 0]
  ...
  [0 0 0 ... 0 0 0]
  [0 0 0 ... 0 0 0]
  [0 0 0 ... 0 0 0]]

 ...

 [[0 0 0 ... 0 0 0]
  [0 0 0 ... 0 0 0]
  [0 0 0 ... 0 0 0]
  ...
  [0 0 0 ... 0 0 0]
  [0 0 0 ... 0 0 0]
  [0 0 0 ... 0 0 0]]

 [[0 0 0 ... 0 0 0]
  [0 0 0 ... 0 0 0]
  [0 0 0 ... 0 0 0]
  ...
  [0 0 0 ... 0 0 0]
  [0 0 0 ... 0 0 0]
  [0 0 0 ... 0 0 0]]

 [[0 0 0 ... 0 0 0]
  [0 0 0 ... 0 0 0]
  [0 0 0 ... 0 0 0]
  ...
  [0 0 0 ... 0 0 0]
  [0 0 0 ... 0 0 0]
  [0 0 0 ... 0 0 0]]]","[53, 54]","[88, 89, 90, 91, 92]","[338, 339, 340, 341]",2,5,4,/media/bendico765/Crucial X9/Materiali Tesista/Roi masks/AMBL-608/ROI 2.npy,/media/bendico765/Crucial X9/Materiali Tesista/Cleaned Roi masks/AMBL-608/ROI 2.npy,0.6836,2.0,/media/bendico765/Crucial X9/MRI Lesions/manifest-1728494830954/Advanced-MRI-Breast-Lesions/AMBL-608/06-07-2006-NA-MRI BREASTS - Delayed contrast-57426/500.000000-Registered AX Sen Vibrant MultiPhase-49996,,113939.0,85768.0,85487.0,85516.0,0.00023696890441376526,0.00041973696483536984,0.00016376759039386104,2.3387436269236166e-05,0.000268072035467424,0.0003428260979844445,9.912248892259993e-05,9.375489802667482e-05,0.0003159585392183537,0.00036144016416379067,0.00012867453530946227,0.00010524346321156274,4.2344032567851546e-05,7.878890180956995e-05,6.058064195483725e-05,-2.0460498992273154e-05
115,AMBL-610,0,1.0,2,strong,strong,neg,,100,90,0.0,20,/media/bendico765/Crucial X9/MRI Lesions/manifest-1728494830954/Advanced-MRI-Breast-Lesions/AMBL-610/06-22-2006-NA-MRI BREASTS - Delayed contrast-91740/600.000000-Registered Ax T2 FSE-93781,/media/bendico765/Crucial X9/MRI Lesions/manifest-1728494830954/Advanced-MRI-Breast-Lesions/AMBL-610/06-22-2006-NA-MRI BREASTS - Delayed contrast-91740/500.000000-ROI-69655/1-1.dcm,53.44,R,"[[[0 0 0 ... 0 0 0]
  [0 0 0 ... 0 0 0]
  [0 0 0 ... 0 0 0]
  ...
  [0 0 0 ... 0 0 0]
  [0 0 0 ... 0 0 0]
  [0 0 0 ... 0 0 0]]

 [[0 0 0 ... 0 0 0]
  [0 0 0 ... 0 0 0]
  [0 0 0 ... 0 0 0]
  ...
  [0 0 0 ... 0 0 0]
  [0 0 0 ... 0 0 0]
  [0 0 0 ... 0 0 0]]

 [[0 0 0 ... 0 0 0]
  [0 0 0 ... 0 0 0]
  [0 0 0 ... 0 0 0]
  ...
  [0 0 0 ... 0 0 0]
  [0 0 0 ... 0 0 0]
  [0 0 0 ... 0 0 0]]

 ...

 [[0 0 0 ... 0 0 0]
  [0 0 0 ... 0 0 0]
  [0 0 0 ... 0 0 0]
  ...
  [0 0 0 ... 0 0 0]
  [0 0 0 ... 0 0 0]
  [0 0 0 ... 0 0 0]]

 [[0 0 0 ... 0 0 0]
  [0 0 0 ... 0 0 0]
  [0 0 0 ... 0 0 0]
  ...
  [0 0 0 ... 0 0 0]
  [0 0 0 ... 0 0 0]
  [0 0 0 ... 0 0 0]]

 [[0 0 0 ... 0 0 0]
  [0 0 0 ... 0 0 0]
  [0 0 0 ... 0 0 0]
  ...
  [0 0 0 ... 0 0 0]
  [0 0 0 ... 0 0 0]
  [0 0 0 ... 0 0 0]]]","[40, 41, 42, 43]","[227, 228, 229, 230, 231, 232, 233, 234, 235, 236, 237, 238, 239, 240]","[378, 379, 380, 381, 382, 383, 384, 385, 386, 387, 388, 389]",4,14,12,/media/bendico765/Crucial X9/Materiali Tesista/Roi masks/AMBL-610/ROI 0.npy,/media/bendico765/Crucial X9/Materiali Tesista/Cleaned Roi masks/AMBL-610/ROI 0.npy,0.7422,2.0,/media/bendico765/Crucial X9/MRI Lesions/manifest-1728494830954/Advanced-MRI-Breast-Lesions/AMBL-610/06-22-2006-NA-MRI BREASTS - Delayed contrast-91740/500.000000-Registered AX Sen Vibrant MultiPhase-72866,,112902.0,84272.0,84497.0,84495.0,0.0032151777647871607,-0.0004983861780899943,-0.0007219191213889251,0.00017752529735487306,0.0008168323318388787,0.0001777852462397932,-0.00016101291235203407,9.602874630983943e-05,0.0004605764291155161,0.00029665843933928234,2.3669479389800822e-05,0.00010651517841292384,0.000841230996232305,-0.00023907488659793744,-0.0001426596689125565,-1.3369314366852918e-05
116,AMBL-610,1,1.0,2,strong,strong,neg,,95.0,95.0,0.0,10,/media/bendico765/Crucial X9/MRI Lesions/manifest-1728494830954/Advanced-MRI-Breast-Lesions/AMBL-610/06-22-2006-NA-MRI BREASTS - Delayed contrast-91740/600.000000-Registered Ax T2 FSE-93781,/media/bendico765/Crucial X9/MRI Lesions/manifest-1728494830954/Advanced-MRI-Breast-Lesions/AMBL-610/06-22-2006-NA-MRI BREASTS - Delayed contrast-91740/500.000000-ROI-69655/1-1.dcm,-8.56,R,"[[[0 0 0 ... 0 0 0]
  [0 0 0 ... 0 0 0]
  [0 0 0 ... 0 0 0]
  ...
  [0 0 0 ... 0 0 0]
  [0 0 0 ... 0 0 0]
  [0 0 0 ... 0 0 0]]

 [[0 0 0 ... 0 0 0]
  [0 0 0 ... 0 0 0]
  [0 0 0 ... 0 0 0]
  ...
  [0 0 0 ... 0 0 0]
  [0 0 0 ... 0 0 0]
  [0 0 0 ... 0 0 0]]

 [[0 0 0 ... 0 0 0]
  [0 0 0 ... 0 0 0]
  [0 0 0 ... 0 0 0]
  ...
  [0 0 0 ... 0 0 0]
  [0 0 0 ... 0 0 0]
  [0 0 0 ... 0 0 0]]

 ...

 [[0 0 0 ... 0 0 0]
  [0 0 0 ... 0 0 0]
  [0 0 0 ... 0 0 0]
  ...
  [0 0 0 ... 0 0 0]
  [0 0 0 ... 0 0 0]
  [0 0 0 ... 0 0 0]]

 [[0 0 0 ... 0 0 0]
  [0 0 0 ... 0 0 0]
  [0 0 0 ... 0 0 0]
  ...
  [0 0 0 ... 0 0 0]
  [0 0 0 ... 0 0 0]
  [0 0 0 ... 0 0 0]]

 [[0 0 0 ... 0 0 0]
  [0 0 0 ... 0 0 0]
  [0 0 0 ... 0 0 0]
  ...
  [0 0 0 ... 0 0 0]
  [0 0 0 ... 0 0 0]
  [0 0 0 ... 0 0 0]]]","[72, 73, 74, 75, 76]","[147, 148, 149, 150, 151, 152, 153, 154, 155, 156, 157, 158, 159, 160, 161, 162, 163, 164, 165, 166, 167, 168, 169, 170, 171, 172, 173, 174, 175, 176, 177, 178, 179, 180, 181, 182, 183]","[379, 380, 381, 382, 383, 384, 385, 386, 387, 388, 389, 390, 391, 392, 393, 394, 395, 396, 397, 398, 399, 400, 401]",5,37,23,/media/bendico765/Crucial X9/Materiali Tesista/Roi masks/AMBL-610/ROI 1.npy,/media/bendico765/Crucial X9/Materiali Tesista/Cleaned Roi masks/AMBL-610/ROI 1.npy,0.7422,2.0,/media/bendico765/Crucial X9/MRI Lesions/manifest-1728494830954/Advanced-MRI-Breast-Lesions/AMBL-610/06-22-2006-NA-MRI BREASTS - Delayed contrast-91740/500.000000-Registered AX Sen Vibrant MultiPhase-72866,,112902.0,84272.0,84497.0,84495.0,0.00341003702325911,0.0001661287260299981,-0.00014201687633880493,-0.00011835019823658205,0.0006947376308920087,0.00027248529137946064,9.269228194595348e-05,7.419072560576837e-05,0.0005225771022656817,0.000284792101765711,0.0001065126572541037,8.284513876560743e-05,0.0006551712576342193,-8.190244182236454e-06,-3.112036228440628e-05,2.5918265761474054e-05
117,AMBL-610,2,1.0,3.0,strong,strong,neg,,100.0,90.0,0.0,25,/media/bendico765/Crucial X9/MRI Lesions/manifest-1728494830954/Advanced-MRI-Breast-Lesions/AMBL-610/06-22-2006-NA-MRI BREASTS - Delayed contrast-91740/600.000000-Registered Ax T2 FSE-93781,/media/bendico765/Crucial X9/MRI Lesions/manifest-1728494830954/Advanced-MRI-Breast-Lesions/AMBL-610/06-22-2006-NA-MRI BREASTS - Delayed contrast-91740/500.000000-ROI-69655/1-1.dcm,-20.56,R,"[[[0 0 0 ... 0 0 0]
  [0 0 0 ... 0 0 0]
  [0 0 0 ... 0 0 0]
  ...
  [0 0 0 ... 0 0 0]
  [0 0 0 ... 0 0 0]
  [0 0 0 ... 0 0 0]]

 [[0 0 0 ... 0 0 0]
  [0 0 0 ... 0 0 0]
  [0 0 0 ... 0 0 0]
  ...
  [0 0 0 ... 0 0 0]
  [0 0 0 ... 0 0 0]
  [0 0 0 ... 0 0 0]]

 [[0 0 0 ... 0 0 0]
  [0 0 0 ... 0 0 0]
  [0 0 0 ... 0 0 0]
  ...
  [0 0 0 ... 0 0 0]
  [0 0 0 ... 0 0 0]
  [0 0 0 ... 0 0 0]]

 ...

 [[0 0 0 ... 0 0 0]
  [0 0 0 ... 0 0 0]
  [0 0 0 ... 0 0 0]
  ...
  [0 0 0 ... 0 0 0]
  [0 0 0 ... 0 0 0]
  [0 0 0 ... 0 0 0]]

 [[0 0 0 ... 0 0 0]
  [0 0 0 ... 0 0 0]
  [0 0 0 ... 0 0 0]
  ...
  [0 0 0 ... 0 0 0]
  [0 0 0 ... 0 0 0]
  [0 0 0 ... 0 0 0]]

 [[0 0 0 ... 0 0 0]
  [0 0 0 ... 0 0 0]
  [0 0 0 ... 0 0 0]
  ...
  [0 0 0 ... 0 0 0]
  [0 0 0 ... 0 0 0]
  [0 0 0 ... 0 0 0]]]","[73, 74, 75, 76, 77, 78, 79, 80, 81, 82, 83, 84, 85, 86, 87]","[95, 96, 97, 98, 99, 100, 101, 102, 103, 104, 105, 106, 107, 108, 109, 110, 111, 112, 113, 114, 115, 116, 117, 118, 119, 120, 121, 122, 123, 124, 125, 126, 127, 128, 129, 130, 131, 132, 133, 134, 135, 136, 137, 138, 139, 140, 141, 142, 143, 144, 145, 146, 147, 148, 149, 150, 151, 152, 153, 154, 155, 156, 157, 158]","[352, 353, 354, 355, 356, 357, 358, 359, 360, 361, 362, 363, 364, 365, 366, 367, 368, 369, 370, 371, 372, 373, 374, 375, 376, 377, 378, 379, 380, 381, 382, 383, 384, 385, 386, 387, 388, 389, 390, 391, 392, 393, 394, 395, 396, 397, 398, 399, 400, 401, 402, 403, 404, 405, 406, 407]",15,64,56,/media/bendico765/Crucial X9/Materiali Tesista/Roi masks/AMBL-610/ROI 2.npy,/media/bendico765/Crucial X9/Materiali Tesista/Cleaned Roi masks/AMBL-610/ROI 2.npy,0.7422,2.0,/media/bendico765/Crucial X9/MRI Lesions/manifest-1728494830954/Advanced-MRI-Breast-Lesions/AMBL-610/06-22-2006-NA-MRI BREASTS - Delayed contrast-91740/500.000000-Registered AX Sen Vibrant MultiPhase-72866,,112902.0,84272.0,84497.0,84495.0,0.0019840215408053,-8.306436301499905e-05,-3.550421908470123e-05,0.00015385525770755665,0.000924242230487278,5.4490973485585276e-05,-4.419261185730678e-05,-1.3309681247217364e-05,0.00091229561920958,2.3732675147142585e-05,-2.3669479389800822e-05,-1.1835019823658205e-05,0.000512151185178687,-9.10781715228531e-05,-3.4895886962736686e-05,-1.597538503248838e-05
118,AMBL-612,0,1.0,1,strong,weak to moderate,neg,,100,30,10.0,3 to 5,/media/bendico765/Crucial X9/MRI Lesions/manifest-1728494830954/Advanced-MRI-Breast-Lesions/AMBL-612/07-12-2006-NA-MRI BREASTS - Delayed contrast-66769/600.000000-Registered Ax T2 FSE-86475,/media/bendico765/Crucial X9/MRI Lesions/manifest-1728494830954/Advanced-MRI-Breast-Lesions/AMBL-612/07-12-2006-NA-MRI BREASTS - Delayed contrast-66769/500.000000-ROI-13439/1-1.dcm,18.41,R,"[[[0 0 0 ... 0 0 0]
  [0 0 0 ... 0 0 0]
  [0 0 0 ... 0 0 0]
  ...
  [0 0 0 ... 0 0 0]
  [0 0 0 ... 0 0 0]
  [0 0 0 ... 0 0 0]]

 [[0 0 0 ... 0 0 0]
  [0 0 0 ... 0 0 0]
  [0 0 0 ... 0 0 0]
  ...
  [0 0 0 ... 0 0 0]
  [0 0 0 ... 0 0 0]
  [0 0 0 ... 0 0 0]]

 [[0 0 0 ... 0 0 0]
  [0 0 0 ... 0 0 0]
  [0 0 0 ... 0 0 0]
  ...
  [0 0 0 ... 0 0 0]
  [0 0 0 ... 0 0 0]
  [0 0 0 ... 0 0 0]]

 ...

 [[0 0 0 ... 0 0 0]
  [0 0 0 ... 0 0 0]
  [0 0 0 ... 0 0 0]
  ...
  [0 0 0 ... 0 0 0]
  [0 0 0 ... 0 0 0]
  [0 0 0 ... 0 0 0]]

 [[0 0 0 ... 0 0 0]
  [0 0 0 ... 0 0 0]
  [0 0 0 ... 0 0 0]
  ...
  [0 0 0 ... 0 0 0]
  [0 0 0 ... 0 0 0]
  [0 0 0 ... 0 0 0]]

 [[0 0 0 ... 0 0 0]
  [0 0 0 ... 0 0 0]
  [0 0 0 ... 0 0 0]
  ...
  [0 0 0 ... 0 0 0]
  [0 0 0 ... 0 0 0]
  [0 0 0 ... 0 0 0]]]","[55, 56, 57, 58, 59, 60, 61, 62, 63, 64]","[173, 174, 175, 176, 177, 178, 179, 180, 181, 182, 183, 184, 185, 186, 187, 188, 189, 190, 191, 192, 193, 194, 195, 196, 197]","[330, 331, 332, 333, 334, 335, 336, 337, 338, 339, 340, 341, 342, 343, 344, 345, 346, 347, 348, 349]",10,25,20,/media/bendico765/Crucial X9/Materiali Tesista/Roi masks/AMBL-612/ROI 0.npy,/media/bendico765/Crucial X9/Materiali Tesista/Cleaned Roi masks/AMBL-612/ROI 0.npy,0.6641,2.0,/media/bendico765/Crucial X9/MRI Lesions/manifest-1728494830954/Advanced-MRI-Breast-Lesions/AMBL-612/07-12-2006-NA-MRI BREASTS - Delayed contrast-66769/500.000000-Registered AX Sen Vibrant MultiPhase-27760,,114671.0,86027.0,85992.0,86000.0,0.0021714295680686484,0.0006509584200309205,0.0003256116848078891,-0.0005116279069767442,0.000569192633497889,0.00037399860154564625,0.0002605498704643052,3.862712890118435e-05,0.0005057948391485206,0.0003487277250165646,0.00025583775234905575,4.651162790697674e-05,0.0003513768229582609,0.00014463795852476458,7.428705656166956e-05,-3.697029446899567e-05
119,AMBL-613,0,1.0,3,neg,neg,pos,,0,0,10.0,60 to 70,/media/bendico765/Crucial X9/MRI Lesions/manifest-1728494830954/Advanced-MRI-Breast-Lesions/AMBL-613/08-18-2006-NA-MRI BREASTS - Delayed contrast-59944/600.000000-Registered Ax T2 FSE-26348,/media/bendico765/Crucial X9/MRI Lesions/manifest-1728494830954/Advanced-MRI-Breast-Lesions/AMBL-613/08-18-2006-NA-MRI BREASTS - Delayed contrast-59944/500.000000-ROI-32992/1-1.dcm,3.0,L,"[[[0 0 0 ... 0 0 0]
  [0 0 0 ... 0 0 0]
  [0 0 0 ... 0 0 0]
  ...
  [0 0 0 ... 0 0 0]
  [0 0 0 ... 0 0 0]
  [0 0 0 ... 0 0 0]]

 [[0 0 0 ... 0 0 0]
  [0 0 0 ... 0 0 0]
  [0 0 0 ... 0 0 0]
  ...
  [0 0 0 ... 0 0 0]
  [0 0 0 ... 0 0 0]
  [0 0 0 ... 0 0 0]]

 [[0 0 0 ... 0 0 0]
  [0 0 0 ... 0 0 0]
  [0 0 0 ... 0 0 0]
  ...
  [0 0 0 ... 0 0 0]
  [0 0 0 ... 0 0 0]
  [0 0 0 ... 0 0 0]]

 ...

 [[0 0 0 ... 0 0 0]
  [0 0 0 ... 0 0 0]
  [0 0 0 ... 0 0 0]
  ...
  [0 0 0 ... 0 0 0]
  [0 0 0 ... 0 0 0]
  [0 0 0 ... 0 0 0]]

 [[0 0 0 ... 0 0 0]
  [0 0 0 ... 0 0 0]
  [0 0 0 ... 0 0 0]
  ...
  [0 0 0 ... 0 0 0]
  [0 0 0 ... 0 0 0]
  [0 0 0 ... 0 0 0]]

 [[0 0 0 ... 0 0 0]
  [0 0 0 ... 0 0 0]
  [0 0 0 ... 0 0 0]
  ...
  [0 0 0 ... 0 0 0]
  [0 0 0 ... 0 0 0]
  [0 0 0 ... 0 0 0]]]","[52, 53, 54, 55, 56, 57, 58, 59, 60, 61]","[197, 198, 199, 200, 201, 202, 203, 204, 205, 206, 207, 208, 209, 210, 211, 212, 213, 214, 215, 216, 217, 218, 219, 220, 221, 222, 223, 224, 225, 226, 227, 229]","[114, 115, 116, 117, 118, 119, 120, 121, 122, 123, 124, 125, 126, 127, 128, 129, 130, 131, 132, 133, 134, 135, 136, 137, 138, 139, 140, 141, 142, 143, 144]",10,33,31,/media/bendico765/Crucial X9/Materiali Tesista/Roi masks/AMBL-613/ROI 0.npy,/media/bendico765/Crucial X9/Materiali Tesista/Cleaned Roi masks/AMBL-613/ROI 0.npy,0.7227,2.0,/media/bendico765/Crucial X9/MRI Lesions/manifest-1728494830954/Advanced-MRI-Breast-Lesions/AMBL-613/08-18-2006-NA-MRI BREASTS - Delayed contrast-59944/500.000000-Registered AX Sen Vibrant MultiPhase-26477,,113225.0,84823.0,84494.0,84963.0,0.0025789357474056084,0.000530516487273499,0.0007929557128316803,-0.000588491460988901,0.0008328102184917138,0.0004215173546191486,0.00021302502808973037,-8.361444892547132e-05,0.0006005740781629498,0.00041262393454605473,0.00029587899732525386,-4.707931687911208e-05,0.0006193299866025967,0.00016127606920367924,1.942480172500712e-06,-5.8343207168121844e-05
120,AMBL-615,0,0.0,-1,-1,-1,-1,,-1,-1,-1.0,-1,/media/bendico765/Crucial X9/MRI Lesions/manifest-1728494830954/Advanced-MRI-Breast-Lesions/AMBL-615/09-29-2006-NA-MRI BREASTS - Delayed contrast-50493/600.000000-Registered Ax T2 FSE-38288,/media/bendico765/Crucial X9/MRI Lesions/manifest-1728494830954/Advanced-MRI-Breast-Lesions/AMBL-615/09-29-2006-NA-MRI BREASTS - Delayed contrast-50493/500.000000-ROI-42272/1-1.dcm,-65.5,R,"[[[0 0 0 ... 0 0 0]
  [0 0 0 ... 0 0 0]
  [0 0 0 ... 0 0 0]
  ...
  [0 0 0 ... 0 0 0]
  [0 0 0 ... 0 0 0]
  [0 0 0 ... 0 0 0]]

 [[0 0 0 ... 0 0 0]
  [0 0 0 ... 0 0 0]
  [0 0 0 ... 0 0 0]
  ...
  [0 0 0 ... 0 0 0]
  [0 0 0 ... 0 0 0]
  [0 0 0 ... 0 0 0]]

 [[0 0 0 ... 0 0 0]
  [0 0 0 ... 0 0 0]
  [0 0 0 ... 0 0 0]
  ...
  [0 0 0 ... 0 0 0]
  [0 0 0 ... 0 0 0]
  [0 0 0 ... 0 0 0]]

 ...

 [[0 0 0 ... 0 0 0]
  [0 0 0 ... 0 0 0]
  [0 0 0 ... 0 0 0]
  ...
  [0 0 0 ... 0 0 0]
  [0 0 0 ... 0 0 0]
  [0 0 0 ... 0 0 0]]

 [[0 0 0 ... 0 0 0]
  [0 0 0 ... 0 0 0]
  [0 0 0 ... 0 0 0]
  ...
  [0 0 0 ... 0 0 0]
  [0 0 0 ... 0 0 0]
  [0 0 0 ... 0 0 0]]

 [[0 0 0 ... 0 0 0]
  [0 0 0 ... 0 0 0]
  [0 0 0 ... 0 0 0]
  ...
  [0 0 0 ... 0 0 0]
  [0 0 0 ... 0 0 0]
  [0 0 0 ... 0 0 0]]]","[80, 81, 82, 83, 84, 85, 86, 87, 88, 89, 90]","[55, 56, 57, 58, 59, 60, 61, 62, 63, 64, 65, 66, 67, 68, 69, 70, 71, 72, 73, 74, 75, 76, 77, 78, 79, 80, 81, 82, 83, 84, 85, 86, 87, 88, 89, 90, 91, 92, 93, 94, 95, 96, 97, 98, 99, 100, 101, 102, 103, 104, 105, 106, 107, 108, 109, 110, 111, 112, 113, 114, 115, 116, 117, 118, 119, 120, 121, 122, 123, 124, 125, 126, 127, 128, 129, 130, 131, 132, 133, 134, 135, 136, 137, 138, 139, 140, 141, 142, 143, 144, 145, 146, 147, 148, 149, 150, 151, 152, 153, 154, 155, 156, 157, 158, 159, 160, 161, 162, 163, 164, 165, 166, 167, 168, 169, 170, 171, 172, 173, 174, 175, 176, 177, 178, 179, 180, 181, 182, 183, 184, 185, 187]","[380, 381, 382, 383, 384, 385, 386, 387, 388, 389, 390, 391, 392, 393, 394, 395, 396, 397, 398, 399, 400, 401, 402, 403, 404, 405, 406, 407, 408, 409, 410, 411, 412, 413, 414, 415, 416, 417, 418, 419, 420, 421, 422, 423, 424, 425, 426, 427, 428, 429, 430, 431, 432, 433, 434, 435, 436, 437, 438, 439, 440, 441, 442, 443, 444, 445, 446, 447, 448]",11,133,69,/media/bendico765/Crucial X9/Materiali Tesista/Roi masks/AMBL-615/ROI 0.npy,/media/bendico765/Crucial X9/Materiali Tesista/Cleaned Roi masks/AMBL-615/ROI 0.npy,0.6641,2.0,/media/bendico765/Crucial X9/MRI Lesions/manifest-1728494830954/Advanced-MRI-Breast-Lesions/AMBL-615/09-29-2006-NA-MRI BREASTS - Delayed contrast-50493/500.000000-Registered AX Sen Vibrant MultiPhase-49829,,114567.0,86181.0,86026.0,85999.0,0.002068658514231847,0.0004177254847356146,0.00030223420826261827,5.814021093268526e-05,0.0007695195773510229,0.00023279234911715625,0.00022689918451919132,1.0655894796327831e-05,0.0006982813550149694,0.0002436731994291085,0.00023248785250970635,3.488412655961116e-05,0.00045577547238818305,6.427581684210104e-05,1.5678259748016767e-05,1.6313196033788545e-05
121,AMBL-618,0,1.0,2,moderate,strong,neg,,100,100,0.0,10,/media/bendico765/Crucial X9/MRI Lesions/manifest-1728494830954/Advanced-MRI-Breast-Lesions/AMBL-618/10-28-2006-NA-MRI BREASTS - Delayed contrast-33369/600.000000-Registered Ax T2 FSE-54545,/media/bendico765/Crucial X9/MRI Lesions/manifest-1728494830954/Advanced-MRI-Breast-Lesions/AMBL-618/10-28-2006-NA-MRI BREASTS - Delayed contrast-33369/500.000000-ROI-84811/1-1.dcm,2.78,R,"[[[0 0 0 ... 0 0 0]
  [0 0 0 ... 0 0 0]
  [0 0 0 ... 0 0 0]
  ...
  [0 0 0 ... 0 0 0]
  [0 0 0 ... 0 0 0]
  [0 0 0 ... 0 0 0]]

 [[0 0 0 ... 0 0 0]
  [0 0 0 ... 0 0 0]
  [0 0 0 ... 0 0 0]
  ...
  [0 0 0 ... 0 0 0]
  [0 0 0 ... 0 0 0]
  [0 0 0 ... 0 0 0]]

 [[0 0 0 ... 0 0 0]
  [0 0 0 ... 0 0 0]
  [0 0 0 ... 0 0 0]
  ...
  [0 0 0 ... 0 0 0]
  [0 0 0 ... 0 0 0]
  [0 0 0 ... 0 0 0]]

 ...

 [[0 0 0 ... 0 0 0]
  [0 0 0 ... 0 0 0]
  [0 0 0 ... 0 0 0]
  ...
  [0 0 0 ... 0 0 0]
  [0 0 0 ... 0 0 0]
  [0 0 0 ... 0 0 0]]

 [[0 0 0 ... 0 0 0]
  [0 0 0 ... 0 0 0]
  [0 0 0 ... 0 0 0]
  ...
  [0 0 0 ... 0 0 0]
  [0 0 0 ... 0 0 0]
  [0 0 0 ... 0 0 0]]

 [[0 0 0 ... 0 0 0]
  [0 0 0 ... 0 0 0]
  [0 0 0 ... 0 0 0]
  ...
  [0 0 0 ... 0 0 0]
  [0 0 0 ... 0 0 0]
  [0 0 0 ... 0 0 0]]]","[60, 61, 62, 63, 64]","[140, 142, 143, 144, 145, 146, 147, 148, 149, 150, 151]","[387, 388, 389, 390, 391, 392, 393, 394, 395]",5,12,9,/media/bendico765/Crucial X9/Materiali Tesista/Roi masks/AMBL-618/ROI 0.npy,/media/bendico765/Crucial X9/Materiali Tesista/Cleaned Roi masks/AMBL-618/ROI 0.npy,0.7031,2.2,/media/bendico765/Crucial X9/MRI Lesions/manifest-1728494830954/Advanced-MRI-Breast-Lesions/AMBL-618/10-28-2006-NA-MRI BREASTS - Delayed contrast-33369/500.000000-Registered AX Sen Vibrant MultiPhase-42529,,113266.0,84750.0,84994.0,85003.0,0.0016421521021312661,0.00020058997050147493,0.00022354519142527707,0.00038822159217909955,0.0004374077332793411,0.00045839097623282617,0.0001869348126806907,0.00022784190743348139,0.0003796373139335723,0.00035398230088495576,0.00025884180059768927,0.00021175723209769067,0.0003346266925103375,3.441243113323392e-05,0.00011943417567908635,7.576133082796333e-05
122,AMBL-619,0,1.0,3,pos,pos,pos,,90,80,30.0,40,/media/bendico765/Crucial X9/MRI Lesions/manifest-1728494830954/Advanced-MRI-Breast-Lesions/AMBL-619/11-01-2006-NA-MRI BREASTS - Delayed contrast-03702/600.000000-Registered Ax T2 FSE-91148,/media/bendico765/Crucial X9/MRI Lesions/manifest-1728494830954/Advanced-MRI-Breast-Lesions/AMBL-619/11-01-2006-NA-MRI BREASTS - Delayed contrast-03702/500.000000-ROI-41700/1-1.dcm,16.02,R,"[[[0 0 0 ... 0 0 0]
  [0 0 0 ... 0 0 0]
  [0 0 0 ... 0 0 0]
  ...
  [0 0 0 ... 0 0 0]
  [0 0 0 ... 0 0 0]
  [0 0 0 ... 0 0 0]]

 [[0 0 0 ... 0 0 0]
  [0 0 0 ... 0 0 0]
  [0 0 0 ... 0 0 0]
  ...
  [0 0 0 ... 0 0 0]
  [0 0 0 ... 0 0 0]
  [0 0 0 ... 0 0 0]]

 [[0 0 0 ... 0 0 0]
  [0 0 0 ... 0 0 0]
  [0 0 0 ... 0 0 0]
  ...
  [0 0 0 ... 0 0 0]
  [0 0 0 ... 0 0 0]
  [0 0 0 ... 0 0 0]]

 ...

 [[0 0 0 ... 0 0 0]
  [0 0 0 ... 0 0 0]
  [0 0 0 ... 0 0 0]
  ...
  [0 0 0 ... 0 0 0]
  [0 0 0 ... 0 0 0]
  [0 0 0 ... 0 0 0]]

 [[0 0 0 ... 0 0 0]
  [0 0 0 ... 0 0 0]
  [0 0 0 ... 0 0 0]
  ...
  [0 0 0 ... 0 0 0]
  [0 0 0 ... 0 0 0]
  [0 0 0 ... 0 0 0]]

 [[0 0 0 ... 0 0 0]
  [0 0 0 ... 0 0 0]
  [0 0 0 ... 0 0 0]
  ...
  [0 0 0 ... 0 0 0]
  [0 0 0 ... 0 0 0]
  [0 0 0 ... 0 0 0]]]","[64, 65, 66, 67, 68, 69, 70, 71, 72, 73, 76, 77]","[106, 107, 108, 109, 110, 111, 112, 113, 114, 115, 116, 117, 118, 119, 120, 121, 122, 123, 124, 125, 126, 127, 128, 129, 130, 131, 132, 133, 134, 135, 136, 137, 138, 139, 140, 143, 144, 145, 146, 147, 148, 149, 150, 151, 152, 153, 154, 155, 156, 157, 158, 159, 160, 161, 162, 163, 164, 165, 166, 167, 168, 169, 170, 171, 172, 173, 174, 175, 176, 177, 178, 179, 180, 181, 182, 183, 184, 185, 186, 187, 188, 189, 190, 191, 192, 193, 194, 195, 196, 197, 198, 199, 200, 201, 202, 203, 204, 205, 206, 207, 208, 209, 210, 211, 212, 213, 214, 215, 216, 217, 218]","[324, 325, 326, 327, 328, 329, 330, 331, 332, 333, 334, 335, 336, 337, 338, 339, 340, 341, 342, 343, 344, 345, 346, 347, 348, 349, 350, 351, 352, 353, 354, 375, 376, 377, 378, 379, 380, 381, 382, 383, 384, 385, 386]",14,113,63,/media/bendico765/Crucial X9/Materiali Tesista/Roi masks/AMBL-619/ROI 0.npy,/media/bendico765/Crucial X9/Materiali Tesista/Cleaned Roi masks/AMBL-619/ROI 0.npy,0.6641,2.0,/media/bendico765/Crucial X9/MRI Lesions/manifest-1728494830954/Advanced-MRI-Breast-Lesions/AMBL-619/11-01-2006-NA-MRI BREASTS - Delayed contrast-03702/500.000000-Registered AX Sen Vibrant MultiPhase-43673,,114568.0,86414.0,86019.0,86005.0,0.0023566790028629286,-0.0004281713611220404,-0.00033713481905160486,-1.1627230974943318e-05,0.000790771669452573,3.4248690766573974e-05,2.8652900147125992e-05,7.657688187951235e-05,0.0006546330563508135,0.0001620107852894207,9.3002708703891e-05,0.00011627230974943318,0.000512379407660514,-0.00016048976783231215,-5.3424049976954076e-05,-2.03226211212485e-05
123,AMBL-620,0,0.0,-1,-1,-1,-1,,-1,-1,-1.0,-1,/media/bendico765/Crucial X9/MRI Lesions/manifest-1728494830954/Advanced-MRI-Breast-Lesions/AMBL-620/11-07-2006-NA-MRI BREASTS - Delayed contrast-68442/600.000000-Registered Ax T2 FSE-42683,/media/bendico765/Crucial X9/MRI Lesions/manifest-1728494830954/Advanced-MRI-Breast-Lesions/AMBL-620/11-07-2006-NA-MRI BREASTS - Delayed contrast-68442/500.000000-ROI-30061/1-1.dcm,9.34,R,"[[[0 0 0 ... 0 0 0]
  [0 0 0 ... 0 0 0]
  [0 0 0 ... 0 0 0]
  ...
  [0 0 0 ... 0 0 0]
  [0 0 0 ... 0 0 0]
  [0 0 0 ... 0 0 0]]

 [[0 0 0 ... 0 0 0]
  [0 0 0 ... 0 0 0]
  [0 0 0 ... 0 0 0]
  ...
  [0 0 0 ... 0 0 0]
  [0 0 0 ... 0 0 0]
  [0 0 0 ... 0 0 0]]

 [[0 0 0 ... 0 0 0]
  [0 0 0 ... 0 0 0]
  [0 0 0 ... 0 0 0]
  ...
  [0 0 0 ... 0 0 0]
  [0 0 0 ... 0 0 0]
  [0 0 0 ... 0 0 0]]

 ...

 [[0 0 0 ... 0 0 0]
  [0 0 0 ... 0 0 0]
  [0 0 0 ... 0 0 0]
  ...
  [0 0 0 ... 0 0 0]
  [0 0 0 ... 0 0 0]
  [0 0 0 ... 0 0 0]]

 [[0 0 0 ... 0 0 0]
  [0 0 0 ... 0 0 0]
  [0 0 0 ... 0 0 0]
  ...
  [0 0 0 ... 0 0 0]
  [0 0 0 ... 0 0 0]
  [0 0 0 ... 0 0 0]]

 [[0 0 0 ... 0 0 0]
  [0 0 0 ... 0 0 0]
  [0 0 0 ... 0 0 0]
  ...
  [0 0 0 ... 0 0 0]
  [0 0 0 ... 0 0 0]
  [0 0 0 ... 0 0 0]]]","[66, 67, 68, 69]","[122, 123, 124, 125, 126, 133, 134, 135, 136, 137, 138, 139, 142, 143, 144]","[345, 346, 347, 348, 349, 350, 351, 352, 354]",4,23,10,/media/bendico765/Crucial X9/Materiali Tesista/Roi masks/AMBL-620/ROI 0.npy,/media/bendico765/Crucial X9/Materiali Tesista/Cleaned Roi masks/AMBL-620/ROI 0.npy,0.7422,2.0,/media/bendico765/Crucial X9/MRI Lesions/manifest-1728494830954/Advanced-MRI-Breast-Lesions/AMBL-620/11-07-2006-NA-MRI BREASTS - Delayed contrast-68442/500.000000-Registered AX Sen Vibrant MultiPhase-61697,,112791.0,84401.0,84489.0,84493.0,0.0002305148460426807,0.0008412222603997583,4.734344115802057e-05,0.00041423549879871706,0.00014286070751971062,0.0004540181707428345,-1.0371630150597296e-05,0.00014543997483595618,8.865955617026182e-05,0.00040283882892382794,2.3671720579010286e-05,3.550589989703289e-05,0.00015420987930331979,0.00012078863833246823,-7.339298900164489e-06,0.00010820775851651395
124,AMBL-620,1,0.0,-1,-1,-1,-1,,-1.0,-1.0,-1.0,-1,/media/bendico765/Crucial X9/MRI Lesions/manifest-1728494830954/Advanced-MRI-Breast-Lesions/AMBL-620/11-07-2006-NA-MRI BREASTS - Delayed contrast-68442/600.000000-Registered Ax T2 FSE-42683,/media/bendico765/Crucial X9/MRI Lesions/manifest-1728494830954/Advanced-MRI-Breast-Lesions/AMBL-620/11-07-2006-NA-MRI BREASTS - Delayed contrast-68442/500.000000-ROI-30061/1-1.dcm,19.34,R,"[[[0 0 0 ... 0 0 0]
  [0 0 0 ... 0 0 0]
  [0 0 0 ... 0 0 0]
  ...
  [0 0 0 ... 0 0 0]
  [0 0 0 ... 0 0 0]
  [0 0 0 ... 0 0 0]]

 [[0 0 0 ... 0 0 0]
  [0 0 0 ... 0 0 0]
  [0 0 0 ... 0 0 0]
  ...
  [0 0 0 ... 0 0 0]
  [0 0 0 ... 0 0 0]
  [0 0 0 ... 0 0 0]]

 [[0 0 0 ... 0 0 0]
  [0 0 0 ... 0 0 0]
  [0 0 0 ... 0 0 0]
  ...
  [0 0 0 ... 0 0 0]
  [0 0 0 ... 0 0 0]
  [0 0 0 ... 0 0 0]]

 ...

 [[0 0 0 ... 0 0 0]
  [0 0 0 ... 0 0 0]
  [0 0 0 ... 0 0 0]
  ...
  [0 0 0 ... 0 0 0]
  [0 0 0 ... 0 0 0]
  [0 0 0 ... 0 0 0]]

 [[0 0 0 ... 0 0 0]
  [0 0 0 ... 0 0 0]
  [0 0 0 ... 0 0 0]
  ...
  [0 0 0 ... 0 0 0]
  [0 0 0 ... 0 0 0]
  [0 0 0 ... 0 0 0]]

 [[0 0 0 ... 0 0 0]
  [0 0 0 ... 0 0 0]
  [0 0 0 ... 0 0 0]
  ...
  [0 0 0 ... 0 0 0]
  [0 0 0 ... 0 0 0]
  [0 0 0 ... 0 0 0]]]","[61, 62]","[113, 114, 115, 116, 117]","[362, 363, 364, 365]",2,5,4,/media/bendico765/Crucial X9/Materiali Tesista/Roi masks/AMBL-620/ROI 1.npy,/media/bendico765/Crucial X9/Materiali Tesista/Cleaned Roi masks/AMBL-620/ROI 1.npy,0.7422,2.0,/media/bendico765/Crucial X9/MRI Lesions/manifest-1728494830954/Advanced-MRI-Breast-Lesions/AMBL-620/11-07-2006-NA-MRI BREASTS - Delayed contrast-68442/500.000000-Registered AX Sen Vibrant MultiPhase-61697,,112791.0,84401.0,84489.0,84493.0,0.001267831653234744,7.108920510420492e-05,7.101516173703086e-05,-1.183529996567763e-05,0.00033935209430686425,0.0003286173408361041,1.2652126516367752e-05,0.00012569904791133482,0.00026597866851078546,0.0003909906280731271,4.734344115802057e-05,0.00010651769969109868,0.00028945046450897454,-4.8617583786827675e-05,1.973143764945703e-05,-1.6227917009362625e-05
125,AMBL-621,0,1.0,3,moderate,moderate to strong,pos,,80,70,-1.0,-1,/media/bendico765/Crucial X9/MRI Lesions/manifest-1728494830954/Advanced-MRI-Breast-Lesions/AMBL-621/11-09-2006-NA-MRI BREASTS - Delayed contrast-02751/600.000000-Registered Ax T2 FSE-99598,/media/bendico765/Crucial X9/MRI Lesions/manifest-1728494830954/Advanced-MRI-Breast-Lesions/AMBL-621/11-09-2006-NA-MRI BREASTS - Delayed contrast-02751/500.000000-ROI-78149/1-1.dcm,28.89,R,"[[[0 0 0 ... 0 0 0]
  [0 0 0 ... 0 0 0]
  [0 0 0 ... 0 0 0]
  ...
  [0 0 0 ... 0 0 0]
  [0 0 0 ... 0 0 0]
  [0 0 0 ... 0 0 0]]

 [[0 0 0 ... 0 0 0]
  [0 0 0 ... 0 0 0]
  [0 0 0 ... 0 0 0]
  ...
  [0 0 0 ... 0 0 0]
  [0 0 0 ... 0 0 0]
  [0 0 0 ... 0 0 0]]

 [[0 0 0 ... 0 0 0]
  [0 0 0 ... 0 0 0]
  [0 0 0 ... 0 0 0]
  ...
  [0 0 0 ... 0 0 0]
  [0 0 0 ... 0 0 0]
  [0 0 0 ... 0 0 0]]

 ...

 [[0 0 0 ... 0 0 0]
  [0 0 0 ... 0 0 0]
  [0 0 0 ... 0 0 0]
  ...
  [0 0 0 ... 0 0 0]
  [0 0 0 ... 0 0 0]
  [0 0 0 ... 0 0 0]]

 [[0 0 0 ... 0 0 0]
  [0 0 0 ... 0 0 0]
  [0 0 0 ... 0 0 0]
  ...
  [0 0 0 ... 0 0 0]
  [0 0 0 ... 0 0 0]
  [0 0 0 ... 0 0 0]]

 [[0 0 0 ... 0 0 0]
  [0 0 0 ... 0 0 0]
  [0 0 0 ... 0 0 0]
  ...
  [0 0 0 ... 0 0 0]
  [0 0 0 ... 0 0 0]
  [0 0 0 ... 0 0 0]]]","[48, 49, 50, 51, 52, 53, 54, 55, 56, 57, 58, 59, 60, 61]","[135, 136, 137, 138, 139, 140, 141, 142, 143, 144, 145, 146, 147, 148, 149, 150, 151, 152, 153, 154, 155, 156, 157, 158, 159, 160, 161, 162, 163, 164, 165, 166, 167, 168, 169, 170, 171, 172, 173, 174, 175, 176, 177, 178, 179, 180, 181, 182, 183, 184, 185, 186, 187, 188, 189, 190, 191, 192, 193, 194, 195, 196, 197, 198, 199, 200, 201, 202, 203, 204, 205, 206, 207, 208, 209, 210, 211, 212, 214, 216]","[339, 340, 341, 342, 343, 344, 345, 346, 347, 348, 349, 350, 351, 352, 353, 354, 355, 356, 357, 358, 359, 360, 361, 362, 363, 364, 365, 366, 367, 368, 369, 370, 371, 372, 373, 374, 375, 376, 377, 378, 379, 380, 381, 382, 383, 384, 385, 386, 387, 388, 389, 390, 391, 392, 393, 394, 395, 396, 397, 398, 399, 400, 401, 402, 403, 404, 405, 406]",14,82,68,/media/bendico765/Crucial X9/Materiali Tesista/Roi masks/AMBL-621/ROI 0.npy,/media/bendico765/Crucial X9/Materiali Tesista/Cleaned Roi masks/AMBL-621/ROI 0.npy,0.6641,2.0,/media/bendico765/Crucial X9/MRI Lesions/manifest-1728494830954/Advanced-MRI-Breast-Lesions/AMBL-621/11-09-2006-NA-MRI BREASTS - Delayed contrast-02751/500.000000-Registered AX Sen Vibrant MultiPhase-06320,,114567.0,86028.0,86003.0,86014.0,0.0018242600399766076,0.00017436183568140607,-6.976500819738847e-05,0.00011626014369753761,0.0008008457525865847,0.00012450219820900498,0.00014352572326257158,3.0004140115127325e-05,0.0006808243211395952,0.00016273771330264564,0.00018604002185970258,8.138210058827633e-05,0.00046432537766654845,3.172204547340528e-06,-4.687644038123255e-06,-2.9944077577989083e-05
126,AMBL-621,1,0.0,-1,-1,-1,-1,,-1.0,-1.0,-1.0,-1,/media/bendico765/Crucial X9/MRI Lesions/manifest-1728494830954/Advanced-MRI-Breast-Lesions/AMBL-621/11-09-2006-NA-MRI BREASTS - Delayed contrast-02751/600.000000-Registered Ax T2 FSE-99598,/media/bendico765/Crucial X9/MRI Lesions/manifest-1728494830954/Advanced-MRI-Breast-Lesions/AMBL-621/11-09-2006-NA-MRI BREASTS - Delayed contrast-02751/500.000000-ROI-78149/1-1.dcm,20.89,R,"[[[0 0 0 ... 0 0 0]
  [0 0 0 ... 0 0 0]
  [0 0 0 ... 0 0 0]
  ...
  [0 0 0 ... 0 0 0]
  [0 0 0 ... 0 0 0]
  [0 0 0 ... 0 0 0]]

 [[0 0 0 ... 0 0 0]
  [0 0 0 ... 0 0 0]
  [0 0 0 ... 0 0 0]
  ...
  [0 0 0 ... 0 0 0]
  [0 0 0 ... 0 0 0]
  [0 0 0 ... 0 0 0]]

 [[0 0 0 ... 0 0 0]
  [0 0 0 ... 0 0 0]
  [0 0 0 ... 0 0 0]
  ...
  [0 0 0 ... 0 0 0]
  [0 0 0 ... 0 0 0]
  [0 0 0 ... 0 0 0]]

 ...

 [[0 0 0 ... 0 0 0]
  [0 0 0 ... 0 0 0]
  [0 0 0 ... 0 0 0]
  ...
  [0 0 0 ... 0 0 0]
  [0 0 0 ... 0 0 0]
  [0 0 0 ... 0 0 0]]

 [[0 0 0 ... 0 0 0]
  [0 0 0 ... 0 0 0]
  [0 0 0 ... 0 0 0]
  ...
  [0 0 0 ... 0 0 0]
  [0 0 0 ... 0 0 0]
  [0 0 0 ... 0 0 0]]

 [[0 0 0 ... 0 0 0]
  [0 0 0 ... 0 0 0]
  [0 0 0 ... 0 0 0]
  ...
  [0 0 0 ... 0 0 0]
  [0 0 0 ... 0 0 0]
  [0 0 0 ... 0 0 0]]]","[53, 54, 55, 56, 57, 58]","[205, 206, 207, 208, 209, 210, 211, 212, 213, 214, 215, 216, 217, 218, 219, 220, 221, 222, 223, 224, 225, 226, 227, 228, 229, 230, 231, 232, 233, 234, 235, 236, 237, 238, 239, 240, 241, 242, 243, 244, 245, 246, 247, 248, 249, 250, 251, 252, 253, 254, 255, 256, 257, 258, 259, 260, 261, 262, 263, 264, 265, 266, 267, 268, 269, 270, 271, 272, 274]","[390, 391, 392, 393, 394, 395, 396, 397, 398, 399, 400, 401, 402, 403, 404, 405, 406, 407, 408, 409, 410, 411, 412, 413, 414, 415, 416, 417, 418, 419]",6,70,30,/media/bendico765/Crucial X9/Materiali Tesista/Roi masks/AMBL-621/ROI 1.npy,/media/bendico765/Crucial X9/Materiali Tesista/Cleaned Roi masks/AMBL-621/ROI 1.npy,0.6641,2.0,/media/bendico765/Crucial X9/MRI Lesions/manifest-1728494830954/Advanced-MRI-Breast-Lesions/AMBL-621/11-09-2006-NA-MRI BREASTS - Delayed contrast-02751/500.000000-Registered AX Sen Vibrant MultiPhase-06320,,114567.0,86028.0,86003.0,86014.0,0.002836768004748313,-0.00038359603849909334,-0.0003371975396207109,-0.00023252028739507522,0.0006435063339699427,0.00011520076955501335,1.7540371733124935e-05,0.00022963856055457227,0.0005673536009496627,0.00012786534616636444,3.4882504098694234e-05,0.00022089427302532147,0.00037514659395164273,3.450060867856967e-05,-1.524671697300956e-05,8.306799183249316e-06
127,AMBL-622,0,1.0,1 to 2,moderate,moderate,neg,,70,70,0.0,5,/media/bendico765/Crucial X9/MRI Lesions/manifest-1728494830954/Advanced-MRI-Breast-Lesions/AMBL-622/11-15-2006-NA-MRI BREASTS - Delayed contrast-04921/600.000000-Registered Ax T2 FSE-56993,/media/bendico765/Crucial X9/MRI Lesions/manifest-1728494830954/Advanced-MRI-Breast-Lesions/AMBL-622/11-15-2006-NA-MRI BREASTS - Delayed contrast-04921/500.000000-ROI-29079/1-1.dcm,20.61,L,"[[[0 0 0 ... 0 0 0]
  [0 0 0 ... 0 0 0]
  [0 0 0 ... 0 0 0]
  ...
  [0 0 0 ... 0 0 0]
  [0 0 0 ... 0 0 0]
  [0 0 0 ... 0 0 0]]

 [[0 0 0 ... 0 0 0]
  [0 0 0 ... 0 0 0]
  [0 0 0 ... 0 0 0]
  ...
  [0 0 0 ... 0 0 0]
  [0 0 0 ... 0 0 0]
  [0 0 0 ... 0 0 0]]

 [[0 0 0 ... 0 0 0]
  [0 0 0 ... 0 0 0]
  [0 0 0 ... 0 0 0]
  ...
  [0 0 0 ... 0 0 0]
  [0 0 0 ... 0 0 0]
  [0 0 0 ... 0 0 0]]

 ...

 [[0 0 0 ... 0 0 0]
  [0 0 0 ... 0 0 0]
  [0 0 0 ... 0 0 0]
  ...
  [0 0 0 ... 0 0 0]
  [0 0 0 ... 0 0 0]
  [0 0 0 ... 0 0 0]]

 [[0 0 0 ... 0 0 0]
  [0 0 0 ... 0 0 0]
  [0 0 0 ... 0 0 0]
  ...
  [0 0 0 ... 0 0 0]
  [0 0 0 ... 0 0 0]
  [0 0 0 ... 0 0 0]]

 [[0 0 0 ... 0 0 0]
  [0 0 0 ... 0 0 0]
  [0 0 0 ... 0 0 0]
  ...
  [0 0 0 ... 0 0 0]
  [0 0 0 ... 0 0 0]
  [0 0 0 ... 0 0 0]]]","[52, 53, 54, 55, 56, 57, 58, 59, 60, 61, 62, 63]","[156, 157, 158, 159, 160, 161, 162, 163, 164, 165, 166, 167, 174, 175, 176, 179, 180, 181, 182, 183, 184, 185, 186, 187, 188, 189, 190, 191, 192, 193, 194, 195, 196, 197, 198, 199, 200, 201, 202, 203, 204, 205, 206, 207, 208, 209, 210, 211, 212, 213, 214, 215, 216, 217, 218, 219, 220, 221, 222, 223, 224, 225, 226, 227, 228, 229]","[111, 112, 113, 114, 115, 116, 117, 118, 119, 120, 121, 122, 123, 124, 125, 126, 127, 128, 129, 130, 131, 132, 133, 134, 135, 136, 137, 138, 139, 140, 141, 142, 143, 144, 145]",12,74,35,/media/bendico765/Crucial X9/Materiali Tesista/Roi masks/AMBL-622/ROI 0.npy,/media/bendico765/Crucial X9/Materiali Tesista/Cleaned Roi masks/AMBL-622/ROI 0.npy,0.6836,2.0,/media/bendico765/Crucial X9/MRI Lesions/manifest-1728494830954/Advanced-MRI-Breast-Lesions/AMBL-622/11-15-2006-NA-MRI BREASTS - Delayed contrast-04921/500.000000-Registered AX Sen Vibrant MultiPhase-14355,,113944.0,85342.0,85501.0,85706.0,0.000833742891244822,0.00043354971760680555,0.00023391539280242336,0.00017501691830210252,0.0003878124375059643,0.0005354411919013104,0.00023958386991859392,0.00024006859327896585,0.000324720915537457,0.00048041995734808183,0.00023391539280242336,0.00028002706928336406,0.00024049632681489455,0.00012678758791955243,1.2897203910770876e-05,4.7521063204967404e-05
128,AMBL-623,0,1.0,-1,-1,-1,-1,,-1,-1,-1.0,-1,/media/bendico765/Crucial X9/MRI Lesions/manifest-1728494830954/Advanced-MRI-Breast-Lesions/AMBL-623/11-22-2006-NA-MRI BREASTS - Delayed contrast-48785/600.000000-Registered Ax T2 FSE-03637,/media/bendico765/Crucial X9/MRI Lesions/manifest-1728494830954/Advanced-MRI-Breast-Lesions/AMBL-623/11-22-2006-NA-MRI BREASTS - Delayed contrast-48785/500.000000-ROI-06575/1-1.dcm,90.94,L,"[[[0 0 0 ... 0 0 0]
  [0 0 0 ... 0 0 0]
  [0 0 0 ... 0 0 0]
  ...
  [0 0 0 ... 0 0 0]
  [0 0 0 ... 0 0 0]
  [0 0 0 ... 0 0 0]]

 [[0 0 0 ... 0 0 0]
  [0 0 0 ... 0 0 0]
  [0 0 0 ... 0 0 0]
  ...
  [0 0 0 ... 0 0 0]
  [0 0 0 ... 0 0 0]
  [0 0 0 ... 0 0 0]]

 [[0 0 0 ... 0 0 0]
  [0 0 0 ... 0 0 0]
  [0 0 0 ... 0 0 0]
  ...
  [0 0 0 ... 0 0 0]
  [0 0 0 ... 0 0 0]
  [0 0 0 ... 0 0 0]]

 ...

 [[0 0 0 ... 0 0 0]
  [0 0 0 ... 0 0 0]
  [0 0 0 ... 0 0 0]
  ...
  [0 0 0 ... 0 0 0]
  [0 0 0 ... 0 0 0]
  [0 0 0 ... 0 0 0]]

 [[0 0 0 ... 0 0 0]
  [0 0 0 ... 0 0 0]
  [0 0 0 ... 0 0 0]
  ...
  [0 0 0 ... 0 0 0]
  [0 0 0 ... 0 0 0]
  [0 0 0 ... 0 0 0]]

 [[0 0 0 ... 0 0 0]
  [0 0 0 ... 0 0 0]
  [0 0 0 ... 0 0 0]
  ...
  [0 0 0 ... 0 0 0]
  [0 0 0 ... 0 0 0]
  [0 0 0 ... 0 0 0]]]","[12, 13, 14, 15, 16, 17, 18, 19, 20, 21, 22, 23]","[241, 242, 243, 244, 245, 246, 247, 248, 249, 250, 251, 252, 253, 254, 255, 256, 257, 258, 259, 260, 261, 262, 263, 264, 265, 266, 267, 268, 269, 270, 271, 272, 273, 274, 275, 276, 277, 278, 279, 280, 281, 282, 283, 284, 285, 286, 287, 288, 289, 290, 291, 292, 293, 294, 295, 296, 297, 298, 299, 300, 301, 302, 303, 304, 305, 306, 307, 308, 309, 310, 311, 312]","[96, 97, 98, 99, 100, 101, 102, 103, 104, 105, 106, 107, 108, 109, 110, 111, 112, 113, 114, 115, 116, 117, 118, 119, 120, 121, 122, 123, 124, 125, 126, 127, 128, 129, 130, 131, 132, 133, 134, 135, 136, 137, 138, 139, 140, 141, 142, 143, 144, 145, 146, 147, 148, 149, 150, 151, 152, 153, 154, 155]",12,72,60,/media/bendico765/Crucial X9/Materiali Tesista/Roi masks/AMBL-623/ROI 0.npy,/media/bendico765/Crucial X9/Materiali Tesista/Cleaned Roi masks/AMBL-623/ROI 0.npy,0.6836,2.0,/media/bendico765/Crucial X9/MRI Lesions/manifest-1728494830954/Advanced-MRI-Breast-Lesions/AMBL-623/11-22-2006-NA-MRI BREASTS - Delayed contrast-48785/500.000000-Registered AX Sen Vibrant MultiPhase-03225,,113941.0,85300.0,85496.0,85490.0,0.0030629887397863806,-0.001488862837045721,0.00014035744362309347,0.0002573400397707334,0.000593694212125089,0.00021029826586909644,5.8462952856347255e-05,1.087076741687325e-05,0.0005704706821951712,0.0002227432590855803,5.848226817628895e-05,-2.3394549070066676e-05,0.00019596475118870902,-7.253451201471392e-05,7.430992472889651e-05,1.2607193692849125e-05
129,AMBL-625,0,1.0,2 to 3,strong,moderate,pos,,100,60,20.0,10,/media/bendico765/Crucial X9/MRI Lesions/manifest-1728494830954/Advanced-MRI-Breast-Lesions/AMBL-625/12-01-2006-NA-MRI BREASTS - Delayed contrast-07578/600.000000-Registered Ax T2 FSE-90790,/media/bendico765/Crucial X9/MRI Lesions/manifest-1728494830954/Advanced-MRI-Breast-Lesions/AMBL-625/12-01-2006-NA-MRI BREASTS - Delayed contrast-07578/500.000000-ROI-27927/1-1.dcm,2.9,R,"[[[0 0 0 ... 0 0 0]
  [0 0 0 ... 0 0 0]
  [0 0 0 ... 0 0 0]
  ...
  [0 0 0 ... 0 0 0]
  [0 0 0 ... 0 0 0]
  [0 0 0 ... 0 0 0]]

 [[0 0 0 ... 0 0 0]
  [0 0 0 ... 0 0 0]
  [0 0 0 ... 0 0 0]
  ...
  [0 0 0 ... 0 0 0]
  [0 0 0 ... 0 0 0]
  [0 0 0 ... 0 0 0]]

 [[0 0 0 ... 0 0 0]
  [0 0 0 ... 0 0 0]
  [0 0 0 ... 0 0 0]
  ...
  [0 0 0 ... 0 0 0]
  [0 0 0 ... 0 0 0]
  [0 0 0 ... 0 0 0]]

 ...

 [[0 0 0 ... 0 0 0]
  [0 0 0 ... 0 0 0]
  [0 0 0 ... 0 0 0]
  ...
  [0 0 0 ... 0 0 0]
  [0 0 0 ... 0 0 0]
  [0 0 0 ... 0 0 0]]

 [[0 0 0 ... 0 0 0]
  [0 0 0 ... 0 0 0]
  [0 0 0 ... 0 0 0]
  ...
  [0 0 0 ... 0 0 0]
  [0 0 0 ... 0 0 0]
  [0 0 0 ... 0 0 0]]

 [[0 0 0 ... 0 0 0]
  [0 0 0 ... 0 0 0]
  [0 0 0 ... 0 0 0]
  ...
  [0 0 0 ... 0 0 0]
  [0 0 0 ... 0 0 0]
  [0 0 0 ... 0 0 0]]]","[51, 52, 53, 54, 55, 56, 57, 58, 59, 60, 61, 62, 63, 64]","[174, 175, 176, 177, 178, 179, 180, 181, 182, 183, 184, 185, 186, 187, 188, 189, 190, 191, 192, 193, 194, 195, 196, 197, 198, 199, 200, 201, 202, 203, 204, 205, 206, 207, 208, 209, 210, 211, 212, 213, 214, 215, 216, 217, 218, 219, 220, 221]","[375, 376, 377, 378, 379, 380, 381, 382, 383, 384, 385, 386, 387, 388, 389, 390, 391, 392, 393, 394, 395, 396, 397, 398, 399, 400, 401, 402, 403, 404, 405, 406, 407, 408, 409, 410, 411]",14,48,37,/media/bendico765/Crucial X9/Materiali Tesista/Roi masks/AMBL-625/ROI 0.npy,/media/bendico765/Crucial X9/Materiali Tesista/Cleaned Roi masks/AMBL-625/ROI 0.npy,0.6836,2.0,/media/bendico765/Crucial X9/MRI Lesions/manifest-1728494830954/Advanced-MRI-Breast-Lesions/AMBL-625/12-01-2006-NA-MRI BREASTS - Delayed contrast-07578/500.000000-Registered AX Sen Vibrant MultiPhase-54740,,113939.0,85553.0,85502.0,85501.0,0.0006231404523473087,-9.350928664102953e-05,-9.35650628055484e-05,9.356615712096934e-05,0.0009393971158183744,0.0004760790038760382,0.00035578054401565575,0.00011447152295434492,0.0008162262263140803,0.0005026124156955338,0.00040934714977427426,0.00021052385352218102,0.0006664067788700962,8.183970676545248e-05,1.1699403421049262e-06,-3.4318699120683215e-06
130,AMBL-625,1,0.0,-1,-1,-1,-1,,-1.0,-1.0,-1.0,-1,/media/bendico765/Crucial X9/MRI Lesions/manifest-1728494830954/Advanced-MRI-Breast-Lesions/AMBL-625/12-01-2006-NA-MRI BREASTS - Delayed contrast-07578/600.000000-Registered Ax T2 FSE-90790,/media/bendico765/Crucial X9/MRI Lesions/manifest-1728494830954/Advanced-MRI-Breast-Lesions/AMBL-625/12-01-2006-NA-MRI BREASTS - Delayed contrast-07578/500.000000-ROI-27927/1-1.dcm,-49.1,L,"[[[0 0 0 ... 0 0 0]
  [0 0 0 ... 0 0 0]
  [0 0 0 ... 0 0 0]
  ...
  [0 0 0 ... 0 0 0]
  [0 0 0 ... 0 0 0]
  [0 0 0 ... 0 0 0]]

 [[0 0 0 ... 0 0 0]
  [0 0 0 ... 0 0 0]
  [0 0 0 ... 0 0 0]
  ...
  [0 0 0 ... 0 0 0]
  [0 0 0 ... 0 0 0]
  [0 0 0 ... 0 0 0]]

 [[0 0 0 ... 0 0 0]
  [0 0 0 ... 0 0 0]
  [0 0 0 ... 0 0 0]
  ...
  [0 0 0 ... 0 0 0]
  [0 0 0 ... 0 0 0]
  [0 0 0 ... 0 0 0]]

 ...

 [[0 0 0 ... 0 0 0]
  [0 0 0 ... 0 0 0]
  [0 0 0 ... 0 0 0]
  ...
  [0 0 0 ... 0 0 0]
  [0 0 0 ... 0 0 0]
  [0 0 0 ... 0 0 0]]

 [[0 0 0 ... 0 0 0]
  [0 0 0 ... 0 0 0]
  [0 0 0 ... 0 0 0]
  ...
  [0 0 0 ... 0 0 0]
  [0 0 0 ... 0 0 0]
  [0 0 0 ... 0 0 0]]

 [[0 0 0 ... 0 0 0]
  [0 0 0 ... 0 0 0]
  [0 0 0 ... 0 0 0]
  ...
  [0 0 0 ... 0 0 0]
  [0 0 0 ... 0 0 0]
  [0 0 0 ... 0 0 0]]]",[84],"[145, 146, 147]","[144, 145, 146, 147]",1,3,4,/media/bendico765/Crucial X9/Materiali Tesista/Roi masks/AMBL-625/ROI 1.npy,/media/bendico765/Crucial X9/Materiali Tesista/Cleaned Roi masks/AMBL-625/ROI 1.npy,0.6836,2.0,/media/bendico765/Crucial X9/MRI Lesions/manifest-1728494830954/Advanced-MRI-Breast-Lesions/AMBL-625/12-01-2006-NA-MRI BREASTS - Delayed contrast-07578/500.000000-Registered AX Sen Vibrant MultiPhase-54740,,113939.0,85553.0,85502.0,85501.0,0.0006231404523473087,0.000151952590791673,0.0003040864541180323,-0.00035087308920363507,0.0004146290931325028,0.00010378114009780959,0.000277505470366456,-0.00013893156663416655,0.00034228841748654983,9.350928664102953e-05,0.00026899955556595166,-9.356615712096934e-05,7.72052713278497e-05,-1.5633591423715283e-05,2.7735054003467047e-05,-0.00010810687475236677
131,AMBL-627,0,1.0,2,strong,strong,neg,,100,90,0.0,-1,/media/bendico765/Crucial X9/MRI Lesions/manifest-1728494830954/Advanced-MRI-Breast-Lesions/AMBL-627/01-09-2007-NA-MRI BREASTS - Delayed contrast-72729/600.000000-Registered Ax T2 FSE-12583,/media/bendico765/Crucial X9/MRI Lesions/manifest-1728494830954/Advanced-MRI-Breast-Lesions/AMBL-627/01-09-2007-NA-MRI BREASTS - Delayed contrast-72729/500.000000-ROI-92818/1-1.dcm,-48.17,L,"[[[0 0 0 ... 0 0 0]
  [0 0 0 ... 0 0 0]
  [0 0 0 ... 0 0 0]
  ...
  [0 0 0 ... 0 0 0]
  [0 0 0 ... 0 0 0]
  [0 0 0 ... 0 0 0]]

 [[0 0 0 ... 0 0 0]
  [0 0 0 ... 0 0 0]
  [0 0 0 ... 0 0 0]
  ...
  [0 0 0 ... 0 0 0]
  [0 0 0 ... 0 0 0]
  [0 0 0 ... 0 0 0]]

 [[0 0 0 ... 0 0 0]
  [0 0 0 ... 0 0 0]
  [0 0 0 ... 0 0 0]
  ...
  [0 0 0 ... 0 0 0]
  [0 0 0 ... 0 0 0]
  [0 0 0 ... 0 0 0]]

 ...

 [[0 0 0 ... 0 0 0]
  [0 0 0 ... 0 0 0]
  [0 0 0 ... 0 0 0]
  ...
  [0 0 0 ... 0 0 0]
  [0 0 0 ... 0 0 0]
  [0 0 0 ... 0 0 0]]

 [[0 0 0 ... 0 0 0]
  [0 0 0 ... 0 0 0]
  [0 0 0 ... 0 0 0]
  ...
  [0 0 0 ... 0 0 0]
  [0 0 0 ... 0 0 0]
  [0 0 0 ... 0 0 0]]

 [[0 0 0 ... 0 0 0]
  [0 0 0 ... 0 0 0]
  [0 0 0 ... 0 0 0]
  ...
  [0 0 0 ... 0 0 0]
  [0 0 0 ... 0 0 0]
  [0 0 0 ... 0 0 0]]]","[81, 82, 83, 84, 85, 86, 87, 88]","[164, 165, 166, 167, 168, 169, 170, 171, 172, 173, 174, 175, 176, 177, 178, 179, 180, 181, 182, 183, 184, 185, 186, 187, 188, 189, 190, 191, 192, 193, 194]","[120, 121, 122, 123, 124, 125, 126, 127, 128, 129, 130, 131, 132, 133, 134, 135, 136, 137, 138, 139, 140, 141, 142, 143, 144, 145, 146, 147, 148, 149, 150]",8,31,31,/media/bendico765/Crucial X9/Materiali Tesista/Roi masks/AMBL-627/ROI 0.npy,/media/bendico765/Crucial X9/Materiali Tesista/Cleaned Roi masks/AMBL-627/ROI 0.npy,0.6445,2.0,/media/bendico765/Crucial X9/MRI Lesions/manifest-1728494830954/Advanced-MRI-Breast-Lesions/AMBL-627/01-09-2007-NA-MRI BREASTS - Delayed contrast-72729/500.000000-Registered AX Sen Vibrant MultiPhase-18878,,114980.0,86772.0,86524.0,86476.0,0.002069925204383371,4.609781957313419e-05,-9.245989552031806e-05,-0.000751653638003608,0.0009411866352016809,0.00034300044457392535,0.00020962715232711023,-5.160118588907258e-05,0.0006348930248738911,0.0003687825565850735,0.00031205214738107344,3.469170636939729e-05,0.0005575441286242774,-2.128888492934073e-05,-8.04672439488156e-05,-0.00010660549085175387
132,AMBL-627,1,0.0,-1,-1,-1,-1,,-1.0,-1.0,-1.0,-1,/media/bendico765/Crucial X9/MRI Lesions/manifest-1728494830954/Advanced-MRI-Breast-Lesions/AMBL-627/01-09-2007-NA-MRI BREASTS - Delayed contrast-72729/600.000000-Registered Ax T2 FSE-12583,/media/bendico765/Crucial X9/MRI Lesions/manifest-1728494830954/Advanced-MRI-Breast-Lesions/AMBL-627/01-09-2007-NA-MRI BREASTS - Delayed contrast-72729/500.000000-ROI-92818/1-1.dcm,35.83,R,"[[[0 0 0 ... 0 0 0]
  [0 0 0 ... 0 0 0]
  [0 0 0 ... 0 0 0]
  ...
  [0 0 0 ... 0 0 0]
  [0 0 0 ... 0 0 0]
  [0 0 0 ... 0 0 0]]

 [[0 0 0 ... 0 0 0]
  [0 0 0 ... 0 0 0]
  [0 0 0 ... 0 0 0]
  ...
  [0 0 0 ... 0 0 0]
  [0 0 0 ... 0 0 0]
  [0 0 0 ... 0 0 0]]

 [[0 0 0 ... 0 0 0]
  [0 0 0 ... 0 0 0]
  [0 0 0 ... 0 0 0]
  ...
  [0 0 0 ... 0 0 0]
  [0 0 0 ... 0 0 0]
  [0 0 0 ... 0 0 0]]

 ...

 [[0 0 0 ... 0 0 0]
  [0 0 0 ... 0 0 0]
  [0 0 0 ... 0 0 0]
  ...
  [0 0 0 ... 0 0 0]
  [0 0 0 ... 0 0 0]
  [0 0 0 ... 0 0 0]]

 [[0 0 0 ... 0 0 0]
  [0 0 0 ... 0 0 0]
  [0 0 0 ... 0 0 0]
  ...
  [0 0 0 ... 0 0 0]
  [0 0 0 ... 0 0 0]
  [0 0 0 ... 0 0 0]]

 [[0 0 0 ... 0 0 0]
  [0 0 0 ... 0 0 0]
  [0 0 0 ... 0 0 0]
  ...
  [0 0 0 ... 0 0 0]
  [0 0 0 ... 0 0 0]
  [0 0 0 ... 0 0 0]]]","[41, 42, 43, 44]","[148, 149, 150, 151, 152, 153, 154, 155, 156, 157, 158, 159, 160, 161, 162, 163, 164, 165, 166, 167, 168, 169, 170, 171, 172, 173, 174, 175, 176, 177, 178, 179, 180]","[340, 341, 342, 343, 344, 345, 346, 347, 348, 349, 350, 351, 352, 353, 354, 355, 356]",4,33,17,/media/bendico765/Crucial X9/Materiali Tesista/Roi masks/AMBL-627/ROI 1.npy,/media/bendico765/Crucial X9/Materiali Tesista/Cleaned Roi masks/AMBL-627/ROI 1.npy,0.6445,2.0,/media/bendico765/Crucial X9/MRI Lesions/manifest-1728494830954/Advanced-MRI-Breast-Lesions/AMBL-627/01-09-2007-NA-MRI BREASTS - Delayed contrast-72729/500.000000-Registered AX Sen Vibrant MultiPhase-18878,,114980.0,86772.0,86524.0,86476.0,0.0019046790746216733,1.1524454893283547e-05,-0.0003467246082011927,-5.781951061566215e-05,0.0006895574757310558,0.00014035253722526623,6.0236597445110146e-05,0.00011355687818976328,0.0005566185423551922,0.00018439127829253675,9.245989552031806e-05,0.00013876682547758916,0.00027569797297730456,-7.465717301550213e-05,-3.2797050632002264e-05,1.6130557452177802e-05
133,AMBL-627,2,0.0,-1.0,-1,-1,-1,,-1.0,-1.0,-1.0,-1,/media/bendico765/Crucial X9/MRI Lesions/manifest-1728494830954/Advanced-MRI-Breast-Lesions/AMBL-627/01-09-2007-NA-MRI BREASTS - Delayed contrast-72729/600.000000-Registered Ax T2 FSE-12583,/media/bendico765/Crucial X9/MRI Lesions/manifest-1728494830954/Advanced-MRI-Breast-Lesions/AMBL-627/01-09-2007-NA-MRI BREASTS - Delayed contrast-72729/500.000000-ROI-92818/1-1.dcm,-36.17,R,"[[[0 0 0 ... 0 0 0]
  [0 0 0 ... 0 0 0]
  [0 0 0 ... 0 0 0]
  ...
  [0 0 0 ... 0 0 0]
  [0 0 0 ... 0 0 0]
  [0 0 0 ... 0 0 0]]

 [[0 0 0 ... 0 0 0]
  [0 0 0 ... 0 0 0]
  [0 0 0 ... 0 0 0]
  ...
  [0 0 0 ... 0 0 0]
  [0 0 0 ... 0 0 0]
  [0 0 0 ... 0 0 0]]

 [[0 0 0 ... 0 0 0]
  [0 0 0 ... 0 0 0]
  [0 0 0 ... 0 0 0]
  ...
  [0 0 0 ... 0 0 0]
  [0 0 0 ... 0 0 0]
  [0 0 0 ... 0 0 0]]

 ...

 [[0 0 0 ... 0 0 0]
  [0 0 0 ... 0 0 0]
  [0 0 0 ... 0 0 0]
  ...
  [0 0 0 ... 0 0 0]
  [0 0 0 ... 0 0 0]
  [0 0 0 ... 0 0 0]]

 [[0 0 0 ... 0 0 0]
  [0 0 0 ... 0 0 0]
  [0 0 0 ... 0 0 0]
  ...
  [0 0 0 ... 0 0 0]
  [0 0 0 ... 0 0 0]
  [0 0 0 ... 0 0 0]]

 [[0 0 0 ... 0 0 0]
  [0 0 0 ... 0 0 0]
  [0 0 0 ... 0 0 0]
  ...
  [0 0 0 ... 0 0 0]
  [0 0 0 ... 0 0 0]
  [0 0 0 ... 0 0 0]]]","[78, 79, 80]","[167, 168, 169, 170, 171, 172, 173, 174, 175, 176, 177, 178, 179, 180, 181, 182, 183, 184, 185, 186, 187, 188, 189]","[297, 298, 299, 300, 301, 302, 303, 304, 305, 306, 307, 308, 309]",3,23,13,/media/bendico765/Crucial X9/Materiali Tesista/Roi masks/AMBL-627/ROI 2.npy,/media/bendico765/Crucial X9/Materiali Tesista/Cleaned Roi masks/AMBL-627/ROI 2.npy,0.6445,2.0,/media/bendico765/Crucial X9/MRI Lesions/manifest-1728494830954/Advanced-MRI-Breast-Lesions/AMBL-627/01-09-2007-NA-MRI BREASTS - Delayed contrast-72729/500.000000-Registered AX Sen Vibrant MultiPhase-18878,,114980.0,86772.0,86524.0,86476.0,0.002713515393981562,0.00010372009403955193,0.00015024733022051684,0.00017345853184698646,0.0006778368635466513,0.0004041975318949107,0.00016679017910256011,0.00018977410553385973,0.0005827100365280918,0.00042640483105149126,0.00012713235634043734,0.00024284194458578103,0.00039562007294907854,-1.830772561311013e-05,4.284805958766428e-05,3.4582362930816885e-05
134,AMBL-628,0,1.0,1,strong,moderate,neg,,100,20,10.0,5 to 10,/media/bendico765/Crucial X9/MRI Lesions/manifest-1728494830954/Advanced-MRI-Breast-Lesions/AMBL-628/01-30-2007-NA-MRI BREASTS - Delayed contrast-47081/600.000000-Registered Ax T2 FSE-80392,/media/bendico765/Crucial X9/MRI Lesions/manifest-1728494830954/Advanced-MRI-Breast-Lesions/AMBL-628/01-30-2007-NA-MRI BREASTS - Delayed contrast-47081/500.000000-ROI-98535/1-1.dcm,12.81,L,"[[[0 0 0 ... 0 0 0]
  [0 0 0 ... 0 0 0]
  [0 0 0 ... 0 0 0]
  ...
  [0 0 0 ... 0 0 0]
  [0 0 0 ... 0 0 0]
  [0 0 0 ... 0 0 0]]

 [[0 0 0 ... 0 0 0]
  [0 0 0 ... 0 0 0]
  [0 0 0 ... 0 0 0]
  ...
  [0 0 0 ... 0 0 0]
  [0 0 0 ... 0 0 0]
  [0 0 0 ... 0 0 0]]

 [[0 0 0 ... 0 0 0]
  [0 0 0 ... 0 0 0]
  [0 0 0 ... 0 0 0]
  ...
  [0 0 0 ... 0 0 0]
  [0 0 0 ... 0 0 0]
  [0 0 0 ... 0 0 0]]

 ...

 [[0 0 0 ... 0 0 0]
  [0 0 0 ... 0 0 0]
  [0 0 0 ... 0 0 0]
  ...
  [0 0 0 ... 0 0 0]
  [0 0 0 ... 0 0 0]
  [0 0 0 ... 0 0 0]]

 [[0 0 0 ... 0 0 0]
  [0 0 0 ... 0 0 0]
  [0 0 0 ... 0 0 0]
  ...
  [0 0 0 ... 0 0 0]
  [0 0 0 ... 0 0 0]
  [0 0 0 ... 0 0 0]]

 [[0 0 0 ... 0 0 0]
  [0 0 0 ... 0 0 0]
  [0 0 0 ... 0 0 0]
  ...
  [0 0 0 ... 0 0 0]
  [0 0 0 ... 0 0 0]
  [0 0 0 ... 0 0 0]]]","[52, 53, 54, 55, 56, 57, 58, 59]","[216, 217, 218, 219, 220, 221, 222, 223, 224, 225, 226, 227, 228, 229, 230, 231, 232, 233, 234, 235, 236, 237, 238, 239, 240]","[115, 116, 117, 118, 119, 120, 121, 122, 123, 124, 125, 126, 127, 128, 129, 130, 131, 132, 133, 134, 135, 136, 137, 138, 139, 140, 141]",8,25,27,/media/bendico765/Crucial X9/Materiali Tesista/Roi masks/AMBL-628/ROI 0.npy,/media/bendico765/Crucial X9/Materiali Tesista/Cleaned Roi masks/AMBL-628/ROI 0.npy,0.6445,2.0,/media/bendico765/Crucial X9/MRI Lesions/manifest-1728494830954/Advanced-MRI-Breast-Lesions/AMBL-628/01-30-2007-NA-MRI BREASTS - Delayed contrast-47081/500.000000-Registered AX Sen Vibrant MultiPhase-12976,,114991.0,86433.0,86505.0,86464.0,0.002121905192580289,0.00015040551641155576,0.0002080804577770071,0.00048575129533678756,0.0003594097555036651,0.0007819526008161404,-0.00026408314195852206,0.0002399225646991389,0.0002826308145854893,0.0007925213749378131,-0.0002774406103693428,0.00021974463360473724,0.00031425799345091563,4.8880625785442575e-05,8.637959724822694e-05,7.644157299465481e-05
135,AMBL-632,0,1.0,-1,-1,-1,-1,,-1,-1,-1.0,-1,/media/bendico765/Crucial X9/MRI Lesions/manifest-1728494830954/Advanced-MRI-Breast-Lesions/AMBL-632/02-21-2007-NA-MRI BREASTS - Delayed contrast-23190/600.000000-Registered Ax T2 FSE-85388,/media/bendico765/Crucial X9/MRI Lesions/manifest-1728494830954/Advanced-MRI-Breast-Lesions/AMBL-632/02-21-2007-NA-MRI BREASTS - Delayed contrast-23190/500.000000-ROI-80200/1-1.dcm,20.22,L,"[[[0 0 0 ... 0 0 0]
  [0 0 0 ... 0 0 0]
  [0 0 0 ... 0 0 0]
  ...
  [0 0 0 ... 0 0 0]
  [0 0 0 ... 0 0 0]
  [0 0 0 ... 0 0 0]]

 [[0 0 0 ... 0 0 0]
  [0 0 0 ... 0 0 0]
  [0 0 0 ... 0 0 0]
  ...
  [0 0 0 ... 0 0 0]
  [0 0 0 ... 0 0 0]
  [0 0 0 ... 0 0 0]]

 [[0 0 0 ... 0 0 0]
  [0 0 0 ... 0 0 0]
  [0 0 0 ... 0 0 0]
  ...
  [0 0 0 ... 0 0 0]
  [0 0 0 ... 0 0 0]
  [0 0 0 ... 0 0 0]]

 ...

 [[0 0 0 ... 0 0 0]
  [0 0 0 ... 0 0 0]
  [0 0 0 ... 0 0 0]
  ...
  [0 0 0 ... 0 0 0]
  [0 0 0 ... 0 0 0]
  [0 0 0 ... 0 0 0]]

 [[0 0 0 ... 0 0 0]
  [0 0 0 ... 0 0 0]
  [0 0 0 ... 0 0 0]
  ...
  [0 0 0 ... 0 0 0]
  [0 0 0 ... 0 0 0]
  [0 0 0 ... 0 0 0]]

 [[0 0 0 ... 0 0 0]
  [0 0 0 ... 0 0 0]
  [0 0 0 ... 0 0 0]
  ...
  [0 0 0 ... 0 0 0]
  [0 0 0 ... 0 0 0]
  [0 0 0 ... 0 0 0]]]","[60, 61, 62, 63, 64, 65, 66, 67]","[193, 194, 195, 196, 197, 198, 199, 200, 201, 202, 203, 204, 205, 206, 207, 208, 209, 210, 211, 212, 213, 214, 215, 216, 217]","[160, 161, 162, 163, 164, 165, 166, 167, 168, 169, 170, 171, 172, 173, 174, 175, 176, 177, 178, 179, 180, 181, 182, 183, 184, 185, 186, 187, 188, 189]",8,25,30,/media/bendico765/Crucial X9/Materiali Tesista/Roi masks/AMBL-632/ROI 0.npy,/media/bendico765/Crucial X9/Materiali Tesista/Cleaned Roi masks/AMBL-632/ROI 0.npy,0.6641,2.0,/media/bendico765/Crucial X9/MRI Lesions/manifest-1728494830954/Advanced-MRI-Breast-Lesions/AMBL-632/02-21-2007-NA-MRI BREASTS - Delayed contrast-23190/500.000000-Registered AX Sen Vibrant MultiPhase-11369,,114574.0,86170.0,86006.0,86002.0,0.001963796323773282,0.00037135894162701634,-0.0005232193102806781,9.302109253273179e-05,0.0005935660843390609,0.00037541554510994415,-8.970075222913318e-05,0.00028085466328001563,0.00047131111770558766,0.0003133341069977951,-1.1627095784015069e-05,0.00031394618729796984,0.00030831471552403826,8.150286433306468e-05,1.4647334311909048e-05,-9.382995637494299e-06
136,AMBL-572,0,1.0,-1,-1,-1,-1,,-1,-1,-1.0,-1,/media/bendico765/Crucial X9/MRI Lesions/manifest-1728494830954/Advanced-MRI-Breast-Lesions/AMBL-572/11-25-2005-NA-MRI BREASTS - Delayed contrast-51529/600.000000-Registered Ax T2 FSE-43029,/media/bendico765/Crucial X9/MRI Lesions/manifest-1728494830954/Advanced-MRI-Breast-Lesions/AMBL-572/11-25-2005-NA-MRI BREASTS - Delayed contrast-51529/500.000000-ROI-99161/1-1.dcm,-11.0,R,"[[[0 0 0 ... 0 0 0]
  [0 0 0 ... 0 0 0]
  [0 0 0 ... 0 0 0]
  ...
  [0 0 0 ... 0 0 0]
  [0 0 0 ... 0 0 0]
  [0 0 0 ... 0 0 0]]

 [[0 0 0 ... 0 0 0]
  [0 0 0 ... 0 0 0]
  [0 0 0 ... 0 0 0]
  ...
  [0 0 0 ... 0 0 0]
  [0 0 0 ... 0 0 0]
  [0 0 0 ... 0 0 0]]

 [[0 0 0 ... 0 0 0]
  [0 0 0 ... 0 0 0]
  [0 0 0 ... 0 0 0]
  ...
  [0 0 0 ... 0 0 0]
  [0 0 0 ... 0 0 0]
  [0 0 0 ... 0 0 0]]

 ...

 [[0 0 0 ... 0 0 0]
  [0 0 0 ... 0 0 0]
  [0 0 0 ... 0 0 0]
  ...
  [0 0 0 ... 0 0 0]
  [0 0 0 ... 0 0 0]
  [0 0 0 ... 0 0 0]]

 [[0 0 0 ... 0 0 0]
  [0 0 0 ... 0 0 0]
  [0 0 0 ... 0 0 0]
  ...
  [0 0 0 ... 0 0 0]
  [0 0 0 ... 0 0 0]
  [0 0 0 ... 0 0 0]]

 [[0 0 0 ... 0 0 0]
  [0 0 0 ... 0 0 0]
  [0 0 0 ... 0 0 0]
  ...
  [0 0 0 ... 0 0 0]
  [0 0 0 ... 0 0 0]
  [0 0 0 ... 0 0 0]]]","[60, 61, 62, 63]","[191, 192, 193, 194, 195, 196, 197, 198, 199, 200, 201, 202, 203, 204, 205, 206, 207]","[330, 331, 332, 333, 334, 335, 336, 337, 338, 339, 340, 341, 342, 343]",4,17,14,/media/bendico765/Crucial X9/Materiali Tesista/Roi masks/AMBL-572/ROI 0.npy,/media/bendico765/Crucial X9/Materiali Tesista/Cleaned Roi masks/AMBL-572/ROI 0.npy,0.625,2.0,/media/bendico765/Crucial X9/MRI Lesions/manifest-1728494830954/Advanced-MRI-Breast-Lesions/AMBL-572/11-25-2005-NA-MRI BREASTS - Delayed contrast-51529/500.000000-Registered AX Sen Vibrant MultiPhase-79470,,115525.0,87296.0,87010.0,87019.0,0.0029430859121402295,-1.1455278592375367e-05,-9.194345477531318e-05,0.0,0.0010106701468223886,3.730578968989333e-05,0.00036556454385869666,0.00010845479506614588,0.0008266608959099762,-2.2910557184750733e-05,0.00047121020572348004,0.000160884404555327,0.0005908275209591217,4.390582885474583e-05,1.3587213511223566e-05,-7.348636061288028e-05
137,AMBL-572,1,1.0,2,strong,strong,neg,,100.0,100.0,0.0,3,/media/bendico765/Crucial X9/MRI Lesions/manifest-1728494830954/Advanced-MRI-Breast-Lesions/AMBL-572/11-25-2005-NA-MRI BREASTS - Delayed contrast-51529/600.000000-Registered Ax T2 FSE-43029,/media/bendico765/Crucial X9/MRI Lesions/manifest-1728494830954/Advanced-MRI-Breast-Lesions/AMBL-572/11-25-2005-NA-MRI BREASTS - Delayed contrast-51529/500.000000-ROI-99161/1-1.dcm,-21.0,L,"[[[0 0 0 ... 0 0 0]
  [0 0 0 ... 0 0 0]
  [0 0 0 ... 0 0 0]
  ...
  [0 0 0 ... 0 0 0]
  [0 0 0 ... 0 0 0]
  [0 0 0 ... 0 0 0]]

 [[0 0 0 ... 0 0 0]
  [0 0 0 ... 0 0 0]
  [0 0 0 ... 0 0 0]
  ...
  [0 0 0 ... 0 0 0]
  [0 0 0 ... 0 0 0]
  [0 0 0 ... 0 0 0]]

 [[0 0 0 ... 0 0 0]
  [0 0 0 ... 0 0 0]
  [0 0 0 ... 0 0 0]
  ...
  [0 0 0 ... 0 0 0]
  [0 0 0 ... 0 0 0]
  [0 0 0 ... 0 0 0]]

 ...

 [[0 0 0 ... 0 0 0]
  [0 0 0 ... 0 0 0]
  [0 0 0 ... 0 0 0]
  ...
  [0 0 0 ... 0 0 0]
  [0 0 0 ... 0 0 0]
  [0 0 0 ... 0 0 0]]

 [[0 0 0 ... 0 0 0]
  [0 0 0 ... 0 0 0]
  [0 0 0 ... 0 0 0]
  ...
  [0 0 0 ... 0 0 0]
  [0 0 0 ... 0 0 0]
  [0 0 0 ... 0 0 0]]

 [[0 0 0 ... 0 0 0]
  [0 0 0 ... 0 0 0]
  [0 0 0 ... 0 0 0]
  ...
  [0 0 0 ... 0 0 0]
  [0 0 0 ... 0 0 0]
  [0 0 0 ... 0 0 0]]]","[65, 66, 67]","[193, 194, 195, 196, 197, 198, 199, 200, 201, 202, 203]","[121, 122, 123, 124, 125, 126, 127, 128]",3,11,8,/media/bendico765/Crucial X9/Materiali Tesista/Roi masks/AMBL-572/ROI 1.npy,/media/bendico765/Crucial X9/Materiali Tesista/Cleaned Roi masks/AMBL-572/ROI 1.npy,0.625,2.0,/media/bendico765/Crucial X9/MRI Lesions/manifest-1728494830954/Advanced-MRI-Breast-Lesions/AMBL-572/11-25-2005-NA-MRI BREASTS - Delayed contrast-51529/500.000000-Registered AX Sen Vibrant MultiPhase-79470,,115525.0,87296.0,87010.0,87019.0,0.00261415278078338,0.0002634714076246334,6.895759108148489e-05,-8.04422022776635e-05,0.0005952700404983461,0.00043952267490573923,8.038484903213105e-05,-7.256214980964587e-06,0.00043280675178532783,0.00040093475073313785,1.1492931846914147e-05,0.00011491743182523357,0.0005244900500911468,0.00011917308540671782,9.543570500507312e-05,-4.829999771099943e-05
138,AMBL-572,2,0.0,-1.0,-1,-1,-1,,-1.0,-1.0,-1.0,-1,/media/bendico765/Crucial X9/MRI Lesions/manifest-1728494830954/Advanced-MRI-Breast-Lesions/AMBL-572/11-25-2005-NA-MRI BREASTS - Delayed contrast-51529/600.000000-Registered Ax T2 FSE-43029,/media/bendico765/Crucial X9/MRI Lesions/manifest-1728494830954/Advanced-MRI-Breast-Lesions/AMBL-572/11-25-2005-NA-MRI BREASTS - Delayed contrast-51529/500.000000-ROI-99161/1-1.dcm,-51.0,R,"[[[0 0 0 ... 0 0 0]
  [0 0 0 ... 0 0 0]
  [0 0 0 ... 0 0 0]
  ...
  [0 0 0 ... 0 0 0]
  [0 0 0 ... 0 0 0]
  [0 0 0 ... 0 0 0]]

 [[0 0 0 ... 0 0 0]
  [0 0 0 ... 0 0 0]
  [0 0 0 ... 0 0 0]
  ...
  [0 0 0 ... 0 0 0]
  [0 0 0 ... 0 0 0]
  [0 0 0 ... 0 0 0]]

 [[0 0 0 ... 0 0 0]
  [0 0 0 ... 0 0 0]
  [0 0 0 ... 0 0 0]
  ...
  [0 0 0 ... 0 0 0]
  [0 0 0 ... 0 0 0]
  [0 0 0 ... 0 0 0]]

 ...

 [[0 0 0 ... 0 0 0]
  [0 0 0 ... 0 0 0]
  [0 0 0 ... 0 0 0]
  ...
  [0 0 0 ... 0 0 0]
  [0 0 0 ... 0 0 0]
  [0 0 0 ... 0 0 0]]

 [[0 0 0 ... 0 0 0]
  [0 0 0 ... 0 0 0]
  [0 0 0 ... 0 0 0]
  ...
  [0 0 0 ... 0 0 0]
  [0 0 0 ... 0 0 0]
  [0 0 0 ... 0 0 0]]

 [[0 0 0 ... 0 0 0]
  [0 0 0 ... 0 0 0]
  [0 0 0 ... 0 0 0]
  ...
  [0 0 0 ... 0 0 0]
  [0 0 0 ... 0 0 0]
  [0 0 0 ... 0 0 0]]]","[77, 78, 79, 80, 81, 82, 83, 84, 85]","[162, 163, 164, 165, 166, 167, 168, 169, 170, 171, 172, 173, 174, 175, 176, 177, 178, 179, 180, 181, 182, 183, 184, 185, 186, 187, 188, 189, 190, 191, 192, 193, 194, 195, 196, 197, 198, 199, 200, 201, 202, 203, 204, 205, 206, 207, 208, 209, 210, 211, 212, 213, 214, 215, 216, 217, 218, 219]","[355, 356, 357, 358, 359, 360, 361, 362, 363, 364, 365, 366, 367, 368, 369, 370, 371, 372, 373, 374, 375, 376, 377, 378, 379, 380, 381, 382, 383, 384, 385, 386, 387, 388, 389, 390, 391, 392, 393, 394, 395, 396, 397, 398, 399, 400, 401, 402, 403]",9,58,49,/media/bendico765/Crucial X9/Materiali Tesista/Roi masks/AMBL-572/ROI 2.npy,/media/bendico765/Crucial X9/Materiali Tesista/Cleaned Roi masks/AMBL-572/ROI 2.npy,0.625,2.0,/media/bendico765/Crucial X9/MRI Lesions/manifest-1728494830954/Advanced-MRI-Breast-Lesions/AMBL-572/11-25-2005-NA-MRI BREASTS - Delayed contrast-51529/500.000000-Registered AX Sen Vibrant MultiPhase-79470,,115525.0,87296.0,87010.0,87019.0,0.001488855226141528,0.0003092925219941349,0.0009194345477531318,-0.0005516036727611211,0.00039259514988223865,0.000366182934522574,0.00012768713445091768,0.0002367170674494148,0.0003462454014282623,0.0003551136363636364,0.00011492931846914148,0.0002643100931980372,0.00017212388116723048,5.0257786922845344e-05,8.167214650560267e-05,-2.1697936446561377e-05
139,AMBL-572,3,0.0,,,,,,,,,,/media/bendico765/Crucial X9/MRI Lesions/manifest-1728494830954/Advanced-MRI-Breast-Lesions/AMBL-572/11-25-2005-NA-MRI BREASTS - Delayed contrast-51529/600.000000-Registered Ax T2 FSE-43029,/media/bendico765/Crucial X9/MRI Lesions/manifest-1728494830954/Advanced-MRI-Breast-Lesions/AMBL-572/11-25-2005-NA-MRI BREASTS - Delayed contrast-51529/500.000000-ROI-99161/1-1.dcm,-11.0,L,"[[[0 0 0 ... 0 0 0]
  [0 0 0 ... 0 0 0]
  [0 0 0 ... 0 0 0]
  ...
  [0 0 0 ... 0 0 0]
  [0 0 0 ... 0 0 0]
  [0 0 0 ... 0 0 0]]

 [[0 0 0 ... 0 0 0]
  [0 0 0 ... 0 0 0]
  [0 0 0 ... 0 0 0]
  ...
  [0 0 0 ... 0 0 0]
  [0 0 0 ... 0 0 0]
  [0 0 0 ... 0 0 0]]

 [[0 0 0 ... 0 0 0]
  [0 0 0 ... 0 0 0]
  [0 0 0 ... 0 0 0]
  ...
  [0 0 0 ... 0 0 0]
  [0 0 0 ... 0 0 0]
  [0 0 0 ... 0 0 0]]

 ...

 [[0 0 0 ... 0 0 0]
  [0 0 0 ... 0 0 0]
  [0 0 0 ... 0 0 0]
  ...
  [0 0 0 ... 0 0 0]
  [0 0 0 ... 0 0 0]
  [0 0 0 ... 0 0 0]]

 [[0 0 0 ... 0 0 0]
  [0 0 0 ... 0 0 0]
  [0 0 0 ... 0 0 0]
  ...
  [0 0 0 ... 0 0 0]
  [0 0 0 ... 0 0 0]
  [0 0 0 ... 0 0 0]]

 [[0 0 0 ... 0 0 0]
  [0 0 0 ... 0 0 0]
  [0 0 0 ... 0 0 0]
  ...
  [0 0 0 ... 0 0 0]
  [0 0 0 ... 0 0 0]
  [0 0 0 ... 0 0 0]]]","[59, 60, 61]","[179, 180, 181, 182, 183, 184, 185, 186, 187, 188, 189]","[164, 165, 166, 167, 168, 169, 170, 171, 172, 173, 174, 175]",3,11,12,/media/bendico765/Crucial X9/Materiali Tesista/Roi masks/AMBL-572/ROI 3.npy,/media/bendico765/Crucial X9/Materiali Tesista/Cleaned Roi masks/AMBL-572/ROI 3.npy,0.625,2.0,/media/bendico765/Crucial X9/MRI Lesions/manifest-1728494830954/Advanced-MRI-Breast-Lesions/AMBL-572/11-25-2005-NA-MRI BREASTS - Delayed contrast-51529/500.000000-Registered AX Sen Vibrant MultiPhase-79470,,115525.0,87296.0,87010.0,87019.0,0.001445574550962995,8.018695014662756e-05,0.00022985863693828295,1.1491743182523357e-05,0.00044643886863796745,0.00019041828366726983,0.00020835240219480567,-3.547301563228019e-05,0.0003635576714996754,0.00014891862170087977,0.00022985863693828295,-4.022110113883175e-05,0.0002082796943887889,4.2114880787979766e-05,7.682950161095077e-05,-5.27199637413369e-05
140,AMBL-572,4,0.0,,,,,,,,,,/media/bendico765/Crucial X9/MRI Lesions/manifest-1728494830954/Advanced-MRI-Breast-Lesions/AMBL-572/11-25-2005-NA-MRI BREASTS - Delayed contrast-51529/600.000000-Registered Ax T2 FSE-43029,/media/bendico765/Crucial X9/MRI Lesions/manifest-1728494830954/Advanced-MRI-Breast-Lesions/AMBL-572/11-25-2005-NA-MRI BREASTS - Delayed contrast-51529/500.000000-ROI-99161/1-1.dcm,-27.0,L,"[[[0 0 0 ... 0 0 0]
  [0 0 0 ... 0 0 0]
  [0 0 0 ... 0 0 0]
  ...
  [0 0 0 ... 0 0 0]
  [0 0 0 ... 0 0 0]
  [0 0 0 ... 0 0 0]]

 [[0 0 0 ... 0 0 0]
  [0 0 0 ... 0 0 0]
  [0 0 0 ... 0 0 0]
  ...
  [0 0 0 ... 0 0 0]
  [0 0 0 ... 0 0 0]
  [0 0 0 ... 0 0 0]]

 [[0 0 0 ... 0 0 0]
  [0 0 0 ... 0 0 0]
  [0 0 0 ... 0 0 0]
  ...
  [0 0 0 ... 0 0 0]
  [0 0 0 ... 0 0 0]
  [0 0 0 ... 0 0 0]]

 ...

 [[0 0 0 ... 0 0 0]
  [0 0 0 ... 0 0 0]
  [0 0 0 ... 0 0 0]
  ...
  [0 0 0 ... 0 0 0]
  [0 0 0 ... 0 0 0]
  [0 0 0 ... 0 0 0]]

 [[0 0 0 ... 0 0 0]
  [0 0 0 ... 0 0 0]
  [0 0 0 ... 0 0 0]
  ...
  [0 0 0 ... 0 0 0]
  [0 0 0 ... 0 0 0]
  [0 0 0 ... 0 0 0]]

 [[0 0 0 ... 0 0 0]
  [0 0 0 ... 0 0 0]
  [0 0 0 ... 0 0 0]
  ...
  [0 0 0 ... 0 0 0]
  [0 0 0 ... 0 0 0]
  [0 0 0 ... 0 0 0]]]","[67, 68, 69]","[148, 149, 150, 151, 152, 153, 154, 155, 156, 157, 158, 159, 160, 161, 162, 163, 164, 165]","[173, 174, 175, 176, 177, 178, 179, 180, 181]",3,18,9,/media/bendico765/Crucial X9/Materiali Tesista/Roi masks/AMBL-572/ROI 4.npy,/media/bendico765/Crucial X9/Materiali Tesista/Cleaned Roi masks/AMBL-572/ROI 4.npy,0.625,2.0,/media/bendico765/Crucial X9/MRI Lesions/manifest-1728494830954/Advanced-MRI-Breast-Lesions/AMBL-572/11-25-2005-NA-MRI BREASTS - Delayed contrast-51529/500.000000-Registered AX Sen Vibrant MultiPhase-79470,,115525.0,87296.0,87010.0,87019.0,0.0012464834451417443,9.164222873900293e-05,-0.00013791518216296978,-3.447522954757007e-05,0.0004065308883299453,0.00018240809736711402,6.079321326673697e-05,-7.80245404605751e-05,0.0003765418740532352,0.00016037390029325513,6.895759108148489e-05,-5.7458715912616784e-05,0.00022583725863977138,-1.0836007614446275e-06,9.361277740476235e-06,-4.759989168989516e-05
141,AMBL-574,0,1.0,2,strong,strong,neg,,100,20,0.0,20,/media/bendico765/Crucial X9/MRI Lesions/manifest-1728494830954/Advanced-MRI-Breast-Lesions/AMBL-574/12-01-2005-NA-MRI BREASTS - Delayed contrast-93585/600.000000-Registered Ax T2 FSE-56269,/media/bendico765/Crucial X9/MRI Lesions/manifest-1728494830954/Advanced-MRI-Breast-Lesions/AMBL-574/12-01-2005-NA-MRI BREASTS - Delayed contrast-93585/500.000000-ROI-73859/1-1.dcm,16.76,L,"[[[0 0 0 ... 0 0 0]
  [0 0 0 ... 0 0 0]
  [0 0 0 ... 0 0 0]
  ...
  [0 0 0 ... 0 0 0]
  [0 0 0 ... 0 0 0]
  [0 0 0 ... 0 0 0]]

 [[0 0 0 ... 0 0 0]
  [0 0 0 ... 0 0 0]
  [0 0 0 ... 0 0 0]
  ...
  [0 0 0 ... 0 0 0]
  [0 0 0 ... 0 0 0]
  [0 0 0 ... 0 0 0]]

 [[0 0 0 ... 0 0 0]
  [0 0 0 ... 0 0 0]
  [0 0 0 ... 0 0 0]
  ...
  [0 0 0 ... 0 0 0]
  [0 0 0 ... 0 0 0]
  [0 0 0 ... 0 0 0]]

 ...

 [[0 0 0 ... 0 0 0]
  [0 0 0 ... 0 0 0]
  [0 0 0 ... 0 0 0]
  ...
  [0 0 0 ... 0 0 0]
  [0 0 0 ... 0 0 0]
  [0 0 0 ... 0 0 0]]

 [[0 0 0 ... 0 0 0]
  [0 0 0 ... 0 0 0]
  [0 0 0 ... 0 0 0]
  ...
  [0 0 0 ... 0 0 0]
  [0 0 0 ... 0 0 0]
  [0 0 0 ... 0 0 0]]

 [[0 0 0 ... 0 0 0]
  [0 0 0 ... 0 0 0]
  [0 0 0 ... 0 0 0]
  ...
  [0 0 0 ... 0 0 0]
  [0 0 0 ... 0 0 0]
  [0 0 0 ... 0 0 0]]]","[46, 47, 48, 49, 50, 51]","[150, 151, 152, 153, 154, 155, 156, 157, 158, 159, 160, 161, 162, 163, 164, 165, 166, 167, 168, 169, 170, 171, 172, 173, 174, 175, 176, 177, 178, 179, 180, 181, 182, 183, 184, 185, 186, 187, 188, 189, 190, 191, 192, 193, 194, 195, 196, 197, 198, 199, 200, 201, 202, 203, 204, 205]","[121, 122, 123, 124, 125, 126, 127, 128, 129, 130, 131, 132, 133, 134, 135, 136, 137, 138, 139, 140, 141, 142, 143, 144, 145, 146, 147, 148, 149, 150, 151, 152, 153, 154, 155, 156, 157, 158, 159, 160, 161, 162, 163, 164, 165, 166, 167, 168, 169, 170, 171, 172]",6,56,52,/media/bendico765/Crucial X9/Materiali Tesista/Roi masks/AMBL-574/ROI 0.npy,/media/bendico765/Crucial X9/Materiali Tesista/Cleaned Roi masks/AMBL-574/ROI 0.npy,0.625,2.0,/media/bendico765/Crucial X9/MRI Lesions/manifest-1728494830954/Advanced-MRI-Breast-Lesions/AMBL-574/12-01-2005-NA-MRI BREASTS - Delayed contrast-93585/500.000000-Registered AX Sen Vibrant MultiPhase-07548,,111334.0,82735.0,83007.0,82715.0,0.0035927928575277992,0.0007131202030579561,-0.0003011794186032503,-0.00013298676177235085,0.00095741619055967,0.0005809351746791754,0.00026205305332886806,0.00015025558211427176,0.0008263423572313939,0.0005922523720311839,0.00032527377209151036,0.0002538838179290334,0.0006068324739354491,0.0001696560755680284,-3.3624666975811233e-06,-2.113390393412838e-05
142,AMBL-574,1,0.0,-1,-1,-1,-1,,-1.0,-1.0,-1.0,-1,/media/bendico765/Crucial X9/MRI Lesions/manifest-1728494830954/Advanced-MRI-Breast-Lesions/AMBL-574/12-01-2005-NA-MRI BREASTS - Delayed contrast-93585/600.000000-Registered Ax T2 FSE-56269,/media/bendico765/Crucial X9/MRI Lesions/manifest-1728494830954/Advanced-MRI-Breast-Lesions/AMBL-574/12-01-2005-NA-MRI BREASTS - Delayed contrast-93585/500.000000-ROI-73859/1-1.dcm,-27.24,R,"[[[0 0 0 ... 0 0 0]
  [0 0 0 ... 0 0 0]
  [0 0 0 ... 0 0 0]
  ...
  [0 0 0 ... 0 0 0]
  [0 0 0 ... 0 0 0]
  [0 0 0 ... 0 0 0]]

 [[0 0 0 ... 0 0 0]
  [0 0 0 ... 0 0 0]
  [0 0 0 ... 0 0 0]
  ...
  [0 0 0 ... 0 0 0]
  [0 0 0 ... 0 0 0]
  [0 0 0 ... 0 0 0]]

 [[0 0 0 ... 0 0 0]
  [0 0 0 ... 0 0 0]
  [0 0 0 ... 0 0 0]
  ...
  [0 0 0 ... 0 0 0]
  [0 0 0 ... 0 0 0]
  [0 0 0 ... 0 0 0]]

 ...

 [[0 0 0 ... 0 0 0]
  [0 0 0 ... 0 0 0]
  [0 0 0 ... 0 0 0]
  ...
  [0 0 0 ... 0 0 0]
  [0 0 0 ... 0 0 0]
  [0 0 0 ... 0 0 0]]

 [[0 0 0 ... 0 0 0]
  [0 0 0 ... 0 0 0]
  [0 0 0 ... 0 0 0]
  ...
  [0 0 0 ... 0 0 0]
  [0 0 0 ... 0 0 0]
  [0 0 0 ... 0 0 0]]

 [[0 0 0 ... 0 0 0]
  [0 0 0 ... 0 0 0]
  [0 0 0 ... 0 0 0]
  ...
  [0 0 0 ... 0 0 0]
  [0 0 0 ... 0 0 0]
  [0 0 0 ... 0 0 0]]]","[71, 72, 73]","[175, 176, 177, 178, 179, 180, 181, 182, 183, 184, 185, 186, 187, 188, 189, 190, 191, 192, 193, 194]","[351, 352, 353, 354, 355, 356, 357, 358, 359, 360, 361, 362, 363, 364, 365, 366, 367, 368]",3,20,18,/media/bendico765/Crucial X9/Materiali Tesista/Roi masks/AMBL-574/ROI 1.npy,/media/bendico765/Crucial X9/Materiali Tesista/Cleaned Roi masks/AMBL-574/ROI 1.npy,0.625,2.0,/media/bendico765/Crucial X9/MRI Lesions/manifest-1728494830954/Advanced-MRI-Breast-Lesions/AMBL-574/12-01-2005-NA-MRI BREASTS - Delayed contrast-93585/500.000000-Registered AX Sen Vibrant MultiPhase-07548,,111334.0,82735.0,83007.0,82715.0,0.002541900946700918,0.0007372937692633106,1.2047176744130013e-05,0.0010155352717161337,0.0008340154466893341,0.0005879703179825915,0.00034357580936160653,0.0004113875743356012,0.0006781396518583721,0.000622469329787877,0.0002951558302311853,0.0004896330774345645,0.0004059109758087505,0.00014624819440676234,-3.414838240192297e-06,0.00014603845857536814
143,AMBL-574,2,0.0,-1.0,-1,-1,-1,,-1.0,-1.0,-1.0,-1,/media/bendico765/Crucial X9/MRI Lesions/manifest-1728494830954/Advanced-MRI-Breast-Lesions/AMBL-574/12-01-2005-NA-MRI BREASTS - Delayed contrast-93585/600.000000-Registered Ax T2 FSE-56269,/media/bendico765/Crucial X9/MRI Lesions/manifest-1728494830954/Advanced-MRI-Breast-Lesions/AMBL-574/12-01-2005-NA-MRI BREASTS - Delayed contrast-93585/500.000000-ROI-73859/1-1.dcm,-27.4,R,"[[[0 0 0 ... 0 0 0]
  [0 0 0 ... 0 0 0]
  [0 0 0 ... 0 0 0]
  ...
  [0 0 0 ... 0 0 0]
  [0 0 0 ... 0 0 0]
  [0 0 0 ... 0 0 0]]

 [[0 0 0 ... 0 0 0]
  [0 0 0 ... 0 0 0]
  [0 0 0 ... 0 0 0]
  ...
  [0 0 0 ... 0 0 0]
  [0 0 0 ... 0 0 0]
  [0 0 0 ... 0 0 0]]

 [[0 0 0 ... 0 0 0]
  [0 0 0 ... 0 0 0]
  [0 0 0 ... 0 0 0]
  ...
  [0 0 0 ... 0 0 0]
  [0 0 0 ... 0 0 0]
  [0 0 0 ... 0 0 0]]

 ...

 [[0 0 0 ... 0 0 0]
  [0 0 0 ... 0 0 0]
  [0 0 0 ... 0 0 0]
  ...
  [0 0 0 ... 0 0 0]
  [0 0 0 ... 0 0 0]
  [0 0 0 ... 0 0 0]]

 [[0 0 0 ... 0 0 0]
  [0 0 0 ... 0 0 0]
  [0 0 0 ... 0 0 0]
  ...
  [0 0 0 ... 0 0 0]
  [0 0 0 ... 0 0 0]
  [0 0 0 ... 0 0 0]]

 [[0 0 0 ... 0 0 0]
  [0 0 0 ... 0 0 0]
  [0 0 0 ... 0 0 0]
  ...
  [0 0 0 ... 0 0 0]
  [0 0 0 ... 0 0 0]
  [0 0 0 ... 0 0 0]]]","[71, 72, 73]","[207, 208, 209, 210, 211, 212, 213, 214, 215, 216, 217, 218, 219, 220, 221, 222, 223, 224, 225, 226, 227, 228, 229]","[390, 391, 392, 393, 394, 395, 396, 397, 398, 399, 400, 401, 402, 403, 404, 405, 406, 407, 408, 409]",3,23,20,/media/bendico765/Crucial X9/Materiali Tesista/Roi masks/AMBL-574/ROI 2.npy,/media/bendico765/Crucial X9/Materiali Tesista/Cleaned Roi masks/AMBL-574/ROI 2.npy,0.625,2.0,/media/bendico765/Crucial X9/MRI Lesions/manifest-1728494830954/Advanced-MRI-Breast-Lesions/AMBL-574/12-01-2005-NA-MRI BREASTS - Delayed contrast-93585/500.000000-Registered AX Sen Vibrant MultiPhase-07548,,111334.0,82735.0,83007.0,82715.0,0.004401171250471554,0.0014987611047319756,0.0006866890744154108,-0.00035060146285437947,0.001067413144232669,0.0008884692089200459,0.0006128775284012193,0.00022517832315783058,0.0008532883036628524,0.0007735541185713423,0.0006445239558109557,0.0002720183763525358,0.0005815205140552598,0.00030975611968146765,0.00015020894321685473,5.4299226309983e-05
144,AMBL-574,3,0.0,,,,,,,,,,/media/bendico765/Crucial X9/MRI Lesions/manifest-1728494830954/Advanced-MRI-Breast-Lesions/AMBL-574/12-01-2005-NA-MRI BREASTS - Delayed contrast-93585/600.000000-Registered Ax T2 FSE-56269,/media/bendico765/Crucial X9/MRI Lesions/manifest-1728494830954/Advanced-MRI-Breast-Lesions/AMBL-574/12-01-2005-NA-MRI BREASTS - Delayed contrast-93585/500.000000-ROI-73859/1-1.dcm,-31.24,R,"[[[0 0 0 ... 0 0 0]
  [0 0 0 ... 0 0 0]
  [0 0 0 ... 0 0 0]
  ...
  [0 0 0 ... 0 0 0]
  [0 0 0 ... 0 0 0]
  [0 0 0 ... 0 0 0]]

 [[0 0 0 ... 0 0 0]
  [0 0 0 ... 0 0 0]
  [0 0 0 ... 0 0 0]
  ...
  [0 0 0 ... 0 0 0]
  [0 0 0 ... 0 0 0]
  [0 0 0 ... 0 0 0]]

 [[0 0 0 ... 0 0 0]
  [0 0 0 ... 0 0 0]
  [0 0 0 ... 0 0 0]
  ...
  [0 0 0 ... 0 0 0]
  [0 0 0 ... 0 0 0]
  [0 0 0 ... 0 0 0]]

 ...

 [[0 0 0 ... 0 0 0]
  [0 0 0 ... 0 0 0]
  [0 0 0 ... 0 0 0]
  ...
  [0 0 0 ... 0 0 0]
  [0 0 0 ... 0 0 0]
  [0 0 0 ... 0 0 0]]

 [[0 0 0 ... 0 0 0]
  [0 0 0 ... 0 0 0]
  [0 0 0 ... 0 0 0]
  ...
  [0 0 0 ... 0 0 0]
  [0 0 0 ... 0 0 0]
  [0 0 0 ... 0 0 0]]

 [[0 0 0 ... 0 0 0]
  [0 0 0 ... 0 0 0]
  [0 0 0 ... 0 0 0]
  ...
  [0 0 0 ... 0 0 0]
  [0 0 0 ... 0 0 0]
  [0 0 0 ... 0 0 0]]]","[73, 74, 75, 76]","[167, 168, 169, 170, 171, 172, 173, 174, 175, 176, 177, 178, 179, 180, 181, 182, 183, 184, 185, 186, 187, 188, 189, 190, 191, 192, 193, 194, 195, 196, 197, 198, 199, 200, 201, 202, 203, 204]","[373, 374, 375, 376, 377, 378, 379, 380, 381, 382, 383, 384, 385, 386, 387, 388, 389, 390, 391, 392, 393, 394, 395, 396, 397, 398, 399, 400, 401, 402, 403, 404, 405]",4,38,33,/media/bendico765/Crucial X9/Materiali Tesista/Roi masks/AMBL-574/ROI 3.npy,/media/bendico765/Crucial X9/Materiali Tesista/Cleaned Roi masks/AMBL-574/ROI 3.npy,0.625,2.0,/media/bendico765/Crucial X9/MRI Lesions/manifest-1728494830954/Advanced-MRI-Breast-Lesions/AMBL-574/12-01-2005-NA-MRI BREASTS - Delayed contrast-93585/500.000000-Registered AX Sen Vibrant MultiPhase-07548,,111334.0,82735.0,83007.0,82715.0,-8.981982143819498e-06,0.0004955581072097661,0.0007710193116243208,0.00033851175723871124,0.0006650121394943281,0.0006264962450373704,0.0004096371059398276,0.0003008295579171478,0.0007185585715055599,0.00047138454100441166,0.00040960400930042045,0.0004110499909327208,0.0005212342895576031,0.00022162655168384956,0.0001641687779859962,0.00020037413519114004
145,AMBL-579,0,1.0,3,neg,neg,neg,1.0,0,0,0.0,60,/media/bendico765/Crucial X9/MRI Lesions/manifest-1728494830954/Advanced-MRI-Breast-Lesions/AMBL-579/12-21-2005-NA-MRI BREASTS - Delayed contrast-84296/600.000000-Registered Ax T2 FSE-17158,/media/bendico765/Crucial X9/MRI Lesions/manifest-1728494830954/Advanced-MRI-Breast-Lesions/AMBL-579/12-21-2005-NA-MRI BREASTS - Delayed contrast-84296/500.000000-ROI-89400/1-1.dcm,-42.57,R,"[[[0 0 0 ... 0 0 0]
  [0 0 0 ... 0 0 0]
  [0 0 0 ... 0 0 0]
  ...
  [0 0 0 ... 0 0 0]
  [0 0 0 ... 0 0 0]
  [0 0 0 ... 0 0 0]]

 [[0 0 0 ... 0 0 0]
  [0 0 0 ... 0 0 0]
  [0 0 0 ... 0 0 0]
  ...
  [0 0 0 ... 0 0 0]
  [0 0 0 ... 0 0 0]
  [0 0 0 ... 0 0 0]]

 [[0 0 0 ... 0 0 0]
  [0 0 0 ... 0 0 0]
  [0 0 0 ... 0 0 0]
  ...
  [0 0 0 ... 0 0 0]
  [0 0 0 ... 0 0 0]
  [0 0 0 ... 0 0 0]]

 ...

 [[0 0 0 ... 0 0 0]
  [0 0 0 ... 0 0 0]
  [0 0 0 ... 0 0 0]
  ...
  [0 0 0 ... 0 0 0]
  [0 0 0 ... 0 0 0]
  [0 0 0 ... 0 0 0]]

 [[0 0 0 ... 0 0 0]
  [0 0 0 ... 0 0 0]
  [0 0 0 ... 0 0 0]
  ...
  [0 0 0 ... 0 0 0]
  [0 0 0 ... 0 0 0]
  [0 0 0 ... 0 0 0]]

 [[0 0 0 ... 0 0 0]
  [0 0 0 ... 0 0 0]
  [0 0 0 ... 0 0 0]
  ...
  [0 0 0 ... 0 0 0]
  [0 0 0 ... 0 0 0]
  [0 0 0 ... 0 0 0]]]","[74, 75, 76, 77, 78, 79, 80, 81, 82, 83, 84]","[169, 170, 171, 172, 173, 174, 175, 176, 177, 178, 179, 180, 181, 182, 183, 184, 185, 186, 187, 188, 189, 190, 191, 192, 193, 194, 195, 196, 197, 198, 199, 200, 201, 202, 203, 204, 205, 206, 207, 208, 209, 210, 211, 212, 213, 214, 215, 216, 217, 218, 219, 220, 221, 222, 223, 224, 225, 226, 227, 228, 229, 230, 231, 232, 233, 234, 235, 236, 237, 238, 239, 240, 241, 242, 243, 244, 245, 246, 247, 248, 249, 250, 251, 252, 253, 254, 255, 256, 257, 258, 259, 260, 261, 262, 263, 264, 265, 267, 268, 270, 272]","[372, 373, 374, 375, 376, 377, 378, 379, 380, 381, 382, 383, 384, 385, 386, 387, 388, 389, 390, 391, 392, 393, 394, 395, 396, 397, 398, 399, 400, 401, 402, 403, 404, 405, 406, 407, 408, 409, 410, 411, 412, 413, 414, 415, 416]",11,104,45,/media/bendico765/Crucial X9/Materiali Tesista/Roi masks/AMBL-579/ROI 0.npy,/media/bendico765/Crucial X9/Materiali Tesista/Cleaned Roi masks/AMBL-579/ROI 0.npy,0.7617,2.0,/media/bendico765/Crucial X9/MRI Lesions/manifest-1728494830954/Advanced-MRI-Breast-Lesions/AMBL-579/12-21-2005-NA-MRI BREASTS - Delayed contrast-84296/500.000000-Registered AX Sen Vibrant MultiPhase-77776,,112374.0,84009.0,83984.0,84004.0,0.0042091587021908985,-0.0016664881143686986,-0.0005239093160602019,-0.00040474263130327125,0.0005159596518737182,0.00020957819048680865,1.7525719439711926e-05,0.0001305173521081339,0.0004449427803584459,0.00020831101429608732,1.7860544865688702e-05,0.00012499404790248083,0.0004134247987677036,-1.6237054327466402e-05,4.786923776039234e-05,-3.1740678305603096e-05
146,AMBL-579,1,1.0,2,weak,neg,-1,,40.0,0.0,-1.0,-1,/media/bendico765/Crucial X9/MRI Lesions/manifest-1728494830954/Advanced-MRI-Breast-Lesions/AMBL-579/12-21-2005-NA-MRI BREASTS - Delayed contrast-84296/600.000000-Registered Ax T2 FSE-17158,/media/bendico765/Crucial X9/MRI Lesions/manifest-1728494830954/Advanced-MRI-Breast-Lesions/AMBL-579/12-21-2005-NA-MRI BREASTS - Delayed contrast-84296/500.000000-ROI-89400/1-1.dcm,-40.57,R,"[[[0 0 0 ... 0 0 0]
  [0 0 0 ... 0 0 0]
  [0 0 0 ... 0 0 0]
  ...
  [0 0 0 ... 0 0 0]
  [0 0 0 ... 0 0 0]
  [0 0 0 ... 0 0 0]]

 [[0 0 0 ... 0 0 0]
  [0 0 0 ... 0 0 0]
  [0 0 0 ... 0 0 0]
  ...
  [0 0 0 ... 0 0 0]
  [0 0 0 ... 0 0 0]
  [0 0 0 ... 0 0 0]]

 [[0 0 0 ... 0 0 0]
  [0 0 0 ... 0 0 0]
  [0 0 0 ... 0 0 0]
  ...
  [0 0 0 ... 0 0 0]
  [0 0 0 ... 0 0 0]
  [0 0 0 ... 0 0 0]]

 ...

 [[0 0 0 ... 0 0 0]
  [0 0 0 ... 0 0 0]
  [0 0 0 ... 0 0 0]
  ...
  [0 0 0 ... 0 0 0]
  [0 0 0 ... 0 0 0]
  [0 0 0 ... 0 0 0]]

 [[0 0 0 ... 0 0 0]
  [0 0 0 ... 0 0 0]
  [0 0 0 ... 0 0 0]
  ...
  [0 0 0 ... 0 0 0]
  [0 0 0 ... 0 0 0]
  [0 0 0 ... 0 0 0]]

 [[0 0 0 ... 0 0 0]
  [0 0 0 ... 0 0 0]
  [0 0 0 ... 0 0 0]
  ...
  [0 0 0 ... 0 0 0]
  [0 0 0 ... 0 0 0]
  [0 0 0 ... 0 0 0]]]","[71, 72, 73, 74, 75, 76, 77, 78]","[237, 238, 239, 240, 241, 242, 243, 244, 245, 246, 247, 248, 249, 250, 251, 252, 253, 254, 255, 256, 257, 258, 259, 260, 261, 262, 263, 264, 265, 266, 267, 268, 269]","[370, 371, 372, 373, 374, 375, 376, 377, 378, 379, 380, 381, 382, 383, 384, 385, 386, 387, 388, 389, 390, 391, 392, 393, 394, 395, 396, 397, 398]",8,33,29,/media/bendico765/Crucial X9/Materiali Tesista/Roi masks/AMBL-579/ROI 1.npy,/media/bendico765/Crucial X9/Materiali Tesista/Cleaned Roi masks/AMBL-579/ROI 1.npy,0.7617,2.0,/media/bendico765/Crucial X9/MRI Lesions/manifest-1728494830954/Advanced-MRI-Breast-Lesions/AMBL-579/12-21-2005-NA-MRI BREASTS - Delayed contrast-84296/500.000000-Registered AX Sen Vibrant MultiPhase-77776,,112374.0,84009.0,83984.0,84004.0,0.004307046113869757,-0.0002737801902177148,-0.0005596304057915794,-0.00024998809580496165,0.00121338208207591,0.0003754110978893632,3.1724721792177697e-06,-6.064448882730062e-05,0.0007786498656272803,0.000505898177576212,0.00019051247856734617,-3.571258511499452e-05,0.0011599200611628376,-0.00010065194483696009,-0.0001517262991442115,-0.0001557468196468494
147,AMBL-590,0,1.0,3,neg,neg,pos,,0,0,-1.0,40,/media/bendico765/Crucial X9/MRI Lesions/manifest-1728494830954/Advanced-MRI-Breast-Lesions/AMBL-590/02-08-2006-NA-MRI BREASTS - Delayed contrast-70942/600.000000-Registered Ax T2 FSE-54767,/media/bendico765/Crucial X9/MRI Lesions/manifest-1728494830954/Advanced-MRI-Breast-Lesions/AMBL-590/02-08-2006-NA-MRI BREASTS - Delayed contrast-70942/500.000000-ROI-91209/1-1.dcm,37.31,L,"[[[0 0 0 ... 0 0 0]
  [0 0 0 ... 0 0 0]
  [0 0 0 ... 0 0 0]
  ...
  [0 0 0 ... 0 0 0]
  [0 0 0 ... 0 0 0]
  [0 0 0 ... 0 0 0]]

 [[0 0 0 ... 0 0 0]
  [0 0 0 ... 0 0 0]
  [0 0 0 ... 0 0 0]
  ...
  [0 0 0 ... 0 0 0]
  [0 0 0 ... 0 0 0]
  [0 0 0 ... 0 0 0]]

 [[0 0 0 ... 0 0 0]
  [0 0 0 ... 0 0 0]
  [0 0 0 ... 0 0 0]
  ...
  [0 0 0 ... 0 0 0]
  [0 0 0 ... 0 0 0]
  [0 0 0 ... 0 0 0]]

 ...

 [[0 0 0 ... 0 0 0]
  [0 0 0 ... 0 0 0]
  [0 0 0 ... 0 0 0]
  ...
  [0 0 0 ... 0 0 0]
  [0 0 0 ... 0 0 0]
  [0 0 0 ... 0 0 0]]

 [[0 0 0 ... 0 0 0]
  [0 0 0 ... 0 0 0]
  [0 0 0 ... 0 0 0]
  ...
  [0 0 0 ... 0 0 0]
  [0 0 0 ... 0 0 0]
  [0 0 0 ... 0 0 0]]

 [[0 0 0 ... 0 0 0]
  [0 0 0 ... 0 0 0]
  [0 0 0 ... 0 0 0]
  ...
  [0 0 0 ... 0 0 0]
  [0 0 0 ... 0 0 0]
  [0 0 0 ... 0 0 0]]]","[37, 38, 39, 40, 41, 42, 43, 44, 45, 46, 47, 48, 49, 50, 51, 52, 53, 54, 55]","[126, 127, 129, 130, 131, 132, 133, 134, 135, 136, 137, 138, 139, 140, 141, 142, 143, 144, 145, 146, 147, 148, 149, 150, 151, 152, 153, 154, 155, 156, 157, 158, 159, 160, 161, 162, 163, 164, 165, 166, 167, 168, 169, 170, 171, 172, 173, 174, 175, 176, 177, 178, 179, 180, 181, 182, 183, 184, 185, 186, 187, 188, 189, 190, 191, 192, 193, 194, 195, 196, 197, 198, 199, 200, 201, 202, 203, 204, 205, 206, 207, 208, 209, 210, 211, 212, 213, 214, 215, 216, 217, 218, 219, 220, 221, 222, 223, 224, 225, 226, 227, 228, 229, 230, 231, 232, 233, 234, 235, 236, 237, 238, 239, 240, 241, 242, 243, 244, 245, 246, 247, 248, 249, 250, 251, 252, 253, 254, 255, 256, 257, 258, 259, 260, 261, 262, 263, 264, 265, 266, 267]","[75, 76, 77, 78, 79, 80, 81, 82, 83, 84, 85, 86, 87, 88, 89, 90, 91, 92, 93, 94, 95, 96, 97, 98, 99, 100, 101, 102, 103, 104, 105, 106, 107, 108, 109, 110, 111, 112, 113, 114, 115, 116, 117, 118, 119, 120, 121, 122, 123, 124, 125, 126, 127, 128, 129, 130, 131, 132, 133, 134, 135, 136, 137, 138, 139, 140, 141, 142, 143, 144]",19,142,70,/media/bendico765/Crucial X9/Materiali Tesista/Roi masks/AMBL-590/ROI 0.npy,/media/bendico765/Crucial X9/Materiali Tesista/Cleaned Roi masks/AMBL-590/ROI 0.npy,0.6445,2.2,/media/bendico765/Crucial X9/MRI Lesions/manifest-1728494830954/Advanced-MRI-Breast-Lesions/AMBL-590/02-08-2006-NA-MRI BREASTS - Delayed contrast-70942/500.000000-Registered AX Sen Vibrant MultiPhase-77116,,114730.0,86426.0,86506.0,86502.0,0.005081495685522531,-0.0009835003355471734,0.00033523686218296997,-0.0009595153869274699,0.0009507794373209288,0.000399111615546623,0.00020925758726202386,9.299239768859701e-05,0.0007147215200906476,0.000439682502950501,0.0003005571867847317,0.00015028554253080853,0.0006839234703534162,3.7666726995226905e-05,9.899237854952912e-06,-5.616690847344178e-05
148,AMBL-590,1,1.0,3,neg,neg,strong,,0.0,0.0,100.0,70,/media/bendico765/Crucial X9/MRI Lesions/manifest-1728494830954/Advanced-MRI-Breast-Lesions/AMBL-590/02-08-2006-NA-MRI BREASTS - Delayed contrast-70942/600.000000-Registered Ax T2 FSE-54767,/media/bendico765/Crucial X9/MRI Lesions/manifest-1728494830954/Advanced-MRI-Breast-Lesions/AMBL-590/02-08-2006-NA-MRI BREASTS - Delayed contrast-70942/500.000000-ROI-91209/1-1.dcm,-13.27,L,"[[[0 0 0 ... 0 0 0]
  [0 0 0 ... 0 0 0]
  [0 0 0 ... 0 0 0]
  ...
  [0 0 0 ... 0 0 0]
  [0 0 0 ... 0 0 0]
  [0 0 0 ... 0 0 0]]

 [[0 0 0 ... 0 0 0]
  [0 0 0 ... 0 0 0]
  [0 0 0 ... 0 0 0]
  ...
  [0 0 0 ... 0 0 0]
  [0 0 0 ... 0 0 0]
  [0 0 0 ... 0 0 0]]

 [[0 0 0 ... 0 0 0]
  [0 0 0 ... 0 0 0]
  [0 0 0 ... 0 0 0]
  ...
  [0 0 0 ... 0 0 0]
  [0 0 0 ... 0 0 0]
  [0 0 0 ... 0 0 0]]

 ...

 [[0 0 0 ... 0 0 0]
  [0 0 0 ... 0 0 0]
  [0 0 0 ... 0 0 0]
  ...
  [0 0 0 ... 0 0 0]
  [0 0 0 ... 0 0 0]
  [0 0 0 ... 0 0 0]]

 [[0 0 0 ... 0 0 0]
  [0 0 0 ... 0 0 0]
  [0 0 0 ... 0 0 0]
  ...
  [0 0 0 ... 0 0 0]
  [0 0 0 ... 0 0 0]
  [0 0 0 ... 0 0 0]]

 [[0 0 0 ... 0 0 0]
  [0 0 0 ... 0 0 0]
  [0 0 0 ... 0 0 0]
  ...
  [0 0 0 ... 0 0 0]
  [0 0 0 ... 0 0 0]
  [0 0 0 ... 0 0 0]]]","[60, 61, 62, 63, 64, 65, 66, 67, 68]","[176, 177, 178, 179, 180, 181, 182, 183, 184, 185, 186, 187, 188, 189, 190, 191, 192, 193, 194, 195, 196, 197, 198, 199, 200, 201, 202, 203, 204, 205, 206, 207, 208, 209, 210, 211, 212, 213, 214, 215, 216, 217, 218, 219, 220, 221, 222, 223, 224, 225, 226, 227, 228, 229, 230, 231, 232, 233, 234, 235, 236, 237, 238, 239, 240, 241, 242, 243, 244, 245, 246, 247, 248, 249, 250, 251, 252, 253, 255]","[80, 81, 82, 83, 84, 85, 86, 87, 88, 89, 90, 91, 92, 93, 94, 95, 96, 97, 98, 99, 100, 101, 102, 103, 104, 105, 106, 107, 108, 109, 110, 111, 112, 113, 114, 115, 116, 117, 118, 119, 120, 121, 122, 123, 124, 125, 126, 127, 128, 129, 130, 131, 132, 133, 134, 135, 136]",9,80,57,/media/bendico765/Crucial X9/Materiali Tesista/Roi masks/AMBL-590/ROI 1.npy,/media/bendico765/Crucial X9/Materiali Tesista/Cleaned Roi masks/AMBL-590/ROI 1.npy,0.6445,2.2,/media/bendico765/Crucial X9/MRI Lesions/manifest-1728494830954/Advanced-MRI-Breast-Lesions/AMBL-590/02-08-2006-NA-MRI BREASTS - Delayed contrast-70942/500.000000-Registered AX Sen Vibrant MultiPhase-77116,,114730.0,86426.0,86506.0,86502.0,0.0032423951887039135,-0.00030083539675560596,0.00021963794418884238,-0.00019652724792490348,0.0008851269900938179,0.00027062779239778406,0.00031041861349045984,3.0127466997468173e-05,0.0006188442430053168,0.0003355471733043297,0.000381476429380621,0.00011560426348523733,0.0006937456870371869,-6.167697190293173e-05,-1.8700435980316672e-05,-9.32832476825302e-05
149,AMBL-590,2,0.0,-1.0,-1,-1,-1,,-1.0,-1.0,-1.0,-1,/media/bendico765/Crucial X9/MRI Lesions/manifest-1728494830954/Advanced-MRI-Breast-Lesions/AMBL-590/02-08-2006-NA-MRI BREASTS - Delayed contrast-70942/600.000000-Registered Ax T2 FSE-54767,/media/bendico765/Crucial X9/MRI Lesions/manifest-1728494830954/Advanced-MRI-Breast-Lesions/AMBL-590/02-08-2006-NA-MRI BREASTS - Delayed contrast-70942/500.000000-ROI-91209/1-1.dcm,-22.09,R,"[[[0 0 0 ... 0 0 0]
  [0 0 0 ... 0 0 0]
  [0 0 0 ... 0 0 0]
  ...
  [0 0 0 ... 0 0 0]
  [0 0 0 ... 0 0 0]
  [0 0 0 ... 0 0 0]]

 [[0 0 0 ... 0 0 0]
  [0 0 0 ... 0 0 0]
  [0 0 0 ... 0 0 0]
  ...
  [0 0 0 ... 0 0 0]
  [0 0 0 ... 0 0 0]
  [0 0 0 ... 0 0 0]]

 [[0 0 0 ... 0 0 0]
  [0 0 0 ... 0 0 0]
  [0 0 0 ... 0 0 0]
  ...
  [0 0 0 ... 0 0 0]
  [0 0 0 ... 0 0 0]
  [0 0 0 ... 0 0 0]]

 ...

 [[0 0 0 ... 0 0 0]
  [0 0 0 ... 0 0 0]
  [0 0 0 ... 0 0 0]
  ...
  [0 0 0 ... 0 0 0]
  [0 0 0 ... 0 0 0]
  [0 0 0 ... 0 0 0]]

 [[0 0 0 ... 0 0 0]
  [0 0 0 ... 0 0 0]
  [0 0 0 ... 0 0 0]
  ...
  [0 0 0 ... 0 0 0]
  [0 0 0 ... 0 0 0]
  [0 0 0 ... 0 0 0]]

 [[0 0 0 ... 0 0 0]
  [0 0 0 ... 0 0 0]
  [0 0 0 ... 0 0 0]
  ...
  [0 0 0 ... 0 0 0]
  [0 0 0 ... 0 0 0]
  [0 0 0 ... 0 0 0]]]","[65, 66, 67, 68, 69, 70, 71, 72, 73]","[55, 56, 57, 58, 59, 60, 61, 62, 63, 64, 65, 66, 67, 68, 69, 70, 71, 72, 73, 74, 75, 76, 77, 78, 79, 80, 81, 82]","[354, 355, 356, 357, 358, 359, 360, 361, 362, 363, 364, 365, 366, 367, 368, 369, 370, 371, 372, 373, 374, 375, 376, 377, 378, 379, 380, 381, 382, 383, 384, 385, 386, 387, 388, 389, 390, 391]",9,28,38,/media/bendico765/Crucial X9/Materiali Tesista/Roi masks/AMBL-590/ROI 2.npy,/media/bendico765/Crucial X9/Materiali Tesista/Cleaned Roi masks/AMBL-590/ROI 2.npy,0.6445,2.2,/media/bendico765/Crucial X9/MRI Lesions/manifest-1728494830954/Advanced-MRI-Breast-Lesions/AMBL-590/02-08-2006-NA-MRI BREASTS - Delayed contrast-70942/500.000000-Registered AX Sen Vibrant MultiPhase-77116,,114730.0,86426.0,86506.0,86502.0,0.0010459339318399721,0.0009603591511813575,0.00040459621297944654,0.00010404383713671361,0.0006529288528087552,0.0005618996729618779,0.0003115776311255647,0.00016630404988347532,0.0006275603591039833,0.0005901002013283039,0.0003583566457817955,0.00018496682157637974,0.0002497381360199142,0.00023832169633791924,0.00011502067647756486,4.139898278148223e-05
150,AMBL-590,3,0.0,,,,,,,,,,/media/bendico765/Crucial X9/MRI Lesions/manifest-1728494830954/Advanced-MRI-Breast-Lesions/AMBL-590/02-08-2006-NA-MRI BREASTS - Delayed contrast-70942/600.000000-Registered Ax T2 FSE-54767,/media/bendico765/Crucial X9/MRI Lesions/manifest-1728494830954/Advanced-MRI-Breast-Lesions/AMBL-590/02-08-2006-NA-MRI BREASTS - Delayed contrast-70942/500.000000-ROI-91209/1-1.dcm,-24.29,R,"[[[0 0 0 ... 0 0 0]
  [0 0 0 ... 0 0 0]
  [0 0 0 ... 0 0 0]
  ...
  [0 0 0 ... 0 0 0]
  [0 0 0 ... 0 0 0]
  [0 0 0 ... 0 0 0]]

 [[0 0 0 ... 0 0 0]
  [0 0 0 ... 0 0 0]
  [0 0 0 ... 0 0 0]
  ...
  [0 0 0 ... 0 0 0]
  [0 0 0 ... 0 0 0]
  [0 0 0 ... 0 0 0]]

 [[0 0 0 ... 0 0 0]
  [0 0 0 ... 0 0 0]
  [0 0 0 ... 0 0 0]
  ...
  [0 0 0 ... 0 0 0]
  [0 0 0 ... 0 0 0]
  [0 0 0 ... 0 0 0]]

 ...

 [[0 0 0 ... 0 0 0]
  [0 0 0 ... 0 0 0]
  [0 0 0 ... 0 0 0]
  ...
  [0 0 0 ... 0 0 0]
  [0 0 0 ... 0 0 0]
  [0 0 0 ... 0 0 0]]

 [[0 0 0 ... 0 0 0]
  [0 0 0 ... 0 0 0]
  [0 0 0 ... 0 0 0]
  ...
  [0 0 0 ... 0 0 0]
  [0 0 0 ... 0 0 0]
  [0 0 0 ... 0 0 0]]

 [[0 0 0 ... 0 0 0]
  [0 0 0 ... 0 0 0]
  [0 0 0 ... 0 0 0]
  ...
  [0 0 0 ... 0 0 0]
  [0 0 0 ... 0 0 0]
  [0 0 0 ... 0 0 0]]]","[68, 69, 70]","[146, 147, 148, 149, 150, 151, 152, 153, 154, 155, 156, 157, 158, 159, 160, 161]","[346, 347, 348, 349, 350, 351, 352, 353, 354, 355, 358, 359]",3,16,14,/media/bendico765/Crucial X9/Materiali Tesista/Roi masks/AMBL-590/ROI 3.npy,/media/bendico765/Crucial X9/Materiali Tesista/Cleaned Roi masks/AMBL-590/ROI 3.npy,0.6445,2.2,/media/bendico765/Crucial X9/MRI Lesions/manifest-1728494830954/Advanced-MRI-Breast-Lesions/AMBL-590/02-08-2006-NA-MRI BREASTS - Delayed contrast-70942/500.000000-Registered AX Sen Vibrant MultiPhase-77116,,114730.0,86426.0,86506.0,86502.0,0.0012289723699119672,0.0009256473746326337,0.0006935935079647655,5.7802131742618665e-05,0.0004842197215257295,0.00039004230987004033,0.00026715956962672404,0.00016998741516174921,0.0003573607600453238,0.0003355471733043297,0.00017339837699119137,0.00016184596887933227,0.00023954071818685292,0.00019843924602754143,0.0001679916305883297,4.595996513736677e-05
151,AMBL-590,4,0.0,,,,,,,,,,/media/bendico765/Crucial X9/MRI Lesions/manifest-1728494830954/Advanced-MRI-Breast-Lesions/AMBL-590/02-08-2006-NA-MRI BREASTS - Delayed contrast-70942/600.000000-Registered Ax T2 FSE-54767,/media/bendico765/Crucial X9/MRI Lesions/manifest-1728494830954/Advanced-MRI-Breast-Lesions/AMBL-590/02-08-2006-NA-MRI BREASTS - Delayed contrast-70942/500.000000-ROI-91209/1-1.dcm,8.71,L,"[[[0 0 0 ... 0 0 0]
  [0 0 0 ... 0 0 0]
  [0 0 0 ... 0 0 0]
  ...
  [0 0 0 ... 0 0 0]
  [0 0 0 ... 0 0 0]
  [0 0 0 ... 0 0 0]]

 [[0 0 0 ... 0 0 0]
  [0 0 0 ... 0 0 0]
  [0 0 0 ... 0 0 0]
  ...
  [0 0 0 ... 0 0 0]
  [0 0 0 ... 0 0 0]
  [0 0 0 ... 0 0 0]]

 [[0 0 0 ... 0 0 0]
  [0 0 0 ... 0 0 0]
  [0 0 0 ... 0 0 0]
  ...
  [0 0 0 ... 0 0 0]
  [0 0 0 ... 0 0 0]
  [0 0 0 ... 0 0 0]]

 ...

 [[0 0 0 ... 0 0 0]
  [0 0 0 ... 0 0 0]
  [0 0 0 ... 0 0 0]
  ...
  [0 0 0 ... 0 0 0]
  [0 0 0 ... 0 0 0]
  [0 0 0 ... 0 0 0]]

 [[0 0 0 ... 0 0 0]
  [0 0 0 ... 0 0 0]
  [0 0 0 ... 0 0 0]
  ...
  [0 0 0 ... 0 0 0]
  [0 0 0 ... 0 0 0]
  [0 0 0 ... 0 0 0]]

 [[0 0 0 ... 0 0 0]
  [0 0 0 ... 0 0 0]
  [0 0 0 ... 0 0 0]
  ...
  [0 0 0 ... 0 0 0]
  [0 0 0 ... 0 0 0]
  [0 0 0 ... 0 0 0]]]","[47, 48, 49, 50, 51, 52, 53, 54, 55, 56, 57, 58, 59, 60, 61]","[107, 108, 109, 110, 111, 112, 113, 114, 115, 116, 117, 118, 119, 120, 121, 122, 123, 124, 125, 126, 127, 128, 129, 130, 131, 132, 133, 134, 135, 136, 137, 138, 139, 140, 141, 142, 143, 144, 145, 146, 147, 148, 149, 150, 151, 152, 153, 154, 155, 156, 157, 158, 159, 160, 161, 162, 163, 164, 165, 166, 167, 168, 169, 170, 171, 172, 173, 174, 175, 176, 177, 178, 179, 180, 181, 182, 183, 184, 185, 186, 187, 188, 189, 190, 191, 192, 193, 194, 195, 196, 197, 198, 199, 200, 201, 202, 203, 204, 205, 206, 207, 208, 209, 210, 211, 212, 213, 214, 215, 216, 217, 218, 219, 220, 221, 222, 223, 224, 225, 226, 227, 228, 229, 230, 231, 232, 233, 234, 235, 236, 237, 238, 239, 240, 241, 242, 243, 244, 245, 246, 247, 248, 249, 250, 251, 252, 253]","[152, 153, 154, 155, 156, 157, 158, 159, 160, 161, 162, 163, 164, 165, 166, 167, 168, 169, 170, 171, 172, 173, 174, 175, 176, 177, 178, 179, 180, 181, 182, 183, 184, 185, 186, 187, 188, 189, 190, 191]",15,147,40,/media/bendico765/Crucial X9/Materiali Tesista/Roi masks/AMBL-590/ROI 4.npy,/media/bendico765/Crucial X9/Materiali Tesista/Cleaned Roi masks/AMBL-590/ROI 4.npy,0.6445,2.2,/media/bendico765/Crucial X9/MRI Lesions/manifest-1728494830954/Advanced-MRI-Breast-Lesions/AMBL-590/02-08-2006-NA-MRI BREASTS - Delayed contrast-70942/500.000000-Registered AX Sen Vibrant MultiPhase-77116,,114730.0,86426.0,86506.0,86502.0,0.002710712106685261,0.0005553884247795802,0.00027743740318590616,0.00016184596887933227,0.0006244634550320868,0.0004901376882522169,0.00027552009361536206,0.00021016664575927406,0.0005142508498213196,0.000439682502950501,0.0002658775113864934,0.00021964810062195092,0.0003808207346589122,0.00015420068913597038,0.00010852124365514675,6.174706683778451e-05
152,AMBL-595,0,0.0,-1,-1,-1,-1,,-1,-1,-1.0,-1,/media/bendico765/Crucial X9/MRI Lesions/manifest-1728494830954/Advanced-MRI-Breast-Lesions/AMBL-595/04-12-2006-NA-MRI BREASTS - Delayed contrast-99337/600.000000-Registered Ax T2 FSE-16358,/media/bendico765/Crucial X9/MRI Lesions/manifest-1728494830954/Advanced-MRI-Breast-Lesions/AMBL-595/04-12-2006-NA-MRI BREASTS - Delayed contrast-99337/500.000000-ROI-96750/1-1.dcm,22.86,L,"[[[0 0 0 ... 0 0 0]
  [0 0 0 ... 0 0 0]
  [0 0 0 ... 0 0 0]
  ...
  [0 0 0 ... 0 0 0]
  [0 0 0 ... 0 0 0]
  [0 0 0 ... 0 0 0]]

 [[0 0 0 ... 0 0 0]
  [0 0 0 ... 0 0 0]
  [0 0 0 ... 0 0 0]
  ...
  [0 0 0 ... 0 0 0]
  [0 0 0 ... 0 0 0]
  [0 0 0 ... 0 0 0]]

 [[0 0 0 ... 0 0 0]
  [0 0 0 ... 0 0 0]
  [0 0 0 ... 0 0 0]
  ...
  [0 0 0 ... 0 0 0]
  [0 0 0 ... 0 0 0]
  [0 0 0 ... 0 0 0]]

 ...

 [[0 0 0 ... 0 0 0]
  [0 0 0 ... 0 0 0]
  [0 0 0 ... 0 0 0]
  ...
  [0 0 0 ... 0 0 0]
  [0 0 0 ... 0 0 0]
  [0 0 0 ... 0 0 0]]

 [[0 0 0 ... 0 0 0]
  [0 0 0 ... 0 0 0]
  [0 0 0 ... 0 0 0]
  ...
  [0 0 0 ... 0 0 0]
  [0 0 0 ... 0 0 0]
  [0 0 0 ... 0 0 0]]

 [[0 0 0 ... 0 0 0]
  [0 0 0 ... 0 0 0]
  [0 0 0 ... 0 0 0]
  ...
  [0 0 0 ... 0 0 0]
  [0 0 0 ... 0 0 0]
  [0 0 0 ... 0 0 0]]]","[51, 52, 53, 54]","[126, 131, 132, 133, 134, 135, 136, 137, 138, 139, 140, 141, 142, 143, 144]","[162, 163, 164, 165, 166]",4,19,5,/media/bendico765/Crucial X9/Materiali Tesista/Roi masks/AMBL-595/ROI 0.npy,/media/bendico765/Crucial X9/Materiali Tesista/Cleaned Roi masks/AMBL-595/ROI 0.npy,0.6641,2.2,/media/bendico765/Crucial X9/MRI Lesions/manifest-1728494830954/Advanced-MRI-Breast-Lesions/AMBL-595/04-12-2006-NA-MRI BREASTS - Delayed contrast-99337/500.000000-Registered AX Sen Vibrant MultiPhase-20182,,114314.0,85817.0,85990.0,85994.0,0.0013121752366289344,0.0011885756901313259,0.00020932666589138272,9.302974626136707e-05,0.00034378991199678066,0.0004620108730994349,0.00021735460612449308,0.00015151094562486356,0.0002580611298703571,0.0004253236538215039,0.00022095592510757065,0.00012791590110937972,0.0002382464354006725,0.00021352309901282278,9.907551890645079e-05,-6.443400028081853e-06
153,AMBL-595,1,0.0,-1,-1,-1,-1,,-1.0,-1.0,-1.0,-1,/media/bendico765/Crucial X9/MRI Lesions/manifest-1728494830954/Advanced-MRI-Breast-Lesions/AMBL-595/04-12-2006-NA-MRI BREASTS - Delayed contrast-99337/600.000000-Registered Ax T2 FSE-16358,/media/bendico765/Crucial X9/MRI Lesions/manifest-1728494830954/Advanced-MRI-Breast-Lesions/AMBL-595/04-12-2006-NA-MRI BREASTS - Delayed contrast-99337/500.000000-ROI-96750/1-1.dcm,-45.34,L,"[[[0 0 0 ... 0 0 0]
  [0 0 0 ... 0 0 0]
  [0 0 0 ... 0 0 0]
  ...
  [0 0 0 ... 0 0 0]
  [0 0 0 ... 0 0 0]
  [0 0 0 ... 0 0 0]]

 [[0 0 0 ... 0 0 0]
  [0 0 0 ... 0 0 0]
  [0 0 0 ... 0 0 0]
  ...
  [0 0 0 ... 0 0 0]
  [0 0 0 ... 0 0 0]
  [0 0 0 ... 0 0 0]]

 [[0 0 0 ... 0 0 0]
  [0 0 0 ... 0 0 0]
  [0 0 0 ... 0 0 0]
  ...
  [0 0 0 ... 0 0 0]
  [0 0 0 ... 0 0 0]
  [0 0 0 ... 0 0 0]]

 ...

 [[0 0 0 ... 0 0 0]
  [0 0 0 ... 0 0 0]
  [0 0 0 ... 0 0 0]
  ...
  [0 0 0 ... 0 0 0]
  [0 0 0 ... 0 0 0]
  [0 0 0 ... 0 0 0]]

 [[0 0 0 ... 0 0 0]
  [0 0 0 ... 0 0 0]
  [0 0 0 ... 0 0 0]
  ...
  [0 0 0 ... 0 0 0]
  [0 0 0 ... 0 0 0]
  [0 0 0 ... 0 0 0]]

 [[0 0 0 ... 0 0 0]
  [0 0 0 ... 0 0 0]
  [0 0 0 ... 0 0 0]
  ...
  [0 0 0 ... 0 0 0]
  [0 0 0 ... 0 0 0]
  [0 0 0 ... 0 0 0]]]","[83, 84, 85]","[194, 195, 196, 197, 198, 199, 200, 201, 202, 204, 205]","[153, 154, 155, 156, 157, 158, 159]",3,12,7,/media/bendico765/Crucial X9/Materiali Tesista/Roi masks/AMBL-595/ROI 1.npy,/media/bendico765/Crucial X9/Materiali Tesista/Cleaned Roi masks/AMBL-595/ROI 1.npy,0.6641,2.2,/media/bendico765/Crucial X9/MRI Lesions/manifest-1728494830954/Advanced-MRI-Breast-Lesions/AMBL-595/04-12-2006-NA-MRI BREASTS - Delayed contrast-99337/500.000000-Registered AX Sen Vibrant MultiPhase-20182,,114314.0,85817.0,85990.0,85994.0,0.0018545410011022272,0.0006175932507545125,0.00031398999883707406,-0.00016280205595739237,0.0004984638395020488,0.00039304837687334135,0.00022490446428329941,6.842013315152866e-05,0.0004111482408103994,0.0002563594625773448,0.00022095592510757065,8.140102797869618e-05,0.00024224316592758678,0.00019522650630048863,9.84454932499586e-05,-7.46599613355631e-05
154,AMBL-626,0,0.0,-1,-1,-1,-1,,-1,-1,-1.0,-1,/media/bendico765/Crucial X9/MRI Lesions/manifest-1728494830954/Advanced-MRI-Breast-Lesions/AMBL-626/12-22-2006-NA-MRI BREASTS - Delayed contrast-30307/600.000000-Registered Ax T2 FSE-43489,/media/bendico765/Crucial X9/MRI Lesions/manifest-1728494830954/Advanced-MRI-Breast-Lesions/AMBL-626/12-22-2006-NA-MRI BREASTS - Delayed contrast-30307/500.000000-ROI-54119/1-1.dcm,4.4,R,"[[[0 0 0 ... 0 0 0]
  [0 0 0 ... 0 0 0]
  [0 0 0 ... 0 0 0]
  ...
  [0 0 0 ... 0 0 0]
  [0 0 0 ... 0 0 0]
  [0 0 0 ... 0 0 0]]

 [[0 0 0 ... 0 0 0]
  [0 0 0 ... 0 0 0]
  [0 0 0 ... 0 0 0]
  ...
  [0 0 0 ... 0 0 0]
  [0 0 0 ... 0 0 0]
  [0 0 0 ... 0 0 0]]

 [[0 0 0 ... 0 0 0]
  [0 0 0 ... 0 0 0]
  [0 0 0 ... 0 0 0]
  ...
  [0 0 0 ... 0 0 0]
  [0 0 0 ... 0 0 0]
  [0 0 0 ... 0 0 0]]

 ...

 [[0 0 0 ... 0 0 0]
  [0 0 0 ... 0 0 0]
  [0 0 0 ... 0 0 0]
  ...
  [0 0 0 ... 0 0 0]
  [0 0 0 ... 0 0 0]
  [0 0 0 ... 0 0 0]]

 [[0 0 0 ... 0 0 0]
  [0 0 0 ... 0 0 0]
  [0 0 0 ... 0 0 0]
  ...
  [0 0 0 ... 0 0 0]
  [0 0 0 ... 0 0 0]
  [0 0 0 ... 0 0 0]]

 [[0 0 0 ... 0 0 0]
  [0 0 0 ... 0 0 0]
  [0 0 0 ... 0 0 0]
  ...
  [0 0 0 ... 0 0 0]
  [0 0 0 ... 0 0 0]
  [0 0 0 ... 0 0 0]]]","[48, 49, 50, 51, 52, 53, 54, 55, 56]","[180, 183, 184, 185, 186, 187, 188, 189, 190, 191, 192, 193, 194, 195, 196, 197, 198, 199, 200, 201, 202, 203, 204, 205, 206, 207, 208, 209, 210, 211, 212, 213, 214, 215, 216, 217, 218, 219, 220, 221, 222, 223, 224, 225, 226]","[329, 330, 331, 332, 333, 334, 335, 336, 337, 338, 339, 340, 341, 342, 343, 344, 345, 346, 347, 348, 349, 350, 351, 352, 353]",9,47,25,/media/bendico765/Crucial X9/Materiali Tesista/Roi masks/AMBL-626/ROI 0.npy,/media/bendico765/Crucial X9/Materiali Tesista/Cleaned Roi masks/AMBL-626/ROI 0.npy,0.6641,2.0,/media/bendico765/Crucial X9/MRI Lesions/manifest-1728494830954/Advanced-MRI-Breast-Lesions/AMBL-626/12-22-2006-NA-MRI BREASTS - Delayed contrast-30307/500.000000-Registered AX Sen Vibrant MultiPhase-85512,,114768.0,86343.0,86011.0,85999.0,0.0014812491286769832,9.26537183095329e-05,5.813209938263711e-05,0.0005465179827672414,0.0004581507465154783,0.00025961891472909367,8.1431662859241e-05,0.00019531294570186404,0.0004879408894465356,0.00023163429577383228,5.813209938263711e-05,0.00023256084373074104,0.00016830834938842985,-1.7868308939746455e-05,4.4276573665769945e-05,8.638308406127998e-05
155,AMBL-626,1,0.0,-1,-1,-1,-1,,-1.0,-1.0,-1.0,-1,/media/bendico765/Crucial X9/MRI Lesions/manifest-1728494830954/Advanced-MRI-Breast-Lesions/AMBL-626/12-22-2006-NA-MRI BREASTS - Delayed contrast-30307/600.000000-Registered Ax T2 FSE-43489,/media/bendico765/Crucial X9/MRI Lesions/manifest-1728494830954/Advanced-MRI-Breast-Lesions/AMBL-626/12-22-2006-NA-MRI BREASTS - Delayed contrast-30307/500.000000-ROI-54119/1-1.dcm,12.4,R,"[[[0 0 0 ... 0 0 0]
  [0 0 0 ... 0 0 0]
  [0 0 0 ... 0 0 0]
  ...
  [0 0 0 ... 0 0 0]
  [0 0 0 ... 0 0 0]
  [0 0 0 ... 0 0 0]]

 [[0 0 0 ... 0 0 0]
  [0 0 0 ... 0 0 0]
  [0 0 0 ... 0 0 0]
  ...
  [0 0 0 ... 0 0 0]
  [0 0 0 ... 0 0 0]
  [0 0 0 ... 0 0 0]]

 [[0 0 0 ... 0 0 0]
  [0 0 0 ... 0 0 0]
  [0 0 0 ... 0 0 0]
  ...
  [0 0 0 ... 0 0 0]
  [0 0 0 ... 0 0 0]
  [0 0 0 ... 0 0 0]]

 ...

 [[0 0 0 ... 0 0 0]
  [0 0 0 ... 0 0 0]
  [0 0 0 ... 0 0 0]
  ...
  [0 0 0 ... 0 0 0]
  [0 0 0 ... 0 0 0]
  [0 0 0 ... 0 0 0]]

 [[0 0 0 ... 0 0 0]
  [0 0 0 ... 0 0 0]
  [0 0 0 ... 0 0 0]
  ...
  [0 0 0 ... 0 0 0]
  [0 0 0 ... 0 0 0]
  [0 0 0 ... 0 0 0]]

 [[0 0 0 ... 0 0 0]
  [0 0 0 ... 0 0 0]
  [0 0 0 ... 0 0 0]
  ...
  [0 0 0 ... 0 0 0]
  [0 0 0 ... 0 0 0]
  [0 0 0 ... 0 0 0]]]","[48, 49, 50]","[189, 190, 191, 192, 193, 194, 195, 196, 197, 198, 199, 202]","[357, 358, 359, 360, 361, 362, 363, 364, 365, 366, 367, 368, 369, 370]",3,14,14,/media/bendico765/Crucial X9/Materiali Tesista/Roi masks/AMBL-626/ROI 1.npy,/media/bendico765/Crucial X9/Materiali Tesista/Cleaned Roi masks/AMBL-626/ROI 1.npy,0.6641,2.0,/media/bendico765/Crucial X9/MRI Lesions/manifest-1728494830954/Advanced-MRI-Breast-Lesions/AMBL-626/12-22-2006-NA-MRI BREASTS - Delayed contrast-30307/500.000000-Registered AX Sen Vibrant MultiPhase-85512,,114768.0,86343.0,86011.0,85999.0,0.0015596682001951764,0.00016214400704168258,0.00024415481740707584,-2.3256084373074105e-05,0.0005094252255481867,0.0002494370459347355,0.00029119199039325514,-1.7076610525371324e-05,0.00042694827826571865,0.0002490068679568697,0.00030810012672797664,-2.3256084373074105e-05,0.00019743081059531007,3.2713980777536805e-05,3.8809313790857536e-05,2.1981202763475713e-05
156,AMBL-629,0,0.0,-1,-1,-1,-1,,-1,-1,-1.0,-1,/media/bendico765/Crucial X9/MRI Lesions/manifest-1728494830954/Advanced-MRI-Breast-Lesions/AMBL-629/01-30-2007-NA-MRI BREASTS - Delayed contrast-40670/600.000000-Registered Ax T2 FSE-05708,/media/bendico765/Crucial X9/MRI Lesions/manifest-1728494830954/Advanced-MRI-Breast-Lesions/AMBL-629/01-30-2007-NA-MRI BREASTS - Delayed contrast-40670/500.000000-ROI-75632/1-1.dcm,39.93,L,"[[[0 0 0 ... 0 0 0]
  [0 0 0 ... 0 0 0]
  [0 0 0 ... 0 0 0]
  ...
  [0 0 0 ... 0 0 0]
  [0 0 0 ... 0 0 0]
  [0 0 0 ... 0 0 0]]

 [[0 0 0 ... 0 0 0]
  [0 0 0 ... 0 0 0]
  [0 0 0 ... 0 0 0]
  ...
  [0 0 0 ... 0 0 0]
  [0 0 0 ... 0 0 0]
  [0 0 0 ... 0 0 0]]

 [[0 0 0 ... 0 0 0]
  [0 0 0 ... 0 0 0]
  [0 0 0 ... 0 0 0]
  ...
  [0 0 0 ... 0 0 0]
  [0 0 0 ... 0 0 0]
  [0 0 0 ... 0 0 0]]

 ...

 [[0 0 0 ... 0 0 0]
  [0 0 0 ... 0 0 0]
  [0 0 0 ... 0 0 0]
  ...
  [0 0 0 ... 0 0 0]
  [0 0 0 ... 0 0 0]
  [0 0 0 ... 0 0 0]]

 [[0 0 0 ... 0 0 0]
  [0 0 0 ... 0 0 0]
  [0 0 0 ... 0 0 0]
  ...
  [0 0 0 ... 0 0 0]
  [0 0 0 ... 0 0 0]
  [0 0 0 ... 0 0 0]]

 [[0 0 0 ... 0 0 0]
  [0 0 0 ... 0 0 0]
  [0 0 0 ... 0 0 0]
  ...
  [0 0 0 ... 0 0 0]
  [0 0 0 ... 0 0 0]
  [0 0 0 ... 0 0 0]]]","[37, 38, 39, 40, 41, 42]","[187, 188, 189, 190, 191, 192, 193, 194, 195, 196, 197, 198, 199, 200, 201, 202, 203, 204, 205, 206]","[152, 153, 154, 155, 156, 157, 158, 159, 160, 161, 162, 163, 164, 165, 166]",6,20,15,/media/bendico765/Crucial X9/Materiali Tesista/Roi masks/AMBL-629/ROI 0.npy,/media/bendico765/Crucial X9/Materiali Tesista/Cleaned Roi masks/AMBL-629/ROI 0.npy,0.6445,2.0,/media/bendico765/Crucial X9/MRI Lesions/manifest-1728494830954/Advanced-MRI-Breast-Lesions/AMBL-629/01-30-2007-NA-MRI BREASTS - Delayed contrast-40670/500.000000-Registered AX Sen Vibrant MultiPhase-22459,,114983.0,86598.0,86539.0,86454.0,0.0012349651687640782,0.001177856301531213,0.0010977709472029952,0.0004973743262312907,0.00039650402260317676,0.0006605293003431805,0.00022149336268731179,0.0002995633625586291,0.00038701373246479917,0.0005196424859696529,8.08883855833786e-05,0.0003123048094940662,0.00021008125381026307,0.00020598264845505051,0.00033138907809615885,3.7387187793601084e-05
157,AMBL-629,1,0.0,-1,-1,-1,-1,,-1.0,-1.0,-1.0,-1,/media/bendico765/Crucial X9/MRI Lesions/manifest-1728494830954/Advanced-MRI-Breast-Lesions/AMBL-629/01-30-2007-NA-MRI BREASTS - Delayed contrast-40670/600.000000-Registered Ax T2 FSE-05708,/media/bendico765/Crucial X9/MRI Lesions/manifest-1728494830954/Advanced-MRI-Breast-Lesions/AMBL-629/01-30-2007-NA-MRI BREASTS - Delayed contrast-40670/500.000000-ROI-75632/1-1.dcm,-2.07,R,"[[[0 0 0 ... 0 0 0]
  [0 0 0 ... 0 0 0]
  [0 0 0 ... 0 0 0]
  ...
  [0 0 0 ... 0 0 0]
  [0 0 0 ... 0 0 0]
  [0 0 0 ... 0 0 0]]

 [[0 0 0 ... 0 0 0]
  [0 0 0 ... 0 0 0]
  [0 0 0 ... 0 0 0]
  ...
  [0 0 0 ... 0 0 0]
  [0 0 0 ... 0 0 0]
  [0 0 0 ... 0 0 0]]

 [[0 0 0 ... 0 0 0]
  [0 0 0 ... 0 0 0]
  [0 0 0 ... 0 0 0]
  ...
  [0 0 0 ... 0 0 0]
  [0 0 0 ... 0 0 0]
  [0 0 0 ... 0 0 0]]

 ...

 [[0 0 0 ... 0 0 0]
  [0 0 0 ... 0 0 0]
  [0 0 0 ... 0 0 0]
  ...
  [0 0 0 ... 0 0 0]
  [0 0 0 ... 0 0 0]
  [0 0 0 ... 0 0 0]]

 [[0 0 0 ... 0 0 0]
  [0 0 0 ... 0 0 0]
  [0 0 0 ... 0 0 0]
  ...
  [0 0 0 ... 0 0 0]
  [0 0 0 ... 0 0 0]
  [0 0 0 ... 0 0 0]]

 [[0 0 0 ... 0 0 0]
  [0 0 0 ... 0 0 0]
  [0 0 0 ... 0 0 0]
  ...
  [0 0 0 ... 0 0 0]
  [0 0 0 ... 0 0 0]
  [0 0 0 ... 0 0 0]]]","[58, 59, 60, 61]","[102, 103, 104, 105, 106, 107, 108, 109, 110, 111, 112, 113, 114, 115, 116, 117, 118, 119]","[360, 361, 362, 363, 364, 365, 366, 367, 368, 369, 370, 371, 372, 373, 374, 375, 376, 377, 378, 379, 380, 381, 382, 383, 384, 385]",4,18,26,/media/bendico765/Crucial X9/Materiali Tesista/Roi masks/AMBL-629/ROI 1.npy,/media/bendico765/Crucial X9/Materiali Tesista/Cleaned Roi masks/AMBL-629/ROI 1.npy,0.6445,2.0,/media/bendico765/Crucial X9/MRI Lesions/manifest-1728494830954/Advanced-MRI-Breast-Lesions/AMBL-629/01-30-2007-NA-MRI BREASTS - Delayed contrast-40670/500.000000-Registered AX Sen Vibrant MultiPhase-22459,,114983.0,86598.0,86539.0,86454.0,0.0007653305271214005,0.0015011894039123304,4.622193461907348e-05,0.0004742406366391376,0.00032938717463827405,0.0005659652800070625,0.00023299695839141838,0.0001093381690036001,0.00032178669890331615,0.00043303540497471074,0.00024844289857752,9.25347583686122e-05,0.00018672813979237447,0.0002084196833917,0.00012038921831986651,7.004953780111967e-05
158,AMBL-629,2,0.0,-1.0,-1,-1,-1,,-1.0,-1.0,-1.0,-1,/media/bendico765/Crucial X9/MRI Lesions/manifest-1728494830954/Advanced-MRI-Breast-Lesions/AMBL-629/01-30-2007-NA-MRI BREASTS - Delayed contrast-40670/600.000000-Registered Ax T2 FSE-05708,/media/bendico765/Crucial X9/MRI Lesions/manifest-1728494830954/Advanced-MRI-Breast-Lesions/AMBL-629/01-30-2007-NA-MRI BREASTS - Delayed contrast-40670/500.000000-ROI-75632/1-1.dcm,-20.07,R,"[[[0 0 0 ... 0 0 0]
  [0 0 0 ... 0 0 0]
  [0 0 0 ... 0 0 0]
  ...
  [0 0 0 ... 0 0 0]
  [0 0 0 ... 0 0 0]
  [0 0 0 ... 0 0 0]]

 [[0 0 0 ... 0 0 0]
  [0 0 0 ... 0 0 0]
  [0 0 0 ... 0 0 0]
  ...
  [0 0 0 ... 0 0 0]
  [0 0 0 ... 0 0 0]
  [0 0 0 ... 0 0 0]]

 [[0 0 0 ... 0 0 0]
  [0 0 0 ... 0 0 0]
  [0 0 0 ... 0 0 0]
  ...
  [0 0 0 ... 0 0 0]
  [0 0 0 ... 0 0 0]
  [0 0 0 ... 0 0 0]]

 ...

 [[0 0 0 ... 0 0 0]
  [0 0 0 ... 0 0 0]
  [0 0 0 ... 0 0 0]
  ...
  [0 0 0 ... 0 0 0]
  [0 0 0 ... 0 0 0]
  [0 0 0 ... 0 0 0]]

 [[0 0 0 ... 0 0 0]
  [0 0 0 ... 0 0 0]
  [0 0 0 ... 0 0 0]
  ...
  [0 0 0 ... 0 0 0]
  [0 0 0 ... 0 0 0]
  [0 0 0 ... 0 0 0]]

 [[0 0 0 ... 0 0 0]
  [0 0 0 ... 0 0 0]
  [0 0 0 ... 0 0 0]
  ...
  [0 0 0 ... 0 0 0]
  [0 0 0 ... 0 0 0]
  [0 0 0 ... 0 0 0]]]","[67, 68, 69, 70, 71]","[112, 113, 114, 115, 116, 117, 118, 119, 120, 121, 122, 123, 124, 125, 126, 127, 128, 129, 130, 131, 132, 133, 134, 135, 136, 137, 138, 139, 140]","[367, 369, 370, 371, 372, 373, 374, 375, 376, 377, 378, 379, 380, 381, 382, 383, 384, 385, 386, 387]",5,29,21,/media/bendico765/Crucial X9/Materiali Tesista/Roi masks/AMBL-629/ROI 2.npy,/media/bendico765/Crucial X9/Materiali Tesista/Cleaned Roi masks/AMBL-629/ROI 2.npy,0.6445,2.0,/media/bendico765/Crucial X9/MRI Lesions/manifest-1728494830954/Advanced-MRI-Breast-Lesions/AMBL-629/01-30-2007-NA-MRI BREASTS - Delayed contrast-40670/500.000000-Registered AX Sen Vibrant MultiPhase-22459,,114983.0,86598.0,86539.0,86454.0,0.0006261795221902368,0.0020208318898819835,0.0002888870913692093,0.00033543849908621926,0.0002725188514729576,0.0007456794138877862,6.378744965778364e-06,0.00026149041282770325,0.00025221119643773426,0.0006697614263608859,-3.4666450964305114e-05,0.000219770051125454,0.00013335520430840547,0.0002424860875656948,0.00010248186029189599,7.676096041462003e-05
159,AMBL-629,3,0.0,,,,,,,,,,/media/bendico765/Crucial X9/MRI Lesions/manifest-1728494830954/Advanced-MRI-Breast-Lesions/AMBL-629/01-30-2007-NA-MRI BREASTS - Delayed contrast-40670/600.000000-Registered Ax T2 FSE-05708,/media/bendico765/Crucial X9/MRI Lesions/manifest-1728494830954/Advanced-MRI-Breast-Lesions/AMBL-629/01-30-2007-NA-MRI BREASTS - Delayed contrast-40670/500.000000-ROI-75632/1-1.dcm,1.93,R,"[[[0 0 0 ... 0 0 0]
  [0 0 0 ... 0 0 0]
  [0 0 0 ... 0 0 0]
  ...
  [0 0 0 ... 0 0 0]
  [0 0 0 ... 0 0 0]
  [0 0 0 ... 0 0 0]]

 [[0 0 0 ... 0 0 0]
  [0 0 0 ... 0 0 0]
  [0 0 0 ... 0 0 0]
  ...
  [0 0 0 ... 0 0 0]
  [0 0 0 ... 0 0 0]
  [0 0 0 ... 0 0 0]]

 [[0 0 0 ... 0 0 0]
  [0 0 0 ... 0 0 0]
  [0 0 0 ... 0 0 0]
  ...
  [0 0 0 ... 0 0 0]
  [0 0 0 ... 0 0 0]
  [0 0 0 ... 0 0 0]]

 ...

 [[0 0 0 ... 0 0 0]
  [0 0 0 ... 0 0 0]
  [0 0 0 ... 0 0 0]
  ...
  [0 0 0 ... 0 0 0]
  [0 0 0 ... 0 0 0]
  [0 0 0 ... 0 0 0]]

 [[0 0 0 ... 0 0 0]
  [0 0 0 ... 0 0 0]
  [0 0 0 ... 0 0 0]
  ...
  [0 0 0 ... 0 0 0]
  [0 0 0 ... 0 0 0]
  [0 0 0 ... 0 0 0]]

 [[0 0 0 ... 0 0 0]
  [0 0 0 ... 0 0 0]
  [0 0 0 ... 0 0 0]
  ...
  [0 0 0 ... 0 0 0]
  [0 0 0 ... 0 0 0]
  [0 0 0 ... 0 0 0]]]","[55, 56, 57]","[159, 160, 161, 162, 163, 164, 165, 166, 167, 168, 169, 170, 171, 172, 173, 174, 175, 176, 177, 178, 179]","[391, 392, 393, 394, 395, 396, 397, 398, 399, 400]",3,21,10,/media/bendico765/Crucial X9/Materiali Tesista/Roi masks/AMBL-629/ROI 3.npy,/media/bendico765/Crucial X9/Materiali Tesista/Cleaned Roi masks/AMBL-629/ROI 3.npy,0.6445,2.0,/media/bendico765/Crucial X9/MRI Lesions/manifest-1728494830954/Advanced-MRI-Breast-Lesions/AMBL-629/01-30-2007-NA-MRI BREASTS - Delayed contrast-40670/500.000000-Registered AX Sen Vibrant MultiPhase-22459,,114983.0,86598.0,86539.0,86454.0,0.001635024307941174,0.0018476177278920992,0.0005084412808098083,0.0007171443773567447,0.00045990056900965137,0.0009798380042755365,0.00043568822136268913,0.0003060061971697659,0.0005044223928754685,0.0009584516963440264,0.0004275528952264297,0.0003007379646979897,0.00017876463458875455,0.0002613755600071358,3.335547016548695e-05,0.00013156321172117896
160,AMBL-629,4,0.0,,,,,,,,,,/media/bendico765/Crucial X9/MRI Lesions/manifest-1728494830954/Advanced-MRI-Breast-Lesions/AMBL-629/01-30-2007-NA-MRI BREASTS - Delayed contrast-40670/600.000000-Registered Ax T2 FSE-05708,/media/bendico765/Crucial X9/MRI Lesions/manifest-1728494830954/Advanced-MRI-Breast-Lesions/AMBL-629/01-30-2007-NA-MRI BREASTS - Delayed contrast-40670/500.000000-ROI-75632/1-1.dcm,-48.07,R,"[[[0 0 0 ... 0 0 0]
  [0 0 0 ... 0 0 0]
  [0 0 0 ... 0 0 0]
  ...
  [0 0 0 ... 0 0 0]
  [0 0 0 ... 0 0 0]
  [0 0 0 ... 0 0 0]]

 [[0 0 0 ... 0 0 0]
  [0 0 0 ... 0 0 0]
  [0 0 0 ... 0 0 0]
  ...
  [0 0 0 ... 0 0 0]
  [0 0 0 ... 0 0 0]
  [0 0 0 ... 0 0 0]]

 [[0 0 0 ... 0 0 0]
  [0 0 0 ... 0 0 0]
  [0 0 0 ... 0 0 0]
  ...
  [0 0 0 ... 0 0 0]
  [0 0 0 ... 0 0 0]
  [0 0 0 ... 0 0 0]]

 ...

 [[0 0 0 ... 0 0 0]
  [0 0 0 ... 0 0 0]
  [0 0 0 ... 0 0 0]
  ...
  [0 0 0 ... 0 0 0]
  [0 0 0 ... 0 0 0]
  [0 0 0 ... 0 0 0]]

 [[0 0 0 ... 0 0 0]
  [0 0 0 ... 0 0 0]
  [0 0 0 ... 0 0 0]
  ...
  [0 0 0 ... 0 0 0]
  [0 0 0 ... 0 0 0]
  [0 0 0 ... 0 0 0]]

 [[0 0 0 ... 0 0 0]
  [0 0 0 ... 0 0 0]
  [0 0 0 ... 0 0 0]
  ...
  [0 0 0 ... 0 0 0]
  [0 0 0 ... 0 0 0]
  [0 0 0 ... 0 0 0]]]","[81, 82]","[147, 148, 149, 150, 151, 152, 153, 154, 155, 156, 157, 158, 159, 160, 161, 162, 163]","[373, 374, 375, 376, 377, 378, 379, 380, 381, 382, 383, 384, 385, 386]",2,17,14,/media/bendico765/Crucial X9/Materiali Tesista/Roi masks/AMBL-629/ROI 4.npy,/media/bendico765/Crucial X9/Materiali Tesista/Cleaned Roi masks/AMBL-629/ROI 4.npy,0.6445,2.0,/media/bendico765/Crucial X9/MRI Lesions/manifest-1728494830954/Advanced-MRI-Breast-Lesions/AMBL-629/01-30-2007-NA-MRI BREASTS - Delayed contrast-40670/500.000000-Registered AX Sen Vibrant MultiPhase-22459,,114983.0,86598.0,86539.0,86454.0,0.0011653896662984964,0.001639760733504238,0.0010053270779648482,-1.1566844796076525e-05,0.0005318705318539423,0.0009400789803179321,0.0004138098850416397,0.00015369528598254862,0.000521816268491864,0.0009064874477470611,0.00034088676781566694,0.00012723529275684178,0.0002163883300269542,0.0001852045902370232,0.0001405975381223274,5.716091485357964e-05
161,AMBL-629,5,0.0,,,,,,,,,,/media/bendico765/Crucial X9/MRI Lesions/manifest-1728494830954/Advanced-MRI-Breast-Lesions/AMBL-629/01-30-2007-NA-MRI BREASTS - Delayed contrast-40670/600.000000-Registered Ax T2 FSE-05708,/media/bendico765/Crucial X9/MRI Lesions/manifest-1728494830954/Advanced-MRI-Breast-Lesions/AMBL-629/01-30-2007-NA-MRI BREASTS - Delayed contrast-40670/500.000000-ROI-75632/1-1.dcm,-32.07,R,"[[[0 0 0 ... 0 0 0]
  [0 0 0 ... 0 0 0]
  [0 0 0 ... 0 0 0]
  ...
  [0 0 0 ... 0 0 0]
  [0 0 0 ... 0 0 0]
  [0 0 0 ... 0 0 0]]

 [[0 0 0 ... 0 0 0]
  [0 0 0 ... 0 0 0]
  [0 0 0 ... 0 0 0]
  ...
  [0 0 0 ... 0 0 0]
  [0 0 0 ... 0 0 0]
  [0 0 0 ... 0 0 0]]

 [[0 0 0 ... 0 0 0]
  [0 0 0 ... 0 0 0]
  [0 0 0 ... 0 0 0]
  ...
  [0 0 0 ... 0 0 0]
  [0 0 0 ... 0 0 0]
  [0 0 0 ... 0 0 0]]

 ...

 [[0 0 0 ... 0 0 0]
  [0 0 0 ... 0 0 0]
  [0 0 0 ... 0 0 0]
  ...
  [0 0 0 ... 0 0 0]
  [0 0 0 ... 0 0 0]
  [0 0 0 ... 0 0 0]]

 [[0 0 0 ... 0 0 0]
  [0 0 0 ... 0 0 0]
  [0 0 0 ... 0 0 0]
  ...
  [0 0 0 ... 0 0 0]
  [0 0 0 ... 0 0 0]
  [0 0 0 ... 0 0 0]]

 [[0 0 0 ... 0 0 0]
  [0 0 0 ... 0 0 0]
  [0 0 0 ... 0 0 0]
  ...
  [0 0 0 ... 0 0 0]
  [0 0 0 ... 0 0 0]
  [0 0 0 ... 0 0 0]]]","[73, 74, 75]","[156, 157, 158, 159, 160, 161, 162, 163, 164, 165, 166, 167, 168, 169, 170, 171, 172, 173, 174, 175]","[338, 339, 340, 341, 342, 343, 344, 345, 346, 347, 348, 349]",3,20,12,/media/bendico765/Crucial X9/Materiali Tesista/Roi masks/AMBL-629/ROI 5.npy,/media/bendico765/Crucial X9/Materiali Tesista/Cleaned Roi masks/AMBL-629/ROI 5.npy,0.6445,2.0,/media/bendico765/Crucial X9/MRI Lesions/manifest-1728494830954/Advanced-MRI-Breast-Lesions/AMBL-629/01-30-2007-NA-MRI BREASTS - Delayed contrast-40670/500.000000-Registered AX Sen Vibrant MultiPhase-22459,,114983.0,86598.0,86539.0,86454.0,0.0013567222980788464,0.002367260213861752,0.0008551057904528594,0.0008096791357253568,0.0007184266504592442,0.0010376837534761044,0.0005125507350296118,0.00037759238371009354,0.0007566335893132028,0.0009353564747453752,0.000623996117357492,0.0003701390334744488,0.0003935134281744383,0.000384454795323071,0.0001430209303648026,0.0001605356094855686
162,AMBL-631,0,1.0,1 to 2,strong,neg,neg,,-1,0,0.0,5,/media/bendico765/Crucial X9/MRI Lesions/manifest-1728494830954/Advanced-MRI-Breast-Lesions/AMBL-631/02-21-2007-NA-MRI BREASTS - Delayed contrast-91039/600.000000-Registered Ax T2 FSE-75697,/media/bendico765/Crucial X9/MRI Lesions/manifest-1728494830954/Advanced-MRI-Breast-Lesions/AMBL-631/02-21-2007-NA-MRI BREASTS - Delayed contrast-91039/500.000000-ROI-68853/1-1.dcm,33.93,L,"[[[0 0 0 ... 0 0 0]
  [0 0 0 ... 0 0 0]
  [0 0 0 ... 0 0 0]
  ...
  [0 0 0 ... 0 0 0]
  [0 0 0 ... 0 0 0]
  [0 0 0 ... 0 0 0]]

 [[0 0 0 ... 0 0 0]
  [0 0 0 ... 0 0 0]
  [0 0 0 ... 0 0 0]
  ...
  [0 0 0 ... 0 0 0]
  [0 0 0 ... 0 0 0]
  [0 0 0 ... 0 0 0]]

 [[0 0 0 ... 0 0 0]
  [0 0 0 ... 0 0 0]
  [0 0 0 ... 0 0 0]
  ...
  [0 0 0 ... 0 0 0]
  [0 0 0 ... 0 0 0]
  [0 0 0 ... 0 0 0]]

 ...

 [[0 0 0 ... 0 0 0]
  [0 0 0 ... 0 0 0]
  [0 0 0 ... 0 0 0]
  ...
  [0 0 0 ... 0 0 0]
  [0 0 0 ... 0 0 0]
  [0 0 0 ... 0 0 0]]

 [[0 0 0 ... 0 0 0]
  [0 0 0 ... 0 0 0]
  [0 0 0 ... 0 0 0]
  ...
  [0 0 0 ... 0 0 0]
  [0 0 0 ... 0 0 0]
  [0 0 0 ... 0 0 0]]

 [[0 0 0 ... 0 0 0]
  [0 0 0 ... 0 0 0]
  [0 0 0 ... 0 0 0]
  ...
  [0 0 0 ... 0 0 0]
  [0 0 0 ... 0 0 0]
  [0 0 0 ... 0 0 0]]]","[37, 38, 39, 40, 41, 42, 43, 44, 45, 46, 47, 48, 49, 50, 51, 55, 56, 57, 58]","[143, 144, 145, 146, 147, 148, 149, 150, 151, 152, 153, 154, 155, 156, 157, 158, 159, 160, 161, 162, 163, 164, 165, 166, 167, 168, 169, 170, 171, 172, 173, 174, 175, 176, 177, 178, 179, 180, 181, 182, 183, 184, 185, 186, 187, 188, 189, 190, 191, 192, 193, 194, 195, 196, 197, 198, 199, 200, 201, 202, 203, 204, 205, 206, 207, 208, 209, 210, 211, 212, 213, 214, 215, 216, 217, 218, 219, 220, 221, 222, 226, 227]","[99, 100, 101, 102, 103, 104, 105, 106, 107, 108, 109, 110, 111, 112, 113, 114, 115, 116, 117, 118, 119, 120, 121, 122, 123, 124, 125, 126, 127, 128, 129, 130, 131, 132, 133, 134, 135, 136, 137, 138, 139, 140, 141, 142, 143, 144, 145, 146, 147, 148, 149, 150, 151, 152, 153, 154, 155, 156, 157, 158, 159, 160, 161, 162, 163, 164, 165, 166, 167, 168, 169, 170, 171, 172, 173, 174, 175, 176, 177, 178, 179, 180, 181, 182, 183, 184, 185]",22,85,87,/media/bendico765/Crucial X9/Materiali Tesista/Roi masks/AMBL-631/ROI 0.npy,/media/bendico765/Crucial X9/Materiali Tesista/Cleaned Roi masks/AMBL-631/ROI 0.npy,0.6641,2.0,/media/bendico765/Crucial X9/MRI Lesions/manifest-1728494830954/Advanced-MRI-Breast-Lesions/AMBL-631/02-21-2007-NA-MRI BREASTS - Delayed contrast-91039/500.000000-Registered AX Sen Vibrant MultiPhase-29953,,115138.0,86927.0,86532.0,86966.0,0.0035869999478886205,0.0011618944631702462,-0.0003004668793047659,-0.0007014235448336132,0.001138741522205074,0.0006533874697000515,3.3104777903081096e-05,5.4226715074220505e-05,0.0008598377599055047,0.0006212109011009238,8.089492904359081e-05,0.00010348871972954947,0.0008873291204922334,0.00023854152757200555,-1.8799540058817793e-05,-0.00014241087870017787
163,AMBL-631,1,1.0,-1,strong,strong,neg,,90.0,90.0,0.0,-1,/media/bendico765/Crucial X9/MRI Lesions/manifest-1728494830954/Advanced-MRI-Breast-Lesions/AMBL-631/02-21-2007-NA-MRI BREASTS - Delayed contrast-91039/600.000000-Registered Ax T2 FSE-75697,/media/bendico765/Crucial X9/MRI Lesions/manifest-1728494830954/Advanced-MRI-Breast-Lesions/AMBL-631/02-21-2007-NA-MRI BREASTS - Delayed contrast-91039/500.000000-ROI-68853/1-1.dcm,25.93,L,"[[[0 0 0 ... 0 0 0]
  [0 0 0 ... 0 0 0]
  [0 0 0 ... 0 0 0]
  ...
  [0 0 0 ... 0 0 0]
  [0 0 0 ... 0 0 0]
  [0 0 0 ... 0 0 0]]

 [[0 0 0 ... 0 0 0]
  [0 0 0 ... 0 0 0]
  [0 0 0 ... 0 0 0]
  ...
  [0 0 0 ... 0 0 0]
  [0 0 0 ... 0 0 0]
  [0 0 0 ... 0 0 0]]

 [[0 0 0 ... 0 0 0]
  [0 0 0 ... 0 0 0]
  [0 0 0 ... 0 0 0]
  ...
  [0 0 0 ... 0 0 0]
  [0 0 0 ... 0 0 0]
  [0 0 0 ... 0 0 0]]

 ...

 [[0 0 0 ... 0 0 0]
  [0 0 0 ... 0 0 0]
  [0 0 0 ... 0 0 0]
  ...
  [0 0 0 ... 0 0 0]
  [0 0 0 ... 0 0 0]
  [0 0 0 ... 0 0 0]]

 [[0 0 0 ... 0 0 0]
  [0 0 0 ... 0 0 0]
  [0 0 0 ... 0 0 0]
  ...
  [0 0 0 ... 0 0 0]
  [0 0 0 ... 0 0 0]
  [0 0 0 ... 0 0 0]]

 [[0 0 0 ... 0 0 0]
  [0 0 0 ... 0 0 0]
  [0 0 0 ... 0 0 0]
  ...
  [0 0 0 ... 0 0 0]
  [0 0 0 ... 0 0 0]
  [0 0 0 ... 0 0 0]]]","[43, 44, 45, 46, 47, 48]","[154, 155, 156, 157, 158, 159, 160, 161, 162, 163, 164, 165, 166, 167, 168, 169, 170, 172, 173]","[131, 132, 133, 134, 135, 136, 137, 138, 139, 140, 141, 142, 143, 144, 145, 146, 147, 148, 149, 150]",6,20,20,/media/bendico765/Crucial X9/Materiali Tesista/Roi masks/AMBL-631/ROI 1.npy,/media/bendico765/Crucial X9/Materiali Tesista/Cleaned Roi masks/AMBL-631/ROI 1.npy,0.6641,2.0,/media/bendico765/Crucial X9/MRI Lesions/manifest-1728494830954/Advanced-MRI-Breast-Lesions/AMBL-631/02-21-2007-NA-MRI BREASTS - Delayed contrast-91039/500.000000-Registered AX Sen Vibrant MultiPhase-29953,,115138.0,86927.0,86532.0,86966.0,0.003899668224217895,-0.0004601562230377213,-0.00041603106365275275,-0.0004139548789181979,0.0011396714775733254,0.00022848334626934363,-3.3033834356222364e-05,1.611484997954724e-05,0.0005558547134742656,0.0003221093561264049,0.00013867702121758425,0.00017248119954924913,0.001076473206408794,-0.00010521408566031304,-0.00018612347158562453,-0.00014838743717889922
