,Patient ID,lesion idx,tumor/benign,GRADE,ER [SII],PR [SII],HER2 [SII],isTN,ER [%],PR [%],HER2 [%],KI67 [%],Registered Ax T2 FSE path,Roi path,Slice Location,Breast,Pixel array,z_indexes,y_indexes,x_indexes,z_offset,y_offset,x_offset,Roi mask Filepath,Cleaned Roi mask Filepath,Pixel Spacing,Slice Thickness,Registered AX Sen Vibrant MultiPhase path,original_shape_Elongation,original_shape_Flatness,original_shape_LeastAxisLength,original_shape_MajorAxisLength,original_shape_Maximum2DDiameterColumn,original_shape_Maximum2DDiameterRow,original_shape_Maximum2DDiameterSlice,original_shape_Maximum3DDiameter,original_shape_MeshVolume,original_shape_MinorAxisLength,original_shape_Sphericity,original_shape_SurfaceArea,original_shape_SurfaceVolumeRatio,original_shape_VoxelVolume,original_firstorder_10Percentile,original_firstorder_90Percentile,original_firstorder_Entropy,original_firstorder_InterquartileRange,original_firstorder_Kurtosis,original_firstorder_Maximum,original_firstorder_MeanAbsoluteDeviation,original_firstorder_Mean,original_firstorder_Median,original_firstorder_Minimum,original_firstorder_Range,original_firstorder_RobustMeanAbsoluteDeviation,original_firstorder_RootMeanSquared,original_firstorder_Skewness,original_firstorder_TotalEnergy,original_firstorder_Uniformity,original_firstorder_Variance,original_glcm_Autocorrelation,original_glcm_ClusterProminence,original_glcm_ClusterShade,original_glcm_ClusterTendency,original_glcm_Contrast,original_glcm_Correlation,original_glcm_DifferenceAverage,original_glcm_DifferenceEntropy,original_glcm_DifferenceVariance,original_glcm_Id,original_glcm_Idm,original_glcm_Idmn,original_glcm_Idn,original_glcm_Imc1,original_glcm_Imc2,original_glcm_InverseVariance,original_glcm_JointAverage,original_glcm_JointEnergy,original_glcm_JointEntropy,original_glcm_MCC,original_glcm_MaximumProbability,original_glcm_SumAverage,original_glcm_SumEntropy,original_glcm_SumSquares,original_gldm_DependenceEntropy,original_gldm_DependenceNonUniformity,original_gldm_DependenceNonUniformityNormalized,original_gldm_DependenceVariance,original_gldm_GrayLevelVariance,original_gldm_HighGrayLevelEmphasis,original_gldm_LargeDependenceEmphasis,original_gldm_LargeDependenceHighGrayLevelEmphasis,original_gldm_LargeDependenceLowGrayLevelEmphasis,original_gldm_LowGrayLevelEmphasis,original_gldm_SmallDependenceEmphasis,original_gldm_SmallDependenceHighGrayLevelEmphasis,original_gldm_SmallDependenceLowGrayLevelEmphasis,original_glrlm_GrayLevelNonUniformity,original_glrlm_GrayLevelNonUniformityNormalized,original_glrlm_GrayLevelVariance,original_glrlm_HighGrayLevelRunEmphasis,original_glrlm_LongRunEmphasis,original_glrlm_LongRunHighGrayLevelEmphasis,original_glrlm_LongRunLowGrayLevelEmphasis,original_glrlm_LowGrayLevelRunEmphasis,original_glrlm_RunEntropy,original_glrlm_RunLengthNonUniformity,original_glrlm_RunLengthNonUniformityNormalized,original_glrlm_RunPercentage,original_glrlm_RunVariance,original_glrlm_ShortRunEmphasis,original_glrlm_ShortRunHighGrayLevelEmphasis,original_glrlm_ShortRunLowGrayLevelEmphasis,original_glszm_GrayLevelNonUniformity,original_glszm_GrayLevelNonUniformityNormalized,original_glszm_GrayLevelVariance,original_glszm_HighGrayLevelZoneEmphasis,original_glszm_LargeAreaEmphasis,original_glszm_LargeAreaHighGrayLevelEmphasis,original_glszm_LargeAreaLowGrayLevelEmphasis,original_glszm_LowGrayLevelZoneEmphasis,original_glszm_SizeZoneNonUniformity,original_glszm_SizeZoneNonUniformityNormalized,original_glszm_SmallAreaEmphasis,original_glszm_SmallAreaHighGrayLevelEmphasis,original_glszm_SmallAreaLowGrayLevelEmphasis,original_glszm_ZoneEntropy,original_glszm_ZonePercentage,original_glszm_ZoneVariance,original_ngtdm_Busyness,original_ngtdm_Coarseness,original_ngtdm_Complexity,original_ngtdm_Contrast,original_ngtdm_Strength
0,AMBL-001,0,1.0,-1,-1,-1,-1,,-1,-1,-1.0,-1,/media/bendico765/Crucial X9/MRI Lesions/manifest-1728494830954/Advanced-MRI-Breast-Lesions/AMBL-001/03-05-2004-NA-MRI BREASTS - Delayed contrast-93547/600.000000-Registered Ax T2 FSE-08519,/media/bendico765/Crucial X9/MRI Lesions/manifest-1728494830954/Advanced-MRI-Breast-Lesions/AMBL-001/03-05-2004-NA-MRI BREASTS - Delayed contrast-93547/500.000000-ROI-38451/1-1.dcm,-60.85,L,"[[[0 0 0 ... 0 0 0]
  [0 0 0 ... 0 0 0]
  [0 0 0 ... 0 0 0]
  ...
  [0 0 0 ... 0 0 0]
  [0 0 0 ... 0 0 0]
  [0 0 0 ... 0 0 0]]

 [[0 0 0 ... 0 0 0]
  [0 0 0 ... 0 0 0]
  [0 0 0 ... 0 0 0]
  ...
  [0 0 0 ... 0 0 0]
  [0 0 0 ... 0 0 0]
  [0 0 0 ... 0 0 0]]

 [[0 0 0 ... 0 0 0]
  [0 0 0 ... 0 0 0]
  [0 0 0 ... 0 0 0]
  ...
  [0 0 0 ... 0 0 0]
  [0 0 0 ... 0 0 0]
  [0 0 0 ... 0 0 0]]

 ...

 [[0 0 0 ... 0 0 0]
  [0 0 0 ... 0 0 0]
  [0 0 0 ... 0 0 0]
  ...
  [0 0 0 ... 0 0 0]
  [0 0 0 ... 0 0 0]
  [0 0 0 ... 0 0 0]]

 [[0 0 0 ... 0 0 0]
  [0 0 0 ... 0 0 0]
  [0 0 0 ... 0 0 0]
  ...
  [0 0 0 ... 0 0 0]
  [0 0 0 ... 0 0 0]
  [0 0 0 ... 0 0 0]]

 [[0 0 0 ... 0 0 0]
  [0 0 0 ... 0 0 0]
  [0 0 0 ... 0 0 0]
  ...
  [0 0 0 ... 0 0 0]
  [0 0 0 ... 0 0 0]
  [0 0 0 ... 0 0 0]]]","[82, 83, 84, 85, 86, 87]","[172, 173, 174, 175, 176, 177, 178, 179, 180, 181, 182, 183, 184, 185, 186, 187, 188, 189, 190, 191, 192, 193, 194, 195, 196, 197, 198, 199, 200, 201, 202, 203, 204, 205, 206, 207, 208, 209, 210, 211, 212, 213]","[142, 143, 144, 145, 146, 147, 148, 149, 150, 151, 152, 153, 154, 155, 156, 157, 158, 159, 160, 161, 162, 163, 164]",6,42,23,/media/bendico765/Crucial X9/Materiali Tesista/Roi masks/AMBL-001/ROI 0.npy,/media/bendico765/Crucial X9/Materiali Tesista/Cleaned Roi masks/AMBL-001/ROI 0.npy,0.6641,2.0,/media/bendico765/Crucial X9/MRI Lesions/manifest-1728494830954/Advanced-MRI-Breast-Lesions/AMBL-001/03-05-2004-NA-MRI BREASTS - Delayed contrast-93547/500.000000-Registered AX Sen Vibrant MultiPhase-85715,0.7721398755595557,0.6656573413520193,15.289853210524653,22.969555446454432,22.583901225430473,31.208569669883946,28.932208373713888,32.21713953984742,3312.1631155008786,17.73570968408364,0.4296951515029947,2500.718549204819,0.755010686974168,3388.8653760400002,84.10000000000002,249.0,3.2243636391927266,91.0,2.262045743622557,327.0,50.18882479491177,157.68870380010412,147.0,28.0,299.0,37.305372276727304,168.866729731475,0.35782036235347053,96636791.56504893,0.11930968736188233,3650.2451040460505,32.46453869384952,600.9013442497651,22.330303753559686,14.368806056999166,4.676962250246852,0.48130156717609707,1.5657746698597148,2.287101502128944,2.0348385705135597,0.532385943345509,0.4771823299685594,0.9749012262073449,0.9010356569156491,-0.12179077506384718,0.6271989763561303,0.4097178256780153,5.478857889387871,0.02664288280842062,5.781222938336896,0.553567031144821,0.07352649455519039,10.95771577877574,3.876191228289682,4.7614420768115036,6.68748455704189,352.5429463820927,0.09176026714786378,13.790276840997647,5.894837288404742,39.86595523165018,48.01978136387298,1314.6192087454451,3.3853550088586375,0.06263530235891956,0.12166262500085764,6.219746642021273,0.006706783708587851,356.9964675927655,0.11434273043166511,6.080280735216589,41.83229032926983,2.0721168676160713,75.98118226940302,0.13640143436011562,0.06136749789512063,4.050511792499921,2286.9941989762565,0.7143479834940768,0.8134385135946823,0.4535550158169058,0.863244163617983,37.358302696800315,0.05237425713420725,56.210743801652896,0.11613790041663821,6.3851299433098845,55.87809917355372,1849.8471074380166,43792.80785123967,99.26419603419122,0.05607279779833724,124.17768595041322,0.2565654668396967,0.5209680475479365,28.17069417535501,0.026376773856701254,5.8349516675043365,0.12597605413846955,1786.8350010245204,7.025721809215898,0.002299882773114538,71.87084925529113,0.08019635349574436,0.13562855044046404
1,AMBL-001,1,1.0,-1,-1,-1,-1,,-1.0,-1.0,-1.0,-1,/media/bendico765/Crucial X9/MRI Lesions/manifest-1728494830954/Advanced-MRI-Breast-Lesions/AMBL-001/03-05-2004-NA-MRI BREASTS - Delayed contrast-93547/600.000000-Registered Ax T2 FSE-08519,/media/bendico765/Crucial X9/MRI Lesions/manifest-1728494830954/Advanced-MRI-Breast-Lesions/AMBL-001/03-05-2004-NA-MRI BREASTS - Delayed contrast-93547/500.000000-ROI-38451/1-1.dcm,-56.85,R,"[[[0 0 0 ... 0 0 0]
  [0 0 0 ... 0 0 0]
  [0 0 0 ... 0 0 0]
  ...
  [0 0 0 ... 0 0 0]
  [0 0 0 ... 0 0 0]
  [0 0 0 ... 0 0 0]]

 [[0 0 0 ... 0 0 0]
  [0 0 0 ... 0 0 0]
  [0 0 0 ... 0 0 0]
  ...
  [0 0 0 ... 0 0 0]
  [0 0 0 ... 0 0 0]
  [0 0 0 ... 0 0 0]]

 [[0 0 0 ... 0 0 0]
  [0 0 0 ... 0 0 0]
  [0 0 0 ... 0 0 0]
  ...
  [0 0 0 ... 0 0 0]
  [0 0 0 ... 0 0 0]
  [0 0 0 ... 0 0 0]]

 ...

 [[0 0 0 ... 0 0 0]
  [0 0 0 ... 0 0 0]
  [0 0 0 ... 0 0 0]
  ...
  [0 0 0 ... 0 0 0]
  [0 0 0 ... 0 0 0]
  [0 0 0 ... 0 0 0]]

 [[0 0 0 ... 0 0 0]
  [0 0 0 ... 0 0 0]
  [0 0 0 ... 0 0 0]
  ...
  [0 0 0 ... 0 0 0]
  [0 0 0 ... 0 0 0]
  [0 0 0 ... 0 0 0]]

 [[0 0 0 ... 0 0 0]
  [0 0 0 ... 0 0 0]
  [0 0 0 ... 0 0 0]
  ...
  [0 0 0 ... 0 0 0]
  [0 0 0 ... 0 0 0]
  [0 0 0 ... 0 0 0]]]","[82, 83, 84, 85]","[188, 189, 190, 191, 192, 193, 194, 195, 196, 197, 198, 199, 200, 201, 202, 203, 204, 205, 206, 207, 208, 209, 210, 211, 212, 213, 214, 215, 216, 217, 218, 219, 220, 221, 222, 223, 224, 225, 226, 227, 228, 229, 230, 231, 232, 233]","[360, 361, 362, 363, 364, 365, 366, 367, 368, 369, 370, 371, 372, 373, 374, 375, 376]",4,46,17,/media/bendico765/Crucial X9/Materiali Tesista/Roi masks/AMBL-001/ROI 1.npy,/media/bendico765/Crucial X9/Materiali Tesista/Cleaned Roi masks/AMBL-001/ROI 1.npy,0.6641,2.0,/media/bendico765/Crucial X9/MRI Lesions/manifest-1728494830954/Advanced-MRI-Breast-Lesions/AMBL-001/03-05-2004-NA-MRI BREASTS - Delayed contrast-93547/500.000000-Registered AX Sen Vibrant MultiPhase-85715,0.3675366001155412,0.29084514928673766,10.062291102278405,34.5967300020473,17.41296644486516,39.38554668415814,37.94679254759222,40.25955413687539,1989.2236951041714,12.715564520067806,0.37630302257558923,2032.6791554996562,1.0218454367411953,2069.30717652,102.0,287.0,3.51090927989609,114.0,2.262071945720414,404.0,60.21618775387393,195.7058823529412,200.0,28.0,376.0,45.955971734311134,208.3254225267028,0.08743887666641736,89806858.8789021,0.0965485864459576,5098.689283385988,53.21744972593217,1421.1066569572247,27.213832669151657,24.440785578681364,10.102157522001711,0.4203555857366424,2.390453202972519,2.7545412143497123,3.9887815689304102,0.43679032060001544,0.36238863454801035,0.9649160986685318,0.8804136187413315,-0.09680119845287137,0.6230692640423167,0.33994787517817654,7.044493954411357,0.01324112654780553,6.691171967307374,0.4635482505870879,0.037954807781796766,14.088987908822718,4.268010201508455,8.635735775170769,6.3832611431337805,331.7493606138107,0.14141063964783065,6.471924060035075,8.268082146680532,62.446717817561805,22.752770673486786,1004.5490196078431,1.0460863316951736,0.03851435438865022,0.19684540001008596,14.803049119081095,0.0067199242701424765,199.0790090263445,0.09619324634750684,8.242806224681129,64.03219171314699,1.6040649016075503,96.33860004765046,0.06392918184525778,0.037852987856861114,4.053522561249099,1701.846865475713,0.8083551617087127,0.8832710341661747,0.24722608262215046,0.9131551616284791,59.5679436076355,0.0342151333067759,52.790654205607474,0.09867412001048126,8.414443182810725,77.41308411214953,141.28971962616822,4614.231775700935,7.534735025021595,0.033160484895982945,139.13084112149534,0.26005764695606604,0.5194452380219756,41.59019285694249,0.016354145771046893,5.989105728921399,0.2280477408354646,122.06108481090052,2.755689287717968,0.0033145786981722916,153.15601432322114,0.10406317751150311,0.2783099151643196
2,AMBL-003,0,1.0,3,-1,-1,-1,,-1,-1,-1.0,-1,/media/bendico765/Crucial X9/MRI Lesions/manifest-1728494830954/Advanced-MRI-Breast-Lesions/AMBL-003/03-05-2004-NA-MRI BREASTS - Delayed contrast-72782/600.000000-Registered Ax T2 FSE-92268,/media/bendico765/Crucial X9/MRI Lesions/manifest-1728494830954/Advanced-MRI-Breast-Lesions/AMBL-003/03-05-2004-NA-MRI BREASTS - Delayed contrast-72782/500.000000-ROI-23921/1-1.dcm,-2.76,R,"[[[0 0 0 ... 0 0 0]
  [0 0 0 ... 0 0 0]
  [0 0 0 ... 0 0 0]
  ...
  [0 0 0 ... 0 0 0]
  [0 0 0 ... 0 0 0]
  [0 0 0 ... 0 0 0]]

 [[0 0 0 ... 0 0 0]
  [0 0 0 ... 0 0 0]
  [0 0 0 ... 0 0 0]
  ...
  [0 0 0 ... 0 0 0]
  [0 0 0 ... 0 0 0]
  [0 0 0 ... 0 0 0]]

 [[0 0 0 ... 0 0 0]
  [0 0 0 ... 0 0 0]
  [0 0 0 ... 0 0 0]
  ...
  [0 0 0 ... 0 0 0]
  [0 0 0 ... 0 0 0]
  [0 0 0 ... 0 0 0]]

 ...

 [[0 0 0 ... 0 0 0]
  [0 0 0 ... 0 0 0]
  [0 0 0 ... 0 0 0]
  ...
  [0 0 0 ... 0 0 0]
  [0 0 0 ... 0 0 0]
  [0 0 0 ... 0 0 0]]

 [[0 0 0 ... 0 0 0]
  [0 0 0 ... 0 0 0]
  [0 0 0 ... 0 0 0]
  ...
  [0 0 0 ... 0 0 0]
  [0 0 0 ... 0 0 0]
  [0 0 0 ... 0 0 0]]

 [[0 0 0 ... 0 0 0]
  [0 0 0 ... 0 0 0]
  [0 0 0 ... 0 0 0]
  ...
  [0 0 0 ... 0 0 0]
  [0 0 0 ... 0 0 0]
  [0 0 0 ... 0 0 0]]]","[49, 50, 51, 52, 53, 54, 55]","[178, 179, 180, 181, 182, 183, 184, 185, 186, 187, 188, 189, 190, 191, 192, 193, 194, 195, 196, 197, 198, 199, 200, 201, 202, 203, 204, 205, 206, 207, 208, 209, 210, 211, 212, 213, 214, 215, 216, 217]","[357, 358, 359, 360, 361, 362, 363, 364, 365, 366, 367, 368, 369, 370, 371, 372, 373, 374, 375, 376, 377]",7,40,21,/media/bendico765/Crucial X9/Materiali Tesista/Roi masks/AMBL-003/ROI 0.npy,/media/bendico765/Crucial X9/Materiali Tesista/Cleaned Roi masks/AMBL-003/ROI 0.npy,0.6641,2.0,/media/bendico765/Crucial X9/MRI Lesions/manifest-1728494830954/Advanced-MRI-Breast-Lesions/AMBL-003/03-05-2004-NA-MRI BREASTS - Delayed contrast-72782/500.000000-Registered AX Sen Vibrant MultiPhase-99292,0.8967487810864105,0.4769337491231082,9.61814204601555,20.16662075959081,21.24752517565281,29.83004820914643,27.96326304510974,31.477410529616318,1372.3346471166667,18.084392584794962,0.3764359460252088,1586.4743523165973,1.1560404422127264,1428.9333444000001,83.9,308.0,3.6729874189722294,110.0,2.5811181705551216,423.0,66.13854519128182,210.029012345679,223.0,-9.0,432.0,46.83975059870179,225.4000983162777,-0.4448462183965184,72597250.52331422,0.09041685718640453,6693.018294086268,89.59837664219398,2512.036327063918,-67.40648612387449,30.860759608013215,11.005456213601976,0.47550425419768466,2.481843156963524,2.829219570509913,4.5787759456560595,0.42043760393064333,0.3416475014667858,0.9699310246993073,0.887892815066469,-0.10271488516898133,0.6885543362251639,0.3353160939986432,9.197052258815683,0.010499371529367831,6.988974864015963,0.5483443790671787,0.02591851045573854,18.39410451763137,4.442672076755868,10.466553955403798,6.321510156671625,256.95061728395063,0.1586114921505868,4.001975308641976,10.732761393080326,109.02407407407408,16.48641975308642,1524.6759259259259,0.39710229429903543,0.02124913330862512,0.23350386569094977,31.028662684840295,0.0035025049716757082,131.13479306988125,0.08969157190434043,10.815644601546843,110.60545341366229,1.386340696491799,146.81918909125426,0.030244626685243192,0.020910171585689412,4.150898003240885,1220.7807691336843,0.8304127304842367,0.9025641025641025,0.14306630722184413,0.9272209182329482,103.6187414928722,0.01913698771632509,40.01801801801802,0.09013067121175229,11.259369166463761,135.20045045045046,79.76576576576576,7302.0157657657655,1.504114106584541,0.016397637097879943,134.3108108108108,0.3025018261504748,0.5644725808259817,81.68927719035361,0.006465743765333527,5.753452796125037,0.2740740740740741,66.45312880448017,1.0371261758996126,0.005147431222445308,199.79626782437595,0.11132562882046383,0.5295966614507281
3,AMBL-004,0,0.0,-1,-1,-1,-1,,-1,-1,-1.0,-1,/media/bendico765/Crucial X9/MRI Lesions/manifest-1728494830954/Advanced-MRI-Breast-Lesions/AMBL-004/03-05-2004-NA-MRI BREASTS - Delayed contrast-97546/600.000000-Registered Ax T2 FSE-95978,/media/bendico765/Crucial X9/MRI Lesions/manifest-1728494830954/Advanced-MRI-Breast-Lesions/AMBL-004/03-05-2004-NA-MRI BREASTS - Delayed contrast-97546/500.000000-ROI-17200/1-1.dcm,-51.98,L,"[[[0 0 0 ... 0 0 0]
  [0 0 0 ... 0 0 0]
  [0 0 0 ... 0 0 0]
  ...
  [0 0 0 ... 0 0 0]
  [0 0 0 ... 0 0 0]
  [0 0 0 ... 0 0 0]]

 [[0 0 0 ... 0 0 0]
  [0 0 0 ... 0 0 0]
  [0 0 0 ... 0 0 0]
  ...
  [0 0 0 ... 0 0 0]
  [0 0 0 ... 0 0 0]
  [0 0 0 ... 0 0 0]]

 [[0 0 0 ... 0 0 0]
  [0 0 0 ... 0 0 0]
  [0 0 0 ... 0 0 0]
  ...
  [0 0 0 ... 0 0 0]
  [0 0 0 ... 0 0 0]
  [0 0 0 ... 0 0 0]]

 ...

 [[0 0 0 ... 0 0 0]
  [0 0 0 ... 0 0 0]
  [0 0 0 ... 0 0 0]
  ...
  [0 0 0 ... 0 0 0]
  [0 0 0 ... 0 0 0]
  [0 0 0 ... 0 0 0]]

 [[0 0 0 ... 0 0 0]
  [0 0 0 ... 0 0 0]
  [0 0 0 ... 0 0 0]
  ...
  [0 0 0 ... 0 0 0]
  [0 0 0 ... 0 0 0]
  [0 0 0 ... 0 0 0]]

 [[0 0 0 ... 0 0 0]
  [0 0 0 ... 0 0 0]
  [0 0 0 ... 0 0 0]
  ...
  [0 0 0 ... 0 0 0]
  [0 0 0 ... 0 0 0]
  [0 0 0 ... 0 0 0]]]","[81, 82, 83, 84, 85]","[163, 164, 165, 166, 167, 168, 169, 170, 171, 172, 173, 174, 175, 176, 177, 178, 179, 180]","[147, 148, 149, 150, 151, 152, 153, 154, 155, 156, 157, 158, 159]",5,18,13,/media/bendico765/Crucial X9/Materiali Tesista/Roi masks/AMBL-004/ROI 0.npy,/media/bendico765/Crucial X9/Materiali Tesista/Cleaned Roi masks/AMBL-004/ROI 0.npy,0.6641,2.0,/media/bendico765/Crucial X9/MRI Lesions/manifest-1728494830954/Advanced-MRI-Breast-Lesions/AMBL-004/03-05-2004-NA-MRI BREASTS - Delayed contrast-97546/500.000000-Registered AX Sen Vibrant MultiPhase-14991,0.7572620566008059,0.603877290218634,9.893365410526915,16.383072473126152,16.475962068723028,17.412966444865162,17.2666,19.41189872475127,839.79235904167,12.406279154439561,0.430748393638488,999.3288003849943,1.189971294243948,864.4164676000001,137.9,342.0,3.662072304300052,112.0,2.9735942434192406,489.0,63.44272386505622,231.68979591836734,225.0,46.0,443.0,45.13215365589936,244.78352368855988,0.498338982397456,51794947.388626285,0.09097251145356103,6238.811936693045,74.4638124824747,1741.3207467654468,51.488495322936686,21.98147671588723,13.673919816813632,0.22975486774332884,2.844775069413532,2.9902146671708225,5.342420671988614,0.3856785855469165,0.3008145948828205,0.9661994749637474,0.8790946185123618,-0.07503887793445767,0.6272389138452614,0.3061899668882396,8.507814827720726,0.011156927741934965,6.879870964530495,0.5440066584295793,0.02559804771500677,17.015629655441458,4.195584118927957,8.913849133175214,6.04407550081556,179.90816326530611,0.18357975843398583,3.2448937942523948,10.095746563931694,87.19489795918368,12.257142857142858,835.6173469387755,0.2609270031269915,0.02169039847450157,0.3260601499382697,35.414013136759934,0.007908489836434917,80.6668042570509,0.08914118365543232,10.352881653471057,88.64437147421214,1.2885741417996324,108.71559000506774,0.02782811150248216,0.021744419357493307,4.066095550780752,784.0502137762335,0.8635505852898171,0.9229984301412872,0.1055258216819164,0.942812618347067,84.56799511888926,0.020538228666229848,26.940379403794037,0.0730091582758646,14.024955750912525,108.15176151761517,35.43089430894309,2231.79674796748,0.7148503693895406,0.023873534411232338,150.1219512195122,0.40683455615043956,0.6622585648858047,77.10389421370859,0.017119919553847895,5.58980772314635,0.376530612244898,28.37747960135428,0.9376396912121174,0.00695505335338174,288.7365006344088,0.11940653379858136,0.7972305885409491
4,AMBL-005,0,1.0,2,2.9,1.4,0,,100,70,20.0,intermediate,/media/bendico765/Crucial X9/MRI Lesions/manifest-1728494830954/Advanced-MRI-Breast-Lesions/AMBL-005/03-05-2004-NA-MRI BREASTS - Delayed contrast-16258/600.000000-Registered Ax T2 FSE-95251,/media/bendico765/Crucial X9/MRI Lesions/manifest-1728494830954/Advanced-MRI-Breast-Lesions/AMBL-005/03-05-2004-NA-MRI BREASTS - Delayed contrast-16258/500.000000-ROI-33618/1-1.dcm,-28.46,R,"[[[0 0 0 ... 0 0 0]
  [0 0 0 ... 0 0 0]
  [0 0 0 ... 0 0 0]
  ...
  [0 0 0 ... 0 0 0]
  [0 0 0 ... 0 0 0]
  [0 0 0 ... 0 0 0]]

 [[0 0 0 ... 0 0 0]
  [0 0 0 ... 0 0 0]
  [0 0 0 ... 0 0 0]
  ...
  [0 0 0 ... 0 0 0]
  [0 0 0 ... 0 0 0]
  [0 0 0 ... 0 0 0]]

 [[0 0 0 ... 0 0 0]
  [0 0 0 ... 0 0 0]
  [0 0 0 ... 0 0 0]
  ...
  [0 0 0 ... 0 0 0]
  [0 0 0 ... 0 0 0]
  [0 0 0 ... 0 0 0]]

 ...

 [[0 0 0 ... 0 0 0]
  [0 0 0 ... 0 0 0]
  [0 0 0 ... 0 0 0]
  ...
  [0 0 0 ... 0 0 0]
  [0 0 0 ... 0 0 0]
  [0 0 0 ... 0 0 0]]

 [[0 0 0 ... 0 0 0]
  [0 0 0 ... 0 0 0]
  [0 0 0 ... 0 0 0]
  ...
  [0 0 0 ... 0 0 0]
  [0 0 0 ... 0 0 0]
  [0 0 0 ... 0 0 0]]

 [[0 0 0 ... 0 0 0]
  [0 0 0 ... 0 0 0]
  [0 0 0 ... 0 0 0]
  ...
  [0 0 0 ... 0 0 0]
  [0 0 0 ... 0 0 0]
  [0 0 0 ... 0 0 0]]]","[54, 55, 56, 57, 58, 59, 60, 61, 62, 63, 64, 65, 66]","[194, 195, 196, 197, 198, 199, 200, 201, 202, 203, 204, 205, 206, 207, 208, 209, 210, 211, 212, 213, 214, 215, 216, 217, 218, 219, 220, 221, 222, 223, 224, 225, 226, 227, 228, 229, 230, 231, 232, 233, 234, 235, 236, 237, 238, 239, 240, 241, 242, 243, 244, 245, 246, 247, 248]","[379, 380, 381, 382, 383, 384, 385, 386, 387, 388, 389, 390, 391, 392, 393, 394, 395, 396, 397, 398, 399, 400, 401, 402, 403, 404, 405, 406, 407, 408, 409, 410, 411, 412, 413, 414, 415, 416, 417, 418, 419, 420, 421, 422, 423, 424, 425]",13,55,47,/media/bendico765/Crucial X9/Materiali Tesista/Roi masks/AMBL-005/ROI 0.npy,/media/bendico765/Crucial X9/Materiali Tesista/Cleaned Roi masks/AMBL-005/ROI 0.npy,0.6641,2.0,/media/bendico765/Crucial X9/MRI Lesions/manifest-1728494830954/Advanced-MRI-Breast-Lesions/AMBL-005/03-05-2004-NA-MRI BREASTS - Delayed contrast-16258/500.000000-Registered AX Sen Vibrant MultiPhase-47180,0.8613417669774578,0.5647328141686945,20.199812763740994,35.76879589240053,42.81608298244948,43.944464211206395,43.08980494386115,54.59242526917081,9651.217211234321,30.809157856616313,0.31474122091186446,6964.958921230699,0.7216663731413346,9780.254890560002,102.0,371.0,4.0619336865979125,123.0,4.073980086938703,670.0,83.31188742714717,225.0292207792208,211.0,-41.0,711.0,52.616693247301356,250.88723443243262,0.9219128351767039,615612318.9777768,0.07405264964112367,12306.254196651113,128.15012028092676,16920.19123894359,467.3912037470893,58.64938230000757,10.578056156996968,0.6862366037516341,2.303803049138246,2.7971844233327774,5.06017236240261,0.4498846617628343,0.3788679285414631,0.9882472723939293,0.9308404081972502,-0.14953970884035644,0.8039165691334229,0.361147026712717,10.77192892417321,0.010113293447109066,7.340626698058761,0.7233366541712645,0.02584571281796179,21.543857848346434,4.831273286750352,17.30685961425113,7.112706950763542,1353.7718253968253,0.12209341859639479,8.35012683524588,19.73749203538165,152.46085858585857,27.508116883116884,2752.3629148629147,0.48069612635276643,0.012926852402048128,0.20280813436566877,41.41107121775129,0.0020785336745175243,699.6834510651266,0.07248591174181337,20.20236532695225,158.40297890060367,1.5606774017253748,220.10891112801528,0.021630199227647855,0.012478795759042729,4.690430367044273,7624.969502658167,0.7850830294727484,0.8701159951159951,0.21966650042014757,0.90509442193591,147.14487233891498,0.011032344947411295,152.10445344129553,0.061580750381091315,23.053569309446143,217.05222672064778,950.1141700404859,77057.03076923077,13.774155986738169,0.009819717803285857,840.2461538461539,0.3401806290875117,0.6029482634112624,133.62518667013498,0.005798719333472607,6.469517042647853,0.22276334776334777,929.9624311167202,2.9210454330949354,0.0009751973943120265,539.4230207684247,0.07316108342463018,0.3539940202536815
5,AMBL-007,0,1.0,3,2,0.2,0,,90,15,0.0,intermediate,/media/bendico765/Crucial X9/MRI Lesions/manifest-1728494830954/Advanced-MRI-Breast-Lesions/AMBL-007/03-06-2004-NA-MRI BREASTS - Delayed contrast-36208/600.000000-Registered Ax T2 FSE-91628,/media/bendico765/Crucial X9/MRI Lesions/manifest-1728494830954/Advanced-MRI-Breast-Lesions/AMBL-007/03-06-2004-NA-MRI BREASTS - Delayed contrast-36208/500.000000-ROI-99878/1-1.dcm,7.78,L,"[[[0 0 0 ... 0 0 0]
  [0 0 0 ... 0 0 0]
  [0 0 0 ... 0 0 0]
  ...
  [0 0 0 ... 0 0 0]
  [0 0 0 ... 0 0 0]
  [0 0 0 ... 0 0 0]]

 [[0 0 0 ... 0 0 0]
  [0 0 0 ... 0 0 0]
  [0 0 0 ... 0 0 0]
  ...
  [0 0 0 ... 0 0 0]
  [0 0 0 ... 0 0 0]
  [0 0 0 ... 0 0 0]]

 [[0 0 0 ... 0 0 0]
  [0 0 0 ... 0 0 0]
  [0 0 0 ... 0 0 0]
  ...
  [0 0 0 ... 0 0 0]
  [0 0 0 ... 0 0 0]
  [0 0 0 ... 0 0 0]]

 ...

 [[0 0 0 ... 0 0 0]
  [0 0 0 ... 0 0 0]
  [0 0 0 ... 0 0 0]
  ...
  [0 0 0 ... 0 0 0]
  [0 0 0 ... 0 0 0]
  [0 0 0 ... 0 0 0]]

 [[0 0 0 ... 0 0 0]
  [0 0 0 ... 0 0 0]
  [0 0 0 ... 0 0 0]
  ...
  [0 0 0 ... 0 0 0]
  [0 0 0 ... 0 0 0]
  [0 0 0 ... 0 0 0]]

 [[0 0 0 ... 0 0 0]
  [0 0 0 ... 0 0 0]
  [0 0 0 ... 0 0 0]
  ...
  [0 0 0 ... 0 0 0]
  [0 0 0 ... 0 0 0]
  [0 0 0 ... 0 0 0]]]","[44, 45, 46, 47, 48, 49, 50, 51, 52, 53, 54, 55, 56, 57, 58, 59]","[182, 183, 184, 185, 186, 187, 188, 189, 190, 191, 192, 193, 194, 195, 196, 197, 198, 199, 200, 201, 202, 203, 204, 205, 206, 207, 208, 209, 210, 211, 212, 213, 214, 215, 216, 217, 218, 219, 220, 221, 222, 223, 224, 225, 226, 227, 228, 229, 230, 231, 232, 233, 234, 235, 236, 237, 238, 239, 240, 241, 242, 243, 244, 245, 246, 247, 248, 249, 250, 251, 252, 253, 254, 255, 256, 257, 258, 259, 260, 261, 262, 263, 264, 265, 266, 267, 268, 269, 270, 271, 272, 273]","[84, 85, 86, 87, 88, 89, 90, 91, 92, 93, 94, 95, 96, 97, 98, 99, 100, 101, 102, 103, 104, 105, 106, 107, 108, 109, 110, 111, 112, 113, 114, 115, 116, 117, 118, 119, 120, 121, 122, 123, 124, 125, 126, 127, 128, 129, 130, 131, 133]",16,92,50,/media/bendico765/Crucial X9/Materiali Tesista/Roi masks/AMBL-007/ROI 0.npy,/media/bendico765/Crucial X9/Materiali Tesista/Cleaned Roi masks/AMBL-007/ROI 0.npy,0.7031,2.1,/media/bendico765/Crucial X9/MRI Lesions/manifest-1728494830954/Advanced-MRI-Breast-Lesions/AMBL-007/03-06-2004-NA-MRI BREASTS - Delayed contrast-36208/500.000000-Registered AX Sen Vibrant MultiPhase-25006,0.6511750816638728,0.38603470078945723,24.344148245687638,63.06207238857758,46.28910062682144,76.07989466087606,70.3732505500492,77.8526258794782,20390.03670461162,41.064450137525064,0.20702726714171577,17434.195576809292,0.85503502663466,20863.382635556998,133.0,280.0,3.062914010091927,97.0,2.2104221233961976,411.0,49.903989787461846,217.3618450515002,236.0,44.0,367.0,39.01300535101071,224.98275209913496,-0.407435657690223,1056046819.8317891,0.14598946069417731,3371.067057908418,71.21967002869613,695.7690558255097,-35.207260407275584,18.20053738156649,3.3268145471508785,0.688401355102948,1.230470505285386,2.1111536247212266,1.7467677602528642,0.6020053703067025,0.5614691491204107,0.9877830125585688,0.9337279324577329,-0.17963734560915898,0.7889015477563981,0.41631228039733226,8.215609256254696,0.04034522788837534,5.502601888567981,0.7404099487788477,0.12790064290763004,16.431218512509393,3.849116528966653,5.381837982179347,6.765094876558707,1583.8770463253222,0.07881161597876908,20.39308479614032,5.4949528721115835,73.01890829477037,64.63805543115888,4544.411852515301,1.3911218012389175,0.021406983552125655,0.11324537122692604,8.153404916380255,0.002804642974072268,2135.259009319967,0.13546421169007067,5.5122038734071435,73.2980332351693,2.428907107913994,172.22301735578097,0.05305367669707993,0.02151863233363937,4.035689223627932,10927.382730494826,0.6777230687593062,0.7826273343514724,0.6698703912427576,0.8437838531426707,61.809317637872795,0.018298699540251654,247.04188034188033,0.1055734531375557,7.05389199357148,71.78760683760684,11183.13376068376,1020328.8670940171,143.03912349187675,0.025859557059603317,658.7059829059829,0.28149828329315507,0.5469343613760872,39.09215676749353,0.01477070147058894,6.092883891430566,0.11643528884908196,11109.37208908613,11.460771323255061,0.0005159964623554156,88.28475059771915,0.03648236786569057,0.05361127675738931
6,AMBL-008,0,1.0,2,neg,neg,pos,,-1,-1,-1.0,low,/media/bendico765/Crucial X9/MRI Lesions/manifest-1728494830954/Advanced-MRI-Breast-Lesions/AMBL-008/03-06-2004-NA-MRI BREASTS - Delayed contrast-48705/600.000000-Registered Ax T2 FSE-88003,/media/bendico765/Crucial X9/MRI Lesions/manifest-1728494830954/Advanced-MRI-Breast-Lesions/AMBL-008/03-06-2004-NA-MRI BREASTS - Delayed contrast-48705/500.000000-ROI-25364/1-1.dcm,-17.4,L,"[[[0 0 0 ... 0 0 0]
  [0 0 0 ... 0 0 0]
  [0 0 0 ... 0 0 0]
  ...
  [0 0 0 ... 0 0 0]
  [0 0 0 ... 0 0 0]
  [0 0 0 ... 0 0 0]]

 [[0 0 0 ... 0 0 0]
  [0 0 0 ... 0 0 0]
  [0 0 0 ... 0 0 0]
  ...
  [0 0 0 ... 0 0 0]
  [0 0 0 ... 0 0 0]
  [0 0 0 ... 0 0 0]]

 [[0 0 0 ... 0 0 0]
  [0 0 0 ... 0 0 0]
  [0 0 0 ... 0 0 0]
  ...
  [0 0 0 ... 0 0 0]
  [0 0 0 ... 0 0 0]
  [0 0 0 ... 0 0 0]]

 ...

 [[0 0 0 ... 0 0 0]
  [0 0 0 ... 0 0 0]
  [0 0 0 ... 0 0 0]
  ...
  [0 0 0 ... 0 0 0]
  [0 0 0 ... 0 0 0]
  [0 0 0 ... 0 0 0]]

 [[0 0 0 ... 0 0 0]
  [0 0 0 ... 0 0 0]
  [0 0 0 ... 0 0 0]
  ...
  [0 0 0 ... 0 0 0]
  [0 0 0 ... 0 0 0]
  [0 0 0 ... 0 0 0]]

 [[0 0 0 ... 0 0 0]
  [0 0 0 ... 0 0 0]
  [0 0 0 ... 0 0 0]
  ...
  [0 0 0 ... 0 0 0]
  [0 0 0 ... 0 0 0]
  [0 0 0 ... 0 0 0]]]","[49, 50, 51, 52, 53, 54, 55, 56, 57, 58, 59, 60, 61, 62, 63, 64, 65, 66, 67, 68, 69, 70, 71]","[177, 178, 179, 180, 181, 182, 183, 184, 185, 186, 187, 188, 189, 190, 191, 192, 193, 194, 195, 196, 197, 198, 199, 200, 201, 202, 203, 204, 205, 206, 207, 208, 209, 210, 211, 212, 213, 214, 215, 216, 217, 218, 219, 220, 221, 222, 223, 224, 225, 226, 227, 228, 229, 230, 231, 232, 233, 234, 235, 236, 237, 238, 239, 240, 241, 242, 243, 244, 245, 246, 247, 248, 249, 250, 251, 252, 253, 254, 255, 256, 257, 258, 259]","[98, 99, 100, 101, 102, 103, 104, 105, 106, 107, 108, 109, 110, 111, 112, 113, 114, 115, 116, 117, 118, 119, 120, 121, 122, 123, 124, 125, 126, 127, 128, 129, 130, 131, 132, 133, 134, 135, 136, 137, 138, 139, 140, 141, 142, 143, 144, 145, 146, 147, 148, 149, 150, 151, 152, 153, 154, 155, 156, 157, 158, 159, 160, 161, 162, 163, 164, 165, 166, 167, 168, 169, 170, 171, 172, 173, 174, 175, 176, 177, 178, 179, 180, 181, 182, 183, 184, 185, 186, 187, 188, 189, 190, 191, 192, 193, 194]",23,83,97,/media/bendico765/Crucial X9/Materiali Tesista/Roi masks/AMBL-008/ROI 0.npy,/media/bendico765/Crucial X9/Materiali Tesista/Cleaned Roi masks/AMBL-008/ROI 0.npy,0.6836,2.0,/media/bendico765/Crucial X9/MRI Lesions/manifest-1728494830954/Advanced-MRI-Breast-Lesions/AMBL-008/03-06-2004-NA-MRI BREASTS - Delayed contrast-48705/500.000000-Registered AX Sen Vibrant MultiPhase-07668,0.8014184664081301,0.5242714719678047,40.22947356366745,76.73405041985181,83.52897461360338,65.99052403368229,89.99925668404157,98.0682681808953,77867.10786860572,61.49608500876177,0.23973645988581738,36783.47309010596,0.47238781684527203,78259.29691328,134.0,534.0,4.599828326410116,224.0,2.635758927875375,929.0,124.91503936203021,328.42101177538393,326.0,-20.0,949.0,92.5065625396903,361.7692845924871,0.3205116575218414,10242343197.495667,0.045938521573988936,23016.65429899302,250.2928951915174,41539.32027175257,334.80618413893086,127.68916965962185,14.1327296299602,0.7998641199342446,2.6910435802332278,3.006373060763077,6.618946668167035,0.4220807877610661,0.3467527578407923,0.9911084063747588,0.9388479020943425,-0.1851219595578595,0.8882702762404487,0.3290164639894094,14.896051698954107,0.004577920702563475,8.302759315446567,0.8048009386067606,0.01341878385881746,29.792103397908228,5.495544398027101,35.455474822395495,7.836630813266397,10413.532854037787,0.12436444997298333,8.529074251555524,36.913115813927185,251.77043972579835,27.972651491628252,6800.228772063917,0.27212679239832793,0.010861202492130427,0.1899415652207418,51.25345656571101,0.0022049748400730217,3320.6684516809187,0.04563849105917824,37.32918548689405,253.17566942988984,1.5647212984266483,389.01857463695694,0.016772638013915146,0.010950144194729176,5.23877452115649,57249.631716971955,0.7828701308000535,0.8688658774764778,0.22455882498155866,0.9045496531880658,229.812284969901,0.009970662564014342,744.9475905733381,0.043671449793254664,43.06915632898736,273.0026966819088,1498.7696095673584,452248.1340133662,9.695629286448613,0.012230241359203095,5517.598780630789,0.3234610611226867,0.5884719651498248,164.38540342798643,0.007024102120972678,7.193714525681707,0.2037165309193398,1474.6734707753471,10.487588185484272,0.00016318816816102141,1163.7147826656233,0.08432228442194274,0.10572503189763578
7,AMBL-008,1,0.0,-1,-1,-1,-1,,-1.0,-1.0,-1.0,-1,/media/bendico765/Crucial X9/MRI Lesions/manifest-1728494830954/Advanced-MRI-Breast-Lesions/AMBL-008/03-06-2004-NA-MRI BREASTS - Delayed contrast-48705/600.000000-Registered Ax T2 FSE-88003,/media/bendico765/Crucial X9/MRI Lesions/manifest-1728494830954/Advanced-MRI-Breast-Lesions/AMBL-008/03-06-2004-NA-MRI BREASTS - Delayed contrast-48705/500.000000-ROI-25364/1-1.dcm,-33.4,R,"[[[0 0 0 ... 0 0 0]
  [0 0 0 ... 0 0 0]
  [0 0 0 ... 0 0 0]
  ...
  [0 0 0 ... 0 0 0]
  [0 0 0 ... 0 0 0]
  [0 0 0 ... 0 0 0]]

 [[0 0 0 ... 0 0 0]
  [0 0 0 ... 0 0 0]
  [0 0 0 ... 0 0 0]
  ...
  [0 0 0 ... 0 0 0]
  [0 0 0 ... 0 0 0]
  [0 0 0 ... 0 0 0]]

 [[0 0 0 ... 0 0 0]
  [0 0 0 ... 0 0 0]
  [0 0 0 ... 0 0 0]
  ...
  [0 0 0 ... 0 0 0]
  [0 0 0 ... 0 0 0]
  [0 0 0 ... 0 0 0]]

 ...

 [[0 0 0 ... 0 0 0]
  [0 0 0 ... 0 0 0]
  [0 0 0 ... 0 0 0]
  ...
  [0 0 0 ... 0 0 0]
  [0 0 0 ... 0 0 0]
  [0 0 0 ... 0 0 0]]

 [[0 0 0 ... 0 0 0]
  [0 0 0 ... 0 0 0]
  [0 0 0 ... 0 0 0]
  ...
  [0 0 0 ... 0 0 0]
  [0 0 0 ... 0 0 0]
  [0 0 0 ... 0 0 0]]

 [[0 0 0 ... 0 0 0]
  [0 0 0 ... 0 0 0]
  [0 0 0 ... 0 0 0]
  ...
  [0 0 0 ... 0 0 0]
  [0 0 0 ... 0 0 0]
  [0 0 0 ... 0 0 0]]]","[66, 67, 68, 69, 70, 71]","[159, 160, 161, 162, 163, 164, 165, 166, 167, 168, 169, 170, 171, 172, 173, 174, 175, 176, 177, 178, 179, 180, 181, 182]","[334, 336, 337, 338, 339, 340, 341, 342, 343, 344, 345, 346, 347, 348, 349, 350, 351, 352, 353, 354, 355, 356]",6,24,23,/media/bendico765/Crucial X9/Materiali Tesista/Roi masks/AMBL-008/ROI 1.npy,/media/bendico765/Crucial X9/Materiali Tesista/Cleaned Roi masks/AMBL-008/ROI 1.npy,0.6836,2.0,/media/bendico765/Crucial X9/MRI Lesions/manifest-1728494830954/Advanced-MRI-Breast-Lesions/AMBL-008/03-06-2004-NA-MRI BREASTS - Delayed contrast-48705/500.000000-Registered AX Sen Vibrant MultiPhase-07668,0.8359018739846776,0.48665093656062247,10.338784594763162,21.244764610609664,23.41085432016525,19.775042084405282,23.700324257697407,25.806667904245213,846.4522962133323,17.75853855037198,0.3456735701296076,1251.85186608254,1.4789396539920714,897.2332031999999,95.9,401.1,4.185510540089536,171.0,2.311614661828594,542.0,95.39877604166666,243.57604166666667,240.0,4.0,538.0,71.36107720269096,269.25125154459977,0.24312831315337927,65046030.45745504,0.06005208333333334,13166.948384331597,117.49716982906973,8437.321037750738,76.89173430903863,57.113774330539236,24.141465101287874,0.407584742229317,3.875386557998444,3.3342367909510173,8.543121228602201,0.31959048928548656,0.22598503073040396,0.9562633093304419,0.8609688522185852,-0.12405677993991406,0.7918828305786421,0.23176014833435662,10.451557686005483,0.0053747287443077,7.798972307672513,0.509186207174878,0.013408254439378512,20.903115372010966,4.877479847572261,20.313809857956787,6.123796869845874,256.01666666666665,0.2666840277777778,1.2944401041666667,21.325771484375004,126.965625,6.272916666666666,707.7114583333333,0.20644733278927957,0.02954582603345457,0.42549450231481484,59.20125549768519,0.012232270061772306,54.74036386138085,0.05985917209480696,21.425552452259605,127.64944004974551,1.1563934427551787,145.34074654689118,0.034475960127023274,0.029373652983106242,4.447536430642073,832.759550680433,0.9097873371284411,0.9526442307692308,0.05285430401353474,0.9639405484796014,123.56014952444441,0.028169320930707994,28.016326530612243,0.057176176593086214,23.0174468971262,135.5938775510204,6.83265306122449,823.2795918367347,0.1903662631815387,0.029436834102075905,201.30612244897958,0.41082882132444815,0.6656154141164908,95.45693927983777,0.019590501386397178,5.87591851636881,0.5104166666666666,2.994252394835485,0.7764036457265417,0.008107469918085102,426.5198673914951,0.2219682151016673,1.2022579249611978
8,AMBL-009,0,0.0,-1,-1,-1,-1,,-1,-1,-1.0,-1,/media/bendico765/Crucial X9/MRI Lesions/manifest-1728494830954/Advanced-MRI-Breast-Lesions/AMBL-009/03-06-2004-NA-MRI BREASTS - Delayed contrast-71740/600.000000-Registered Ax T2 FSE-22096,/media/bendico765/Crucial X9/MRI Lesions/manifest-1728494830954/Advanced-MRI-Breast-Lesions/AMBL-009/03-06-2004-NA-MRI BREASTS - Delayed contrast-71740/500.000000-ROI-72294/1-1.dcm,-22.9,R,"[[[0 0 0 ... 0 0 0]
  [0 0 0 ... 0 0 0]
  [0 0 0 ... 0 0 0]
  ...
  [0 0 0 ... 0 0 0]
  [0 0 0 ... 0 0 0]
  [0 0 0 ... 0 0 0]]

 [[0 0 0 ... 0 0 0]
  [0 0 0 ... 0 0 0]
  [0 0 0 ... 0 0 0]
  ...
  [0 0 0 ... 0 0 0]
  [0 0 0 ... 0 0 0]
  [0 0 0 ... 0 0 0]]

 [[0 0 0 ... 0 0 0]
  [0 0 0 ... 0 0 0]
  [0 0 0 ... 0 0 0]
  ...
  [0 0 0 ... 0 0 0]
  [0 0 0 ... 0 0 0]
  [0 0 0 ... 0 0 0]]

 ...

 [[0 0 0 ... 0 0 0]
  [0 0 0 ... 0 0 0]
  [0 0 0 ... 0 0 0]
  ...
  [0 0 0 ... 0 0 0]
  [0 0 0 ... 0 0 0]
  [0 0 0 ... 0 0 0]]

 [[0 0 0 ... 0 0 0]
  [0 0 0 ... 0 0 0]
  [0 0 0 ... 0 0 0]
  ...
  [0 0 0 ... 0 0 0]
  [0 0 0 ... 0 0 0]
  [0 0 0 ... 0 0 0]]

 [[0 0 0 ... 0 0 0]
  [0 0 0 ... 0 0 0]
  [0 0 0 ... 0 0 0]
  ...
  [0 0 0 ... 0 0 0]
  [0 0 0 ... 0 0 0]
  [0 0 0 ... 0 0 0]]]","[66, 67, 68, 69]","[103, 104, 105, 106, 107, 108, 109, 110, 111, 112, 113, 114, 115, 116, 117, 118, 119, 120, 121, 122, 123, 124, 125]","[310, 311, 312, 313, 314, 315, 316, 317, 318, 319, 320, 321, 322, 323, 324, 325, 326, 327, 328, 329, 330, 331, 332, 333, 334, 335, 336, 337, 338, 339, 340, 341, 342, 343, 344]",4,23,35,/media/bendico765/Crucial X9/Materiali Tesista/Roi masks/AMBL-009/ROI 0.npy,/media/bendico765/Crucial X9/Materiali Tesista/Cleaned Roi masks/AMBL-009/ROI 0.npy,0.6445,2.0,/media/bendico765/Crucial X9/MRI Lesions/manifest-1728494830954/Advanced-MRI-Breast-Lesions/AMBL-009/03-06-2004-NA-MRI BREASTS - Delayed contrast-71740/500.000000-Registered AX Sen Vibrant MultiPhase-73887,0.6627266712242026,0.5231549416894932,10.594679280693391,20.251513340347312,24.67469971955079,18.57536112704138,22.557499999999997,25.428529302733967,1448.7424669375048,13.421218023300904,0.49053809900039497,1262.2309976187853,0.8712597486612056,1491.2150974999997,93.0,274.0,3.4634895185519587,125.0,2.0794782707084334,391.0,62.15548234417796,186.82896935933147,191.0,18.0,373.0,49.13254368888903,200.1831918678656,0.030662622295992543,59757925.335715994,0.10124905920965852,5168.246514536666,58.5479487942983,1423.1355047119769,38.46284798697956,23.8801913952678,9.092102734315263,0.450393022085975,2.2658691508777506,2.7134168643687744,3.66846653059069,0.44473460417400223,0.37075467216599695,0.9681830587955429,0.885487657570829,-0.09219916734961557,0.6238918425769305,0.34813642130412475,7.4041290071729735,0.014222837401456686,6.591330261706565,0.5004251790545144,0.04073742264680101,14.808258014345949,4.2323784816441705,8.243073532395767,6.343802164436988,245.69637883008357,0.13687820547636967,6.237225347413506,8.388231003794196,72.52200557103065,23.961559888579387,1346.0139275766016,0.7977096141518485,0.02740956164399834,0.17186508436381281,14.69367229506513,0.004061820958768492,157.37135006867524,0.09997394863277823,8.323972130870608,74.01476212689042,1.520386640377026,105.78276932584184,0.04325702868123109,0.026897351442874258,4.047253312598813,1252.489227513393,0.7902219325831089,0.8765373901864153,0.19706437103981317,0.9075063587778502,68.11495260535764,0.024096284342818526,35.67787114845938,0.09993801442145486,8.244960729389796,88.5406162464986,248.7422969187675,9181.179271708683,9.172626534745755,0.024084378098971848,82.6750700280112,0.23158282921011542,0.4823004714377322,44.65308358848045,0.010486272653160676,5.955150809471001,0.1988857938718663,223.46140024637305,1.978967301797198,0.004068715453264387,151.91058278206606,0.10315239922200735,0.36097332604029614
9,AMBL-010,0,0.0,-1,-1,-1,-1,,-1,-1,-1.0,-1,/media/bendico765/Crucial X9/MRI Lesions/manifest-1728494830954/Advanced-MRI-Breast-Lesions/AMBL-010/03-06-2004-NA-MRI BREASTS - Delayed contrast-67681/600.000000-Registered Ax T2 FSE-68239,/media/bendico765/Crucial X9/MRI Lesions/manifest-1728494830954/Advanced-MRI-Breast-Lesions/AMBL-010/03-06-2004-NA-MRI BREASTS - Delayed contrast-67681/500.000000-ROI-79770/1-1.dcm,8.71,R,"[[[0 0 0 ... 0 0 0]
  [0 0 0 ... 0 0 0]
  [0 0 0 ... 0 0 0]
  ...
  [0 0 0 ... 0 0 0]
  [0 0 0 ... 0 0 0]
  [0 0 0 ... 0 0 0]]

 [[0 0 0 ... 0 0 0]
  [0 0 0 ... 0 0 0]
  [0 0 0 ... 0 0 0]
  ...
  [0 0 0 ... 0 0 0]
  [0 0 0 ... 0 0 0]
  [0 0 0 ... 0 0 0]]

 [[0 0 0 ... 0 0 0]
  [0 0 0 ... 0 0 0]
  [0 0 0 ... 0 0 0]
  ...
  [0 0 0 ... 0 0 0]
  [0 0 0 ... 0 0 0]
  [0 0 0 ... 0 0 0]]

 ...

 [[0 0 0 ... 0 0 0]
  [0 0 0 ... 0 0 0]
  [0 0 0 ... 0 0 0]
  ...
  [0 0 0 ... 0 0 0]
  [0 0 0 ... 0 0 0]
  [0 0 0 ... 0 0 0]]

 [[0 0 0 ... 0 0 0]
  [0 0 0 ... 0 0 0]
  [0 0 0 ... 0 0 0]
  ...
  [0 0 0 ... 0 0 0]
  [0 0 0 ... 0 0 0]
  [0 0 0 ... 0 0 0]]

 [[0 0 0 ... 0 0 0]
  [0 0 0 ... 0 0 0]
  [0 0 0 ... 0 0 0]
  ...
  [0 0 0 ... 0 0 0]
  [0 0 0 ... 0 0 0]
  [0 0 0 ... 0 0 0]]]","[53, 54, 55, 56, 57, 58, 59, 60, 61]","[159, 160, 161, 162, 163, 164, 165, 166, 167, 168, 169, 170, 171, 172, 173, 174, 175, 176, 177, 178, 179, 180, 181, 182, 183, 184, 185, 186, 187, 188, 189, 190, 191, 192, 193, 194, 195, 196, 197, 198, 199, 200, 201, 202, 203, 204, 205, 206, 207, 208, 209, 210, 211, 212, 213, 214, 215, 216, 217, 218, 219, 220, 221, 222, 223, 224, 225, 226, 227, 228, 229, 230, 231, 232, 233, 234, 235, 236, 237, 238, 239, 240, 241, 242, 243, 244, 245, 246, 247, 248, 249, 250, 251, 252, 253]","[336, 337, 338, 339, 340, 341, 342, 343, 344, 345, 346, 347, 348, 349, 350, 351, 352, 353, 354, 355, 356, 357, 358, 359, 360, 361, 362, 363, 364, 365, 366, 367, 368, 369, 370, 371, 372, 373, 374, 375, 376, 377, 378, 379, 380, 381, 382, 383, 384, 385, 386, 387, 388, 389, 390, 391, 392, 393, 394, 395, 396, 397, 398, 399, 400, 401, 402, 403, 404, 405, 406, 407, 408, 409, 410, 411]",9,95,76,/media/bendico765/Crucial X9/Materiali Tesista/Roi masks/AMBL-010/ROI 0.npy,/media/bendico765/Crucial X9/Materiali Tesista/Cleaned Roi masks/AMBL-010/ROI 0.npy,0.625,2.0,/media/bendico765/Crucial X9/MRI Lesions/manifest-1728494830954/Advanced-MRI-Breast-Lesions/AMBL-010/03-06-2004-NA-MRI BREASTS - Delayed contrast-67681/500.000000-Registered AX Sen Vibrant MultiPhase-32542,0.6614993295952942,0.47393716155570303,26.819324906295595,56.58835618262328,51.78093881922189,58.52349955359813,71.76622203376739,72.22188034107116,26228.255208333332,37.43315967770502,0.3237306766478602,13187.01610857871,0.5027790069843794,26421.09375,116.0,286.0,3.285565696666802,79.0,3.182154010119506,497.0,50.280778822799306,187.3108607587451,175.0,23.0,474.0,34.7741064774727,197.77755754819614,0.7570680662132845,1033486506.25,0.12245384534435205,4030.603711548044,61.36444083257566,1248.3683506767832,63.79343609559746,17.788945341199415,2.690885809021807,0.7199349401808095,1.08224976411717,1.9485028687978436,1.472325498183815,0.6230762666159535,0.5903795229435758,0.9935679658330353,0.9515956934470502,-0.21646611048443629,0.831893454538737,0.4533066822946219,7.585282259968921,0.035356059154443883,5.531374033005836,0.7380875974327653,0.08050344048116302,15.170564519937843,3.999516286596644,5.119957787555306,7.2164931300590744,2183.120760519235,0.06455308437621558,21.383975260460414,6.535544460421102,70.77279044324196,87.22271504184039,4841.449037523285,2.0692772092169953,0.021037752261586225,0.0712445922904181,7.024833873131432,0.0012366003048144205,2807.9921930222545,0.11445111201980382,7.018319845774692,74.83133321286111,2.8471346463435268,189.65830907958892,0.06189016666098203,0.02035462186996545,4.476769731500065,15068.991646144754,0.5975166001690411,0.726380482523479,0.7996224917306076,0.7949794934966774,62.34353164735596,0.01570291883928418,209.76190476190476,0.09248761232888217,9.743952942402386,108.31172839506173,30882.71208112875,1596291.5542328043,662.9932316041752,0.01700632225125328,601.9338624338625,0.2654029375810681,0.529306756159713,58.04940389240666,0.008844191119893744,6.377695813540199,0.06706289363967001,30660.362957014077,14.165593393265874,0.00037579911081252117,135.73896950851054,0.02527405874415099,0.07398580956970095
10,AMBL-011,0,1.0,2,0,0,0,1.0,0,0,0.0,high,/media/bendico765/Crucial X9/MRI Lesions/manifest-1728494830954/Advanced-MRI-Breast-Lesions/AMBL-011/03-06-2004-NA-MRI BREASTS - Delayed contrast-75639/600.000000-Registered Ax T2 FSE-73862,/media/bendico765/Crucial X9/MRI Lesions/manifest-1728494830954/Advanced-MRI-Breast-Lesions/AMBL-011/03-06-2004-NA-MRI BREASTS - Delayed contrast-75639/500.000000-ROI-50270/1-1.dcm,9.16,L,"[[[0 0 0 ... 0 0 0]
  [0 0 0 ... 0 0 0]
  [0 0 0 ... 0 0 0]
  ...
  [0 0 0 ... 0 0 0]
  [0 0 0 ... 0 0 0]
  [0 0 0 ... 0 0 0]]

 [[0 0 0 ... 0 0 0]
  [0 0 0 ... 0 0 0]
  [0 0 0 ... 0 0 0]
  ...
  [0 0 0 ... 0 0 0]
  [0 0 0 ... 0 0 0]
  [0 0 0 ... 0 0 0]]

 [[0 0 0 ... 0 0 0]
  [0 0 0 ... 0 0 0]
  [0 0 0 ... 0 0 0]
  ...
  [0 0 0 ... 0 0 0]
  [0 0 0 ... 0 0 0]
  [0 0 0 ... 0 0 0]]

 ...

 [[0 0 0 ... 0 0 0]
  [0 0 0 ... 0 0 0]
  [0 0 0 ... 0 0 0]
  ...
  [0 0 0 ... 0 0 0]
  [0 0 0 ... 0 0 0]
  [0 0 0 ... 0 0 0]]

 [[0 0 0 ... 0 0 0]
  [0 0 0 ... 0 0 0]
  [0 0 0 ... 0 0 0]
  ...
  [0 0 0 ... 0 0 0]
  [0 0 0 ... 0 0 0]
  [0 0 0 ... 0 0 0]]

 [[0 0 0 ... 0 0 0]
  [0 0 0 ... 0 0 0]
  [0 0 0 ... 0 0 0]
  ...
  [0 0 0 ... 0 0 0]
  [0 0 0 ... 0 0 0]
  [0 0 0 ... 0 0 0]]]","[43, 44, 45, 46, 47, 48, 49, 50, 51, 52, 53, 54, 55, 56, 57, 58]","[185, 186, 187, 188, 189, 190, 191, 192, 193, 194, 195, 196, 197, 198, 199, 200, 201, 202, 203, 204, 205, 206, 207, 208, 209, 210, 211, 212, 213, 214, 215, 216, 217, 218, 219, 220, 221, 222, 223, 224, 225, 226, 227, 228, 229, 230, 231, 232, 233, 234, 235, 236, 237, 238, 239, 240, 241, 242]","[92, 93, 94, 95, 96, 97, 98, 99, 100, 101, 102, 103, 104, 105, 106, 107, 108, 109, 110, 111, 112, 113, 114, 115, 116, 117, 118, 119, 120, 121, 122, 123, 124, 125, 126, 127, 128, 129, 130, 131, 132, 133, 134, 135, 136]",16,58,45,/media/bendico765/Crucial X9/Materiali Tesista/Roi masks/AMBL-011/ROI 0.npy,/media/bendico765/Crucial X9/Materiali Tesista/Cleaned Roi masks/AMBL-011/ROI 0.npy,0.6836,2.0,/media/bendico765/Crucial X9/MRI Lesions/manifest-1728494830954/Advanced-MRI-Breast-Lesions/AMBL-011/03-06-2004-NA-MRI BREASTS - Delayed contrast-75639/500.000000-Registered AX Sen Vibrant MultiPhase-81331,0.8606398598783896,0.6351120075011276,24.90417886085885,39.212262666620475,45.207237650624045,56.47843751379813,50.57254134488399,57.78450127707255,15932.159085346286,33.74763624691486,0.3585829298424356,8539.077122130908,0.5359648417008831,16166.08616224,117.0,329.0,3.495253082961323,82.0,4.8484893105484455,610.0,63.95152174945336,194.9666994276464,170.0,14.0,596.0,38.45861078262865,213.02253494203788,1.4129935534949571,733594363.8772259,0.12174820865489824,7366.586507421536,65.00354381544555,4845.68029203119,234.49566886818926,26.564359117309916,5.119599858599607,0.6423153951064127,1.4343427979339418,2.293190915239028,3.026149892164607,0.5788231183870217,0.5362665435730962,0.9923098239035162,0.9493718490595655,-0.15233501369325095,0.7580118479618326,0.42255335612507977,7.717377228282677,0.03702228864378205,5.876306044652134,0.662999095464049,0.09632373011169625,15.434754456565365,4.040076646029997,7.920989743977383,7.261853712092828,1136.1908423426028,0.06568716207102981,28.2434965576906,11.85432349256446,81.04590391397352,83.46239232236805,4175.987801352836,2.0040513098344652,0.02236137001025227,0.14196790117957964,18.89250620018735,0.0027744077130908394,1325.3654446864762,0.1015840828048897,13.606620236480914,89.39655198353063,2.5321639550796005,172.5889329258696,0.05830026142832648,0.021920617958447963,4.649940080792044,8525.032930860734,0.6483407107041139,0.7526560853149279,0.7153222481205279,0.8304880023725132,79.34267416134956,0.01792770730549343,176.37472118959107,0.0655668108511491,18.807061953262114,139.7825278810409,9189.83308550186,417776.27992565057,215.69630897038272,0.019542990874077758,980.3263940520446,0.36443360373681954,0.6261195794113505,91.03389136582203,0.011998210221037335,6.2438922122070295,0.15551829797074637,9148.486751288676,6.807694729584643,0.0006089929369455115,320.1446111435814,0.04291791597858004,0.2282822295401074
11,AMBL-011,1,0.0,-1,-1,-1,-1,,-1.0,-1.0,-1.0,-1,/media/bendico765/Crucial X9/MRI Lesions/manifest-1728494830954/Advanced-MRI-Breast-Lesions/AMBL-011/03-06-2004-NA-MRI BREASTS - Delayed contrast-75639/600.000000-Registered Ax T2 FSE-73862,/media/bendico765/Crucial X9/MRI Lesions/manifest-1728494830954/Advanced-MRI-Breast-Lesions/AMBL-011/03-06-2004-NA-MRI BREASTS - Delayed contrast-75639/500.000000-ROI-50270/1-1.dcm,-32.84,R,"[[[0 0 0 ... 0 0 0]
  [0 0 0 ... 0 0 0]
  [0 0 0 ... 0 0 0]
  ...
  [0 0 0 ... 0 0 0]
  [0 0 0 ... 0 0 0]
  [0 0 0 ... 0 0 0]]

 [[0 0 0 ... 0 0 0]
  [0 0 0 ... 0 0 0]
  [0 0 0 ... 0 0 0]
  ...
  [0 0 0 ... 0 0 0]
  [0 0 0 ... 0 0 0]
  [0 0 0 ... 0 0 0]]

 [[0 0 0 ... 0 0 0]
  [0 0 0 ... 0 0 0]
  [0 0 0 ... 0 0 0]
  ...
  [0 0 0 ... 0 0 0]
  [0 0 0 ... 0 0 0]
  [0 0 0 ... 0 0 0]]

 ...

 [[0 0 0 ... 0 0 0]
  [0 0 0 ... 0 0 0]
  [0 0 0 ... 0 0 0]
  ...
  [0 0 0 ... 0 0 0]
  [0 0 0 ... 0 0 0]
  [0 0 0 ... 0 0 0]]

 [[0 0 0 ... 0 0 0]
  [0 0 0 ... 0 0 0]
  [0 0 0 ... 0 0 0]
  ...
  [0 0 0 ... 0 0 0]
  [0 0 0 ... 0 0 0]
  [0 0 0 ... 0 0 0]]

 [[0 0 0 ... 0 0 0]
  [0 0 0 ... 0 0 0]
  [0 0 0 ... 0 0 0]
  ...
  [0 0 0 ... 0 0 0]
  [0 0 0 ... 0 0 0]
  [0 0 0 ... 0 0 0]]]","[71, 72]","[139, 140, 141, 142, 143, 144, 145, 146, 147, 148]","[384, 385, 386, 387, 388, 389, 390, 391, 392]",2,10,9,/media/bendico765/Crucial X9/Materiali Tesista/Roi masks/AMBL-011/ROI 1.npy,/media/bendico765/Crucial X9/Materiali Tesista/Cleaned Roi masks/AMBL-011/ROI 1.npy,0.6836,2.0,/media/bendico765/Crucial X9/MRI Lesions/manifest-1728494830954/Advanced-MRI-Breast-Lesions/AMBL-011/03-06-2004-NA-MRI BREASTS - Delayed contrast-75639/500.000000-Registered AX Sen Vibrant MultiPhase-81331,0.9768329470680424,0.6306407788306566,6.395307549075708,10.140967352181033,10.092176462983591,11.957224353502781,12.549227845568826,14.387374387288322,200.59237108000002,9.9060310247518,0.4773424093109401,347.1605584353475,1.7306767778167065,221.50444704,196.0,294.0,2.47948931018625,36.0,7.610197424788834,332.0,30.825081450622232,253.2194092827004,263.0,59.0,273.0,16.521093171788053,257.274213820675,-1.943137270804606,14661384.0226672,0.2515444462247859,2069.951859566665,73.91505421889039,431.32178501822807,-35.892644077117325,7.540606065923753,5.207715440002592,0.20423272814983745,1.5213221664602778,2.2442017485234556,2.6904706834700276,0.5608679678727057,0.5137724169259319,0.9694093075016779,0.8994320157534023,-0.16590045908729,0.7396488284183887,0.4123100987145017,8.561139634456332,0.07468275309929054,4.535178305485856,0.5808610300489926,0.17738221768265225,17.12227926891266,3.0195001993010555,3.1870803764815867,5.280769729330337,25.9789029535865,0.10961562427673628,8.779397888515016,3.3836813900906195,78.20253164556962,31.151898734177216,2521.1054852320676,0.5072454356714111,0.03266759502759877,0.19593225725105798,13.435515250580355,0.008188434715163721,47.316812776959004,0.2300870467222742,3.775014893517659,77.57013539672062,1.8207200519096778,144.46296752637548,0.04967740704868521,0.03513996373465339,3.145808961408044,162.67920992187086,0.7809193626935538,0.8565400843881856,0.3575625048680804,0.8964987990137256,69.15264869085493,0.032763118477893635,6.518518518518518,0.12071330589849108,6.521262002743484,67.5925925925926,180.87037037037038,14886.62962962963,2.5226772494147136,0.044102038227970174,19.14814814814815,0.35459533607681754,0.6158085740546334,39.8642871386321,0.02033353993483285,4.565279521468506,0.22784810126582278,161.60802469135803,0.27844303581856816,0.024568800618192898,66.10902816121941,0.05259162721326549,1.9666336354429919
12,AMBL-013,0,0.0,-1,-1,-1,-1,,-1,-1,-1.0,-1,/media/bendico765/Crucial X9/MRI Lesions/manifest-1728494830954/Advanced-MRI-Breast-Lesions/AMBL-013/03-09-2004-NA-MRI BREASTS - Delayed contrast-62164/600.000000-Registered Ax T2 FSE-99008,/media/bendico765/Crucial X9/MRI Lesions/manifest-1728494830954/Advanced-MRI-Breast-Lesions/AMBL-013/03-09-2004-NA-MRI BREASTS - Delayed contrast-62164/500.000000-ROI-13057/1-1.dcm,10.95,R,"[[[0 0 0 ... 0 0 0]
  [0 0 0 ... 0 0 0]
  [0 0 0 ... 0 0 0]
  ...
  [0 0 0 ... 0 0 0]
  [0 0 0 ... 0 0 0]
  [0 0 0 ... 0 0 0]]

 [[0 0 0 ... 0 0 0]
  [0 0 0 ... 0 0 0]
  [0 0 0 ... 0 0 0]
  ...
  [0 0 0 ... 0 0 0]
  [0 0 0 ... 0 0 0]
  [0 0 0 ... 0 0 0]]

 [[0 0 0 ... 0 0 0]
  [0 0 0 ... 0 0 0]
  [0 0 0 ... 0 0 0]
  ...
  [0 0 0 ... 0 0 0]
  [0 0 0 ... 0 0 0]
  [0 0 0 ... 0 0 0]]

 ...

 [[0 0 0 ... 0 0 0]
  [0 0 0 ... 0 0 0]
  [0 0 0 ... 0 0 0]
  ...
  [0 0 0 ... 0 0 0]
  [0 0 0 ... 0 0 0]
  [0 0 0 ... 0 0 0]]

 [[0 0 0 ... 0 0 0]
  [0 0 0 ... 0 0 0]
  [0 0 0 ... 0 0 0]
  ...
  [0 0 0 ... 0 0 0]
  [0 0 0 ... 0 0 0]
  [0 0 0 ... 0 0 0]]

 [[0 0 0 ... 0 0 0]
  [0 0 0 ... 0 0 0]
  [0 0 0 ... 0 0 0]
  ...
  [0 0 0 ... 0 0 0]
  [0 0 0 ... 0 0 0]
  [0 0 0 ... 0 0 0]]]","[52, 53, 54, 55, 56]","[210, 211, 212, 213, 214, 215, 216, 217, 218, 219, 220, 221, 222, 223, 224, 225, 226, 227, 228, 229, 230, 231, 232, 233, 234, 235, 236, 237, 238]","[346, 347, 348, 349, 350, 351, 352, 353, 354, 355, 356, 357, 358, 359, 360, 361, 362, 363]",5,29,18,/media/bendico765/Crucial X9/Materiali Tesista/Roi masks/AMBL-013/ROI 0.npy,/media/bendico765/Crucial X9/Materiali Tesista/Cleaned Roi masks/AMBL-013/ROI 0.npy,0.6641,2.0,/media/bendico765/Crucial X9/MRI Lesions/manifest-1728494830954/Advanced-MRI-Breast-Lesions/AMBL-013/03-09-2004-NA-MRI BREASTS - Delayed contrast-62164/500.000000-Registered AX Sen Vibrant MultiPhase-55624,0.7518913681175938,0.4983444038707383,10.889512986757772,21.85138009412125,17.984919407381287,27.13411675824367,23.47948066929931,27.784593318240237,1450.8377752966524,16.429864074226384,0.37922816634847106,1634.2911973125442,1.1264465436036646,1497.7338387600003,154.0,334.0,3.514560513597929,91.0,3.0822324109663746,460.0,55.02359874639463,250.8427561837456,255.0,40.0,420.0,37.691299617982644,260.4274358668438,-0.28267182835588556,101579977.42234479,0.1040772695931332,4900.361022321001,96.25060315353718,1557.316006933973,-29.186971808027124,21.641772975453996,9.30608548750129,0.39112371246574074,2.2664756058210624,2.7385083758321147,3.981857376143082,0.4423347052971384,0.3689285410682622,0.9740361509936477,0.8963206074698179,-0.08802409995805113,0.6419900979598996,0.36114759667435753,9.65200655427638,0.014151960181057263,6.678880583698834,0.4487032308572593,0.032095816842782315,19.30401310855276,4.211586794271285,7.736964615738819,6.329034885917669,247.75971731448763,0.14591267215223064,4.81994614324897,7.967912433528811,99.25029446407538,18.376914016489987,1894.080683156655,0.2722029074641185,0.018948914328966532,0.2428670294385482,23.0175931785482,0.006008240952122249,156.1486712543271,0.10256977626372313,8.142115509902105,98.90019378133901,1.4079375644688763,140.70537337107146,0.025733089849925846,0.01932589597646533,4.029703978357684,1258.5721435802222,0.8226899883266549,0.896846969285132,0.15337184387522135,0.9237839759861168,91.11857342350598,0.018126322814651173,39.77707006369427,0.08445237805455258,10.724906577233245,96.21868365180467,104.895966029724,11066.592356687897,1.2332388728896642,0.024854713377216134,163.78556263269638,0.34774004805243397,0.6105552194030295,57.04062535602278,0.016812062928820433,5.738494784392882,0.2773851590106007,91.89925216709264,1.0728818940022873,0.004883797652010403,186.4493778547131,0.07629095185769577,0.5049111204282478
13,AMBL-013,1,0.0,-1,-1,-1,-1,,-1.0,-1.0,-1.0,-1,/media/bendico765/Crucial X9/MRI Lesions/manifest-1728494830954/Advanced-MRI-Breast-Lesions/AMBL-013/03-09-2004-NA-MRI BREASTS - Delayed contrast-62164/600.000000-Registered Ax T2 FSE-99008,/media/bendico765/Crucial X9/MRI Lesions/manifest-1728494830954/Advanced-MRI-Breast-Lesions/AMBL-013/03-09-2004-NA-MRI BREASTS - Delayed contrast-62164/500.000000-ROI-13057/1-1.dcm,-23.05,L,"[[[0 0 0 ... 0 0 0]
  [0 0 0 ... 0 0 0]
  [0 0 0 ... 0 0 0]
  ...
  [0 0 0 ... 0 0 0]
  [0 0 0 ... 0 0 0]
  [0 0 0 ... 0 0 0]]

 [[0 0 0 ... 0 0 0]
  [0 0 0 ... 0 0 0]
  [0 0 0 ... 0 0 0]
  ...
  [0 0 0 ... 0 0 0]
  [0 0 0 ... 0 0 0]
  [0 0 0 ... 0 0 0]]

 [[0 0 0 ... 0 0 0]
  [0 0 0 ... 0 0 0]
  [0 0 0 ... 0 0 0]
  ...
  [0 0 0 ... 0 0 0]
  [0 0 0 ... 0 0 0]
  [0 0 0 ... 0 0 0]]

 ...

 [[0 0 0 ... 0 0 0]
  [0 0 0 ... 0 0 0]
  [0 0 0 ... 0 0 0]
  ...
  [0 0 0 ... 0 0 0]
  [0 0 0 ... 0 0 0]
  [0 0 0 ... 0 0 0]]

 [[0 0 0 ... 0 0 0]
  [0 0 0 ... 0 0 0]
  [0 0 0 ... 0 0 0]
  ...
  [0 0 0 ... 0 0 0]
  [0 0 0 ... 0 0 0]
  [0 0 0 ... 0 0 0]]

 [[0 0 0 ... 0 0 0]
  [0 0 0 ... 0 0 0]
  [0 0 0 ... 0 0 0]
  ...
  [0 0 0 ... 0 0 0]
  [0 0 0 ... 0 0 0]
  [0 0 0 ... 0 0 0]]]","[68, 69, 70, 71]","[199, 200, 201, 202, 203, 204, 205, 206, 207, 208, 209, 210, 211, 212, 213, 214, 215, 216, 217]","[130, 131, 132, 133, 134, 135, 136, 137, 138, 139, 140, 141, 142, 143, 144, 145, 146]",4,19,17,/media/bendico765/Crucial X9/Materiali Tesista/Roi masks/AMBL-013/ROI 1.npy,/media/bendico765/Crucial X9/Materiali Tesista/Cleaned Roi masks/AMBL-013/ROI 1.npy,0.6641,2.0,/media/bendico765/Crucial X9/MRI Lesions/manifest-1728494830954/Advanced-MRI-Breast-Lesions/AMBL-013/03-09-2004-NA-MRI BREASTS - Delayed contrast-62164/500.000000-Registered AX Sen Vibrant MultiPhase-55624,0.8911616534834719,0.7790449758479419,11.196001769097185,14.371444674180761,17.41296644486516,17.41296644486516,18.795320609396374,19.179907457805943,754.269522302503,12.807280398789164,0.4100453377655055,977.2446148040955,1.29561726399992,789.4415699000001,137.0,296.0,3.2658275866912305,88.5,2.5308012786734646,397.0,48.9247276926438,215.6245810055866,217.0,77.0,320.0,35.952536429278474,223.71945720193017,0.22321066297576989,39511862.821892485,0.11579039355825346,3556.4355968914824,37.815675697216044,645.383420954587,15.682363965048582,16.074700039835164,6.559123811043535,0.4227974687216018,1.9551967544343358,2.477510257975579,2.5130386128800777,0.46210667474410544,0.39060479978504625,0.9656296824318736,0.8789584477024514,-0.10453835633941842,0.6581582827555615,0.3840747545559267,5.952506766775117,0.018161343647627913,6.116098966458681,0.4638062728009872,0.03629120127938428,11.905013533550234,3.9740990275980694,5.658455962719675,5.9019669985676195,139.81564245810057,0.15621859492525203,4.4816778502543615,5.762616647420492,43.45810055865922,17.643575418994413,566.8703910614526,1.1273358909352165,0.053573427001091745,0.22537001278424146,12.242015536037467,0.011847717975991212,92.41811363170304,0.1148441772392951,5.834384149163351,44.45031403758571,1.431748029276046,59.37601571616453,0.07829029499909707,0.05287810231680866,3.749236554924993,672.6675012592689,0.8280562449845704,0.8989256553502365,0.16799725978162175,0.9244887648155037,41.7420110121534,0.0483707935553228,23.832618025751074,0.10228591427360975,7.385805595977086,56.68669527896996,66.59656652360515,1977.2489270386266,3.6150602161318317,0.05464623294100327,68.72532188841201,0.2949584630403949,0.5580241062510204,33.05351010253987,0.030510125182333935,5.454752445764448,0.26033519553072626,51.84173589493267,1.540034063531489,0.009515915255392561,76.02773490304442,0.0868563282845566,0.5066254546135536
14,AMBL-016,0,1.0,2,3,0.1,0,,100,1,0.0,low to intermediate,/media/bendico765/Crucial X9/MRI Lesions/manifest-1728494830954/Advanced-MRI-Breast-Lesions/AMBL-016/03-10-2004-NA-MRI BREASTS - Delayed contrast-54744/700.000000-Registered Ax T2 FSE-62331,/media/bendico765/Crucial X9/MRI Lesions/manifest-1728494830954/Advanced-MRI-Breast-Lesions/AMBL-016/03-10-2004-NA-MRI BREASTS - Delayed contrast-54744/600.000000-ROI-26204/1-1.dcm,-40.8,R,"[[[0 0 0 ... 0 0 0]
  [0 0 0 ... 0 0 0]
  [0 0 0 ... 0 0 0]
  ...
  [0 0 0 ... 0 0 0]
  [0 0 0 ... 0 0 0]
  [0 0 0 ... 0 0 0]]

 [[0 0 0 ... 0 0 0]
  [0 0 0 ... 0 0 0]
  [0 0 0 ... 0 0 0]
  ...
  [0 0 0 ... 0 0 0]
  [0 0 0 ... 0 0 0]
  [0 0 0 ... 0 0 0]]

 [[0 0 0 ... 0 0 0]
  [0 0 0 ... 0 0 0]
  [0 0 0 ... 0 0 0]
  ...
  [0 0 0 ... 0 0 0]
  [0 0 0 ... 0 0 0]
  [0 0 0 ... 0 0 0]]

 ...

 [[0 0 0 ... 0 0 0]
  [0 0 0 ... 0 0 0]
  [0 0 0 ... 0 0 0]
  ...
  [0 0 0 ... 0 0 0]
  [0 0 0 ... 0 0 0]
  [0 0 0 ... 0 0 0]]

 [[0 0 0 ... 0 0 0]
  [0 0 0 ... 0 0 0]
  [0 0 0 ... 0 0 0]
  ...
  [0 0 0 ... 0 0 0]
  [0 0 0 ... 0 0 0]
  [0 0 0 ... 0 0 0]]

 [[0 0 0 ... 0 0 0]
  [0 0 0 ... 0 0 0]
  [0 0 0 ... 0 0 0]
  ...
  [0 0 0 ... 0 0 0]
  [0 0 0 ... 0 0 0]
  [0 0 0 ... 0 0 0]]]","[74, 75, 76, 77, 78]","[51, 52, 53, 54, 55, 56, 57, 58, 59, 60, 61, 62, 63, 64, 65, 66]","[357, 358, 359, 360, 361, 362, 363, 364, 365, 366, 367, 368, 369]",5,16,13,/media/bendico765/Crucial X9/Materiali Tesista/Roi masks/AMBL-016/ROI 0.npy,/media/bendico765/Crucial X9/Materiali Tesista/Cleaned Roi masks/AMBL-016/ROI 0.npy,0.7031,2.1,/media/bendico765/Crucial X9/MRI Lesions/manifest-1728494830954/Advanced-MRI-Breast-Lesions/AMBL-016/03-10-2004-NA-MRI BREASTS - Delayed contrast-54744/600.000000-Registered AX Sen Vibrant MultiPhase-61077,0.7975966107183984,0.5159479097282546,9.17374554269647,17.7803715641143,18.510632084291448,19.863287975811055,20.762294187300206,23.426209414457134,949.8927756149938,14.181564096851355,0.5119233747453322,912.8418744716939,0.9609946489809739,981.036801045,41.0,133.0,2.454419609162473,54.0,2.1532357960783353,165.0,29.489638028050727,80.9957671957672,76.0,3.0,162.0,22.832878425336972,88.10800851240008,0.3211260231636051,7615809.449195955,0.20142213263906386,1202.7068603902467,14.259048120948403,89.25986899679164,7.80147002935262,6.040111239271097,1.440864399405122,0.6108737227788074,0.8404408935246318,1.6512636464485086,0.7145356766972563,0.6625479398307803,0.6384365627583576,0.9734283526180066,0.9026707869163707,-0.16142702438345946,0.7103164312289998,0.4687557374287236,3.6201956918784624,0.07036575505222077,4.388249269540353,0.6388345196610915,0.17994414258228797,7.240391383756925,3.1907969052829652,1.8702439096690546,6.26900536781833,62.817989417989416,0.06647406287617928,23.835373029870382,1.9991220850480111,16.214814814814815,83.36190476190477,1106.9936507936509,9.79836806680344,0.11936783884629691,0.09051393223774995,1.8326814852117874,0.009069836041168983,133.13068948598945,0.18999930127774775,2.07524040278387,16.914284572249237,2.620850604409671,40.06406312615899,0.3093357553171853,0.1194612696150052,3.531527703604382,442.84830626867034,0.6172588648813095,0.7417175417175416,0.6782717455543563,0.8078410735565111,14.098365411195438,0.09631104040334401,16.208791208791208,0.1781185847119913,2.3929477116290303,21.043956043956044,1243.0879120879122,14990.010989010989,145.40375794273754,0.11499028182701652,24.208791208791208,0.2660306726240792,0.5208411030361091,11.205771367723019,0.04239188244547594,4.669614492976872,0.0962962962962963,1135.2476754015215,5.870150883489454,0.009716558244725363,10.963840629599183,0.05815694180916266,0.14675840275231042
15,AMBL-016,1,0.0,-1,-1,-1,-1,,-1.0,-1.0,-1.0,-1,/media/bendico765/Crucial X9/MRI Lesions/manifest-1728494830954/Advanced-MRI-Breast-Lesions/AMBL-016/03-10-2004-NA-MRI BREASTS - Delayed contrast-54744/700.000000-Registered Ax T2 FSE-62331,/media/bendico765/Crucial X9/MRI Lesions/manifest-1728494830954/Advanced-MRI-Breast-Lesions/AMBL-016/03-10-2004-NA-MRI BREASTS - Delayed contrast-54744/600.000000-ROI-26204/1-1.dcm,13.8,R,"[[[0 0 0 ... 0 0 0]
  [0 0 0 ... 0 0 0]
  [0 0 0 ... 0 0 0]
  ...
  [0 0 0 ... 0 0 0]
  [0 0 0 ... 0 0 0]
  [0 0 0 ... 0 0 0]]

 [[0 0 0 ... 0 0 0]
  [0 0 0 ... 0 0 0]
  [0 0 0 ... 0 0 0]
  ...
  [0 0 0 ... 0 0 0]
  [0 0 0 ... 0 0 0]
  [0 0 0 ... 0 0 0]]

 [[0 0 0 ... 0 0 0]
  [0 0 0 ... 0 0 0]
  [0 0 0 ... 0 0 0]
  ...
  [0 0 0 ... 0 0 0]
  [0 0 0 ... 0 0 0]
  [0 0 0 ... 0 0 0]]

 ...

 [[0 0 0 ... 0 0 0]
  [0 0 0 ... 0 0 0]
  [0 0 0 ... 0 0 0]
  ...
  [0 0 0 ... 0 0 0]
  [0 0 0 ... 0 0 0]
  [0 0 0 ... 0 0 0]]

 [[0 0 0 ... 0 0 0]
  [0 0 0 ... 0 0 0]
  [0 0 0 ... 0 0 0]
  ...
  [0 0 0 ... 0 0 0]
  [0 0 0 ... 0 0 0]
  [0 0 0 ... 0 0 0]]

 [[0 0 0 ... 0 0 0]
  [0 0 0 ... 0 0 0]
  [0 0 0 ... 0 0 0]
  ...
  [0 0 0 ... 0 0 0]
  [0 0 0 ... 0 0 0]
  [0 0 0 ... 0 0 0]]]","[49, 50, 51]","[123, 124, 125, 126, 127, 128, 129, 130, 131, 132]","[342, 343, 344, 345, 346, 347, 348, 349, 350]",3,10,9,/media/bendico765/Crucial X9/Materiali Tesista/Roi masks/AMBL-016/ROI 1.npy,/media/bendico765/Crucial X9/Materiali Tesista/Cleaned Roi masks/AMBL-016/ROI 1.npy,0.7031,2.1,/media/bendico765/Crucial X9/MRI Lesions/manifest-1728494830954/Advanced-MRI-Breast-Lesions/AMBL-016/03-10-2004-NA-MRI BREASTS - Delayed contrast-54744/600.000000-Registered AX Sen Vibrant MultiPhase-61077,0.8913409395146961,0.5792833235598012,6.651169663477707,11.481721280365992,11.911690687723553,13.482902589947019,12.299226831797192,14.765439884405746,328.13691237775055,10.234128233287302,0.5082629367227405,452.65335244339985,1.3794648982443836,358.156292445,226.4,280.6,2.077058420053758,22.0,8.27758790721923,394.0,19.227977315689984,253.84057971014494,253.0,127.0,267.0,9.634327272727273,255.66188609176768,0.5317564334888507,23410169.743082535,0.33059441293845837,927.9600924175593,33.831034713524815,123.37592629729367,5.2136615299007465,4.056782653133068,2.791840954403877,0.17611585275465275,1.0364388849053086,1.9329268082785644,1.6872862282260415,0.6565316394770032,0.6269413781980421,0.9796920159093111,0.923173504718883,-0.14833082832139594,0.6736374286943909,0.4028732929175366,5.7888892361379565,0.1407919657187129,3.862595627389289,0.5576026167617205,0.2972001915642057,11.577778472275913,2.6682850626292893,1.7121559018842356,5.483967880838701,25.689855072463768,0.07446334803612686,29.349077924805712,1.5419953791220333,33.71884057971015,77.78260869565217,2670.9478260869564,2.3746562882981808,0.04365607018216184,0.1481266169426136,5.051846593374129,0.009240515315539577,77.11604321241519,0.2883551080970445,1.8819602204342543,33.81437911016554,2.3749393612616454,79.73236528309192,0.09252413918041717,0.04684553851016387,3.116381994264654,183.0064806050897,0.6782875643258381,0.7707915273132664,0.610966813267384,0.8456443395517503,28.65042226969217,0.04163957804469128,7.1454545454545455,0.12991735537190083,4.722644628099173,37.10909090909091,522.5636363636364,17011.145454545454,16.743102079692942,0.06604913833524616,19.618181818181817,0.35669421487603303,0.6153135617056883,20.553475656699554,0.03894954218900002,4.453731531549126,0.15942028985507245,483.2165289256198,0.6351627341532792,0.017971409696516654,37.75885173379316,0.021813288289068172,0.9547765426029812
16,AMBL-016,2,0.0,-1.0,-1,-1,-1,,-1.0,-1.0,-1.0,-1,/media/bendico765/Crucial X9/MRI Lesions/manifest-1728494830954/Advanced-MRI-Breast-Lesions/AMBL-016/03-10-2004-NA-MRI BREASTS - Delayed contrast-54744/700.000000-Registered Ax T2 FSE-62331,/media/bendico765/Crucial X9/MRI Lesions/manifest-1728494830954/Advanced-MRI-Breast-Lesions/AMBL-016/03-10-2004-NA-MRI BREASTS - Delayed contrast-54744/600.000000-ROI-26204/1-1.dcm,-53.4,L,"[[[0 0 0 ... 0 0 0]
  [0 0 0 ... 0 0 0]
  [0 0 0 ... 0 0 0]
  ...
  [0 0 0 ... 0 0 0]
  [0 0 0 ... 0 0 0]
  [0 0 0 ... 0 0 0]]

 [[0 0 0 ... 0 0 0]
  [0 0 0 ... 0 0 0]
  [0 0 0 ... 0 0 0]
  ...
  [0 0 0 ... 0 0 0]
  [0 0 0 ... 0 0 0]
  [0 0 0 ... 0 0 0]]

 [[0 0 0 ... 0 0 0]
  [0 0 0 ... 0 0 0]
  [0 0 0 ... 0 0 0]
  ...
  [0 0 0 ... 0 0 0]
  [0 0 0 ... 0 0 0]
  [0 0 0 ... 0 0 0]]

 ...

 [[0 0 0 ... 0 0 0]
  [0 0 0 ... 0 0 0]
  [0 0 0 ... 0 0 0]
  ...
  [0 0 0 ... 0 0 0]
  [0 0 0 ... 0 0 0]
  [0 0 0 ... 0 0 0]]

 [[0 0 0 ... 0 0 0]
  [0 0 0 ... 0 0 0]
  [0 0 0 ... 0 0 0]
  ...
  [0 0 0 ... 0 0 0]
  [0 0 0 ... 0 0 0]
  [0 0 0 ... 0 0 0]]

 [[0 0 0 ... 0 0 0]
  [0 0 0 ... 0 0 0]
  [0 0 0 ... 0 0 0]
  ...
  [0 0 0 ... 0 0 0]
  [0 0 0 ... 0 0 0]
  [0 0 0 ... 0 0 0]]]","[81, 82, 83]","[88, 89, 90, 91, 92, 93, 94]","[156, 157, 158, 159, 160, 161, 162]",3,7,7,/media/bendico765/Crucial X9/Materiali Tesista/Roi masks/AMBL-016/ROI 2.npy,/media/bendico765/Crucial X9/Materiali Tesista/Cleaned Roi masks/AMBL-016/ROI 2.npy,0.7031,2.1,/media/bendico765/Crucial X9/MRI Lesions/manifest-1728494830954/Advanced-MRI-Breast-Lesions/AMBL-016/03-10-2004-NA-MRI BREASTS - Delayed contrast-54744/600.000000-Registered AX Sen Vibrant MultiPhase-61077,0.5626741304336151,0.4464885269821424,5.706743624295352,12.78138917223196,11.596255037295446,11.911690687723551,9.793049797688154,12.23919804562374,203.43104388512515,7.19175703821924,0.5624420037928689,297.4070067803892,1.4619548771933308,224.236983096,151.5,244.0,2.1163045177927353,21.0,4.847141898241402,273.0,26.694358710562412,213.49074074074073,226.0,94.0,179.0,13.223963379999333,216.73133650264379,-1.6108552077808467,10532965.459671773,0.32218792866941015,1394.1758401920436,40.53019235062022,255.21961781615198,-31.710262920470733,6.273400045217016,1.0961909246676536,0.6908425274238797,0.6481079922272653,1.4380192523061195,0.6444306332405891,0.7323788104977335,0.7174180912638116,0.9844718756302187,0.932445533192822,-0.293849178047687,0.8069355285107217,0.4052015057216314,6.263064353350215,0.19678496187210628,3.1945560321179025,0.8392698470144235,0.3692483458906508,12.526128706700431,2.434200467222845,1.8423977424711675,5.1852391766031785,15.092592592592593,0.06987311385459534,18.43689986282579,2.409722222222222,39.416666666666664,76.64814814814815,3489.972222222222,2.2676675616234148,0.050163611740992695,0.09183719496566646,2.0288735990085662,0.015900983750995586,43.86379997990075,0.2689610133844987,2.7120396355679315,37.631791047111605,2.6158236170067317,110.25663717840838,0.10581970490400082,0.05696510669496908,3.208928615949354,99.21368841262651,0.5946137041100898,0.7450142450142452,0.6058608169667332,0.788217262395184,28.511675081333237,0.04944421146367449,3.48,0.1392,3.9904,23.0,496.88,23616.72,11.588783446712018,0.15240487528344673,5.88,0.2352,0.4710637073780502,6.464461967646915,0.1224589844890329,4.13366068968818,0.11574074074074074,422.23040000000003,0.408574430128226,0.03789187534640401,14.660710245659688,0.0450409835907307,1.4389506561263163
17,AMBL-018,0,1.0,2,2.2,2.8,0,,95,100,0.0,Intermediate to high,/media/bendico765/Crucial X9/MRI Lesions/manifest-1728494830954/Advanced-MRI-Breast-Lesions/AMBL-018/03-12-2004-NA-MRI BREASTS - Delayed contrast-16432/600.000000-Registered Ax T2 FSE-28458,/media/bendico765/Crucial X9/MRI Lesions/manifest-1728494830954/Advanced-MRI-Breast-Lesions/AMBL-018/03-12-2004-NA-MRI BREASTS - Delayed contrast-16432/500.000000-ROI-44726/1-1.dcm,21.24,R,"[[[0 0 0 ... 0 0 0]
  [0 0 0 ... 0 0 0]
  [0 0 0 ... 0 0 0]
  ...
  [0 0 0 ... 0 0 0]
  [0 0 0 ... 0 0 0]
  [0 0 0 ... 0 0 0]]

 [[0 0 0 ... 0 0 0]
  [0 0 0 ... 0 0 0]
  [0 0 0 ... 0 0 0]
  ...
  [0 0 0 ... 0 0 0]
  [0 0 0 ... 0 0 0]
  [0 0 0 ... 0 0 0]]

 [[0 0 0 ... 0 0 0]
  [0 0 0 ... 0 0 0]
  [0 0 0 ... 0 0 0]
  ...
  [0 0 0 ... 0 0 0]
  [0 0 0 ... 0 0 0]
  [0 0 0 ... 0 0 0]]

 ...

 [[0 0 0 ... 0 0 0]
  [0 0 0 ... 0 0 0]
  [0 0 0 ... 0 0 0]
  ...
  [0 0 0 ... 0 0 0]
  [0 0 0 ... 0 0 0]
  [0 0 0 ... 0 0 0]]

 [[0 0 0 ... 0 0 0]
  [0 0 0 ... 0 0 0]
  [0 0 0 ... 0 0 0]
  ...
  [0 0 0 ... 0 0 0]
  [0 0 0 ... 0 0 0]
  [0 0 0 ... 0 0 0]]

 [[0 0 0 ... 0 0 0]
  [0 0 0 ... 0 0 0]
  [0 0 0 ... 0 0 0]
  ...
  [0 0 0 ... 0 0 0]
  [0 0 0 ... 0 0 0]
  [0 0 0 ... 0 0 0]]]","[38, 39, 40, 41, 42, 43, 44, 45, 46, 47]","[240, 241, 242, 243, 244, 245, 246, 247, 248, 249, 250, 251, 252, 253, 254, 255, 256, 257, 258, 259, 260, 261, 262, 263, 264, 265, 266, 267, 268, 269, 270, 271, 272, 274]","[328, 329, 330, 331, 332, 333, 334, 335, 336, 337, 338, 339, 340, 341, 342, 343, 344, 345, 346, 347, 348, 349, 350, 351, 352, 353, 354, 355, 356, 357, 358, 359, 360, 361]",10,35,34,/media/bendico765/Crucial X9/Materiali Tesista/Roi masks/AMBL-018/ROI 0.npy,/media/bendico765/Crucial X9/Materiali Tesista/Cleaned Roi masks/AMBL-018/ROI 0.npy,0.6445,2.0,/media/bendico765/Crucial X9/MRI Lesions/manifest-1728494830954/Advanced-MRI-Breast-Lesions/AMBL-018/03-12-2004-NA-MRI BREASTS - Delayed contrast-16432/500.000000-Registered AX Sen Vibrant MultiPhase-87572,0.7760515220717608,0.6291853981578698,17.903559748333755,28.455141840150507,32.06788256573857,37.15072225408276,30.298355607194264,37.42365289826743,5535.287981458426,22.08265613581664,0.43666681072207314,3465.4589119153684,0.6260665973520491,5617.602500999999,72.0,266.0,3.404472999561115,126.0,2.082663912520794,410.0,64.98437114130402,182.98314108251998,197.0,-2.0,412.0,51.889701574405905,197.72319314177992,-0.4319211712036931,219617142.48533297,0.11008706814644638,5611.631185756199,76.37534933166003,2026.3648914120745,-42.395226913953834,31.65495550727721,5.220980121701013,0.7170102935969861,1.6006564405970058,2.3661290996307445,2.492769926253608,0.5396755126460202,0.48624198164848387,0.984948764474454,0.9241162296150071,-0.1861327114691122,0.8226881794884237,0.3991077640665503,8.349636766925899,0.02037214987570006,6.3065028336017015,0.736614589966189,0.0793403801479644,16.6992735338518,4.350835766850775,9.218983907244555,7.067138176264946,544.463768115942,0.0805181555924197,16.489992398847328,9.0600621406697,87.36764270925761,58.911268855368235,5262.250517598343,1.6948525178228862,0.024218920451402875,0.10700304747804061,9.913611766686834,0.0024214291756499678,563.2660426914107,0.10547052049985618,8.72961874729019,87.16005879327409,2.271867683122257,201.9162357063944,0.058102794623383844,0.023395613879446234,4.326147081455959,3675.304026998275,0.6765971415180696,0.7879553159056264,0.5669085416118187,0.844928806229873,73.58318057718893,0.019311704949993146,67.85507246376811,0.09834068473009872,8.693837429111532,97.21739130434783,2744.2753623188405,267328.4231884058,53.97215344572764,0.022317409240421988,206.00579710144928,0.29855912623398445,0.5656129002427511,55.27449145830057,0.01377813589960394,5.976745429346415,0.10204081632653061,2648.2353623188405,3.2368035906741395,0.0015618957403330028,137.50995118861735,0.05817028075253224,0.197274606352754
18,AMBL-018,1,0.0,-1,-1,-1,-1,,-1.0,-1.0,-1.0,-1,/media/bendico765/Crucial X9/MRI Lesions/manifest-1728494830954/Advanced-MRI-Breast-Lesions/AMBL-018/03-12-2004-NA-MRI BREASTS - Delayed contrast-16432/600.000000-Registered Ax T2 FSE-28458,/media/bendico765/Crucial X9/MRI Lesions/manifest-1728494830954/Advanced-MRI-Breast-Lesions/AMBL-018/03-12-2004-NA-MRI BREASTS - Delayed contrast-16432/500.000000-ROI-44726/1-1.dcm,-4.76,R,"[[[0 0 0 ... 0 0 0]
  [0 0 0 ... 0 0 0]
  [0 0 0 ... 0 0 0]
  ...
  [0 0 0 ... 0 0 0]
  [0 0 0 ... 0 0 0]
  [0 0 0 ... 0 0 0]]

 [[0 0 0 ... 0 0 0]
  [0 0 0 ... 0 0 0]
  [0 0 0 ... 0 0 0]
  ...
  [0 0 0 ... 0 0 0]
  [0 0 0 ... 0 0 0]
  [0 0 0 ... 0 0 0]]

 [[0 0 0 ... 0 0 0]
  [0 0 0 ... 0 0 0]
  [0 0 0 ... 0 0 0]
  ...
  [0 0 0 ... 0 0 0]
  [0 0 0 ... 0 0 0]
  [0 0 0 ... 0 0 0]]

 ...

 [[0 0 0 ... 0 0 0]
  [0 0 0 ... 0 0 0]
  [0 0 0 ... 0 0 0]
  ...
  [0 0 0 ... 0 0 0]
  [0 0 0 ... 0 0 0]
  [0 0 0 ... 0 0 0]]

 [[0 0 0 ... 0 0 0]
  [0 0 0 ... 0 0 0]
  [0 0 0 ... 0 0 0]
  ...
  [0 0 0 ... 0 0 0]
  [0 0 0 ... 0 0 0]
  [0 0 0 ... 0 0 0]]

 [[0 0 0 ... 0 0 0]
  [0 0 0 ... 0 0 0]
  [0 0 0 ... 0 0 0]
  ...
  [0 0 0 ... 0 0 0]
  [0 0 0 ... 0 0 0]
  [0 0 0 ... 0 0 0]]]","[53, 54, 55, 56, 57, 58]","[128, 129, 130, 131, 132, 133, 134, 135, 136, 137, 138, 139, 140, 141, 143]","[359, 360, 361, 362, 363, 364, 365, 366, 367, 368, 369, 370, 371, 372]",6,16,14,/media/bendico765/Crucial X9/Materiali Tesista/Roi masks/AMBL-018/ROI 1.npy,/media/bendico765/Crucial X9/Materiali Tesista/Cleaned Roi masks/AMBL-018/ROI 1.npy,0.6445,2.0,/media/bendico765/Crucial X9/MRI Lesions/manifest-1728494830954/Advanced-MRI-Breast-Lesions/AMBL-018/03-12-2004-NA-MRI BREASTS - Delayed contrast-16432/500.000000-Registered AX Sen Vibrant MultiPhase-87572,0.7164355192652122,0.4666367262893677,8.5977191644137,18.424866025401823,18.060987299978922,18.693864133720453,16.43159038255275,23.249418729292998,988.3280748333331,13.200228458300721,0.5267784778261313,910.870960023846,0.9216281346428927,1015.1893309999999,63.10000000000001,202.0,3.011693320836783,72.0,2.469073487837911,275.0,41.185459698222175,140.50900163666122,147.0,20.0,255.0,29.555032966488206,149.56598968364798,-0.3148873281414538,22709770.380781,0.14097117494060074,2627.205729117837,40.9266645116483,400.6681060100191,-14.951773689451226,11.405091243192306,3.1833323420349986,0.5508876807035615,1.2988233433839134,2.084957151380107,1.4113191271796515,0.5680876050191851,0.5203704693227853,0.9795387234926137,0.9093983269768263,-0.13967573282696327,0.698952943521194,0.43241050304037415,6.234594121518681,0.0357513471368514,5.416348543992056,0.6139077529031275,0.08557426070923092,12.469188243037358,3.6986685991526835,3.6471058963068255,6.498632345821472,102.6366612111293,0.08399072112203707,14.701538354392065,4.272715036121729,41.8911620294599,55.06873977086743,2248.4525368248774,2.382255111088266,0.04854073638875495,0.10396835140900008,4.334105114031883,0.0072417160419436764,129.9558568719999,0.1337207224638335,4.47694586659944,42.03560572155972,2.1187246262034947,88.54055694457347,0.098508856676246,0.049466304404326526,3.914907896591551,670.8714783530304,0.6778220356775803,0.7940954299383104,0.44726984746258364,0.8450925607825386,35.644382556987,0.04223049404137574,14.709923664122137,0.11228949361925296,5.9379989511100755,41.57251908396947,960.412213740458,41000.8320610687,31.552609977568647,0.0717620459915204,30.87786259541985,0.2357088747741973,0.4969095054711496,20.65410765933681,0.0459260470480836,5.586064318560741,0.1072013093289689,873.3960724899481,1.6712350294346126,0.007758045405358463,49.90621569616989,0.05584630287012981,0.3716434631996399
19,AMBL-018,2,0.0,-1.0,-1,-1,-1,,-1.0,-1.0,-1.0,-1,/media/bendico765/Crucial X9/MRI Lesions/manifest-1728494830954/Advanced-MRI-Breast-Lesions/AMBL-018/03-12-2004-NA-MRI BREASTS - Delayed contrast-16432/600.000000-Registered Ax T2 FSE-28458,/media/bendico765/Crucial X9/MRI Lesions/manifest-1728494830954/Advanced-MRI-Breast-Lesions/AMBL-018/03-12-2004-NA-MRI BREASTS - Delayed contrast-16432/500.000000-ROI-44726/1-1.dcm,-84.76,R,"[[[0 0 0 ... 0 0 0]
  [0 0 0 ... 0 0 0]
  [0 0 0 ... 0 0 0]
  ...
  [0 0 0 ... 0 0 0]
  [0 0 0 ... 0 0 0]
  [0 0 0 ... 0 0 0]]

 [[0 0 0 ... 0 0 0]
  [0 0 0 ... 0 0 0]
  [0 0 0 ... 0 0 0]
  ...
  [0 0 0 ... 0 0 0]
  [0 0 0 ... 0 0 0]
  [0 0 0 ... 0 0 0]]

 [[0 0 0 ... 0 0 0]
  [0 0 0 ... 0 0 0]
  [0 0 0 ... 0 0 0]
  ...
  [0 0 0 ... 0 0 0]
  [0 0 0 ... 0 0 0]
  [0 0 0 ... 0 0 0]]

 ...

 [[0 0 0 ... 0 0 0]
  [0 0 0 ... 0 0 0]
  [0 0 0 ... 0 0 0]
  ...
  [0 0 0 ... 0 0 0]
  [0 0 0 ... 0 0 0]
  [0 0 0 ... 0 0 0]]

 [[0 0 0 ... 0 0 0]
  [0 0 0 ... 0 0 0]
  [0 0 0 ... 0 0 0]
  ...
  [0 0 0 ... 0 0 0]
  [0 0 0 ... 0 0 0]
  [0 0 0 ... 0 0 0]]

 [[0 0 0 ... 0 0 0]
  [0 0 0 ... 0 0 0]
  [0 0 0 ... 0 0 0]
  ...
  [0 0 0 ... 0 0 0]
  [0 0 0 ... 0 0 0]
  [0 0 0 ... 0 0 0]]]","[94, 95]","[140, 141, 142, 143, 144, 145, 146, 147, 148, 149, 150, 151, 152, 153, 154, 155, 156, 157, 158, 159, 160]","[363, 364, 365, 366, 367, 368, 369, 370, 371, 372, 373]",2,21,11,/media/bendico765/Crucial X9/Materiali Tesista/Roi masks/AMBL-018/ROI 2.npy,/media/bendico765/Crucial X9/Materiali Tesista/Cleaned Roi masks/AMBL-018/ROI 2.npy,0.6445,2.0,/media/bendico765/Crucial X9/MRI Lesions/manifest-1728494830954/Advanced-MRI-Breast-Lesions/AMBL-018/03-12-2004-NA-MRI BREASTS - Delayed contrast-16432/500.000000-Registered AX Sen Vibrant MultiPhase-87572,0.6142975040327134,0.5732520217979564,8.635473427387177,15.064008671618367,11.584440523823323,17.516055556260373,17.449175431807657,18.20218769818617,692.1619565833333,9.253782927702314,0.6368901839057792,594.1435490017172,0.8583880453854226,711.9617484999999,108.0,188.39999999999998,2.4248121338620487,44.0,2.991561672076267,244.0,25.548752874603956,147.17619603267212,146.0,69.0,175.0,17.96125439426717,150.61444746536617,0.22491482001810315,16150647.066878999,0.21549624276158047,1023.8791066500191,20.297856844272246,71.3378637670772,1.4015142286153408,4.890122736655393,2.142887608522525,0.39331393918004526,1.0832742346156032,1.8186788729922807,0.8883868564283931,0.5983685399952873,0.560118328266616,0.9697449690915538,0.8904307902777677,-0.10349266446502917,0.5626841337146247,0.472363415161867,4.428384007279003,0.056760279672410145,4.61237106449037,0.4417062587769047,0.12619704581108723,8.856768014558007,3.155971841616463,1.7582525862944796,5.883253497883883,76.64527421236873,0.08943439231314904,11.543401924435871,1.7359626059808102,21.09801633605601,54.348891481913654,1062.8833138856476,3.538171978729259,0.07468167148228408,0.07596519411588748,1.6452578233459982,0.009362099968037121,138.70911370578844,0.2054251484240996,1.863282069396567,21.353862725343085,2.215770770057615,45.891535185169964,0.15715303836423558,0.0770119788734012,3.3687460869747756,462.68554811786373,0.6633479987331743,0.7868234449331298,0.45459383959852057,0.8297650709680754,17.886022002514053,0.06539201488299813,7.928571428571429,0.14158163265306123,3.7028061224489797,23.0,2166.2321428571427,42436.625,129.20222660046161,0.14579258786848073,12.535714285714286,0.22385204081632654,0.4790610141156536,9.776068637309189,0.08972701326934614,4.797902689682936,0.06534422403733955,1932.0328443877552,3.373260690986959,0.008861418009549977,17.873174520742186,0.044998885368476245,0.1799551684048785
20,AMBL-022,0,1.0,-1,3,0,0,,100,0,10.0,high,/media/bendico765/Crucial X9/MRI Lesions/manifest-1728494830954/Advanced-MRI-Breast-Lesions/AMBL-022/03-16-2004-NA-MRI BREASTS - Delayed contrast-48965/600.000000-Registered Ax T2 FSE-15454,/media/bendico765/Crucial X9/MRI Lesions/manifest-1728494830954/Advanced-MRI-Breast-Lesions/AMBL-022/03-16-2004-NA-MRI BREASTS - Delayed contrast-48965/500.000000-ROI-50270/1-1.dcm,-24.82,L,"[[[0 0 0 ... 0 0 0]
  [0 0 0 ... 0 0 0]
  [0 0 0 ... 0 0 0]
  ...
  [0 0 0 ... 0 0 0]
  [0 0 0 ... 0 0 0]
  [0 0 0 ... 0 0 0]]

 [[0 0 0 ... 0 0 0]
  [0 0 0 ... 0 0 0]
  [0 0 0 ... 0 0 0]
  ...
  [0 0 0 ... 0 0 0]
  [0 0 0 ... 0 0 0]
  [0 0 0 ... 0 0 0]]

 [[0 0 0 ... 0 0 0]
  [0 0 0 ... 0 0 0]
  [0 0 0 ... 0 0 0]
  ...
  [0 0 0 ... 0 0 0]
  [0 0 0 ... 0 0 0]
  [0 0 0 ... 0 0 0]]

 ...

 [[0 0 0 ... 0 0 0]
  [0 0 0 ... 0 0 0]
  [0 0 0 ... 0 0 0]
  ...
  [0 0 0 ... 0 0 0]
  [0 0 0 ... 0 0 0]
  [0 0 0 ... 0 0 0]]

 [[0 0 0 ... 0 0 0]
  [0 0 0 ... 0 0 0]
  [0 0 0 ... 0 0 0]
  ...
  [0 0 0 ... 0 0 0]
  [0 0 0 ... 0 0 0]
  [0 0 0 ... 0 0 0]]

 [[0 0 0 ... 0 0 0]
  [0 0 0 ... 0 0 0]
  [0 0 0 ... 0 0 0]
  ...
  [0 0 0 ... 0 0 0]
  [0 0 0 ... 0 0 0]
  [0 0 0 ... 0 0 0]]]","[69, 70, 71, 72, 73]","[233, 234, 235, 236, 237, 238, 239, 240, 241, 242, 243, 244, 245, 246, 247, 248, 249, 250, 251, 252, 253]","[129, 130, 131, 132, 133, 134, 135, 136, 137, 138, 139, 140, 141, 142, 143, 144, 145]",5,21,17,/media/bendico765/Crucial X9/Materiali Tesista/Roi masks/AMBL-022/ROI 0.npy,/media/bendico765/Crucial X9/Materiali Tesista/Cleaned Roi masks/AMBL-022/ROI 0.npy,0.6641,2.0,/media/bendico765/Crucial X9/MRI Lesions/manifest-1728494830954/Advanced-MRI-Breast-Lesions/AMBL-022/03-16-2004-NA-MRI BREASTS - Delayed contrast-48965/500.000000-Registered AX Sen Vibrant MultiPhase-60443,0.9231440415990563,0.5045937202800282,8.380020876771386,16.607461686445145,16.447913815739675,18.398198422943484,18.99372439991694,23.59579552759347,781.9073277291642,15.331079301926449,0.4064443520948935,1009.8415138453212,1.2915104872825907,824.7238747000001,162.0,286.0,3.030544912338148,60.5,3.756810285183972,392.0,39.28172038090881,232.2149732620321,241.0,64.0,328.0,25.319555555555553,237.8711892470309,-0.6490893381642642,46665105.79013175,0.15222968915325,2658.9088667105157,57.307520723940726,414.0459102496243,-15.655100252878949,11.185150782024577,8.03799721518037,0.1759123119360112,2.151621729609113,2.567583806696128,2.961439685726151,0.45101111853895465,0.3787503908873275,0.9635927812945959,0.8772468030952832,-0.09987900862313169,0.6235272109079903,0.3652161419065617,7.517869072654249,0.02451829205732422,5.863166344190881,0.4201286788438905,0.055381499236434525,15.0357381453085,3.685770811883784,4.805786999301237,5.745953680784727,136.06524064171123,0.14552432154193715,4.098231004604077,4.428866710515028,65.50267379679144,18.08663101604278,1167.9475935828877,0.4512164022252027,0.02763821274755839,0.2193562988570223,16.106631911891842,0.0056688276832609855,124.36679203485734,0.1486756895697634,4.552817304235993,65.77743942582785,1.4605395862665747,94.839570280638,0.04052501278996508,0.027748041703743564,3.5438650584087648,697.0553037173094,0.8219623476100223,0.8946112710818592,0.17203486301073548,0.9201605741854191,60.662407113531714,0.025727054980638344,27.53448275862069,0.11868311533888229,6.495819708680142,73.49568965517241,93.9353448275862,6280.831896551724,1.9765619734152726,0.027495782638367244,75.58620689655173,0.3258026159334126,0.5876910376638741,46.377186335244204,0.013741793372066059,5.279540539911915,0.24812834224598931,77.69305514268727,1.1163165828091335,0.006737584017582143,104.71639707127567,0.06484800037294808,0.4669886831382254
21,AMBL-023,0,0.0,-1,-1,-1,-1,,-1,-1,-1.0,-1,/media/bendico765/Crucial X9/MRI Lesions/manifest-1728494830954/Advanced-MRI-Breast-Lesions/AMBL-023/03-17-2004-NA-MRI BREASTS - Delayed contrast-69871/600.000000-Registered Ax T2 FSE-06408,/media/bendico765/Crucial X9/MRI Lesions/manifest-1728494830954/Advanced-MRI-Breast-Lesions/AMBL-023/03-17-2004-NA-MRI BREASTS - Delayed contrast-69871/500.000000-ROI-38505/1-1.dcm,-14.63,L,"[[[0 0 0 ... 0 0 0]
  [0 0 0 ... 0 0 0]
  [0 0 0 ... 0 0 0]
  ...
  [0 0 0 ... 0 0 0]
  [0 0 0 ... 0 0 0]
  [0 0 0 ... 0 0 0]]

 [[0 0 0 ... 0 0 0]
  [0 0 0 ... 0 0 0]
  [0 0 0 ... 0 0 0]
  ...
  [0 0 0 ... 0 0 0]
  [0 0 0 ... 0 0 0]
  [0 0 0 ... 0 0 0]]

 [[0 0 0 ... 0 0 0]
  [0 0 0 ... 0 0 0]
  [0 0 0 ... 0 0 0]
  ...
  [0 0 0 ... 0 0 0]
  [0 0 0 ... 0 0 0]
  [0 0 0 ... 0 0 0]]

 ...

 [[0 0 0 ... 0 0 0]
  [0 0 0 ... 0 0 0]
  [0 0 0 ... 0 0 0]
  ...
  [0 0 0 ... 0 0 0]
  [0 0 0 ... 0 0 0]
  [0 0 0 ... 0 0 0]]

 [[0 0 0 ... 0 0 0]
  [0 0 0 ... 0 0 0]
  [0 0 0 ... 0 0 0]
  ...
  [0 0 0 ... 0 0 0]
  [0 0 0 ... 0 0 0]
  [0 0 0 ... 0 0 0]]

 [[0 0 0 ... 0 0 0]
  [0 0 0 ... 0 0 0]
  [0 0 0 ... 0 0 0]
  ...
  [0 0 0 ... 0 0 0]
  [0 0 0 ... 0 0 0]
  [0 0 0 ... 0 0 0]]]","[63, 64, 65]","[202, 203, 204, 205, 206, 207, 208, 209, 210, 211, 212]","[101, 102, 103, 104, 105, 106, 107]",3,11,7,/media/bendico765/Crucial X9/Materiali Tesista/Roi masks/AMBL-023/ROI 0.npy,/media/bendico765/Crucial X9/Materiali Tesista/Cleaned Roi masks/AMBL-023/ROI 0.npy,0.6836,2.1,/media/bendico765/Crucial X9/MRI Lesions/manifest-1728494830954/Advanced-MRI-Breast-Lesions/AMBL-023/03-17-2004-NA-MRI BREASTS - Delayed contrast-69871/500.000000-Registered AX Sen Vibrant MultiPhase-97875,0.6657395062817397,0.48354669310376913,5.828838749737536,12.054345180862745,11.538983449160503,13.755915608929854,9.496874711187886,14.564455131586625,358.7238817820007,8.025053809257232,0.7646508829623497,319.296719910081,0.8900905017082751,370.94985244799994,180.7,218.0,1.4640051015959974,17.0,8.541350341364266,250.0,12.67262954564542,201.56613756613757,206.0,104.0,146.0,7.2297106230558965,202.40915396410708,-1.777503278246304,15197617.222333727,0.47369894459841544,340.55779513451483,22.085933091983154,10.72806347003085,-1.8387502677473846,1.1639423884859852,0.5867313616011922,0.27516697573308335,0.44932481363460874,1.184391536749959,0.37748274134900694,0.7953215584372308,0.7890326188679807,0.9887111254297782,0.9456444097419203,-0.10309441720868796,0.4136119895598324,0.3563237575818751,4.684018425998765,0.2974853267130117,2.4367325001121483,0.383830326824828,0.4934697872891976,9.36803685199753,1.8804734477847411,0.4376684375217944,5.547692359140489,16.534391534391535,0.04374177654600935,46.36673105456175,0.6086055821505556,21.84656084656085,196.3968253968254,4685.132275132275,8.537384971625334,0.05826239666942614,0.05016115997175233,0.9262628685159102,0.005249142311564717,79.277567083979,0.3676982762749406,0.8482226845774677,20.75815328766686,5.220412979100802,120.371066322164,0.257943702641467,0.06767849490310719,3.264720565504796,94.91558801917962,0.4273905330246031,0.5673585673585675,1.7232046137051928,0.6678646748629447,13.293678533461069,0.05117326611959665,4.2,0.21,2.4475000000000002,18.05,3271.7,78258.7,140.58296485260772,0.1325342970521542,4.9,0.245,0.5006069716174497,8.752542645101292,0.058384955740468536,3.821928094887357,0.05291005291005291,2914.49,1.0999174012806618,0.019420330534638337,8.391733816239114,0.011465275220243995,0.4661183575529868
22,AMBL-023,1,0.0,-1,-1,-1,-1,,-1.0,-1.0,-1.0,-1,/media/bendico765/Crucial X9/MRI Lesions/manifest-1728494830954/Advanced-MRI-Breast-Lesions/AMBL-023/03-17-2004-NA-MRI BREASTS - Delayed contrast-69871/600.000000-Registered Ax T2 FSE-06408,/media/bendico765/Crucial X9/MRI Lesions/manifest-1728494830954/Advanced-MRI-Breast-Lesions/AMBL-023/03-17-2004-NA-MRI BREASTS - Delayed contrast-69871/500.000000-ROI-38505/1-1.dcm,-58.73,R,"[[[0 0 0 ... 0 0 0]
  [0 0 0 ... 0 0 0]
  [0 0 0 ... 0 0 0]
  ...
  [0 0 0 ... 0 0 0]
  [0 0 0 ... 0 0 0]
  [0 0 0 ... 0 0 0]]

 [[0 0 0 ... 0 0 0]
  [0 0 0 ... 0 0 0]
  [0 0 0 ... 0 0 0]
  ...
  [0 0 0 ... 0 0 0]
  [0 0 0 ... 0 0 0]
  [0 0 0 ... 0 0 0]]

 [[0 0 0 ... 0 0 0]
  [0 0 0 ... 0 0 0]
  [0 0 0 ... 0 0 0]
  ...
  [0 0 0 ... 0 0 0]
  [0 0 0 ... 0 0 0]
  [0 0 0 ... 0 0 0]]

 ...

 [[0 0 0 ... 0 0 0]
  [0 0 0 ... 0 0 0]
  [0 0 0 ... 0 0 0]
  ...
  [0 0 0 ... 0 0 0]
  [0 0 0 ... 0 0 0]
  [0 0 0 ... 0 0 0]]

 [[0 0 0 ... 0 0 0]
  [0 0 0 ... 0 0 0]
  [0 0 0 ... 0 0 0]
  ...
  [0 0 0 ... 0 0 0]
  [0 0 0 ... 0 0 0]
  [0 0 0 ... 0 0 0]]

 [[0 0 0 ... 0 0 0]
  [0 0 0 ... 0 0 0]
  [0 0 0 ... 0 0 0]
  ...
  [0 0 0 ... 0 0 0]
  [0 0 0 ... 0 0 0]
  [0 0 0 ... 0 0 0]]]","[84, 85, 86]","[215, 216, 217, 218, 219, 220, 221, 222, 223, 224, 225]","[398, 399, 400, 401, 402, 403, 404]",3,11,7,/media/bendico765/Crucial X9/Materiali Tesista/Roi masks/AMBL-023/ROI 1.npy,/media/bendico765/Crucial X9/Materiali Tesista/Cleaned Roi masks/AMBL-023/ROI 1.npy,0.6836,2.1,/media/bendico765/Crucial X9/MRI Lesions/manifest-1728494830954/Advanced-MRI-Breast-Lesions/AMBL-023/03-17-2004-NA-MRI BREASTS - Delayed contrast-69871/500.000000-Registered AX Sen Vibrant MultiPhase-97875,0.8480817198588094,0.5509552418928836,6.7266280049343,12.209028054300802,12.169717571086027,13.82382374887643,12.549227845568826,15.299897855868188,304.2999120280002,10.354253510095877,0.44425646183203304,492.4758316126613,1.618389661471036,327.77050454399995,194.0,262.0,2.0379306371822326,27.0,4.845644829941989,325.0,20.506974075800493,239.2185628742515,246.5,148.0,177.0,12.275248560962849,240.89615001037347,-0.9796870510699673,19020835.428960625,0.30965613682814014,805.4342661981427,27.242195155540973,41.43160126316301,-3.7695622713159787,2.7981327188841574,2.179592528436921,0.04483411821691357,0.98231337284537,1.7994325188082256,1.1248359376767747,0.6453962814913872,0.6157564798645254,0.9762067398373558,0.911264083491976,-0.15304625349994241,0.6174992606164456,0.44060136104296127,5.201896181981301,0.13318353421492235,3.493278560840721,0.5103933083843938,0.22945707266780765,10.403792363962602,2.4585982445506174,1.2444313118302697,5.13546133211435,33.01796407185629,0.09885617985585715,9.739395460575853,1.4051866327225788,27.464071856287426,43.40718562874252,1325.679640718563,1.7582323707648948,0.053441535768221686,0.09908473474057165,2.902202248350159,0.007766836258666003,80.20202844528792,0.2941010599824456,1.4906776891633131,27.156435722983076,2.1339231304133266,59.48812777419967,0.10762199432030023,0.055351689087091566,2.8502977146660595,204.38848225694346,0.7159394874832652,0.8152924919391984,0.4126226011761768,0.8507505040684834,22.86900781366633,0.048439719523313926,6.0,0.16666666666666666,3.131944444444444,27.305555555555557,600.2777777777778,19002.36111111111,20.8109190016027,0.08538852320763696,7.444444444444445,0.20679012345679013,0.43354195358058356,14.322538440337404,0.04556592220499703,4.5724312513221115,0.10778443113772455,514.2006172839507,0.8025446194853167,0.01980659800573776,21.604546717427613,0.024370839825411,0.6976710936601452
23,AMBL-024,0,0.0,-1,-1,-1,-1,,-1,-1,-1.0,-1,/media/bendico765/Crucial X9/MRI Lesions/manifest-1728494830954/Advanced-MRI-Breast-Lesions/AMBL-024/03-17-2004-NA-MRI BREASTS - Delayed contrast-83099/600.000000-Registered Ax T2 FSE-39229,/media/bendico765/Crucial X9/MRI Lesions/manifest-1728494830954/Advanced-MRI-Breast-Lesions/AMBL-024/03-17-2004-NA-MRI BREASTS - Delayed contrast-83099/500.000000-ROI-05492/1-1.dcm,-49.1,R,"[[[0 0 0 ... 0 0 0]
  [0 0 0 ... 0 0 0]
  [0 0 0 ... 0 0 0]
  ...
  [0 0 0 ... 0 0 0]
  [0 0 0 ... 0 0 0]
  [0 0 0 ... 0 0 0]]

 [[0 0 0 ... 0 0 0]
  [0 0 0 ... 0 0 0]
  [0 0 0 ... 0 0 0]
  ...
  [0 0 0 ... 0 0 0]
  [0 0 0 ... 0 0 0]
  [0 0 0 ... 0 0 0]]

 [[0 0 0 ... 0 0 0]
  [0 0 0 ... 0 0 0]
  [0 0 0 ... 0 0 0]
  ...
  [0 0 0 ... 0 0 0]
  [0 0 0 ... 0 0 0]
  [0 0 0 ... 0 0 0]]

 ...

 [[0 0 0 ... 0 0 0]
  [0 0 0 ... 0 0 0]
  [0 0 0 ... 0 0 0]
  ...
  [0 0 0 ... 0 0 0]
  [0 0 0 ... 0 0 0]
  [0 0 0 ... 0 0 0]]

 [[0 0 0 ... 0 0 0]
  [0 0 0 ... 0 0 0]
  [0 0 0 ... 0 0 0]
  ...
  [0 0 0 ... 0 0 0]
  [0 0 0 ... 0 0 0]
  [0 0 0 ... 0 0 0]]

 [[0 0 0 ... 0 0 0]
  [0 0 0 ... 0 0 0]
  [0 0 0 ... 0 0 0]
  ...
  [0 0 0 ... 0 0 0]
  [0 0 0 ... 0 0 0]
  [0 0 0 ... 0 0 0]]]","[77, 78, 79, 80, 81, 82, 83, 84, 85, 86]","[183, 184, 185, 186, 187, 188, 189, 190, 191, 192, 193, 194, 195, 196, 197, 198, 199, 200, 201, 202, 203, 204, 205, 206, 207, 208, 209, 210, 211, 212, 213, 214, 215, 216, 217, 218, 219, 220, 221, 222, 223, 224, 225, 226, 227, 228, 229, 230, 231, 232, 233, 234, 235, 236, 237, 238]","[362, 363, 364, 365, 366, 367, 368, 369, 370, 371, 372, 373, 374, 375, 376, 377, 378, 379, 380, 381, 382, 383, 384, 385, 386, 387, 388, 389, 390, 391, 392]",10,56,31,/media/bendico765/Crucial X9/Materiali Tesista/Roi masks/AMBL-024/ROI 0.npy,/media/bendico765/Crucial X9/Materiali Tesista/Cleaned Roi masks/AMBL-024/ROI 0.npy,0.6055,2.0,/media/bendico765/Crucial X9/MRI Lesions/manifest-1728494830954/Advanced-MRI-Breast-Lesions/AMBL-024/03-17-2004-NA-MRI BREASTS - Delayed contrast-83099/500.000000-Registered AX Sen Vibrant MultiPhase-04844,0.7494333161131171,0.612677273643116,19.921661932829522,32.515751423862795,30.54704660437732,42.991059073370124,39.3575,43.0592294897389,6413.70738341655,24.368387415495306,0.30681828328829436,5440.961465984294,0.8483332869305179,6544.3499625,156.0,270.0,2.894668386911457,59.0,3.8057851468620063,437.0,35.83506990247079,210.72582633053221,206.0,91.0,346.0,24.663020244963814,215.65307443995823,0.6659087641852383,304353165.727814,0.15973743222779307,2100.8746327205386,34.186988267452286,341.3703919036673,19.236549103145915,8.906382422626981,3.714947228758931,0.40957063429145724,1.3819605364152407,2.17339093646826,1.7277270597442207,0.5554024344571273,0.5072072736216433,0.9845825087764216,0.9212568882298233,-0.07748597267305235,0.5173270822276526,0.4429605075129751,5.734664753409348,0.03642631355921057,5.404588093711097,0.4288337335925411,0.07944233520905193,11.469329506818697,3.560258368583688,3.1553324128464775,6.404685512458969,764.6208403361345,0.08567180283878258,13.335330053590061,3.45367895864228,38.835182072829134,49.046834733893554,1503.879887955182,2.02015542127321,0.0395494460124334,0.12848983532535743,7.261093011510008,0.004314186266879237,1093.8527347862864,0.15139021041291106,3.7391065675690953,40.457965585524235,1.9880079710003378,71.95634643969161,0.07992328108242858,0.03912057047253897,3.787551659240083,5125.796340125126,0.6991784696525899,0.8086188321482439,0.3974211942032246,0.8576022966904616,35.76120476271458,0.03324298695545342,141.73430782459158,0.12186956820687152,5.982402376514617,60.42218400687876,6104.7730008598455,179322.86500429924,230.09769383309842,0.03427238374643328,381.3594153052451,0.3279100733493079,0.5922414516162716,38.24267502706301,0.018401514596990815,5.564453477628836,0.13030812324929972,6045.880903672937,10.138356615997616,0.0009190143687648806,98.90761751480022,0.031871009029458844,0.09134023557572021
24,AMBL-024,1,0.0,-1,-1,-1,-1,,-1.0,-1.0,-1.0,-1,/media/bendico765/Crucial X9/MRI Lesions/manifest-1728494830954/Advanced-MRI-Breast-Lesions/AMBL-024/03-17-2004-NA-MRI BREASTS - Delayed contrast-83099/600.000000-Registered Ax T2 FSE-39229,/media/bendico765/Crucial X9/MRI Lesions/manifest-1728494830954/Advanced-MRI-Breast-Lesions/AMBL-024/03-17-2004-NA-MRI BREASTS - Delayed contrast-83099/500.000000-ROI-05492/1-1.dcm,-1.1,R,"[[[0 0 0 ... 0 0 0]
  [0 0 0 ... 0 0 0]
  [0 0 0 ... 0 0 0]
  ...
  [0 0 0 ... 0 0 0]
  [0 0 0 ... 0 0 0]
  [0 0 0 ... 0 0 0]]

 [[0 0 0 ... 0 0 0]
  [0 0 0 ... 0 0 0]
  [0 0 0 ... 0 0 0]
  ...
  [0 0 0 ... 0 0 0]
  [0 0 0 ... 0 0 0]
  [0 0 0 ... 0 0 0]]

 [[0 0 0 ... 0 0 0]
  [0 0 0 ... 0 0 0]
  [0 0 0 ... 0 0 0]
  ...
  [0 0 0 ... 0 0 0]
  [0 0 0 ... 0 0 0]
  [0 0 0 ... 0 0 0]]

 ...

 [[0 0 0 ... 0 0 0]
  [0 0 0 ... 0 0 0]
  [0 0 0 ... 0 0 0]
  ...
  [0 0 0 ... 0 0 0]
  [0 0 0 ... 0 0 0]
  [0 0 0 ... 0 0 0]]

 [[0 0 0 ... 0 0 0]
  [0 0 0 ... 0 0 0]
  [0 0 0 ... 0 0 0]
  ...
  [0 0 0 ... 0 0 0]
  [0 0 0 ... 0 0 0]
  [0 0 0 ... 0 0 0]]

 [[0 0 0 ... 0 0 0]
  [0 0 0 ... 0 0 0]
  [0 0 0 ... 0 0 0]
  ...
  [0 0 0 ... 0 0 0]
  [0 0 0 ... 0 0 0]
  [0 0 0 ... 0 0 0]]]","[59, 60, 61]","[202, 203, 204, 205, 206, 207, 208, 209, 210, 211, 212, 213, 214, 215, 216, 217, 218, 219, 220]","[381, 382, 383, 384, 385, 386, 387, 388]",3,19,8,/media/bendico765/Crucial X9/Materiali Tesista/Roi masks/AMBL-024/ROI 1.npy,/media/bendico765/Crucial X9/Materiali Tesista/Cleaned Roi masks/AMBL-024/ROI 1.npy,0.6055,2.0,/media/bendico765/Crucial X9/MRI Lesions/manifest-1728494830954/Advanced-MRI-Breast-Lesions/AMBL-024/03-17-2004-NA-MRI BREASTS - Delayed contrast-83099/500.000000-Registered AX Sen Vibrant MultiPhase-04844,0.7924630706397556,0.34882713920127484,4.735729254914658,13.576149108576445,10.448241777926084,15.538630602469448,14.557207304287454,15.644446722399614,212.18725718749977,10.75859681004567,0.44187368381151326,389.34283447136744,1.8349020560048228,235.37662050000003,202.0,299.0,2.5976187035074614,50.0,2.708123544246445,374.0,29.64963461146534,254.49844236760126,259.0,170.0,204.0,22.055029585798817,257.05277831823076,-0.029765327260678928,15552776.373099001,0.18581923700274647,1306.6736735862426,24.407802071357214,71.70497843391041,-3.7660626828684487,4.809505809619584,2.3788143485689406,0.3080579501718081,1.1759289163736661,1.8553164924491172,0.9284125651329733,0.5701842692240542,0.526912418096549,0.9730427532182083,0.8924740014830402,-0.11775789734023293,0.6339526324174224,0.48553043434495985,4.877984887802279,0.054720483371609334,4.557366747467823,0.4732630167875851,0.1027938571731832,9.755969775604557,3.050943571824013,1.7970800395471314,5.483926582239789,40.046728971962615,0.1247561650216904,7.0028241185547495,2.223250938946633,23.97196261682243,27.54828660436137,698.2398753894081,1.565912363849428,0.07304311490374388,0.16492774534199814,4.403827685894392,0.01590251293159234,50.27386713451755,0.18147214611514478,2.308455653317264,23.936301947165816,1.606760728149469,38.63874237625161,0.11387955996601667,0.07458990688505227,3.207871406675731,217.29023383629414,0.7732110382443006,0.8641265276779294,0.22593241882823992,0.8968013322582925,21.443589605860975,0.06813305400819919,8.2,0.14909090909090908,3.5669421487603303,26.78181818181818,181.07272727272726,4771.036363636364,9.235198006138484,0.09665886472434092,16.2,0.29454545454545455,0.560219020921755,16.00150810297375,0.06545401623070701,4.631157442091195,0.17133956386292834,147.0095867768595,1.0705112031233843,0.022224780645207984,27.30765720060402,0.052922061486030056,0.5891277956313059
25,AMBL-025,0,0.0,-1,-1,-1,-1,,-1,-1,-1.0,-1,/media/bendico765/Crucial X9/MRI Lesions/manifest-1728494830954/Advanced-MRI-Breast-Lesions/AMBL-025/03-18-2004-NA-MRI BREASTS - Delayed contrast-60779/600.000000-Registered Ax T2 FSE-67690,/media/bendico765/Crucial X9/MRI Lesions/manifest-1728494830954/Advanced-MRI-Breast-Lesions/AMBL-025/03-18-2004-NA-MRI BREASTS - Delayed contrast-60779/500.000000-ROI-13019/1-1.dcm,34.66,R,"[[[0 0 0 ... 0 0 0]
  [0 0 0 ... 0 0 0]
  [0 0 0 ... 0 0 0]
  ...
  [0 0 0 ... 0 0 0]
  [0 0 0 ... 0 0 0]
  [0 0 0 ... 0 0 0]]

 [[0 0 0 ... 0 0 0]
  [0 0 0 ... 0 0 0]
  [0 0 0 ... 0 0 0]
  ...
  [0 0 0 ... 0 0 0]
  [0 0 0 ... 0 0 0]
  [0 0 0 ... 0 0 0]]

 [[0 0 0 ... 0 0 0]
  [0 0 0 ... 0 0 0]
  [0 0 0 ... 0 0 0]
  ...
  [0 0 0 ... 0 0 0]
  [0 0 0 ... 0 0 0]
  [0 0 0 ... 0 0 0]]

 ...

 [[0 0 0 ... 0 0 0]
  [0 0 0 ... 0 0 0]
  [0 0 0 ... 0 0 0]
  ...
  [0 0 0 ... 0 0 0]
  [0 0 0 ... 0 0 0]
  [0 0 0 ... 0 0 0]]

 [[0 0 0 ... 0 0 0]
  [0 0 0 ... 0 0 0]
  [0 0 0 ... 0 0 0]
  ...
  [0 0 0 ... 0 0 0]
  [0 0 0 ... 0 0 0]
  [0 0 0 ... 0 0 0]]

 [[0 0 0 ... 0 0 0]
  [0 0 0 ... 0 0 0]
  [0 0 0 ... 0 0 0]
  ...
  [0 0 0 ... 0 0 0]
  [0 0 0 ... 0 0 0]
  [0 0 0 ... 0 0 0]]]","[39, 40, 41, 42, 43, 44, 45, 46, 47, 48, 49, 50, 51, 52, 53]","[227, 228, 229, 230, 231, 232, 233, 234, 235, 236, 237, 238, 239, 240, 241, 242, 243, 244, 245, 246, 247, 248, 249, 250, 251, 252, 253, 254, 255, 256, 257, 258, 259]","[341, 342, 343, 344, 345, 346, 347, 348, 349, 350, 351, 352, 353, 354, 355, 356, 357, 358, 359, 360, 361, 362, 363, 364, 365, 366, 367, 368, 369, 370, 371, 372, 373, 374, 375]",15,33,35,/media/bendico765/Crucial X9/Materiali Tesista/Roi masks/AMBL-025/ROI 0.npy,/media/bendico765/Crucial X9/Materiali Tesista/Cleaned Roi masks/AMBL-025/ROI 0.npy,0.6641,2.0,/media/bendico765/Crucial X9/MRI Lesions/manifest-1728494830954/Advanced-MRI-Breast-Lesions/AMBL-025/03-18-2004-NA-MRI BREASTS - Delayed contrast-60779/500.000000-Registered AX Sen Vibrant MultiPhase-11184,0.6108562632356607,0.5514383654848476,19.194352388291513,34.80779283721951,39.7470588397431,39.07563472561898,28.026278929069413,46.38320842902095,6800.737755001609,21.262558264024904,0.4369005606472467,3973.185799761365,0.5842286444348309,6925.916432240001,125.0,360.0,3.718646941663069,81.0,4.162523169687155,694.0,65.25654657651525,228.1929444727458,215.0,-45.0,739.0,38.70509206738473,245.21467120052515,0.7206467063689217,416456982.46690017,0.1087405592353081,8058.215064840016,129.96041602241291,5567.8237500094365,163.41290102835075,31.364365176959325,11.413653404816383,0.4530686378520955,2.2482123283500846,2.8259709019818726,6.229305265552796,0.4860400441823737,0.4248141391898246,0.988209505880267,0.9353065200873493,-0.10322737917110802,0.6915776333191972,0.3622933372826279,11.17808772845776,0.029202712628951286,6.658531740432367,0.5735045388384178,0.117917956661154,22.356175456915516,4.243700204835477,10.694504645443926,6.933729860395766,768.588385124809,0.09788440972042906,24.036820442059923,13.009071023304543,148.60163015792156,56.60468670402445,6816.035914416709,0.5195183522818794,0.010936488101614341,0.20817543450957646,40.5068492277333,0.0023770779948900566,565.1304093188339,0.0878098572664502,14.722055930937469,154.28162833874478,1.9722415376991869,273.35178380887265,0.020428952615256773,0.011185703571008768,4.5953139682658,4797.909613361455,0.7430108467665391,0.8189682197578276,0.4659362895544335,0.883518893685584,139.73899216094117,0.009995427714539696,113.16960352422907,0.06231806361466359,21.1588377418541,199.44603524229075,2201.5980176211456,259945.32268722466,19.032103836493974,0.011657079529115025,694.3799559471365,0.3823678171515069,0.6413389933065061,133.58759689290537,0.007298385243164711,6.175437970520434,0.2312786551197147,2182.9028702284154,2.017477269250877,0.0011532585651025714,628.8965040547985,0.0537711934148429,0.42547874458812246
26,AMBL-026,0,0.0,-1,-1,-1,-1,,-1,-1,-1.0,-1,/media/bendico765/Crucial X9/MRI Lesions/manifest-1728494830954/Advanced-MRI-Breast-Lesions/AMBL-026/03-18-2004-NA-MRI BREASTS - Delayed contrast-73242/600.000000-Registered Ax T2 FSE-45034,/media/bendico765/Crucial X9/MRI Lesions/manifest-1728494830954/Advanced-MRI-Breast-Lesions/AMBL-026/03-18-2004-NA-MRI BREASTS - Delayed contrast-73242/500.000000-ROI-95541/1-1.dcm,-42.02,L,"[[[0 0 0 ... 0 0 0]
  [0 0 0 ... 0 0 0]
  [0 0 0 ... 0 0 0]
  ...
  [0 0 0 ... 0 0 0]
  [0 0 0 ... 0 0 0]
  [0 0 0 ... 0 0 0]]

 [[0 0 0 ... 0 0 0]
  [0 0 0 ... 0 0 0]
  [0 0 0 ... 0 0 0]
  ...
  [0 0 0 ... 0 0 0]
  [0 0 0 ... 0 0 0]
  [0 0 0 ... 0 0 0]]

 [[0 0 0 ... 0 0 0]
  [0 0 0 ... 0 0 0]
  [0 0 0 ... 0 0 0]
  ...
  [0 0 0 ... 0 0 0]
  [0 0 0 ... 0 0 0]
  [0 0 0 ... 0 0 0]]

 ...

 [[0 0 0 ... 0 0 0]
  [0 0 0 ... 0 0 0]
  [0 0 0 ... 0 0 0]
  ...
  [0 0 0 ... 0 0 0]
  [0 0 0 ... 0 0 0]
  [0 0 0 ... 0 0 0]]

 [[0 0 0 ... 0 0 0]
  [0 0 0 ... 0 0 0]
  [0 0 0 ... 0 0 0]
  ...
  [0 0 0 ... 0 0 0]
  [0 0 0 ... 0 0 0]
  [0 0 0 ... 0 0 0]]

 [[0 0 0 ... 0 0 0]
  [0 0 0 ... 0 0 0]
  [0 0 0 ... 0 0 0]
  ...
  [0 0 0 ... 0 0 0]
  [0 0 0 ... 0 0 0]
  [0 0 0 ... 0 0 0]]]","[77, 78, 79, 80, 81, 82]","[136, 143, 144, 145, 146, 147, 148, 149, 150, 151, 152, 153, 154, 155, 156, 157, 158, 159, 160, 161, 162, 163, 164, 165, 166, 167, 168, 169, 170, 171, 172, 173, 174, 175, 176, 177, 178, 179, 180, 181, 182, 183, 184, 185, 186, 187, 188, 189, 190, 191, 192, 193, 194, 195, 196, 197, 198, 199, 200, 201, 202, 203, 204, 205, 206, 207, 208, 209, 210, 211, 212, 213, 214, 216, 217]","[130, 131, 132, 133, 134, 135, 136, 137, 138, 139, 140, 141, 142, 143, 144, 145, 146, 147, 148, 149, 150, 151, 152, 153, 154, 155, 156, 157, 158, 159, 160, 161]",6,82,32,/media/bendico765/Crucial X9/Materiali Tesista/Roi masks/AMBL-026/ROI 0.npy,/media/bendico765/Crucial X9/Materiali Tesista/Cleaned Roi masks/AMBL-026/ROI 0.npy,0.6641,2.0,/media/bendico765/Crucial X9/MRI Lesions/manifest-1728494830954/Advanced-MRI-Breast-Lesions/AMBL-026/03-18-2004-NA-MRI BREASTS - Delayed contrast-73242/500.000000-Registered AX Sen Vibrant MultiPhase-80941,0.3782964662326081,0.32490104938449277,16.749441505061263,51.55243892499628,23.99110955666703,55.7844,55.926526090219475,57.636377052691294,4727.167299985114,19.502105470998448,0.2611589550947768,5215.706972878992,1.1033472356468992,4922.76357722,155.0,335.0,3.41622731162113,97.0,2.798225699871607,503.0,55.695735213424896,257.0671922594517,268.0,47.0,456.0,39.92713508450255,266.07416183285187,-0.5173875454960062,348509309.9270852,0.10873914012079469,4711.918258896741,102.05915717202325,1121.5244320821098,-41.67577570538152,18.95637399659322,9.507309802878002,0.31702095693212223,2.3075582274770032,2.7298122734207593,3.8099155811214818,0.4457155072547975,0.372536335264182,0.9779739883198382,0.9035537937468381,-0.07237531302848331,0.49028762573034146,0.3432490689569916,9.98452272639376,0.016523260321223896,6.483684501270915,0.3541419781450316,0.04412349962843699,19.969045452787523,4.0767326199035185,7.115920949867809,6.329609998570207,783.4027951979932,0.14036961032037149,5.995984147843871,7.63992031350384,103.62444006450457,21.330765095860958,2575.4441856298154,0.2461876575007967,0.016226420819899483,0.21900151754625805,19.42661499470102,0.004723747115821586,525.6881583357532,0.10596652240350092,7.768295219531857,101.89198999871951,1.6008265990431712,172.6325589803998,0.024257400711836376,0.016702016678179547,3.959125348389729,4134.783314786749,0.8186387370519378,0.8878475045828568,0.256977757888153,0.9172321020745575,92.45572218959526,0.015611054259600346,136.58258465791292,0.09439017599026463,8.725346963357214,88.73324118866621,130.2729785763649,16542.323427781615,1.2068739540508744,0.021647080517084964,423.3165169315826,0.2925476965664012,0.5574189851389817,46.66796061000705,0.013384156872253491,6.049632756332091,0.2592725318043361,115.39695072473181,2.89688943530182,0.0013730348902964034,253.93172701144675,0.0575601275145442,0.20720144458724085
27,AMBL-026,1,0.0,-1,-1,-1,-1,,-1.0,-1.0,-1.0,-1,/media/bendico765/Crucial X9/MRI Lesions/manifest-1728494830954/Advanced-MRI-Breast-Lesions/AMBL-026/03-18-2004-NA-MRI BREASTS - Delayed contrast-73242/600.000000-Registered Ax T2 FSE-45034,/media/bendico765/Crucial X9/MRI Lesions/manifest-1728494830954/Advanced-MRI-Breast-Lesions/AMBL-026/03-18-2004-NA-MRI BREASTS - Delayed contrast-73242/500.000000-ROI-95541/1-1.dcm,-36.02,L,"[[[0 0 0 ... 0 0 0]
  [0 0 0 ... 0 0 0]
  [0 0 0 ... 0 0 0]
  ...
  [0 0 0 ... 0 0 0]
  [0 0 0 ... 0 0 0]
  [0 0 0 ... 0 0 0]]

 [[0 0 0 ... 0 0 0]
  [0 0 0 ... 0 0 0]
  [0 0 0 ... 0 0 0]
  ...
  [0 0 0 ... 0 0 0]
  [0 0 0 ... 0 0 0]
  [0 0 0 ... 0 0 0]]

 [[0 0 0 ... 0 0 0]
  [0 0 0 ... 0 0 0]
  [0 0 0 ... 0 0 0]
  ...
  [0 0 0 ... 0 0 0]
  [0 0 0 ... 0 0 0]
  [0 0 0 ... 0 0 0]]

 ...

 [[0 0 0 ... 0 0 0]
  [0 0 0 ... 0 0 0]
  [0 0 0 ... 0 0 0]
  ...
  [0 0 0 ... 0 0 0]
  [0 0 0 ... 0 0 0]
  [0 0 0 ... 0 0 0]]

 [[0 0 0 ... 0 0 0]
  [0 0 0 ... 0 0 0]
  [0 0 0 ... 0 0 0]
  ...
  [0 0 0 ... 0 0 0]
  [0 0 0 ... 0 0 0]
  [0 0 0 ... 0 0 0]]

 [[0 0 0 ... 0 0 0]
  [0 0 0 ... 0 0 0]
  [0 0 0 ... 0 0 0]
  ...
  [0 0 0 ... 0 0 0]
  [0 0 0 ... 0 0 0]
  [0 0 0 ... 0 0 0]]]","[75, 76, 77]","[98, 99, 100, 101, 102, 103, 104, 105, 106, 107, 108]","[162, 163, 164, 165, 166, 167, 168, 169, 170, 171, 172, 173, 174]",3,11,13,/media/bendico765/Crucial X9/Materiali Tesista/Roi masks/AMBL-026/ROI 1.npy,/media/bendico765/Crucial X9/Materiali Tesista/Cleaned Roi masks/AMBL-026/ROI 1.npy,0.6641,2.0,/media/bendico765/Crucial X9/MRI Lesions/manifest-1728494830954/Advanced-MRI-Breast-Lesions/AMBL-026/03-18-2004-NA-MRI BREASTS - Delayed contrast-73242/500.000000-Registered AX Sen Vibrant MultiPhase-80941,0.8739089997757833,0.6668569846438854,7.561324378830322,11.338749616408705,13.211126707817165,12.384041586251236,12.894489573845101,14.786370409603569,411.14910812249906,9.909035335983777,0.5444156947806529,491.1563040612676,1.1945941128368711,433.09029142,161.0,526.0,4.228384453276843,169.5,4.228262125536444,860.0,115.18577573512636,305.5213849287169,257.0,98.0,762.0,78.44958530000194,339.1269880928871,1.2479082646842778,49808464.54056667,0.0670189687283527,21663.79740419195,121.85676491212391,50556.400289786114,1314.8000560963649,112.9538005692581,36.96271395077541,0.5144352493918162,4.322989934824485,3.5036587989996684,16.586517152063486,0.33675079516663214,0.2530030490707627,0.9688147625479009,0.8915553053950707,-0.25025484288807875,0.936468148616112,0.2502189381344222,10.136271273019808,0.007480518826730022,7.515501758814295,0.6527284748573307,0.021999654483003808,20.272542546039627,5.0518825557939655,37.479128630008375,6.351448717083409,96.83706720977597,0.19722416947001215,2.7331394842397367,34.53427686130388,129.071283095723,10.507128309572302,943.4134419551934,0.3361168701534199,0.029809172829817255,0.36423902447378587,63.712356818038366,0.010285538634684621,30.10880618719741,0.06577731968714112,35.2249068058091,131.91216422726276,1.2575851222157437,155.18482423043477,0.03790595514977094,0.02964970929538352,4.562662648171426,403.5980407411778,0.8781114655147296,0.9312235625881247,0.09289037630598844,0.948496018442387,127.04744624882346,0.02802129717272457,11.608695652173912,0.056080655324511654,44.11804242806133,167.03864734299518,13.318840579710145,1391.6328502415458,0.4187152265249682,0.02883815752168848,89.57971014492753,0.43275222292235527,0.6822738478319825,130.80404287007732,0.01922260275873354,5.825206365788297,0.4215885947046843,7.692548250834326,0.2539227790259727,0.014628538524057214,1171.9893946643951,0.16912847591985003,8.892091118787118
28,AMBL-026,2,0.0,-1.0,-1,-1,-1,,-1.0,-1.0,-1.0,-1,/media/bendico765/Crucial X9/MRI Lesions/manifest-1728494830954/Advanced-MRI-Breast-Lesions/AMBL-026/03-18-2004-NA-MRI BREASTS - Delayed contrast-73242/600.000000-Registered Ax T2 FSE-45034,/media/bendico765/Crucial X9/MRI Lesions/manifest-1728494830954/Advanced-MRI-Breast-Lesions/AMBL-026/03-18-2004-NA-MRI BREASTS - Delayed contrast-73242/500.000000-ROI-95541/1-1.dcm,17.98,R,"[[[0 0 0 ... 0 0 0]
  [0 0 0 ... 0 0 0]
  [0 0 0 ... 0 0 0]
  ...
  [0 0 0 ... 0 0 0]
  [0 0 0 ... 0 0 0]
  [0 0 0 ... 0 0 0]]

 [[0 0 0 ... 0 0 0]
  [0 0 0 ... 0 0 0]
  [0 0 0 ... 0 0 0]
  ...
  [0 0 0 ... 0 0 0]
  [0 0 0 ... 0 0 0]
  [0 0 0 ... 0 0 0]]

 [[0 0 0 ... 0 0 0]
  [0 0 0 ... 0 0 0]
  [0 0 0 ... 0 0 0]
  ...
  [0 0 0 ... 0 0 0]
  [0 0 0 ... 0 0 0]
  [0 0 0 ... 0 0 0]]

 ...

 [[0 0 0 ... 0 0 0]
  [0 0 0 ... 0 0 0]
  [0 0 0 ... 0 0 0]
  ...
  [0 0 0 ... 0 0 0]
  [0 0 0 ... 0 0 0]
  [0 0 0 ... 0 0 0]]

 [[0 0 0 ... 0 0 0]
  [0 0 0 ... 0 0 0]
  [0 0 0 ... 0 0 0]
  ...
  [0 0 0 ... 0 0 0]
  [0 0 0 ... 0 0 0]
  [0 0 0 ... 0 0 0]]

 [[0 0 0 ... 0 0 0]
  [0 0 0 ... 0 0 0]
  [0 0 0 ... 0 0 0]
  ...
  [0 0 0 ... 0 0 0]
  [0 0 0 ... 0 0 0]
  [0 0 0 ... 0 0 0]]]","[47, 48, 49, 50]","[202, 203, 204, 205, 206, 207, 208, 209, 210, 211, 212, 213, 214, 215, 216, 217, 218, 219, 220, 221, 222, 223, 224, 225, 226, 227]","[376, 377, 378, 379, 380, 381, 382, 383, 384, 385, 386, 387, 388, 389, 390, 391, 392, 393, 394]",4,26,19,/media/bendico765/Crucial X9/Materiali Tesista/Roi masks/AMBL-026/ROI 2.npy,/media/bendico765/Crucial X9/Materiali Tesista/Cleaned Roi masks/AMBL-026/ROI 2.npy,0.6641,2.0,/media/bendico765/Crucial X9/MRI Lesions/manifest-1728494830954/Advanced-MRI-Breast-Lesions/AMBL-026/03-18-2004-NA-MRI BREASTS - Delayed contrast-73242/500.000000-Registered AX Sen Vibrant MultiPhase-80941,0.8056301100515946,0.4473718113950124,8.785546621301211,19.638131857046993,18.398198422943484,21.700350900619096,21.844751598953923,24.024844898979058,1021.9005051708418,15.821070329200495,0.42945327218767304,1142.4589849362649,1.1179747726470377,1076.9923540200002,246.0,471.0,3.7407086841577355,137.0,2.238102065418765,589.0,74.20708177464935,371.2244062244062,391.0,138.0,451.0,56.864879187747626,381.27810942145203,-0.29393806639581305,156565605.952719,0.08528676096243662,7565.436947333752,101.39428839867439,4053.8070127221704,8.103973422558418,43.038360250680775,9.870070373207787,0.6302677891136075,2.3661850092723453,2.76747596855631,3.953404378537072,0.4352331971088183,0.35901435119444497,0.9749351070838302,0.8969360910892651,-0.15326745581894544,0.8119737031596183,0.33649617453884506,9.63926758918199,0.010494330177278468,7.053295552944021,0.6554940068828533,0.02950136749288885,19.278535178363988,4.642131364004655,13.22710765597214,6.473931486158759,178.14168714168713,0.14589818766722942,4.115933221584327,12.152025601657051,119.62489762489763,18.069615069615068,2045.949221949222,0.37577783041863,0.017241820604346172,0.21925049615288036,26.543546948773567,0.004325717700030464,93.18964015809755,0.08504906404284762,12.041469324737303,119.89734179814832,1.4689853444241374,177.09966648032758,0.025109903380803954,0.017128609117027353,4.2205563213865815,912.7265315513797,0.8261566957845383,0.8947898947898947,0.18766072226924121,0.9232365758343436,111.17971295518421,0.0156615196805403,25.17948717948718,0.0807034845496384,12.561873356344512,124.7724358974359,73.77884615384616,7450.865384615385,1.334173844659034,0.019541171641238197,97.01282051282051,0.31093852728468113,0.5723316201316779,69.64493279025815,0.012601469903785663,5.833721688803237,0.25552825552825553,58.463664940828394,0.6005561256471236,0.008155951355216023,189.23231189562063,0.09524176624462057,0.9819657526954273
29,AMBL-028,0,1.0,3,0,0,0,1.0,0,0,0.0,30,/media/bendico765/Crucial X9/MRI Lesions/manifest-1728494830954/Advanced-MRI-Breast-Lesions/AMBL-028/03-19-2004-NA-MRI BREASTS - Delayed contrast-15395/600.000000-Registered Ax T2 FSE-82839,/media/bendico765/Crucial X9/MRI Lesions/manifest-1728494830954/Advanced-MRI-Breast-Lesions/AMBL-028/03-19-2004-NA-MRI BREASTS - Delayed contrast-15395/500.000000-ROI-95218/1-1.dcm,-53.5,R,"[[[0 0 0 ... 0 0 0]
  [0 0 0 ... 0 0 0]
  [0 0 0 ... 0 0 0]
  ...
  [0 0 0 ... 0 0 0]
  [0 0 0 ... 0 0 0]
  [0 0 0 ... 0 0 0]]

 [[0 0 0 ... 0 0 0]
  [0 0 0 ... 0 0 0]
  [0 0 0 ... 0 0 0]
  ...
  [0 0 0 ... 0 0 0]
  [0 0 0 ... 0 0 0]
  [0 0 0 ... 0 0 0]]

 [[0 0 0 ... 0 0 0]
  [0 0 0 ... 0 0 0]
  [0 0 0 ... 0 0 0]
  ...
  [0 0 0 ... 0 0 0]
  [0 0 0 ... 0 0 0]
  [0 0 0 ... 0 0 0]]

 ...

 [[0 0 0 ... 0 0 0]
  [0 0 0 ... 0 0 0]
  [0 0 0 ... 0 0 0]
  ...
  [0 0 0 ... 0 0 0]
  [0 0 0 ... 0 0 0]
  [0 0 0 ... 0 0 0]]

 [[0 0 0 ... 0 0 0]
  [0 0 0 ... 0 0 0]
  [0 0 0 ... 0 0 0]
  ...
  [0 0 0 ... 0 0 0]
  [0 0 0 ... 0 0 0]
  [0 0 0 ... 0 0 0]]

 [[0 0 0 ... 0 0 0]
  [0 0 0 ... 0 0 0]
  [0 0 0 ... 0 0 0]
  ...
  [0 0 0 ... 0 0 0]
  [0 0 0 ... 0 0 0]
  [0 0 0 ... 0 0 0]]]","[79, 80, 81]","[211, 212, 213, 214, 215, 216, 217, 218, 219, 220, 221, 222, 223, 224, 225, 226, 227, 228, 229, 230, 231, 232]","[366, 367, 368, 369, 370, 371, 372, 373, 374, 375, 376]",3,22,11,/media/bendico765/Crucial X9/Materiali Tesista/Roi masks/AMBL-028/ROI 0.npy,/media/bendico765/Crucial X9/Materiali Tesista/Cleaned Roi masks/AMBL-028/ROI 0.npy,0.7031,2.0,/media/bendico765/Crucial X9/MRI Lesions/manifest-1728494830954/Advanced-MRI-Breast-Lesions/AMBL-028/03-19-2004-NA-MRI BREASTS - Delayed contrast-15395/500.000000-Registered AX Sen Vibrant MultiPhase-53757,0.5570593238231232,0.5299284754485515,9.297138494806537,17.544138361195042,13.547881166071688,19.400537768061998,21.70518782065707,22.19264721343535,614.1058030225016,9.773125852546627,0.4359632142242015,801.4253573035536,1.3050281455721537,643.64319222,180.0,383.0,3.648988088319032,85.0,4.994170738098871,637.0,61.90123666532169,268.85560675883255,258.0,76.0,561.0,37.18145011254748,282.08649031535197,1.0292171964601036,51216483.29402969,0.10392377554559803,7289.450732773165,79.2935167137306,6837.664358597956,217.8852969443668,42.38472062366724,19.012874336320223,0.4023630343188151,3.2517348410947426,3.1506451423605863,7.628925343784049,0.3792564758325347,0.29767158709111974,0.9680077399982732,0.8858756638494112,-0.16316973597774148,0.8391085515447316,0.2867670338068868,8.568009695207898,0.01166772075478705,7.0610218307701365,0.5412974599844412,0.03681656356826523,17.136019390415797,4.556609891755731,15.349398739996865,5.979241697973536,120.98771121351767,0.18584901876116386,2.9192946689601955,11.639524210655471,80.08909370199693,12.367127496159755,855.7480798771121,0.4821726062730647,0.036659893553185434,0.28375871940913816,27.56167658754347,0.008648273423869361,60.766389859248925,0.10123182212601153,11.972723941324727,81.09036878494723,1.3272192851249283,103.22719743368829,0.04948565201441109,0.036284998856449584,4.044424983686076,522.0760826516133,0.8642552405039751,0.9202410492733073,0.12456929810090098,0.9413987572505806,76.90109566515947,0.03394275378334409,16.087557603686637,0.07413621015523796,16.847926267281107,97.84792626728111,53.40552995391705,3382.7834101382487,1.2854862454951201,0.03148552657994281,73.56221198156682,0.33899636857864895,0.601540549869667,63.65703465104612,0.016186704613396868,5.657292048728664,0.3333333333333333,44.40552995391705,0.466197892315483,0.01095802239246048,383.89634334162196,0.09078697688354621,2.472330808379739
30,AMBL-029,0,1.0,3,2.5,0.04,0,,100,2,0.0,intermediate to high,/media/bendico765/Crucial X9/MRI Lesions/manifest-1728494830954/Advanced-MRI-Breast-Lesions/AMBL-029/03-20-2004-NA-MRI BREASTS - Delayed contrast-51836/600.000000-Registered Ax T2 FSE-21793,/media/bendico765/Crucial X9/MRI Lesions/manifest-1728494830954/Advanced-MRI-Breast-Lesions/AMBL-029/03-20-2004-NA-MRI BREASTS - Delayed contrast-51836/500.000000-ROI-47044/1-1.dcm,-39.7,R,"[[[0 0 0 ... 0 0 0]
  [0 0 0 ... 0 0 0]
  [0 0 0 ... 0 0 0]
  ...
  [0 0 0 ... 0 0 0]
  [0 0 0 ... 0 0 0]
  [0 0 0 ... 0 0 0]]

 [[0 0 0 ... 0 0 0]
  [0 0 0 ... 0 0 0]
  [0 0 0 ... 0 0 0]
  ...
  [0 0 0 ... 0 0 0]
  [0 0 0 ... 0 0 0]
  [0 0 0 ... 0 0 0]]

 [[0 0 0 ... 0 0 0]
  [0 0 0 ... 0 0 0]
  [0 0 0 ... 0 0 0]
  ...
  [0 0 0 ... 0 0 0]
  [0 0 0 ... 0 0 0]
  [0 0 0 ... 0 0 0]]

 ...

 [[0 0 0 ... 0 0 0]
  [0 0 0 ... 0 0 0]
  [0 0 0 ... 0 0 0]
  ...
  [0 0 0 ... 0 0 0]
  [0 0 0 ... 0 0 0]
  [0 0 0 ... 0 0 0]]

 [[0 0 0 ... 0 0 0]
  [0 0 0 ... 0 0 0]
  [0 0 0 ... 0 0 0]
  ...
  [0 0 0 ... 0 0 0]
  [0 0 0 ... 0 0 0]
  [0 0 0 ... 0 0 0]]

 [[0 0 0 ... 0 0 0]
  [0 0 0 ... 0 0 0]
  [0 0 0 ... 0 0 0]
  ...
  [0 0 0 ... 0 0 0]
  [0 0 0 ... 0 0 0]
  [0 0 0 ... 0 0 0]]]","[71, 72, 73, 74, 75, 76, 77, 78, 79, 80, 81, 82, 83, 84, 85, 86, 87]","[132, 133, 134, 135, 136, 137, 138, 139, 140, 141, 142, 143, 144, 145, 146, 147, 148, 149, 150, 151, 152, 153, 154, 155, 156, 157, 158, 159, 160, 161, 162, 163, 164, 165, 166, 167, 168, 169, 170, 171, 172, 173, 174, 175, 176, 177, 178, 179, 180, 181, 182, 183, 184, 185, 186, 187, 188, 189, 190, 191, 192, 193, 194, 195, 196, 197, 198, 199, 200, 201, 202, 203, 204, 205, 206, 207, 208, 209, 210, 211, 212, 213, 214, 215, 216, 217, 218, 219, 220, 221, 222, 223, 224, 225, 226, 227, 228, 229, 230, 231, 232, 233, 234, 235, 236, 237, 238, 239, 240, 241, 242, 243, 244, 245, 246, 247, 248, 249, 250, 251, 252]","[364, 366, 367, 368, 369, 370, 371, 372, 373, 374, 375, 376, 377, 378, 379, 380, 381, 382, 383, 384, 385, 386, 387, 388, 389, 390, 391, 392, 393, 394, 395, 396, 397, 398, 399, 400, 401, 402, 403, 404, 405, 406, 407, 408, 409, 410, 411, 412, 413, 414]",17,121,51,/media/bendico765/Crucial X9/Materiali Tesista/Roi masks/AMBL-029/ROI 0.npy,/media/bendico765/Crucial X9/Materiali Tesista/Cleaned Roi masks/AMBL-029/ROI 0.npy,0.7422,2.0,/media/bendico765/Crucial X9/MRI Lesions/manifest-1728494830954/Advanced-MRI-Breast-Lesions/AMBL-029/03-20-2004-NA-MRI BREASTS - Delayed contrast-51836/500.000000-Registered AX Sen Vibrant MultiPhase-85478,0.6104352777526354,0.5379699069568629,37.697678807192915,70.07395454596629,53.87309355735941,90.13734162510008,92.56992614796664,103.62579629821909,47386.472513969195,42.775613906492474,0.22079422684163608,28681.3329672602,0.6052641491473152,47239.62219503999,215.0,395.0,3.559134388452204,73.0,5.979539531801788,805.0,56.533179765414324,299.3522085918186,289.0,40.0,765.0,33.00953275411024,309.82260286274726,1.0680703945886607,4534533471.8419485,0.1156983760447988,6378.300455847902,134.99354875234087,7888.759358168192,252.4633871919421,34.98444418277535,5.424476827675237,0.7306100671264951,1.5413741639771001,2.383252538562245,2.922232313077215,0.567081822803079,0.5177525829174064,0.9948639842619154,0.956429132584762,-0.19509452716444103,0.8404840404255298,0.37712653965153514,11.295510880778854,0.02715935364438149,6.405251736993831,0.8184785621493464,0.08547770821742429,22.59102176155771,4.3966283084975695,10.10223025261264,7.388591531892633,3267.5865945239984,0.07620659999356309,25.654417259894167,10.289095512830178,142.3959139885256,74.9408554503475,9535.059004617753,0.6645356499093701,0.009989517296539917,0.10647795795260721,17.78258833453212,0.0012116867411274992,3397.393864428236,0.10252848960992691,11.79942665110051,145.57378194305682,2.7636166224312007,376.0206837284403,0.025874222459530843,0.010267331133929605,4.628845737966405,22984.60400892426,0.68290468343591,0.7684449977933815,0.9475408619181707,0.8477631703608325,125.05173218104073,0.008822942495559354,287.8570793509669,0.06398245817981038,22.501328466907342,174.2307179373194,23847.802178261834,2915072.4245387865,201.54479412937417,0.012072059776155178,1256.539008668593,0.2792929559165577,0.5429299343846943,98.90531506443988,0.0064525091011768615,6.853511582136172,0.10492560287326834,23756.97055960819,7.004986776951194,0.00027451167613690315,491.0640904744383,0.02008567442700392,0.18591178519744955
31,AMBL-029,1,1.0,3,2.5,0.04,0,,100.0,2.0,0.0,intermediate to high,/media/bendico765/Crucial X9/MRI Lesions/manifest-1728494830954/Advanced-MRI-Breast-Lesions/AMBL-029/03-20-2004-NA-MRI BREASTS - Delayed contrast-51836/600.000000-Registered Ax T2 FSE-21793,/media/bendico765/Crucial X9/MRI Lesions/manifest-1728494830954/Advanced-MRI-Breast-Lesions/AMBL-029/03-20-2004-NA-MRI BREASTS - Delayed contrast-51836/500.000000-ROI-47044/1-1.dcm,-7.7,R,"[[[0 0 0 ... 0 0 0]
  [0 0 0 ... 0 0 0]
  [0 0 0 ... 0 0 0]
  ...
  [0 0 0 ... 0 0 0]
  [0 0 0 ... 0 0 0]
  [0 0 0 ... 0 0 0]]

 [[0 0 0 ... 0 0 0]
  [0 0 0 ... 0 0 0]
  [0 0 0 ... 0 0 0]
  ...
  [0 0 0 ... 0 0 0]
  [0 0 0 ... 0 0 0]
  [0 0 0 ... 0 0 0]]

 [[0 0 0 ... 0 0 0]
  [0 0 0 ... 0 0 0]
  [0 0 0 ... 0 0 0]
  ...
  [0 0 0 ... 0 0 0]
  [0 0 0 ... 0 0 0]
  [0 0 0 ... 0 0 0]]

 ...

 [[0 0 0 ... 0 0 0]
  [0 0 0 ... 0 0 0]
  [0 0 0 ... 0 0 0]
  ...
  [0 0 0 ... 0 0 0]
  [0 0 0 ... 0 0 0]
  [0 0 0 ... 0 0 0]]

 [[0 0 0 ... 0 0 0]
  [0 0 0 ... 0 0 0]
  [0 0 0 ... 0 0 0]
  ...
  [0 0 0 ... 0 0 0]
  [0 0 0 ... 0 0 0]
  [0 0 0 ... 0 0 0]]

 [[0 0 0 ... 0 0 0]
  [0 0 0 ... 0 0 0]
  [0 0 0 ... 0 0 0]
  ...
  [0 0 0 ... 0 0 0]
  [0 0 0 ... 0 0 0]
  [0 0 0 ... 0 0 0]]]","[59, 60, 61, 62, 63, 64, 65, 66]","[155, 157, 158, 159, 160, 161, 162, 163, 164, 165, 166, 167, 168, 169, 170, 171]","[326, 327, 328, 330, 331, 332, 333, 334, 335, 336, 337, 338, 339, 340, 341, 342, 343, 344, 345, 346, 347, 348, 349, 350, 351, 352]",8,17,27,/media/bendico765/Crucial X9/Materiali Tesista/Roi masks/AMBL-029/ROI 1.npy,/media/bendico765/Crucial X9/Materiali Tesista/Cleaned Roi masks/AMBL-029/ROI 1.npy,0.7422,2.0,/media/bendico765/Crucial X9/MRI Lesions/manifest-1728494830954/Advanced-MRI-Breast-Lesions/AMBL-029/03-20-2004-NA-MRI BREASTS - Delayed contrast-51836/500.000000-Registered AX Sen Vibrant MultiPhase-85478,0.8842862676594969,0.43613712034003144,10.486597327576314,24.044266902575288,27.281642637495274,22.20575335267867,20.63529571680522,27.602818187279357,898.2245046900011,21.262015037887075,0.2857564124898732,1575.4745990588974,1.7539875508101748,1001.4650071199999,207.8,301.0,2.460225740644249,24.0,5.6318512726391035,409.0,26.210487715438205,255.33333333333334,257.0,77.0,332.0,12.357678722376525,258.65076845430445,-0.5283687324295854,66998229.32066399,0.29045203750298026,1705.1089108910892,60.1643660466497,416.2343235673526,-16.634236909512516,9.066316262842347,4.4285547740996485,0.35161104071368066,1.3488067944759097,2.240289793960821,2.5306802417059306,0.6098849662643496,0.5671116695524532,0.9797539473591571,0.9209805811365295,-0.14117701071865688,0.7147748056818451,0.3578149824987393,7.681323456401747,0.09862705017995113,4.879885818060387,0.5396923194882514,0.27696609175484516,15.362646912803493,3.2967901077363178,3.373717759235499,5.700689158498919,84.94499449944995,0.09344883883327827,14.691195852258492,2.796169826003502,63.01650165016502,45.91089108910891,2886.6226622662266,0.7890831921409157,0.022736756086707607,0.1624458523377363,10.663155886346242,0.00565998415102515,187.76256159915346,0.24887916339160857,3.1849543270934877,63.0975415520746,1.901136708151296,119.71751325252423,0.03972549132651452,0.023796136016079182,3.3504281277230725,548.6762502050037,0.7218157587374154,0.8235592790048235,0.36401613275160116,0.8695738365449629,54.964620029607325,0.0213493264328131,21.696629213483146,0.12189117535664688,6.321708117661911,64.61235955056179,912.9719101123595,58308.70786516854,14.453497104413252,0.034221264479965284,51.10112359550562,0.28708496401969447,0.5437919642783798,36.55669663445266,0.021947741708293073,5.3369482359506994,0.19581958195819582,886.8931006186087,0.7402041307986569,0.008736267291731572,67.24392196829378,0.026035730989541764,0.694856232422306
32,AMBL-031,0,1.0,-1,0,0,1,,0,0,-1.0,20 to 25,/media/bendico765/Crucial X9/MRI Lesions/manifest-1728494830954/Advanced-MRI-Breast-Lesions/AMBL-031/03-23-2004-NA-MRI BREASTS - Delayed contrast-05763/600.000000-Registered Ax T2 FSE-92269,/media/bendico765/Crucial X9/MRI Lesions/manifest-1728494830954/Advanced-MRI-Breast-Lesions/AMBL-031/03-23-2004-NA-MRI BREASTS - Delayed contrast-05763/500.000000-ROI-36543/1-1.dcm,-39.0,R,"[[[0 0 0 ... 0 0 0]
  [0 0 0 ... 0 0 0]
  [0 0 0 ... 0 0 0]
  ...
  [0 0 0 ... 0 0 0]
  [0 0 0 ... 0 0 0]
  [0 0 0 ... 0 0 0]]

 [[0 0 0 ... 0 0 0]
  [0 0 0 ... 0 0 0]
  [0 0 0 ... 0 0 0]
  ...
  [0 0 0 ... 0 0 0]
  [0 0 0 ... 0 0 0]
  [0 0 0 ... 0 0 0]]

 [[0 0 0 ... 0 0 0]
  [0 0 0 ... 0 0 0]
  [0 0 0 ... 0 0 0]
  ...
  [0 0 0 ... 0 0 0]
  [0 0 0 ... 0 0 0]
  [0 0 0 ... 0 0 0]]

 ...

 [[0 0 0 ... 0 0 0]
  [0 0 0 ... 0 0 0]
  [0 0 0 ... 0 0 0]
  ...
  [0 0 0 ... 0 0 0]
  [0 0 0 ... 0 0 0]
  [0 0 0 ... 0 0 0]]

 [[0 0 0 ... 0 0 0]
  [0 0 0 ... 0 0 0]
  [0 0 0 ... 0 0 0]
  ...
  [0 0 0 ... 0 0 0]
  [0 0 0 ... 0 0 0]
  [0 0 0 ... 0 0 0]]

 [[0 0 0 ... 0 0 0]
  [0 0 0 ... 0 0 0]
  [0 0 0 ... 0 0 0]
  ...
  [0 0 0 ... 0 0 0]
  [0 0 0 ... 0 0 0]
  [0 0 0 ... 0 0 0]]]","[70, 71, 72, 73, 74, 75, 76, 77, 78, 79, 80, 81, 82, 83, 84, 85, 86]","[145, 146, 147, 148, 149, 150, 151, 152, 153, 154, 155, 156, 157, 158, 159, 160, 161, 162, 163, 164, 165, 166, 167, 168, 169, 170, 171, 172, 173, 174, 175, 176, 177, 178, 179, 180, 181, 182, 183, 184, 185, 186, 187, 188, 189, 190, 191, 192, 193, 194, 195, 196, 197, 198, 199, 200, 201, 202, 203, 204, 205, 206, 207, 208, 209, 210, 211, 212, 213, 214, 215, 216, 217, 218, 219, 220]","[346, 347, 351, 352, 353, 354, 355, 356, 357, 358, 359, 360, 361, 362, 363, 364, 365, 366, 367, 368, 369, 370, 371, 372, 373, 374, 375, 376, 377, 378, 379, 380, 381, 382, 383, 384, 385, 386, 387, 388, 389, 390, 391, 392, 393, 394, 395, 396, 397, 398, 399, 400, 401, 402, 403, 404, 405, 406]",17,76,61,/media/bendico765/Crucial X9/Materiali Tesista/Roi masks/AMBL-031/ROI 0.npy,/media/bendico765/Crucial X9/Materiali Tesista/Cleaned Roi masks/AMBL-031/ROI 0.npy,0.6641,2.0,/media/bendico765/Crucial X9/MRI Lesions/manifest-1728494830954/Advanced-MRI-Breast-Lesions/AMBL-031/03-23-2004-NA-MRI BREASTS - Delayed contrast-05763/500.000000-Registered AX Sen Vibrant MultiPhase-06467,0.7713233988576607,0.6331411710922807,32.02682928987849,50.58402573098592,51.284619041677594,67.51184398874022,59.10863078113044,69.50606501399716,34735.09830399361,39.01664265472742,0.32532665489661816,15824.991971610747,0.4555908215118336,34728.37261464,120.0,361.0,3.9079385529389907,119.0,3.6056658762353,674.0,75.01396060561667,232.9496342578482,217.0,-8.0,682.0,50.355085834531245,252.0427409271872,0.7567974313927488,2206138736.6754403,0.0802123758016608,9260.011153223948,120.5803575876612,9306.22137577105,293.9771714101905,47.31667653078185,8.913841090482379,0.680174880415032,2.1715088143784214,2.724960004700529,4.011437755747291,0.4623564909587179,0.3929377440533853,0.98914536347856,0.9319820278214249,-0.13571143384969817,0.7720750200954639,0.3606695590749237,10.534110037506931,0.011383988498258002,7.184178943393838,0.7392069378864251,0.03992298627003606,21.068220075013862,4.709833842856194,14.057629405316051,7.267114730141711,4255.758254597175,0.10809098482670872,13.053483906413286,14.8854168011694,132.3577161434522,38.9917200040638,4191.096921670222,0.5488729216238165,0.012991939885957711,0.15971300311810824,26.701093453712733,0.0018595632266809913,2556.2893988139676,0.07702013214021441,15.267914224482366,135.98562328320884,1.753873709276025,219.80558345228218,0.02328922803567837,0.012794481078189963,4.653101885068633,25123.093970024234,0.7518623540749461,0.8425784821700701,0.3203086412461855,0.88810758859973,122.97812444135334,0.01122433594076037,438.1844927980386,0.06714442120717723,18.576515503792606,177.09102053325162,5626.322709163346,470053.93165798346,76.25569179355367,0.01142666241625981,2025.66717744407,0.3103995061973751,0.5744241645522953,105.5626541771264,0.006581609792967105,6.597352207875062,0.1657523112872092,5589.924433152135,11.077203210698348,0.00026610002541409755,504.60252737878477,0.055769404173718944,0.0939467196867849
33,AMBL-031,1,0.0,-1,-1,-1,-1,,-1.0,-1.0,-1.0,-1,/media/bendico765/Crucial X9/MRI Lesions/manifest-1728494830954/Advanced-MRI-Breast-Lesions/AMBL-031/03-23-2004-NA-MRI BREASTS - Delayed contrast-05763/600.000000-Registered Ax T2 FSE-92269,/media/bendico765/Crucial X9/MRI Lesions/manifest-1728494830954/Advanced-MRI-Breast-Lesions/AMBL-031/03-23-2004-NA-MRI BREASTS - Delayed contrast-05763/500.000000-ROI-36543/1-1.dcm,-41.0,L,"[[[0 0 0 ... 0 0 0]
  [0 0 0 ... 0 0 0]
  [0 0 0 ... 0 0 0]
  ...
  [0 0 0 ... 0 0 0]
  [0 0 0 ... 0 0 0]
  [0 0 0 ... 0 0 0]]

 [[0 0 0 ... 0 0 0]
  [0 0 0 ... 0 0 0]
  [0 0 0 ... 0 0 0]
  ...
  [0 0 0 ... 0 0 0]
  [0 0 0 ... 0 0 0]
  [0 0 0 ... 0 0 0]]

 [[0 0 0 ... 0 0 0]
  [0 0 0 ... 0 0 0]
  [0 0 0 ... 0 0 0]
  ...
  [0 0 0 ... 0 0 0]
  [0 0 0 ... 0 0 0]
  [0 0 0 ... 0 0 0]]

 ...

 [[0 0 0 ... 0 0 0]
  [0 0 0 ... 0 0 0]
  [0 0 0 ... 0 0 0]
  ...
  [0 0 0 ... 0 0 0]
  [0 0 0 ... 0 0 0]
  [0 0 0 ... 0 0 0]]

 [[0 0 0 ... 0 0 0]
  [0 0 0 ... 0 0 0]
  [0 0 0 ... 0 0 0]
  ...
  [0 0 0 ... 0 0 0]
  [0 0 0 ... 0 0 0]
  [0 0 0 ... 0 0 0]]

 [[0 0 0 ... 0 0 0]
  [0 0 0 ... 0 0 0]
  [0 0 0 ... 0 0 0]
  ...
  [0 0 0 ... 0 0 0]
  [0 0 0 ... 0 0 0]
  [0 0 0 ... 0 0 0]]]","[77, 78, 79, 80, 81]","[141, 142, 143, 144, 145, 146, 147, 148, 149, 150, 151, 152, 153, 154, 155, 156, 157, 158, 159, 160, 161, 162, 163, 164, 165, 166, 167, 168, 169, 170, 171, 172, 173, 174, 175, 176, 177, 178, 179, 180, 181, 182, 183, 184, 185, 186, 187, 188, 189, 190, 191, 192, 193, 194, 195, 196, 197, 198, 199, 200, 201, 202, 203, 204, 205, 206, 207]","[140, 141, 142, 143, 144, 145, 146, 147, 148, 149, 150, 151, 152, 153, 154, 155, 156, 157, 158, 159, 160, 161, 162, 163, 165]",5,67,26,/media/bendico765/Crucial X9/Materiali Tesista/Roi masks/AMBL-031/ROI 1.npy,/media/bendico765/Crucial X9/Materiali Tesista/Cleaned Roi masks/AMBL-031/ROI 1.npy,0.6641,2.0,/media/bendico765/Crucial X9/MRI Lesions/manifest-1728494830954/Advanced-MRI-Breast-Lesions/AMBL-031/03-23-2004-NA-MRI BREASTS - Delayed contrast-05763/500.000000-Registered AX Sen Vibrant MultiPhase-06467,0.39591427812495167,0.33068059072893113,15.338193310645059,46.38371207948591,23.809771716881286,51.7577029483535,55.13630008741973,55.90881669656407,7655.782360388985,18.363973884705263,0.4951610397598246,3793.7092554834417,0.4955351493678937,7729.4709240600005,53.0,249.0,3.505877094973172,107.0,2.655811969947951,443.0,61.14160767115904,138.66712313134772,123.0,-12.0,455.0,44.72132351342101,157.31822116054414,0.6160181028326838,191296851.42902735,0.10089829337398645,5520.451671593533,49.64122026439123,1744.6175346176826,81.87232336222489,23.95315965423716,6.974484780491346,0.5382142964772665,1.919147395120877,2.554230430114832,3.1045653823954424,0.4868961069886883,0.4227962940145725,0.9820639881236589,0.9144847416461548,-0.10378654129710523,0.6392712008427769,0.38685573818268093,6.736618531790963,0.017618227668207916,6.4458137937994975,0.5477025118657839,0.04444577744644365,13.473237063581927,4.213912331639038,7.731911108682126,6.833161583135221,870.3392673741869,0.09931978402079047,11.189272548677422,8.906521666855559,58.797215565445626,39.66415611092092,1508.2380463311652,1.7212327921093329,0.03683021792185139,0.14174636349547667,11.843209390874364,0.004655876211190346,701.1989001052758,0.09602908605722801,9.246479730045957,61.85537724222603,1.8050095841763325,96.51489736962688,0.06965301807086896,0.03593202590517992,4.288244349343206,5414.481380805483,0.7323393064560114,0.8332236062465437,0.3185091929250202,0.876283729955512,56.171662634697796,0.03095950958564016,110.37405731523378,0.08323835393305716,11.45130400460451,90.11990950226244,2173.4849170437406,59935.110105580694,96.27603838909943,0.033610717966206245,372.8989441930618,0.28122092322252024,0.5431902128177257,50.4298706078675,0.017940014869093582,6.1863752250662865,0.1513180417665183,2129.8113589675345,8.455867898940168,0.0010483314565958458,181.18847930217845,0.07403841259814509,0.1389931604503506
34,AMBL-032,0,1.0,-1,-1,-1,-1,,-1,-1,-1.0,-1,/media/bendico765/Crucial X9/MRI Lesions/manifest-1728494830954/Advanced-MRI-Breast-Lesions/AMBL-032/03-23-2004-NA-MRI BREASTS - Delayed contrast-42718/600.000000-Registered Ax T2 FSE-26593,/media/bendico765/Crucial X9/MRI Lesions/manifest-1728494830954/Advanced-MRI-Breast-Lesions/AMBL-032/03-23-2004-NA-MRI BREASTS - Delayed contrast-42718/500.000000-ROI-28906/1-1.dcm,-61.39,L,"[[[0 0 0 ... 0 0 0]
  [0 0 0 ... 0 0 0]
  [0 0 0 ... 0 0 0]
  ...
  [0 0 0 ... 0 0 0]
  [0 0 0 ... 0 0 0]
  [0 0 0 ... 0 0 0]]

 [[0 0 0 ... 0 0 0]
  [0 0 0 ... 0 0 0]
  [0 0 0 ... 0 0 0]
  ...
  [0 0 0 ... 0 0 0]
  [0 0 0 ... 0 0 0]
  [0 0 0 ... 0 0 0]]

 [[0 0 0 ... 0 0 0]
  [0 0 0 ... 0 0 0]
  [0 0 0 ... 0 0 0]
  ...
  [0 0 0 ... 0 0 0]
  [0 0 0 ... 0 0 0]
  [0 0 0 ... 0 0 0]]

 ...

 [[0 0 0 ... 0 0 0]
  [0 0 0 ... 0 0 0]
  [0 0 0 ... 0 0 0]
  ...
  [0 0 0 ... 0 0 0]
  [0 0 0 ... 0 0 0]
  [0 0 0 ... 0 0 0]]

 [[0 0 0 ... 0 0 0]
  [0 0 0 ... 0 0 0]
  [0 0 0 ... 0 0 0]
  ...
  [0 0 0 ... 0 0 0]
  [0 0 0 ... 0 0 0]
  [0 0 0 ... 0 0 0]]

 [[0 0 0 ... 0 0 0]
  [0 0 0 ... 0 0 0]
  [0 0 0 ... 0 0 0]
  ...
  [0 0 0 ... 0 0 0]
  [0 0 0 ... 0 0 0]
  [0 0 0 ... 0 0 0]]]","[71, 72, 73, 74, 75, 76, 77, 78, 79, 80, 81, 82]","[190, 191, 192, 193, 194, 195, 196, 197, 198, 199, 200, 201, 202, 203, 204, 205, 206, 207, 208, 209, 210, 211, 212, 213, 214, 215, 216, 217, 218, 219, 220, 221, 222, 223, 224, 225, 226, 227, 228, 229, 230, 231, 232, 233, 234, 235, 236, 237, 238, 239, 240]","[122, 123, 124, 125, 126, 127, 128, 129, 130, 131, 132, 133, 134, 135, 136, 137, 138, 139, 140, 141, 142, 143, 144, 145, 146, 147, 148, 149, 150, 151, 152, 153, 154, 155, 156]",12,51,35,/media/bendico765/Crucial X9/Materiali Tesista/Roi masks/AMBL-032/ROI 0.npy,/media/bendico765/Crucial X9/Materiali Tesista/Cleaned Roi masks/AMBL-032/ROI 0.npy,0.6836,2.0,/media/bendico765/Crucial X9/MRI Lesions/manifest-1728494830954/Advanced-MRI-Breast-Lesions/AMBL-032/03-23-2004-NA-MRI BREASTS - Delayed contrast-42718/500.000000-Registered AX Sen Vibrant MultiPhase-21908,0.8302647551915955,0.6768554516341098,23.55154828140355,34.79553606984154,38.1941636672411,44.04092900745851,39.51302614784142,46.73890192462805,10372.740157879742,28.889507236787313,0.287836454099574,7990.9913598026005,0.7703838366887245,10528.4708688,109.0,297.0,3.575189606622444,105.0,3.6994995230540635,593.0,60.87954280616918,196.85290723479804,185.0,16.0,577.0,43.44689459801485,210.8606787246586,0.7060652426378953,468119249.4365741,0.09786035446351651,5711.158745431696,75.18795945891165,3153.1874007841243,112.23086395864308,29.100863176005024,8.382797891398132,0.5535309264986754,2.0694554262230893,2.653797643518602,3.881367585952614,0.4730069212354068,0.40662457515321176,0.9863927986721416,0.9256212851364606,-0.10954818356327768,0.6837016388441494,0.37857791272123426,8.3669996537819,0.014601411591681181,6.753094344920485,0.5731765747815483,0.04145673313701462,16.7339993075638,4.400018359344388,9.37091526685079,6.72275495572971,1361.961562361296,0.12090204725799343,8.164605965040646,9.212183398413991,79.65441633377719,28.926320461606746,1698.775943186862,0.7224512612483435,0.022110345121715384,0.17117050055876043,17.038754445262715,0.003588385149411921,925.4895795080313,0.0950835503840196,9.494305715276779,82.14023506557933,1.6297248221159655,121.49899104486488,0.03712837902433825,0.021777836855787967,4.238695352468716,7611.508812312551,0.7736963294225572,0.8632114445696337,0.2496993880180728,0.8980942807897948,75.27932481265782,0.019351035129809797,168.57706766917292,0.07921854683701736,12.84216157463678,104.51738721804512,1437.185620300752,71910.19219924812,32.210916387982316,0.02123721910682866,605.8073308270676,0.2846838960653513,0.5465883749785961,58.45192594636435,0.011709535029701219,6.367624902952503,0.18890368397691967,1409.162328768938,5.219614448890453,0.0008142235554757067,360.4611064814437,0.04339334579937739,0.2425219306815998
35,AMBL-033,0,0.0,-1,-1,-1,-1,,-1,-1,-1.0,-1,/media/bendico765/Crucial X9/MRI Lesions/manifest-1728494830954/Advanced-MRI-Breast-Lesions/AMBL-033/03-23-2004-NA-MRI BREASTS - Delayed contrast-97015/600.000000-Registered Ax T2 FSE-64118,/media/bendico765/Crucial X9/MRI Lesions/manifest-1728494830954/Advanced-MRI-Breast-Lesions/AMBL-033/03-23-2004-NA-MRI BREASTS - Delayed contrast-97015/500.000000-ROI-77826/1-1.dcm,-47.15,R,"[[[0 0 0 ... 0 0 0]
  [0 0 0 ... 0 0 0]
  [0 0 0 ... 0 0 0]
  ...
  [0 0 0 ... 0 0 0]
  [0 0 0 ... 0 0 0]
  [0 0 0 ... 0 0 0]]

 [[0 0 0 ... 0 0 0]
  [0 0 0 ... 0 0 0]
  [0 0 0 ... 0 0 0]
  ...
  [0 0 0 ... 0 0 0]
  [0 0 0 ... 0 0 0]
  [0 0 0 ... 0 0 0]]

 [[0 0 0 ... 0 0 0]
  [0 0 0 ... 0 0 0]
  [0 0 0 ... 0 0 0]
  ...
  [0 0 0 ... 0 0 0]
  [0 0 0 ... 0 0 0]
  [0 0 0 ... 0 0 0]]

 ...

 [[0 0 0 ... 0 0 0]
  [0 0 0 ... 0 0 0]
  [0 0 0 ... 0 0 0]
  ...
  [0 0 0 ... 0 0 0]
  [0 0 0 ... 0 0 0]
  [0 0 0 ... 0 0 0]]

 [[0 0 0 ... 0 0 0]
  [0 0 0 ... 0 0 0]
  [0 0 0 ... 0 0 0]
  ...
  [0 0 0 ... 0 0 0]
  [0 0 0 ... 0 0 0]
  [0 0 0 ... 0 0 0]]

 [[0 0 0 ... 0 0 0]
  [0 0 0 ... 0 0 0]
  [0 0 0 ... 0 0 0]
  ...
  [0 0 0 ... 0 0 0]
  [0 0 0 ... 0 0 0]
  [0 0 0 ... 0 0 0]]]","[82, 83, 84, 85, 86]","[131, 132, 133, 134, 135, 136, 137, 138, 139, 140, 141, 142, 143, 144, 145, 146, 147, 148, 149, 150, 151, 152, 153, 154, 155, 156, 157, 158, 159, 160, 162, 163, 164, 165, 166, 167, 168, 169, 170, 171, 172, 173, 174, 175, 176, 177, 178, 179, 180, 181, 182, 183, 184, 185, 186]","[356, 357, 358, 359, 360, 361, 362, 363, 364, 365, 366, 367, 368, 369, 370, 371, 372, 373, 374, 375, 376, 377, 378, 379, 380, 381]",5,56,26,/media/bendico765/Crucial X9/Materiali Tesista/Roi masks/AMBL-033/ROI 0.npy,/media/bendico765/Crucial X9/Materiali Tesista/Cleaned Roi masks/AMBL-033/ROI 0.npy,0.7422,2.0,/media/bendico765/Crucial X9/MRI Lesions/manifest-1728494830954/Advanced-MRI-Breast-Lesions/AMBL-033/03-23-2004-NA-MRI BREASTS - Delayed contrast-97015/500.000000-Registered AX Sen Vibrant MultiPhase-95961,0.5069714677206026,0.46334380700734235,13.93390558226967,30.07249772532056,19.526798094925855,35.57557501207816,33.48959047584786,35.58331629120591,3381.734696760013,15.24589830983025,0.4476743337656111,2433.7816787802967,0.7196843918927363,3440.6768066399995,80.0,240.0,3.0783516906578865,116.0,1.6357189482693275,286.0,54.43488710135999,155.63272494396415,150.0,33.0,253.0,45.804373880970545,167.15502802540004,0.14574781812946622,96135274.1972167,0.12816122907838087,3719.258320688673,36.898926366820646,663.4796424268989,8.706500954449455,19.577935234391774,4.238894855439104,0.6439924122270393,1.4448085407010458,2.218739895089232,1.9553258416540586,0.5599477759629636,0.5104408912857337,0.9692779120767716,0.894856764706983,-0.16504078151161364,0.7406609133709092,0.40920258718035823,5.750029756623153,0.029797146263825278,5.627522010345957,0.6612833228105143,0.09374533951189973,11.500059513246306,3.9294601088209435,5.954207522457717,6.591190829451254,264.9468459814281,0.08483728657746657,15.28179602669051,6.012754881023311,38.95292987512008,55.78322126160743,2033.203330131284,3.8570583971448746,0.05989209900368107,0.10074303683035211,4.193531793193151,0.00533852776704862,302.978425184742,0.12203529767729335,5.77291497746055,39.42913689970505,2.347026168408279,87.45671163157513,0.15224487166556375,0.05805186933399095,3.974317306351547,1743.7144456518813,0.6831197627228318,0.7936894997413729,0.6008176588487661,0.8452426111214939,33.4627276126069,0.04829149397525217,37.07096774193548,0.1195837669094693,5.53636836628512,42.119354838709675,2262.8548387096776,73748.36774193548,158.03476014430083,0.057702167210772856,73.89677419354838,0.2383766909469303,0.49511938774351055,21.46498461780972,0.026396106784302154,5.7238711120835655,0.09926352865834134,2161.365463059313,6.9011865057313635,0.002891201633275266,43.60254681894695,0.10014375956374895,0.12366372929786189
36,AMBL-034,0,0.0,-1,-1,-1,-1,,-1,-1,-1.0,-1,/media/bendico765/Crucial X9/MRI Lesions/manifest-1728494830954/Advanced-MRI-Breast-Lesions/AMBL-034/03-23-2004-NA-MRI BREASTS - Delayed contrast-25995/600.000000-Registered Ax T2 FSE-79003,/media/bendico765/Crucial X9/MRI Lesions/manifest-1728494830954/Advanced-MRI-Breast-Lesions/AMBL-034/03-23-2004-NA-MRI BREASTS - Delayed contrast-25995/500.000000-ROI-54502/1-1.dcm,-50.76,R,"[[[0 0 0 ... 0 0 0]
  [0 0 0 ... 0 0 0]
  [0 0 0 ... 0 0 0]
  ...
  [0 0 0 ... 0 0 0]
  [0 0 0 ... 0 0 0]
  [0 0 0 ... 0 0 0]]

 [[0 0 0 ... 0 0 0]
  [0 0 0 ... 0 0 0]
  [0 0 0 ... 0 0 0]
  ...
  [0 0 0 ... 0 0 0]
  [0 0 0 ... 0 0 0]
  [0 0 0 ... 0 0 0]]

 [[0 0 0 ... 0 0 0]
  [0 0 0 ... 0 0 0]
  [0 0 0 ... 0 0 0]
  ...
  [0 0 0 ... 0 0 0]
  [0 0 0 ... 0 0 0]
  [0 0 0 ... 0 0 0]]

 ...

 [[0 0 0 ... 0 0 0]
  [0 0 0 ... 0 0 0]
  [0 0 0 ... 0 0 0]
  ...
  [0 0 0 ... 0 0 0]
  [0 0 0 ... 0 0 0]
  [0 0 0 ... 0 0 0]]

 [[0 0 0 ... 0 0 0]
  [0 0 0 ... 0 0 0]
  [0 0 0 ... 0 0 0]
  ...
  [0 0 0 ... 0 0 0]
  [0 0 0 ... 0 0 0]
  [0 0 0 ... 0 0 0]]

 [[0 0 0 ... 0 0 0]
  [0 0 0 ... 0 0 0]
  [0 0 0 ... 0 0 0]
  ...
  [0 0 0 ... 0 0 0]
  [0 0 0 ... 0 0 0]
  [0 0 0 ... 0 0 0]]]","[75, 76, 77, 78, 79, 80]","[174, 175, 176, 177, 178, 179, 180, 181, 182, 183, 184, 185, 186, 187, 188, 189, 190, 191, 192, 193, 194, 195, 196, 197, 198, 199, 200]","[360, 361, 362, 363, 364, 365, 366, 367, 368, 369, 370, 371, 372, 373, 374, 375, 376, 377, 378, 379, 380]",6,27,21,/media/bendico765/Crucial X9/Materiali Tesista/Roi masks/AMBL-034/ROI 0.npy,/media/bendico765/Crucial X9/Materiali Tesista/Cleaned Roi masks/AMBL-034/ROI 0.npy,0.6836,2.0,/media/bendico765/Crucial X9/MRI Lesions/manifest-1728494830954/Advanced-MRI-Breast-Lesions/AMBL-034/03-23-2004-NA-MRI BREASTS - Delayed contrast-25995/500.000000-Registered AX Sen Vibrant MultiPhase-48757,0.847405787296738,0.810976635981721,16.328319598626294,20.134143049460587,21.496121774869064,24.950438373703978,25.541403801670732,27.788341938302114,2038.596395586637,17.06178934237329,0.38543144752874675,2017.2411234888848,0.9895245218013804,2107.5634096,98.4,305.0,3.66490907145717,104.0,2.9256648763315467,504.0,62.73074684981884,201.47982261640797,200.0,-8.0,512.0,43.59781462695958,216.260478771532,-0.08093851310376775,98567778.86280352,0.09113524515612016,6174.475756953014,86.89894837123113,2823.384256642441,10.089264716291193,30.30940222349447,7.429734822217659,0.5978660383839369,1.9924266821722734,2.5607037517753093,3.1879412728319045,0.47433052861311614,0.4070132209448118,0.9855538156248657,0.9220006806317793,-0.1518722170114176,0.7686700718420503,0.380795518303835,9.005455489051409,0.014311694516586216,6.68552172455417,0.6254793944357102,0.038119918216192775,18.010910978102814,4.448692445790396,9.434784261428034,6.7106316509232045,279.96674057649665,0.1241537652223932,6.715855674259221,9.935295500022121,101.67006651884701,25.91618625277162,2332.919733924612,0.5112535044663858,0.020045183191745777,0.18104482399721195,20.95793774948883,0.003401665809535317,177.55470796856568,0.09067393767427069,10.01703363659832,102.77978846931752,1.640532617867103,164.93814512128606,0.033179112353176374,0.02002592420394598,4.257438530281211,1575.0369434172896,0.7908055941631501,0.8699300699300699,0.2645401360995113,0.9052818669266667,93.95172520768973,0.018147514966955526,38.51039260969977,0.08893855106166229,11.151832907530574,116.77136258660508,283.392609699769,26877.81986143187,4.199061919214194,0.018850736188628488,139.11547344110855,0.32128284859378414,0.5879054506595897,72.80620975566822,0.0103602066215727,5.898202469494479,0.19201773835920177,256.2708852252665,0.9470396313516465,0.004315564630545099,268.28862412826317,0.0538611119312632,0.8395132762762779
37,AMBL-034,1,0.0,-1,-1,-1,-1,,-1.0,-1.0,-1.0,-1,/media/bendico765/Crucial X9/MRI Lesions/manifest-1728494830954/Advanced-MRI-Breast-Lesions/AMBL-034/03-23-2004-NA-MRI BREASTS - Delayed contrast-25995/600.000000-Registered Ax T2 FSE-79003,/media/bendico765/Crucial X9/MRI Lesions/manifest-1728494830954/Advanced-MRI-Breast-Lesions/AMBL-034/03-23-2004-NA-MRI BREASTS - Delayed contrast-25995/500.000000-ROI-54502/1-1.dcm,-56.76,R,"[[[0 0 0 ... 0 0 0]
  [0 0 0 ... 0 0 0]
  [0 0 0 ... 0 0 0]
  ...
  [0 0 0 ... 0 0 0]
  [0 0 0 ... 0 0 0]
  [0 0 0 ... 0 0 0]]

 [[0 0 0 ... 0 0 0]
  [0 0 0 ... 0 0 0]
  [0 0 0 ... 0 0 0]
  ...
  [0 0 0 ... 0 0 0]
  [0 0 0 ... 0 0 0]
  [0 0 0 ... 0 0 0]]

 [[0 0 0 ... 0 0 0]
  [0 0 0 ... 0 0 0]
  [0 0 0 ... 0 0 0]
  ...
  [0 0 0 ... 0 0 0]
  [0 0 0 ... 0 0 0]
  [0 0 0 ... 0 0 0]]

 ...

 [[0 0 0 ... 0 0 0]
  [0 0 0 ... 0 0 0]
  [0 0 0 ... 0 0 0]
  ...
  [0 0 0 ... 0 0 0]
  [0 0 0 ... 0 0 0]
  [0 0 0 ... 0 0 0]]

 [[0 0 0 ... 0 0 0]
  [0 0 0 ... 0 0 0]
  [0 0 0 ... 0 0 0]
  ...
  [0 0 0 ... 0 0 0]
  [0 0 0 ... 0 0 0]
  [0 0 0 ... 0 0 0]]

 [[0 0 0 ... 0 0 0]
  [0 0 0 ... 0 0 0]
  [0 0 0 ... 0 0 0]
  ...
  [0 0 0 ... 0 0 0]
  [0 0 0 ... 0 0 0]
  [0 0 0 ... 0 0 0]]]","[74, 75, 76, 77, 78, 79, 80, 81, 82, 83, 84]","[203, 204, 205, 206, 207, 208, 209, 210, 211, 212, 213, 214, 215, 216, 217, 218, 219, 220, 221, 222, 223, 224, 225, 226, 227, 228, 229, 230, 231, 232, 233, 234]","[387, 388, 389, 390, 391, 392, 393, 394, 395, 396, 397, 398, 399, 400, 401, 402, 403, 404, 405, 406, 407, 408, 409, 410, 411, 412, 413, 414, 415, 416, 417, 418, 419, 420, 421, 422, 423, 424, 425, 426]",11,32,40,/media/bendico765/Crucial X9/Materiali Tesista/Roi masks/AMBL-034/ROI 1.npy,/media/bendico765/Crucial X9/Materiali Tesista/Cleaned Roi masks/AMBL-034/ROI 1.npy,0.6836,2.0,/media/bendico765/Crucial X9/MRI Lesions/manifest-1728494830954/Advanced-MRI-Breast-Lesions/AMBL-034/03-23-2004-NA-MRI BREASTS - Delayed contrast-25995/500.000000-Registered AX Sen Vibrant MultiPhase-48757,0.7289496151173004,0.6324298960518971,19.96199076717331,31.563958142698606,39.24352516071919,30.276529388950777,34.72930212025574,41.33706329191758,3585.5837652532914,23.008535139698726,0.24876072146486222,4554.166440355596,1.270132491252476,3704.82543488,90.0,483.0,4.454962360064507,205.0,2.424258614404506,743.0,115.38060048000114,268.5580221997982,253.5,-10.0,753.0,84.5524299572145,303.4724148238704,0.34751927491998885,341197775.13805693,0.05047941564901468,19972.095271163995,167.60663886593466,31416.162332319014,611.0466392119591,105.37001865748098,24.212684543909997,0.6278091925960825,3.7085132101792615,3.3038904131228146,9.183886272124296,0.34740456183041074,0.2608638823909382,0.9768178229037753,0.9002680610324697,-0.1452022831658618,0.8107095354841225,0.2585289384123824,12.136649891722291,0.004296117177333343,8.289114969610937,0.679308540803324,0.011438848347203918,24.27329978344458,5.2849905435741436,32.39567580034775,6.802334524369261,837.6770938446014,0.21132116393657957,2.507340535047516,32.06009503034882,182.51841574167508,9.73915237134208,1887.481079717457,0.20738574661332657,0.020070589060276835,0.35965535289104744,65.377548469062,0.006779118162868058,187.6351423619666,0.05064255643697882,31.638427779621786,182.04936607756542,1.2522658851396362,230.87804268918154,0.025318893388035262,0.019996897000549678,4.785424999794696,3307.322803184015,0.8874196598608706,0.9350306605604286,0.09551072785079642,0.952536625347029,173.2580148238418,0.019001468408217453,89.56465005931199,0.05312256824395729,28.171668784449146,182.1465005931198,14.897983392645314,2803.5747330960853,0.3255861705513108,0.01917035162138049,665.638196915777,0.3948032010176613,0.652859272679278,119.18007004696636,0.011929006993382908,6.321446563198974,0.4253279515640767,9.370185562774308,1.1123256453612456,0.0026404539992813626,834.5739870830803,0.14088197512666564,0.9644752693886459
38,AMBL-035,0,0.0,-1,-1,-1,-1,,-1,-1,-1.0,-1,/media/bendico765/Crucial X9/MRI Lesions/manifest-1728494830954/Advanced-MRI-Breast-Lesions/AMBL-035/03-24-2004-NA-MRI BREASTS - Delayed contrast-85585/600.000000-Registered Ax T2 FSE-09217,/media/bendico765/Crucial X9/MRI Lesions/manifest-1728494830954/Advanced-MRI-Breast-Lesions/AMBL-035/03-24-2004-NA-MRI BREASTS - Delayed contrast-85585/500.000000-ROI-04983/1-1.dcm,-19.16,L,"[[[0 0 0 ... 0 0 0]
  [0 0 0 ... 0 0 0]
  [0 0 0 ... 0 0 0]
  ...
  [0 0 0 ... 0 0 0]
  [0 0 0 ... 0 0 0]
  [0 0 0 ... 0 0 0]]

 [[0 0 0 ... 0 0 0]
  [0 0 0 ... 0 0 0]
  [0 0 0 ... 0 0 0]
  ...
  [0 0 0 ... 0 0 0]
  [0 0 0 ... 0 0 0]
  [0 0 0 ... 0 0 0]]

 [[0 0 0 ... 0 0 0]
  [0 0 0 ... 0 0 0]
  [0 0 0 ... 0 0 0]
  ...
  [0 0 0 ... 0 0 0]
  [0 0 0 ... 0 0 0]
  [0 0 0 ... 0 0 0]]

 ...

 [[0 0 0 ... 0 0 0]
  [0 0 0 ... 0 0 0]
  [0 0 0 ... 0 0 0]
  ...
  [0 0 0 ... 0 0 0]
  [0 0 0 ... 0 0 0]
  [0 0 0 ... 0 0 0]]

 [[0 0 0 ... 0 0 0]
  [0 0 0 ... 0 0 0]
  [0 0 0 ... 0 0 0]
  ...
  [0 0 0 ... 0 0 0]
  [0 0 0 ... 0 0 0]
  [0 0 0 ... 0 0 0]]

 [[0 0 0 ... 0 0 0]
  [0 0 0 ... 0 0 0]
  [0 0 0 ... 0 0 0]
  ...
  [0 0 0 ... 0 0 0]
  [0 0 0 ... 0 0 0]
  [0 0 0 ... 0 0 0]]]","[73, 74, 75, 76, 77]","[165, 166, 167, 168, 169, 170, 171, 172, 173, 174, 175, 176, 177, 178, 179, 180, 181, 182, 183, 184, 185, 186, 187, 188, 189, 190]","[147, 148, 149, 150, 151, 152, 153, 154, 155, 156, 157, 158, 159, 160, 161, 162]",5,26,16,/media/bendico765/Crucial X9/Materiali Tesista/Roi masks/AMBL-035/ROI 0.npy,/media/bendico765/Crucial X9/Materiali Tesista/Cleaned Roi masks/AMBL-035/ROI 0.npy,0.6641,2.0,/media/bendico765/Crucial X9/MRI Lesions/manifest-1728494830954/Advanced-MRI-Breast-Lesions/AMBL-035/03-24-2004-NA-MRI BREASTS - Delayed contrast-85585/500.000000-Registered AX Sen Vibrant MultiPhase-41185,0.7435248739806034,0.5675479637547345,11.321679752488492,19.948410487789452,19.42432085016102,22.229158228776907,21.105428166706307,25.317939673085565,1312.391481357504,14.832139394047,0.3631045080276321,1596.4724148181415,1.2164605131136568,1364.54313814,78.0,337.0,3.762434130102217,181.0,1.7606283558700186,465.0,85.83969390053271,207.28312863606982,219.0,33.0,432.0,70.6795900063068,229.2109748159602,0.010575006611257624,71689918.42427075,0.07999343141363752,9571.375558925274,71.43198975835688,5820.300129788735,16.221599669061476,59.80250579272389,8.376239220654377,0.7559011111226148,2.0419739053936237,2.642212049479559,3.9734469961509835,0.48617327270237776,0.42252159629586994,0.9767634346980932,0.9064675657716953,-0.20933033963555944,0.875298738441691,0.3719181697129356,7.653167214617998,0.01537794117121184,6.725694286474667,0.7938828101476747,0.061714540577097916,15.306334429235998,4.596200154980732,17.04468625334457,6.658506765479665,190.28118939883646,0.12300012242975854,10.074783272167203,15.422492561243082,76.37750484809308,29.288299935358758,1552.513251454428,2.7978422993920775,0.05839716589921895,0.22856010380834077,19.088458873178528,0.009774778830897165,105.1334207063873,0.07813570796654871,14.642671108439353,78.58183488199171,1.6020403020001257,113.52958768789219,0.10690973097458878,0.05483689668377129,4.340839763798444,1067.4879851003768,0.7857606737197453,0.8698722092387252,0.24745409522504833,0.9046525485410783,72.25607563131634,0.04760609010538762,36.91727493917275,0.08982305337998236,10.427844968949982,85.20194647201946,159.38929440389293,5851.099756690997,16.877828905762666,0.04442563494210307,141.58880778588806,0.3444983157807496,0.607192686379026,50.78142365387641,0.024218318502123623,5.636813171149804,0.2656755009696186,145.22167166900502,1.1342711554160956,0.007046100565949169,161.94750305066088,0.12735475201622082,0.8326041304158025
39,AMBL-036,0,1.0,-1,-1,-1,-1,,-1,-1,-1.0,-1,/media/bendico765/Crucial X9/MRI Lesions/manifest-1728494830954/Advanced-MRI-Breast-Lesions/AMBL-036/03-25-2004-NA-MRI BREASTS - Delayed contrast-66604/600.000000-Registered Ax T2 FSE-32535,/media/bendico765/Crucial X9/MRI Lesions/manifest-1728494830954/Advanced-MRI-Breast-Lesions/AMBL-036/03-25-2004-NA-MRI BREASTS - Delayed contrast-66604/500.000000-ROI-09583/1-1.dcm,-36.02,R,"[[[0 0 0 ... 0 0 0]
  [0 0 0 ... 0 0 0]
  [0 0 0 ... 0 0 0]
  ...
  [0 0 0 ... 0 0 0]
  [0 0 0 ... 0 0 0]
  [0 0 0 ... 0 0 0]]

 [[0 0 0 ... 0 0 0]
  [0 0 0 ... 0 0 0]
  [0 0 0 ... 0 0 0]
  ...
  [0 0 0 ... 0 0 0]
  [0 0 0 ... 0 0 0]
  [0 0 0 ... 0 0 0]]

 [[0 0 0 ... 0 0 0]
  [0 0 0 ... 0 0 0]
  [0 0 0 ... 0 0 0]
  ...
  [0 0 0 ... 0 0 0]
  [0 0 0 ... 0 0 0]
  [0 0 0 ... 0 0 0]]

 ...

 [[0 0 0 ... 0 0 0]
  [0 0 0 ... 0 0 0]
  [0 0 0 ... 0 0 0]
  ...
  [0 0 0 ... 0 0 0]
  [0 0 0 ... 0 0 0]
  [0 0 0 ... 0 0 0]]

 [[0 0 0 ... 0 0 0]
  [0 0 0 ... 0 0 0]
  [0 0 0 ... 0 0 0]
  ...
  [0 0 0 ... 0 0 0]
  [0 0 0 ... 0 0 0]
  [0 0 0 ... 0 0 0]]

 [[0 0 0 ... 0 0 0]
  [0 0 0 ... 0 0 0]
  [0 0 0 ... 0 0 0]
  ...
  [0 0 0 ... 0 0 0]
  [0 0 0 ... 0 0 0]
  [0 0 0 ... 0 0 0]]]","[71, 72, 73, 74, 75, 76, 77, 78]","[183, 186, 187, 188, 189, 190, 191, 192, 193, 194, 195, 196, 197, 198, 199, 200, 201, 202, 203, 204, 205, 206, 207, 208, 209, 210, 211, 212, 213]","[360, 361, 362, 363, 364, 365, 366, 367, 368, 369, 370, 371, 372, 373, 374, 375, 376, 378]",8,31,19,/media/bendico765/Crucial X9/Materiali Tesista/Roi masks/AMBL-036/ROI 0.npy,/media/bendico765/Crucial X9/Materiali Tesista/Cleaned Roi masks/AMBL-036/ROI 0.npy,0.7422,2.0,/media/bendico765/Crucial X9/MRI Lesions/manifest-1728494830954/Advanced-MRI-Breast-Lesions/AMBL-036/03-25-2004-NA-MRI BREASTS - Delayed contrast-66604/500.000000-Registered AX Sen Vibrant MultiPhase-24618,0.5502260113262264,0.4951549748405164,12.898960145336618,26.050349488039014,23.64738426887845,28.058402777777637,25.592450815816765,31.559965603276567,1647.854297790013,14.33357989245791,0.388600108823899,1736.1759899538645,1.0535979984894916,1727.4995942399996,46.0,258.0,3.2721539210278543,125.0,2.6837603038317255,420.0,70.6565705044773,124.96301020408163,89.0,21.0,399.0,53.751350483867235,150.28090194630826,0.9388601406689756,39014454.57979679,0.13779902905039568,6968.595570530506,32.56566260075428,5631.434253252292,332.6203434459039,38.60898502428775,3.8442480182912204,0.8180511412488648,1.3185935268920397,2.157128391689404,2.021037526021296,0.5837992535579061,0.5424058976742308,0.9876053621483746,0.9332139644677773,-0.23694188743345235,0.8620990023095908,0.4369934590653879,4.883745620916122,0.052556158968713934,5.388077778756715,0.8536873560873042,0.145322721748963,9.767491241832243,3.869420858981612,10.613308260644741,6.482557428837254,138.65816326530611,0.08842995106205748,21.149467344335694,11.344172594101414,41.755739795918366,57.87244897959184,889.1626275510204,7.682672790461761,0.08410858916698075,0.15471413174625884,10.044658203732322,0.007822664009389212,150.31259557735467,0.11785257828960413,11.683613691355681,46.837928829197274,2.190195928726878,69.29626873054912,0.22245484741037605,0.07537022601730012,4.155466591513561,922.248429650604,0.7153320856717791,0.8053865777080063,0.547655901042275,0.8656487996764982,43.11363933039664,0.06074005569874022,26.97222222222222,0.09365354938271606,9.533552758487653,68.36458333333333,627.5208333333334,7083.03125,75.93974811191434,0.04722141607029613,81.52083333333333,0.28305844907407407,0.5428709870359795,37.824610243535545,0.025225722864865893,5.698927667497931,0.1836734693877551,597.8788580246913,1.7617566055324438,0.006991082938095202,119.87075425313238,0.07530716325606958,1.1406391847517448
40,AMBL-038,0,1.0,3,3,0,3,,100,0,100.0,low to intermediate,/media/bendico765/Crucial X9/MRI Lesions/manifest-1728494830954/Advanced-MRI-Breast-Lesions/AMBL-038/03-26-2004-NA-MRI BREASTS - Delayed contrast-65978/600.000000-Registered Ax T2 FSE-85640,/media/bendico765/Crucial X9/MRI Lesions/manifest-1728494830954/Advanced-MRI-Breast-Lesions/AMBL-038/03-26-2004-NA-MRI BREASTS - Delayed contrast-65978/500.000000-ROI-46425/1-1.dcm,-13.73,L,"[[[0 0 0 ... 0 0 0]
  [0 0 0 ... 0 0 0]
  [0 0 0 ... 0 0 0]
  ...
  [0 0 0 ... 0 0 0]
  [0 0 0 ... 0 0 0]
  [0 0 0 ... 0 0 0]]

 [[0 0 0 ... 0 0 0]
  [0 0 0 ... 0 0 0]
  [0 0 0 ... 0 0 0]
  ...
  [0 0 0 ... 0 0 0]
  [0 0 0 ... 0 0 0]
  [0 0 0 ... 0 0 0]]

 [[0 0 0 ... 0 0 0]
  [0 0 0 ... 0 0 0]
  [0 0 0 ... 0 0 0]
  ...
  [0 0 0 ... 0 0 0]
  [0 0 0 ... 0 0 0]
  [0 0 0 ... 0 0 0]]

 ...

 [[0 0 0 ... 0 0 0]
  [0 0 0 ... 0 0 0]
  [0 0 0 ... 0 0 0]
  ...
  [0 0 0 ... 0 0 0]
  [0 0 0 ... 0 0 0]
  [0 0 0 ... 0 0 0]]

 [[0 0 0 ... 0 0 0]
  [0 0 0 ... 0 0 0]
  [0 0 0 ... 0 0 0]
  ...
  [0 0 0 ... 0 0 0]
  [0 0 0 ... 0 0 0]
  [0 0 0 ... 0 0 0]]

 [[0 0 0 ... 0 0 0]
  [0 0 0 ... 0 0 0]
  [0 0 0 ... 0 0 0]
  ...
  [0 0 0 ... 0 0 0]
  [0 0 0 ... 0 0 0]
  [0 0 0 ... 0 0 0]]]","[54, 55, 56, 57, 58, 59, 60, 61, 62, 63, 64, 65, 66, 67, 68, 69, 70]","[131, 132, 133, 134, 135, 136, 137, 138, 139, 140, 141, 142, 143, 144, 145, 146, 147, 148, 149, 150, 151, 152, 153, 154, 155, 156, 157, 158, 159, 160, 161, 162, 163, 164, 165, 166, 167, 168, 169, 170, 171, 172, 173, 174, 175, 176, 177, 178, 179, 180, 181, 182, 183, 184, 185, 186, 187, 188, 189, 190, 191, 192, 193, 194, 195, 196, 197, 198, 199, 200, 201, 202, 203, 204, 205, 206, 207, 208, 209, 210, 211, 212, 213, 214, 215, 216, 217, 218, 219, 220, 221, 222, 223, 224, 225, 226, 227, 228, 229, 230, 231]","[96, 97, 98, 99, 100, 101, 102, 103, 104, 105, 106, 107, 108, 109, 110, 111, 112, 113, 114, 115, 116, 117, 118, 119, 120, 121, 122, 123, 124, 125, 126, 127, 128, 129, 130, 132, 133, 134, 135, 136]",17,101,41,/media/bendico765/Crucial X9/Materiali Tesista/Roi masks/AMBL-038/ROI 0.npy,/media/bendico765/Crucial X9/Materiali Tesista/Cleaned Roi masks/AMBL-038/ROI 0.npy,0.7422,2.0,/media/bendico765/Crucial X9/MRI Lesions/manifest-1728494830954/Advanced-MRI-Breast-Lesions/AMBL-038/03-26-2004-NA-MRI BREASTS - Delayed contrast-65978/500.000000-Registered AX Sen Vibrant MultiPhase-90145,0.5975228069453353,0.3466148735794838,25.51642163404782,73.61606087626974,47.76881134841017,77.94220354108548,87.3055636433326,91.9838141400975,18561.944579849758,43.98727533104737,0.2086923144733975,16245.259384993135,0.875191675910317,19087.328105999997,150.0,349.0,3.641683857549403,89.0,3.732331983193597,603.0,58.95961989717834,244.5669264069264,240.0,-8.0,611.0,38.334177124713555,256.68386539330197,0.4959430476379358,1257599280.8902159,0.09967549000622594,6073.625261115795,123.20111191874305,4403.082022986117,133.12513929666525,30.896256921175766,7.601246141075057,0.6014395217285371,2.073228516438955,2.6245920883376863,3.134104393356378,0.45855574355275674,0.3865916496414288,0.9891987981007133,0.9297867326657905,-0.11877592801436523,0.7216907307174923,0.36673472081311487,10.831820467939782,0.013214666624512868,6.8241712272774455,0.8211758321580228,0.03214025203809374,21.663640935879567,4.410526286203331,9.624375765562705,6.662534235294607,2345.5738528138527,0.13538665817107376,5.213038902735873,9.789100324206819,137.57108225108226,22.214083694083694,3126.39924963925,0.2228421143737957,0.01069723615070862,0.18059352404943257,25.961371660901243,0.002189941203120568,1515.39157487338,0.09953110971531873,9.72468235368437,137.28308589028475,1.5335208258505733,216.0641588391139,0.015958936802326927,0.010784610054921262,4.216751370760442,12260.581010247777,0.7970797651183026,0.8798756798756799,0.21350175554395973,0.910392654994731,125.17833734402164,0.009858571997283606,302.4272463768116,0.08766007141356857,11.378333627389202,144.9449275362319,307.5463768115942,38120.64202898551,3.1562187939178608,0.012170979691381234,962.3860869565217,0.27895248897290487,0.5422751745353774,81.46105108919477,0.007080384544136081,6.423512876352155,0.19913419913419914,282.3285129174543,5.0439666950597015,0.0005349388994241587,395.17929951062655,0.0388149864145867,0.1650435882704376
41,AMBL-042,0,0.0,-1,-1,-1,-1,,-1,-1,-1.0,-1,/media/bendico765/Crucial X9/MRI Lesions/manifest-1728494830954/Advanced-MRI-Breast-Lesions/AMBL-042/03-30-2004-NA-MRI BREASTS - Delayed contrast-91145/600.000000-Registered Ax T2 FSE-57394,/media/bendico765/Crucial X9/MRI Lesions/manifest-1728494830954/Advanced-MRI-Breast-Lesions/AMBL-042/03-30-2004-NA-MRI BREASTS - Delayed contrast-91145/500.000000-ROI-64035/1-1.dcm,-23.05,L,"[[[0 0 0 ... 0 0 0]
  [0 0 0 ... 0 0 0]
  [0 0 0 ... 0 0 0]
  ...
  [0 0 0 ... 0 0 0]
  [0 0 0 ... 0 0 0]
  [0 0 0 ... 0 0 0]]

 [[0 0 0 ... 0 0 0]
  [0 0 0 ... 0 0 0]
  [0 0 0 ... 0 0 0]
  ...
  [0 0 0 ... 0 0 0]
  [0 0 0 ... 0 0 0]
  [0 0 0 ... 0 0 0]]

 [[0 0 0 ... 0 0 0]
  [0 0 0 ... 0 0 0]
  [0 0 0 ... 0 0 0]
  ...
  [0 0 0 ... 0 0 0]
  [0 0 0 ... 0 0 0]
  [0 0 0 ... 0 0 0]]

 ...

 [[0 0 0 ... 0 0 0]
  [0 0 0 ... 0 0 0]
  [0 0 0 ... 0 0 0]
  ...
  [0 0 0 ... 0 0 0]
  [0 0 0 ... 0 0 0]
  [0 0 0 ... 0 0 0]]

 [[0 0 0 ... 0 0 0]
  [0 0 0 ... 0 0 0]
  [0 0 0 ... 0 0 0]
  ...
  [0 0 0 ... 0 0 0]
  [0 0 0 ... 0 0 0]
  [0 0 0 ... 0 0 0]]

 [[0 0 0 ... 0 0 0]
  [0 0 0 ... 0 0 0]
  [0 0 0 ... 0 0 0]
  ...
  [0 0 0 ... 0 0 0]
  [0 0 0 ... 0 0 0]
  [0 0 0 ... 0 0 0]]]","[69, 70, 71]","[161, 162, 163, 164, 165, 166, 167]","[133, 134, 135, 136]",3,7,4,/media/bendico765/Crucial X9/Materiali Tesista/Roi masks/AMBL-042/ROI 0.npy,/media/bendico765/Crucial X9/Materiali Tesista/Cleaned Roi masks/AMBL-042/ROI 0.npy,0.7031,2.0,/media/bendico765/Crucial X9/MRI Lesions/manifest-1728494830954/Advanced-MRI-Breast-Lesions/AMBL-042/03-30-2004-NA-MRI BREASTS - Delayed contrast-91145/500.000000-Registered AX Sen Vibrant MultiPhase-36592,0.545086064046986,0.4297569941740902,4.539642401156539,10.563277532878443,10.59994057766363,11.473376793254896,6.633032133948998,12.563395415650977,96.19219494583336,5.7578953738326675,0.500827314469359,202.71661278952044,2.107412279173709,114.68910951999999,105.5,259.5,2.9178781695958826,85.75,2.447763544632546,299.0,49.45882877526752,201.99137931034483,220.5,62.0,237.0,36.96526465028355,210.3304255951442,-0.7937358122217071,5073718.66296542,0.15606420927467304,3438.3706153388825,37.485461818155834,530.512076265937,-23.276882708857137,15.43872650470346,8.082873866257948,0.29724673715724387,2.203121487441569,2.4624933631597137,2.6056552854769395,0.43905553822960114,0.3623497116194646,0.9337302412875925,0.8359818708151001,-0.24848740868604333,0.8750577556403821,0.350346987741043,5.968208187663553,0.030712105507504105,5.335684254500363,0.6495217257788333,0.0678992890579622,11.936416375327106,3.5991133793507593,5.880400092740353,5.053054142501385,21.29310344827586,0.18356123662306778,2.3819857312722954,5.468118311533889,48.73275862068966,12.120689655172415,635.6465517241379,0.6263698023909435,0.06081287032693025,0.2690335444522637,11.794382330518413,0.026009088217223354,16.461078450521175,0.1541008874981046,5.40409560011048,48.40296524035867,1.3066118463490357,64.44421003207547,0.07721908633924403,0.06189122940865184,3.2597988764076176,91.41303415271014,0.8473506544685626,0.9184350132625995,0.08925288434712898,0.930541490051637,44.804272602196164,0.05845066249894464,5.634146341463414,0.13741820345032718,5.151695419393218,45.36585365853659,14.097560975609756,729.390243902439,0.7592855760190255,0.08283016933060487,11.878048780487806,0.28970850684116595,0.5408517713676885,22.64827376810094,0.06323606540200385,4.36659613917684,0.35344827586206895,6.092801903628793,0.33750950762238774,0.040387076567707104,59.40711090644843,0.17189221270611094,1.8135268728224558
42,AMBL-043,0,0.0,-1,-1,-1,-1,,-1,-1,-1.0,-1,/media/bendico765/Crucial X9/MRI Lesions/manifest-1728494830954/Advanced-MRI-Breast-Lesions/AMBL-043/03-30-2004-NA-MRI BREASTS - Delayed contrast-73191/600.000000-Registered Ax T2 FSE-67540,/media/bendico765/Crucial X9/MRI Lesions/manifest-1728494830954/Advanced-MRI-Breast-Lesions/AMBL-043/03-30-2004-NA-MRI BREASTS - Delayed contrast-73191/500.000000-ROI-93334/1-1.dcm,-68.46,L,"[[[0 0 0 ... 0 0 0]
  [0 0 0 ... 0 0 0]
  [0 0 0 ... 0 0 0]
  ...
  [0 0 0 ... 0 0 0]
  [0 0 0 ... 0 0 0]
  [0 0 0 ... 0 0 0]]

 [[0 0 0 ... 0 0 0]
  [0 0 0 ... 0 0 0]
  [0 0 0 ... 0 0 0]
  ...
  [0 0 0 ... 0 0 0]
  [0 0 0 ... 0 0 0]
  [0 0 0 ... 0 0 0]]

 [[0 0 0 ... 0 0 0]
  [0 0 0 ... 0 0 0]
  [0 0 0 ... 0 0 0]
  ...
  [0 0 0 ... 0 0 0]
  [0 0 0 ... 0 0 0]
  [0 0 0 ... 0 0 0]]

 ...

 [[0 0 0 ... 0 0 0]
  [0 0 0 ... 0 0 0]
  [0 0 0 ... 0 0 0]
  ...
  [0 0 0 ... 0 0 0]
  [0 0 0 ... 0 0 0]
  [0 0 0 ... 0 0 0]]

 [[0 0 0 ... 0 0 0]
  [0 0 0 ... 0 0 0]
  [0 0 0 ... 0 0 0]
  ...
  [0 0 0 ... 0 0 0]
  [0 0 0 ... 0 0 0]
  [0 0 0 ... 0 0 0]]

 [[0 0 0 ... 0 0 0]
  [0 0 0 ... 0 0 0]
  [0 0 0 ... 0 0 0]
  ...
  [0 0 0 ... 0 0 0]
  [0 0 0 ... 0 0 0]
  [0 0 0 ... 0 0 0]]]","[80, 81, 82]","[128, 129, 131, 132, 133, 134, 135, 136, 137, 138, 139, 140, 141, 142, 143, 144, 145, 146, 147, 148, 149]","[182, 183, 184, 185, 186, 187, 188, 189, 190, 191, 192, 193, 194, 195, 196, 197, 198]",3,22,17,/media/bendico765/Crucial X9/Materiali Tesista/Roi masks/AMBL-043/ROI 0.npy,/media/bendico765/Crucial X9/Materiali Tesista/Cleaned Roi masks/AMBL-043/ROI 0.npy,0.7617,2.0,/media/bendico765/Crucial X9/MRI Lesions/manifest-1728494830954/Advanced-MRI-Breast-Lesions/AMBL-043/03-30-2004-NA-MRI BREASTS - Delayed contrast-73191/500.000000-Registered AX Sen Vibrant MultiPhase-37449,0.7675086889756643,0.640403299903037,10.794021023972176,16.855036545886772,17.591118989137673,21.508528686314182,17.928288737634723,21.522011828358426,706.4258874824988,12.936387001970465,0.4146098529659051,925.171494225047,1.3096511758963074,743.7995929800002,259.0,510.0,3.838788471974332,165.0,2.145480177050466,585.0,82.73128716100283,397.5616224648986,418.0,137.0,448.0,64.26483362402107,409.20051231929233,-0.40279897848926205,124545566.94073977,0.07773783650253965,9389.81562544873,127.78282338158131,4320.718008630424,-41.74288923645375,44.10790240524909,15.813806044221831,0.47212200150832273,3.09991994243511,2.9684998002638867,5.254999347159048,0.37474826199109335,0.2892497338643769,0.960893525568951,0.8700122755344127,-0.20252023973356878,0.8750710643731028,0.2788595360447824,10.984781551458285,0.011131494284596123,6.866917832254876,0.6264527752768569,0.030413818224746238,21.96956310291657,4.54819056175368,14.980427112367737,6.102259259309961,125.64274570982839,0.19601052372828143,2.9934263205161593,15.164473412009805,145.6443057722309,11.36817472698908,1931.3634945397816,0.1375763939340732,0.01644777667628246,0.32590054190565515,42.34189666263025,0.006355534957525807,45.56467441769711,0.07655888763238423,15.147170579893004,144.0148186017335,1.3309057441681749,199.84175473478336,0.020722649409743558,0.016729610298741385,4.174864276747041,529.2357461089997,0.8798890597995265,0.9271570862834513,0.13209805569135047,0.9468989639310672,135.57480626572624,0.0159475289701148,18.385826771653544,0.07238514477028954,14.24775249550499,131.1259842519685,16.208661417322833,2724.7952755905512,0.17916451926128707,0.019532891691089203,90.7244094488189,0.35718271436542876,0.6190094225105716,77.62476937343799,0.012829420354413723,5.646048018546917,0.3962558502340094,9.83999317998636,0.3460471705456157,0.013274678396332014,230.26820154821436,0.14373124264981696,1.7260137263449058
43,AMBL-044,0,0.0,-1,-1,-1,-1,,-1,-1,-1.0,-1,/media/bendico765/Crucial X9/MRI Lesions/manifest-1728494830954/Advanced-MRI-Breast-Lesions/AMBL-044/03-30-2004-NA-MRI BREASTS - Delayed contrast-29907/600.000000-Registered Ax T2 FSE-75091,/media/bendico765/Crucial X9/MRI Lesions/manifest-1728494830954/Advanced-MRI-Breast-Lesions/AMBL-044/03-30-2004-NA-MRI BREASTS - Delayed contrast-29907/500.000000-ROI-12975/1-1.dcm,45.2,R,"[[[0 0 0 ... 0 0 0]
  [0 0 0 ... 0 0 0]
  [0 0 0 ... 0 0 0]
  ...
  [0 0 0 ... 0 0 0]
  [0 0 0 ... 0 0 0]
  [0 0 0 ... 0 0 0]]

 [[0 0 0 ... 0 0 0]
  [0 0 0 ... 0 0 0]
  [0 0 0 ... 0 0 0]
  ...
  [0 0 0 ... 0 0 0]
  [0 0 0 ... 0 0 0]
  [0 0 0 ... 0 0 0]]

 [[0 0 0 ... 0 0 0]
  [0 0 0 ... 0 0 0]
  [0 0 0 ... 0 0 0]
  ...
  [0 0 0 ... 0 0 0]
  [0 0 0 ... 0 0 0]
  [0 0 0 ... 0 0 0]]

 ...

 [[0 0 0 ... 0 0 0]
  [0 0 0 ... 0 0 0]
  [0 0 0 ... 0 0 0]
  ...
  [0 0 0 ... 0 0 0]
  [0 0 0 ... 0 0 0]
  [0 0 0 ... 0 0 0]]

 [[0 0 0 ... 0 0 0]
  [0 0 0 ... 0 0 0]
  [0 0 0 ... 0 0 0]
  ...
  [0 0 0 ... 0 0 0]
  [0 0 0 ... 0 0 0]
  [0 0 0 ... 0 0 0]]

 [[0 0 0 ... 0 0 0]
  [0 0 0 ... 0 0 0]
  [0 0 0 ... 0 0 0]
  ...
  [0 0 0 ... 0 0 0]
  [0 0 0 ... 0 0 0]
  [0 0 0 ... 0 0 0]]]","[48, 49, 50, 51, 52, 53, 54]","[184, 185, 186, 187, 188, 189, 190, 191, 192, 193, 194, 195, 196, 197, 198, 199, 200, 201, 202, 203, 204, 205, 206, 207, 208, 209, 210, 211, 212, 213, 214, 215, 216, 217, 218, 219, 220]","[370, 371, 372, 373, 374, 375, 376, 377, 378, 379, 380, 381, 382, 383, 384, 385, 386, 387, 388, 389, 390, 391, 392]",7,37,23,/media/bendico765/Crucial X9/Materiali Tesista/Roi masks/AMBL-044/ROI 0.npy,/media/bendico765/Crucial X9/Materiali Tesista/Cleaned Roi masks/AMBL-044/ROI 0.npy,0.7031,2.0,/media/bendico765/Crucial X9/MRI Lesions/manifest-1728494830954/Advanced-MRI-Breast-Lesions/AMBL-044/03-30-2004-NA-MRI BREASTS - Delayed contrast-29907/500.000000-Registered AX Sen Vibrant MultiPhase-73595,0.8040372766018958,0.5788096137276432,14.503956867010046,25.058251492406676,24.197333400397657,30.788078160385393,28.629209793146575,33.40580900412382,2784.9185279350154,20.147768286360055,0.35864851241154844,2669.050270803498,0.9583943817496764,2868.2164372199995,139.0,299.0,3.326460460794654,87.0,2.876825503899542,412.0,49.65592437368707,224.49844881075492,230.0,16.0,396.0,35.67822364225741,232.7372807429844,-0.2687956223148369,155361652.49640614,0.11485597152309092,3767.088329203602,83.47830517875474,1014.2264922378342,-10.436686319379682,18.939578958278755,6.095357301276233,0.513458125230334,1.834271945477531,2.4748762815320973,2.603865573703965,0.4847211252234723,0.4198530368573739,0.9804925849398793,0.9089541965156532,-0.1046794234714928,0.6751789769056857,0.40230397658822814,8.956877872815902,0.016285985829590635,6.360479909043191,0.573077239746238,0.03404944370361996,17.913755745631796,4.140108443524897,6.258734064888747,6.452940659259465,350.25060324026197,0.12073443751818752,6.584667579473422,6.1037778816300445,96.50775594622544,26.189934505342986,2322.1802826611515,0.41014969459713424,0.015820748449889867,0.17923132453418952,19.40770297867691,0.002661946599279681,289.2732397030424,0.11487270906765429,6.16767592125891,97.48139282462888,1.5655650705619986,148.90291359715695,0.024639726537520595,0.015830385795851123,3.9496659879755587,1972.7191599627267,0.7775163015862488,0.8681621721952643,0.21612606775531074,0.9013027559259582,88.59375640594226,0.014254368821153267,65.07956600361663,0.11768456781847493,6.965223391070897,113.02169981916818,306.62025316455697,23331.701627486436,4.9047886663478275,0.015225445102848895,174.54068716094034,0.3156251124067637,0.5815464594792843,65.90112644270596,0.00820651110214991,5.676108138312179,0.19062392278524648,279.1004581290937,1.8268208748845256,0.002932061716942388,141.8622366507755,0.05262574980140575,0.30347455378272775
44,AMBL-045,0,0.0,-1,-1,-1,-1,,-1,-1,-1.0,-1,/media/bendico765/Crucial X9/MRI Lesions/manifest-1728494830954/Advanced-MRI-Breast-Lesions/AMBL-045/03-30-2004-NA-MRI BREASTS - Delayed contrast-08327/600.000000-Registered Ax T2 FSE-54414,/media/bendico765/Crucial X9/MRI Lesions/manifest-1728494830954/Advanced-MRI-Breast-Lesions/AMBL-045/03-30-2004-NA-MRI BREASTS - Delayed contrast-08327/500.000000-ROI-75945/1-1.dcm,-3.45,L,"[[[0 0 0 ... 0 0 0]
  [0 0 0 ... 0 0 0]
  [0 0 0 ... 0 0 0]
  ...
  [0 0 0 ... 0 0 0]
  [0 0 0 ... 0 0 0]
  [0 0 0 ... 0 0 0]]

 [[0 0 0 ... 0 0 0]
  [0 0 0 ... 0 0 0]
  [0 0 0 ... 0 0 0]
  ...
  [0 0 0 ... 0 0 0]
  [0 0 0 ... 0 0 0]
  [0 0 0 ... 0 0 0]]

 [[0 0 0 ... 0 0 0]
  [0 0 0 ... 0 0 0]
  [0 0 0 ... 0 0 0]
  ...
  [0 0 0 ... 0 0 0]
  [0 0 0 ... 0 0 0]
  [0 0 0 ... 0 0 0]]

 ...

 [[0 0 0 ... 0 0 0]
  [0 0 0 ... 0 0 0]
  [0 0 0 ... 0 0 0]
  ...
  [0 0 0 ... 0 0 0]
  [0 0 0 ... 0 0 0]
  [0 0 0 ... 0 0 0]]

 [[0 0 0 ... 0 0 0]
  [0 0 0 ... 0 0 0]
  [0 0 0 ... 0 0 0]
  ...
  [0 0 0 ... 0 0 0]
  [0 0 0 ... 0 0 0]
  [0 0 0 ... 0 0 0]]

 [[0 0 0 ... 0 0 0]
  [0 0 0 ... 0 0 0]
  [0 0 0 ... 0 0 0]
  ...
  [0 0 0 ... 0 0 0]
  [0 0 0 ... 0 0 0]
  [0 0 0 ... 0 0 0]]]","[57, 58, 59, 60, 61, 62, 63, 64, 65, 66, 67]","[130, 131, 132, 133, 134, 135, 136, 137, 138, 139, 140, 141, 142, 143, 144, 145, 146, 147, 148, 149, 150, 151, 152, 153, 154, 155, 156, 157, 158, 159, 160, 161, 162, 163, 164, 165, 166, 167, 168, 169, 170, 171, 172, 173, 174, 175]","[121, 123, 124, 125, 126, 127, 128, 129, 130, 131, 132, 133, 134, 135, 136, 137, 138, 139, 140, 141, 142, 143, 144, 145, 146, 147, 148, 149, 150, 151, 152, 153]",11,46,33,/media/bendico765/Crucial X9/Materiali Tesista/Roi masks/AMBL-045/ROI 0.npy,/media/bendico765/Crucial X9/Materiali Tesista/Cleaned Roi masks/AMBL-045/ROI 0.npy,0.6641,2.1,/media/bendico765/Crucial X9/MRI Lesions/manifest-1728494830954/Advanced-MRI-Breast-Lesions/AMBL-045/03-30-2004-NA-MRI BREASTS - Delayed contrast-08327/500.000000-Registered AX Sen Vibrant MultiPhase-67967,0.934032147026859,0.6686443217693363,20.090512147829486,30.046635399021834,31.9520422860574,40.63459582966219,37.61996080925657,44.384986260784174,7587.415544358665,28.064523372681588,0.3197270417477819,5840.284475016038,0.7697330455768118,7714.916973330001,167.0,376.0,3.5196746701699633,124.0,2.1657954272408344,450.0,63.22846167038244,263.0285714285714,253.0,53.0,397.0,48.32246053466878,273.90506456390597,0.16247675855654964,578803810.6062449,0.0977311068485017,5839.955006002401,98.5727108865845,2550.142947327239,15.873597195172653,36.70880823042972,5.987288084757713,0.7228602141528075,1.6697874862804367,2.4538638444674827,3.0662330525574193,0.5408734329843726,0.4876573431566752,0.9811248402506492,0.9179952925210633,-0.194710502246731,0.8471638327239224,0.38609487714613444,9.530351940447416,0.019878566719377037,6.376070248890058,0.7897259831308029,0.06510638780491651,19.060703880894827,4.396491361819998,10.67402407879686,6.95005478131105,749.4331332533013,0.08996796317566642,23.891354611472444,9.434897238607327,91.06926770708283,61.741176470588236,8840.572028811524,0.6797042266487426,0.020869036781715745,0.14604666323700233,10.768221371434162,0.003798345931519125,676.1643697513634,0.10135488462535631,8.447430683617206,83.40059839861783,2.158580146807407,234.99843565634333,0.03768263864075457,0.02243852455024753,4.288246926144838,4824.521270045814,0.7125483536874412,0.8018376581401792,0.54484020850498,0.8652207063833901,68.65942525363363,0.020177856088419488,146.7242921013413,0.10933255745256429,6.664762316181779,71.63412816691505,1414.746646795827,191319.6475409836,15.548391946035167,0.028693144618381083,383.5290611028316,0.2857891662465213,0.5485117917952903,40.152883469770494,0.01489297973756784,5.873729790237172,0.16110444177671068,1376.217892195513,5.373484162225485,0.0012243896432518524,129.63517337375475,0.07736455501719633,0.12237880628257687
45,AMBL-046,0,0.0,-1,-1,-1,-1,,-1,-1,-1.0,-1,/media/bendico765/Crucial X9/MRI Lesions/manifest-1728494830954/Advanced-MRI-Breast-Lesions/AMBL-046/03-30-2004-NA-MRI BREASTS - Delayed contrast-04861/600.000000-Registered Ax T2 FSE-47373,/media/bendico765/Crucial X9/MRI Lesions/manifest-1728494830954/Advanced-MRI-Breast-Lesions/AMBL-046/03-30-2004-NA-MRI BREASTS - Delayed contrast-04861/500.000000-ROI-01645/1-1.dcm,-58.18,L,"[[[0 0 0 ... 0 0 0]
  [0 0 0 ... 0 0 0]
  [0 0 0 ... 0 0 0]
  ...
  [0 0 0 ... 0 0 0]
  [0 0 0 ... 0 0 0]
  [0 0 0 ... 0 0 0]]

 [[0 0 0 ... 0 0 0]
  [0 0 0 ... 0 0 0]
  [0 0 0 ... 0 0 0]
  ...
  [0 0 0 ... 0 0 0]
  [0 0 0 ... 0 0 0]
  [0 0 0 ... 0 0 0]]

 [[0 0 0 ... 0 0 0]
  [0 0 0 ... 0 0 0]
  [0 0 0 ... 0 0 0]
  ...
  [0 0 0 ... 0 0 0]
  [0 0 0 ... 0 0 0]
  [0 0 0 ... 0 0 0]]

 ...

 [[0 0 0 ... 0 0 0]
  [0 0 0 ... 0 0 0]
  [0 0 0 ... 0 0 0]
  ...
  [0 0 0 ... 0 0 0]
  [0 0 0 ... 0 0 0]
  [0 0 0 ... 0 0 0]]

 [[0 0 0 ... 0 0 0]
  [0 0 0 ... 0 0 0]
  [0 0 0 ... 0 0 0]
  ...
  [0 0 0 ... 0 0 0]
  [0 0 0 ... 0 0 0]
  [0 0 0 ... 0 0 0]]

 [[0 0 0 ... 0 0 0]
  [0 0 0 ... 0 0 0]
  [0 0 0 ... 0 0 0]
  ...
  [0 0 0 ... 0 0 0]
  [0 0 0 ... 0 0 0]
  [0 0 0 ... 0 0 0]]]","[74, 75, 76, 77]","[130, 132, 133, 134, 135, 136, 137, 138, 139, 140, 141, 142]","[121, 122, 123, 124, 125, 126, 127, 128]",4,13,8,/media/bendico765/Crucial X9/Materiali Tesista/Roi masks/AMBL-046/ROI 0.npy,/media/bendico765/Crucial X9/Materiali Tesista/Cleaned Roi masks/AMBL-046/ROI 0.npy,0.7422,2.0,/media/bendico765/Crucial X9/MRI Lesions/manifest-1728494830954/Advanced-MRI-Breast-Lesions/AMBL-046/03-30-2004-NA-MRI BREASTS - Delayed contrast-04861/500.000000-Registered AX Sen Vibrant MultiPhase-77163,0.8776252434267644,0.6387902968685802,7.3260961597006755,11.468702946200027,12.560713395345028,14.513929917152005,11.735212396884855,15.415782263641375,436.1440700700013,10.065223214948048,0.6141511176283793,452.8581548245032,1.0383223936801875,458.31621887999995,90.5,222.0,2.917005581389044,64.25,2.6550963260009457,277.0,39.5407382581361,147.83894230769232,140.0,52.0,225.0,28.405105955753168,155.56144439021267,0.48443608708857205,11090960.540650798,0.15175434541420119,2343.0101181120567,16.5856922271885,236.19630279671594,17.90803734840151,7.927903979669846,3.296739858207905,0.3634694735971748,1.3316983762878178,2.0641571970146497,1.416706902172207,0.5577675721833102,0.5089574865797164,0.9705837299761263,0.8920144325850217,-0.12966230713100188,0.6468818332697216,0.4430591008101272,3.9246156681736504,0.04510550179287561,4.993700734597543,0.5004971690472662,0.10270140048238761,7.849231336347301,3.3442172780767985,2.8061609594694383,5.828553024788527,42.36538461538461,0.10183986686390532,10.228897004437869,3.763677653476332,23.348557692307693,41.38461538461539,681.4206730769231,4.414957458766983,0.11471470376790317,0.10944769634920454,3.6876571535526925,0.008713081255350629,49.187767150597374,0.1438801117296696,3.9213248954614617,24.36092558170221,1.8417870679660902,40.76049295792916,0.20796708296981073,0.1150848723687605,3.6652539725323487,249.51940885028048,0.7150906382039947,0.8237795857988165,0.3061081883517698,0.8640536899853555,21.872097001187576,0.09896909786312656,8.26923076923077,0.15902366863905326,4.462647928994082,36.21153846153846,312.4230769230769,4882.634615384615,29.615217290976222,0.10333347869062154,9.307692307692308,0.17899408284023668,0.41035056119084157,16.717294988253478,0.013873805739163676,4.523145853739667,0.125,248.4230769230769,1.544231822053208,0.019857703422527944,36.63929916633835,0.07975868927753281,0.6638764464665686
46,AMBL-046,1,0.0,-1,-1,-1,-1,,-1.0,-1.0,-1.0,-1,/media/bendico765/Crucial X9/MRI Lesions/manifest-1728494830954/Advanced-MRI-Breast-Lesions/AMBL-046/03-30-2004-NA-MRI BREASTS - Delayed contrast-04861/600.000000-Registered Ax T2 FSE-47373,/media/bendico765/Crucial X9/MRI Lesions/manifest-1728494830954/Advanced-MRI-Breast-Lesions/AMBL-046/03-30-2004-NA-MRI BREASTS - Delayed contrast-04861/500.000000-ROI-01645/1-1.dcm,-52.18,R,"[[[0 0 0 ... 0 0 0]
  [0 0 0 ... 0 0 0]
  [0 0 0 ... 0 0 0]
  ...
  [0 0 0 ... 0 0 0]
  [0 0 0 ... 0 0 0]
  [0 0 0 ... 0 0 0]]

 [[0 0 0 ... 0 0 0]
  [0 0 0 ... 0 0 0]
  [0 0 0 ... 0 0 0]
  ...
  [0 0 0 ... 0 0 0]
  [0 0 0 ... 0 0 0]
  [0 0 0 ... 0 0 0]]

 [[0 0 0 ... 0 0 0]
  [0 0 0 ... 0 0 0]
  [0 0 0 ... 0 0 0]
  ...
  [0 0 0 ... 0 0 0]
  [0 0 0 ... 0 0 0]
  [0 0 0 ... 0 0 0]]

 ...

 [[0 0 0 ... 0 0 0]
  [0 0 0 ... 0 0 0]
  [0 0 0 ... 0 0 0]
  ...
  [0 0 0 ... 0 0 0]
  [0 0 0 ... 0 0 0]
  [0 0 0 ... 0 0 0]]

 [[0 0 0 ... 0 0 0]
  [0 0 0 ... 0 0 0]
  [0 0 0 ... 0 0 0]
  ...
  [0 0 0 ... 0 0 0]
  [0 0 0 ... 0 0 0]
  [0 0 0 ... 0 0 0]]

 [[0 0 0 ... 0 0 0]
  [0 0 0 ... 0 0 0]
  [0 0 0 ... 0 0 0]
  ...
  [0 0 0 ... 0 0 0]
  [0 0 0 ... 0 0 0]
  [0 0 0 ... 0 0 0]]]","[72, 73, 74]","[113, 114, 129, 130, 131, 132, 133, 134, 136, 137, 144, 145, 146, 149, 150, 151, 152, 153, 154, 155, 156, 157, 158, 159, 160, 161, 162, 163, 164, 165, 166, 167, 168, 169, 170, 171, 172, 173, 174, 175, 176, 177, 178, 179, 180, 181, 182, 183, 184, 185, 186, 187, 188, 189, 190, 191, 192, 193, 194, 195, 196, 197, 198, 199, 200, 201, 202, 203, 204, 205, 206, 207]","[371, 372, 373, 374, 375, 376, 377, 378, 379, 380, 381, 382, 383, 384, 385, 386, 387, 388, 389, 390, 391, 392, 393, 394, 395, 396, 397, 398, 399, 400, 401, 402, 405, 410, 411, 412]",3,95,42,/media/bendico765/Crucial X9/Materiali Tesista/Roi masks/AMBL-046/ROI 1.npy,/media/bendico765/Crucial X9/Materiali Tesista/Cleaned Roi masks/AMBL-046/ROI 1.npy,0.7422,2.0,/media/bendico765/Crucial X9/MRI Lesions/manifest-1728494830954/Advanced-MRI-Breast-Lesions/AMBL-046/03-30-2004-NA-MRI BREASTS - Delayed contrast-04861/500.000000-Registered AX Sen Vibrant MultiPhase-77163,0.38742493767795627,0.3675573081902014,10.478721882325981,28.50908320643026,17.519407251388387,21.07814092845951,32.22379064293957,33.637675320984954,948.2610309900014,11.045129784506912,0.2965917238423612,1573.77882849125,1.6596472670064242,1051.0424827199997,151.0,271.0,2.7055664436286113,62.0,3.123183382564267,325.0,38.270703954221226,227.38364779874215,245.0,90.0,235.0,26.670562744140625,232.28819391317876,-0.9496804522083813,56711945.36237327,0.2018753653380448,2254.4817451841304,44.878337969292524,352.5405400116558,-28.297005872513754,10.597615337713616,4.494015371508949,0.41076853378763983,1.501569285475971,2.26651372795849,2.0919174771597784,0.5547743828836038,0.5032098377927837,0.9672265047268882,0.8913372314565033,-0.11660879499746148,0.6460989229398594,0.39389744417239825,6.583502080321365,0.05165671370758241,5.201924725860388,0.489853634127024,0.155518942470594,13.16700416064273,3.5124541474316584,3.772907677305642,5.6595891646811625,118.94758909853249,0.12468300744080975,8.287607294015269,3.670759551529695,47.5440251572327,28.11530398322851,1555.7410901467506,0.7602984000685323,0.041819254430931055,0.18405784849532425,7.916464773274919,0.009396597282192611,155.4006431238017,0.18703932221082165,3.7880352664430754,46.70499682120705,1.6293074662995646,80.0113539552842,0.06316322468532704,0.043433061925018425,3.3591387193925963,657.5283200454348,0.7818916692568157,0.8671988388969522,0.24442146437551296,0.9001521328999237,41.498190852698706,0.04012255975431299,26.320388349514563,0.1277688754830804,4.717056272975776,42.66504854368932,207.09708737864077,11261.771844660194,4.471666290300671,0.05763404602036238,54.04854368932039,0.26237157130738054,0.5235468419601902,22.157972418583757,0.02785207608671007,5.373914885950763,0.21593291404612158,185.65029691771136,1.3777784334410224,0.007978280699257384,42.08198893294461,0.05768508543989058,0.37512979852977557
47,AMBL-047,0,1.0,-1,-1,-1,-1,,-1,-1,-1.0,-1,/media/bendico765/Crucial X9/MRI Lesions/manifest-1728494830954/Advanced-MRI-Breast-Lesions/AMBL-047/03-30-2004-NA-MRI BREASTS - Delayed contrast-34189/600.000000-Registered Ax T2 FSE-63787,/media/bendico765/Crucial X9/MRI Lesions/manifest-1728494830954/Advanced-MRI-Breast-Lesions/AMBL-047/03-30-2004-NA-MRI BREASTS - Delayed contrast-34189/500.000000-ROI-59699/1-1.dcm,-33.78,L,"[[[0 0 0 ... 0 0 0]
  [0 0 0 ... 0 0 0]
  [0 0 0 ... 0 0 0]
  ...
  [0 0 0 ... 0 0 0]
  [0 0 0 ... 0 0 0]
  [0 0 0 ... 0 0 0]]

 [[0 0 0 ... 0 0 0]
  [0 0 0 ... 0 0 0]
  [0 0 0 ... 0 0 0]
  ...
  [0 0 0 ... 0 0 0]
  [0 0 0 ... 0 0 0]
  [0 0 0 ... 0 0 0]]

 [[0 0 0 ... 0 0 0]
  [0 0 0 ... 0 0 0]
  [0 0 0 ... 0 0 0]
  ...
  [0 0 0 ... 0 0 0]
  [0 0 0 ... 0 0 0]
  [0 0 0 ... 0 0 0]]

 ...

 [[0 0 0 ... 0 0 0]
  [0 0 0 ... 0 0 0]
  [0 0 0 ... 0 0 0]
  ...
  [0 0 0 ... 0 0 0]
  [0 0 0 ... 0 0 0]
  [0 0 0 ... 0 0 0]]

 [[0 0 0 ... 0 0 0]
  [0 0 0 ... 0 0 0]
  [0 0 0 ... 0 0 0]
  ...
  [0 0 0 ... 0 0 0]
  [0 0 0 ... 0 0 0]
  [0 0 0 ... 0 0 0]]

 [[0 0 0 ... 0 0 0]
  [0 0 0 ... 0 0 0]
  [0 0 0 ... 0 0 0]
  ...
  [0 0 0 ... 0 0 0]
  [0 0 0 ... 0 0 0]
  [0 0 0 ... 0 0 0]]]","[47, 48, 49, 50, 51, 52, 53, 54, 55, 56, 57, 58, 59]","[205, 206, 207, 208, 209, 210, 211, 212, 213, 214, 215, 216, 217, 218, 219, 220, 221, 222, 223, 224, 225, 226, 227, 228, 229, 230, 231, 232, 233, 234, 235, 236, 237, 238, 239, 240, 241, 242, 243, 244, 245, 246, 247, 248, 249, 250, 251, 252, 253, 254, 255, 256, 257, 258, 259, 260, 261, 262, 263, 264, 265, 266, 267, 268, 269, 270, 271, 272, 273, 274, 275, 276, 277, 278, 279, 280]","[152, 153, 154, 155, 156, 157, 158, 159, 160, 161, 162, 163, 164, 165, 166, 167, 168, 169, 170, 171, 172, 173, 174, 175, 176, 177, 178, 179, 180, 181, 182, 183, 184, 185, 186, 187, 188, 189, 190, 191, 192, 193, 194, 195, 196, 197, 198, 199, 200, 201, 202, 203, 204, 205, 206, 207, 208, 209, 210, 211]",13,76,60,/media/bendico765/Crucial X9/Materiali Tesista/Roi masks/AMBL-047/ROI 0.npy,/media/bendico765/Crucial X9/Materiali Tesista/Cleaned Roi masks/AMBL-047/ROI 0.npy,0.7422,2.0,/media/bendico765/Crucial X9/MRI Lesions/manifest-1728494830954/Advanced-MRI-Breast-Lesions/AMBL-047/03-30-2004-NA-MRI BREASTS - Delayed contrast-34189/500.000000-Registered AX Sen Vibrant MultiPhase-04924,0.7267752873694985,0.6435487775616178,33.261976912596346,51.68524604867517,55.45763986179001,57.43386160828819,69.19995146038761,70.39095569204895,23775.567000031555,37.56355954978913,0.25006776931707764,15989.945847305746,0.6725368882804992,24156.349555679997,80.0,265.0,3.095747284192422,92.0,2.909086762104639,402.0,58.213280606883075,201.82057830885705,232.0,-32.0,434.0,40.93904036488997,213.87177232992653,-1.0172382854897903,1104938846.1225314,0.16167450591251395,5009.589170622413,113.84565173327626,2417.0170033314866,-160.67890250939087,30.989854136019247,3.199751653066457,0.8141450733727683,1.1881319977983955,2.0502035242663186,1.6933524085889606,0.609744190533492,0.572558924430592,0.9915509049299218,0.9448992953707211,-0.2417283446730167,0.863782908854114,0.4306730192128598,10.338450191941392,0.05207850883095967,5.451836379060444,0.8522732411693912,0.15540949886251496,20.676900383882778,3.885294916011813,8.547401447271424,6.834901458461723,1597.0175134543465,0.07283670133423088,20.601343116180537,8.116925017719625,120.32942625193834,73.27665784912888,9546.993021983033,0.8426926041764474,0.013755494449270348,0.08609525241814821,9.882122445137709,0.0012892394648200446,2357.2064510557516,0.1403224540101791,8.38998602686441,118.07286554113253,2.7693685545567366,347.5396867720049,0.03502160138390909,0.014237954848359538,4.202905406282364,11287.200762310093,0.6532191014908701,0.7593163016860911,0.8294836456567626,0.8254941467157735,96.42106915505012,0.011985492893715645,181.3398479913138,0.09844725732427459,8.979299515114219,116.814332247557,23874.71552660152,3454532.345819761,189.2794266933234,0.015702035427610474,442.4929424538545,0.24022418157103936,0.5011454163861918,58.645440489568934,0.007245468354548561,6.408317406128985,0.08400985131806987,23733.02540669456,6.9040249379589245,0.0005035067620801976,121.24398897773486,0.0360531880766689,0.08777736971071991
48,AMBL-049,0,0.0,-1,-1,-1,-1,,-1,-1,-1.0,-1,/media/bendico765/Crucial X9/MRI Lesions/manifest-1728494830954/Advanced-MRI-Breast-Lesions/AMBL-049/04-01-2004-NA-MRI BREASTS - Delayed contrast-79345/600.000000-Registered Ax T2 FSE-54246,/media/bendico765/Crucial X9/MRI Lesions/manifest-1728494830954/Advanced-MRI-Breast-Lesions/AMBL-049/04-01-2004-NA-MRI BREASTS - Delayed contrast-79345/500.000000-ROI-50017/1-1.dcm,13.8,L,"[[[0 0 0 ... 0 0 0]
  [0 0 0 ... 0 0 0]
  [0 0 0 ... 0 0 0]
  ...
  [0 0 0 ... 0 0 0]
  [0 0 0 ... 0 0 0]
  [0 0 0 ... 0 0 0]]

 [[0 0 0 ... 0 0 0]
  [0 0 0 ... 0 0 0]
  [0 0 0 ... 0 0 0]
  ...
  [0 0 0 ... 0 0 0]
  [0 0 0 ... 0 0 0]
  [0 0 0 ... 0 0 0]]

 [[0 0 0 ... 0 0 0]
  [0 0 0 ... 0 0 0]
  [0 0 0 ... 0 0 0]
  ...
  [0 0 0 ... 0 0 0]
  [0 0 0 ... 0 0 0]
  [0 0 0 ... 0 0 0]]

 ...

 [[0 0 0 ... 0 0 0]
  [0 0 0 ... 0 0 0]
  [0 0 0 ... 0 0 0]
  ...
  [0 0 0 ... 0 0 0]
  [0 0 0 ... 0 0 0]
  [0 0 0 ... 0 0 0]]

 [[0 0 0 ... 0 0 0]
  [0 0 0 ... 0 0 0]
  [0 0 0 ... 0 0 0]
  ...
  [0 0 0 ... 0 0 0]
  [0 0 0 ... 0 0 0]
  [0 0 0 ... 0 0 0]]

 [[0 0 0 ... 0 0 0]
  [0 0 0 ... 0 0 0]
  [0 0 0 ... 0 0 0]
  ...
  [0 0 0 ... 0 0 0]
  [0 0 0 ... 0 0 0]
  [0 0 0 ... 0 0 0]]]","[48, 49, 50, 51]","[185, 186, 187, 188, 189, 190, 191, 192, 193, 194, 195, 196, 197, 198]","[177, 178, 179, 180, 181, 182, 183, 184, 185, 186]",4,14,10,/media/bendico765/Crucial X9/Materiali Tesista/Roi masks/AMBL-049/ROI 0.npy,/media/bendico765/Crucial X9/Materiali Tesista/Cleaned Roi masks/AMBL-049/ROI 0.npy,0.7422,2.1,/media/bendico765/Crucial X9/MRI Lesions/manifest-1728494830954/Advanced-MRI-Breast-Lesions/AMBL-049/04-01-2004-NA-MRI BREASTS - Delayed contrast-79345/500.000000-Registered AX Sen Vibrant MultiPhase-71162,0.7258388066995308,0.5261087824897126,8.525001827958352,16.20387667283438,15.013799040882358,16.813794604431205,14.410917274066907,17.846838476324034,661.0192364789976,11.761402508116472,0.4834176251884819,759.1094118265515,1.1483923158878757,683.673388524,294.0,501.0,3.342555562713073,85.0,4.567290491537771,538.0,63.44493974765302,422.6040609137056,451.0,92.0,446.0,39.42857142857142,430.7328720989367,-1.4296719740042805,126842475.57016113,0.13511470706966594,6936.614805844005,193.97136789513485,6394.33411303683,-284.56689490946724,44.06985488679845,14.75639634878827,0.5219158166139172,2.651063416301985,2.918366307562474,6.911452400951247,0.46690103412037964,0.4027775773026589,0.9646264001354763,0.8904449033655888,-0.19116556561997525,0.8459258804454923,0.31227428501706483,13.655507857619398,0.02527378803981828,6.461146392276408,0.5820014971062603,0.09288286714227058,27.311015715238792,4.381545845776213,14.70656280889668,6.254382085293595,67.18274111675127,0.11367638090820857,9.143743862391599,11.229600235913205,219.39932318104906,31.159052453468696,7819.362098138748,0.14928892093197196,0.00893692995597781,0.18278336146992907,34.47015648943417,0.003692711679649388,63.16865469676904,0.12300169982222962,11.898001659238382,214.7719523282706,1.7784316186845162,407.52571426069477,0.01345173784552303,0.009639717450482605,4.013303000807549,402.59918974630426,0.7762549957136937,0.8579981777951322,0.3319929256369228,0.8961896232252348,189.95290003189118,0.009057553531257869,11.149253731343284,0.08320338605480063,15.244876364446423,185.21641791044777,140.0820895522388,35819.649253731346,0.6082552255072825,0.018433251734722583,35.25373134328358,0.26308754733793716,0.5190037038069385,94.39153745832803,0.013974174021110102,5.677206915109821,0.22673434856175972,120.63004009801737,0.24987502743123519,0.011796538277919641,215.7573490629755,0.09983440801036178,2.5773259849759818
49,AMBL-050,0,1.0,1,3,2.8,0,,100,100,10.0,low,/media/bendico765/Crucial X9/MRI Lesions/manifest-1728494830954/Advanced-MRI-Breast-Lesions/AMBL-050/04-01-2004-NA-MRI BREASTS - Delayed contrast-68780/600.000000-Registered Ax T2 FSE-16266,/media/bendico765/Crucial X9/MRI Lesions/manifest-1728494830954/Advanced-MRI-Breast-Lesions/AMBL-050/04-01-2004-NA-MRI BREASTS - Delayed contrast-68780/500.000000-ROI-45497/1-1.dcm,3.62,L,"[[[0 0 0 ... 0 0 0]
  [0 0 0 ... 0 0 0]
  [0 0 0 ... 0 0 0]
  ...
  [0 0 0 ... 0 0 0]
  [0 0 0 ... 0 0 0]
  [0 0 0 ... 0 0 0]]

 [[0 0 0 ... 0 0 0]
  [0 0 0 ... 0 0 0]
  [0 0 0 ... 0 0 0]
  ...
  [0 0 0 ... 0 0 0]
  [0 0 0 ... 0 0 0]
  [0 0 0 ... 0 0 0]]

 [[0 0 0 ... 0 0 0]
  [0 0 0 ... 0 0 0]
  [0 0 0 ... 0 0 0]
  ...
  [0 0 0 ... 0 0 0]
  [0 0 0 ... 0 0 0]
  [0 0 0 ... 0 0 0]]

 ...

 [[0 0 0 ... 0 0 0]
  [0 0 0 ... 0 0 0]
  [0 0 0 ... 0 0 0]
  ...
  [0 0 0 ... 0 0 0]
  [0 0 0 ... 0 0 0]
  [0 0 0 ... 0 0 0]]

 [[0 0 0 ... 0 0 0]
  [0 0 0 ... 0 0 0]
  [0 0 0 ... 0 0 0]
  ...
  [0 0 0 ... 0 0 0]
  [0 0 0 ... 0 0 0]
  [0 0 0 ... 0 0 0]]

 [[0 0 0 ... 0 0 0]
  [0 0 0 ... 0 0 0]
  [0 0 0 ... 0 0 0]
  ...
  [0 0 0 ... 0 0 0]
  [0 0 0 ... 0 0 0]
  [0 0 0 ... 0 0 0]]]","[47, 48, 49, 50, 51]","[123, 124, 125, 126, 127, 128, 129, 130, 131, 132, 133, 134, 135, 136, 137, 138, 139, 140, 141, 142, 143, 144, 145, 146, 147, 148, 149, 150, 151]","[93, 95, 96, 97, 98, 99, 100, 101, 102, 103, 104, 105, 106, 107, 108, 109, 110, 111, 112, 113, 114, 115, 116, 117, 118, 119, 120, 121, 122, 123]",5,29,31,/media/bendico765/Crucial X9/Materiali Tesista/Roi masks/AMBL-050/ROI 0.npy,/media/bendico765/Crucial X9/Materiali Tesista/Cleaned Roi masks/AMBL-050/ROI 0.npy,0.7031,2.0,/media/bendico765/Crucial X9/MRI Lesions/manifest-1728494830954/Advanced-MRI-Breast-Lesions/AMBL-050/04-01-2004-NA-MRI BREASTS - Delayed contrast-68780/500.000000-Registered AX Sen Vibrant MultiPhase-12435,0.6082902873082159,0.42237046009246937,11.958713559113388,28.313328438014516,28.407030397420986,24.646868952465343,30.816320364540605,32.96679151949731,2000.014934657502,17.22272269021173,0.38022588441659877,2018.97653506773,1.0094807294093908,2079.2344596599996,101.0,257.0,3.3370261566411363,78.0,3.6008786495554315,451.0,48.75808238982918,185.29909652876842,191.0,21.0,430.0,33.48028381344399,195.65575512261591,0.166108219362944,79595537.2028582,0.12095055203840088,3945.4193382232074,65.74025548630127,1698.1006023532786,9.488595007132556,22.67766891162575,6.168223059133244,0.5784381443376931,1.777595289316707,2.4568677013111477,2.8063617114971864,0.5062570080388588,0.4457415665216554,0.9841275989020306,0.9202053527238981,-0.15475073262046718,0.7751486363826288,0.394755986936181,7.849328585301203,0.02279012241630529,6.250949137811879,0.6596045167481915,0.07508078797624829,15.698657170602406,4.17963205658414,7.211472992689749,6.4742134704001195,251.85021398002854,0.11975759105089326,9.399148330770366,6.4049378997781625,69.28388017118402,31.996671421778412,2141.0689491203043,0.7501908686085503,0.026493121356383625,0.15758299633091358,12.35234910843969,0.004014054367507544,208.18102657717537,0.11550722788366091,6.686117593080234,69.81257188869527,1.7069109917222678,117.18340217851889,0.04388462985202432,0.02673843315087917,4.019807624429583,1402.427654678862,0.7659656608042377,0.8556274918614435,0.2819033936198026,0.8918490699661711,62.6606102824237,0.02394412466545814,36.42245989304813,0.09738625639852441,9.203759043724443,80.4572192513369,372.52139037433153,26829.192513368984,6.27422368137259,0.026829289470900256,89.80213903743315,0.2401126712230833,0.5000443866527071,42.21940506156897,0.01150612816607956,6.050804207952152,0.17784117926771278,340.9033215133403,1.2672882188761827,0.0042435937987346985,174.26031569055652,0.041189148289763826,0.6686254223607326
50,AMBL-496,0,1.0,2,strong,strong,neg,,100,90,20.0,30,/media/bendico765/Crucial X9/MRI Lesions/manifest-1728494830954/Advanced-MRI-Breast-Lesions/AMBL-496/07-06-2005-NA-MRI BREASTS - Delayed contrast-17291/600.000000-Registered Ax T2 FSE-60683,/media/bendico765/Crucial X9/MRI Lesions/manifest-1728494830954/Advanced-MRI-Breast-Lesions/AMBL-496/07-06-2005-NA-MRI BREASTS - Delayed contrast-17291/500.000000-ROI-58155/1-1.dcm,-15.98,L,"[[[0 0 0 ... 0 0 0]
  [0 0 0 ... 0 0 0]
  [0 0 0 ... 0 0 0]
  ...
  [0 0 0 ... 0 0 0]
  [0 0 0 ... 0 0 0]
  [0 0 0 ... 0 0 0]]

 [[0 0 0 ... 0 0 0]
  [0 0 0 ... 0 0 0]
  [0 0 0 ... 0 0 0]
  ...
  [0 0 0 ... 0 0 0]
  [0 0 0 ... 0 0 0]
  [0 0 0 ... 0 0 0]]

 [[0 0 0 ... 0 0 0]
  [0 0 0 ... 0 0 0]
  [0 0 0 ... 0 0 0]
  ...
  [0 0 0 ... 0 0 0]
  [0 0 0 ... 0 0 0]
  [0 0 0 ... 0 0 0]]

 ...

 [[0 0 0 ... 0 0 0]
  [0 0 0 ... 0 0 0]
  [0 0 0 ... 0 0 0]
  ...
  [0 0 0 ... 0 0 0]
  [0 0 0 ... 0 0 0]
  [0 0 0 ... 0 0 0]]

 [[0 0 0 ... 0 0 0]
  [0 0 0 ... 0 0 0]
  [0 0 0 ... 0 0 0]
  ...
  [0 0 0 ... 0 0 0]
  [0 0 0 ... 0 0 0]
  [0 0 0 ... 0 0 0]]

 [[0 0 0 ... 0 0 0]
  [0 0 0 ... 0 0 0]
  [0 0 0 ... 0 0 0]
  ...
  [0 0 0 ... 0 0 0]
  [0 0 0 ... 0 0 0]
  [0 0 0 ... 0 0 0]]]","[54, 55, 56, 57, 58, 59, 60, 61, 62, 63, 64, 65, 66, 67, 68, 69, 70, 71, 72, 73, 74, 75, 76, 77, 78, 79, 80, 81, 82, 83, 84]","[151, 152, 153, 154, 155, 156, 157, 158, 159, 160, 161, 162, 163, 164, 165, 166, 167, 168, 169, 170, 171, 172, 173, 174, 175, 176, 177, 178, 179, 180, 181, 182, 183, 184, 185, 186, 187, 188, 189, 190, 191, 192, 193, 194, 195, 196, 197, 198, 199, 200, 201, 202, 203, 204, 205, 206, 207, 208, 209, 210, 211, 212, 213, 214, 215, 216, 217, 218, 219, 220, 221, 222, 223, 224, 225, 226]","[104, 105, 106, 107, 108, 109, 110, 111, 112, 113, 114, 115, 116, 117, 118, 119, 120, 121, 122, 123, 124, 125, 126, 127, 128, 129, 130, 131, 132, 133, 134, 135, 136, 137, 138, 139, 140, 141, 142, 143, 144, 145, 146, 147, 148, 149, 150, 151, 152, 153, 154, 155, 156, 157, 158, 159]",31,76,56,/media/bendico765/Crucial X9/Materiali Tesista/Roi masks/AMBL-496/ROI 0.npy,/media/bendico765/Crucial X9/Materiali Tesista/Cleaned Roi masks/AMBL-496/ROI 0.npy,0.6445,2.0,/media/bendico765/Crucial X9/MRI Lesions/manifest-1728494830954/Advanced-MRI-Breast-Lesions/AMBL-496/07-06-2005-NA-MRI BREASTS - Delayed contrast-17291/500.000000-Registered AX Sen Vibrant MultiPhase-89689,0.670494847282279,0.4754456320002874,36.06726867300751,75.8599222402483,72.61938427341559,82.96489282220523,60.842984706537855,87.70137652283458,62229.39600825968,50.863686977320846,0.20640648076601048,36792.37749407935,0.5912379012837585,62520.54294849999,191.0,589.0,4.636831478458266,253.0,2.720398043304777,1121.0,137.50434122480888,381.36291640644725,349.0,-9.0,1130.0,102.69380275823136,414.9259742015797,0.4781773856635091,10763759501.425829,0.047421586964289636,26725.8900570991,305.68206575872995,63731.609974576655,1092.9557783396629,146.97683597975407,17.429601471497953,0.7862348417117473,2.9416641111924906,3.1299787805022032,8.424911103479793,0.4122220585173644,0.336728245942751,0.9920937054059535,0.9430463575037891,-0.17494909155716934,0.8762917812105767,0.31595378352849235,16.531025364900977,0.005280573234131754,8.374295206139934,0.8188764476012046,0.019856027622386807,33.06205072980194,5.475879482870716,41.101609362813015,7.782699719876566,9731.37118141834,0.12930851856197217,9.321834599526188,42.836596033877804,324.2576504511208,27.106966793786626,8575.905045377838,0.1490050893434031,0.00629032074214449,0.22893758494777366,75.40972795894153,0.0015237193718339764,3024.588205800202,0.04585996327198479,43.3800648150932,324.9187206212277,1.5356591857431314,496.36743235453434,0.009406829745560487,0.006361978646701261,5.253122873357134,52850.5384803374,0.7978433596548158,0.8762599134657548,0.21938579247437393,0.9119411230065663,296.76167417643967,0.005841821542059835,807.3614759224515,0.0420763746050892,45.82667012411213,329.5984990619137,2226.2586512403586,514712.99791536375,12.586974644940478,0.006845070576231599,6896.848134250573,0.35943548750524146,0.621752274497633,206.4783625741774,0.004178172123218404,7.013907241507669,0.25496631542580755,2210.875886994356,7.340982187061567,0.00016156413212913275,1860.417353284683,0.0844899860221956,0.15404504727517626
51,AMBL-507,0,1.0,3,3,3,0,,100,100,0.0,2,/media/bendico765/Crucial X9/MRI Lesions/manifest-1728494830954/Advanced-MRI-Breast-Lesions/AMBL-507/07-14-2005-NA-MRI BREASTS - Delayed contrast-25680/700.000000-Registered Ax T2 FSE-89559,/media/bendico765/Crucial X9/MRI Lesions/manifest-1728494830954/Advanced-MRI-Breast-Lesions/AMBL-507/07-14-2005-NA-MRI BREASTS - Delayed contrast-25680/600.000000-ROI-16517/1-1.dcm,-46.67,R,"[[[0 0 0 ... 0 0 0]
  [0 0 0 ... 0 0 0]
  [0 0 0 ... 0 0 0]
  ...
  [0 0 0 ... 0 0 0]
  [0 0 0 ... 0 0 0]
  [0 0 0 ... 0 0 0]]

 [[0 0 0 ... 0 0 0]
  [0 0 0 ... 0 0 0]
  [0 0 0 ... 0 0 0]
  ...
  [0 0 0 ... 0 0 0]
  [0 0 0 ... 0 0 0]
  [0 0 0 ... 0 0 0]]

 [[0 0 0 ... 0 0 0]
  [0 0 0 ... 0 0 0]
  [0 0 0 ... 0 0 0]
  ...
  [0 0 0 ... 0 0 0]
  [0 0 0 ... 0 0 0]
  [0 0 0 ... 0 0 0]]

 ...

 [[0 0 0 ... 0 0 0]
  [0 0 0 ... 0 0 0]
  [0 0 0 ... 0 0 0]
  ...
  [0 0 0 ... 0 0 0]
  [0 0 0 ... 0 0 0]
  [0 0 0 ... 0 0 0]]

 [[0 0 0 ... 0 0 0]
  [0 0 0 ... 0 0 0]
  [0 0 0 ... 0 0 0]
  ...
  [0 0 0 ... 0 0 0]
  [0 0 0 ... 0 0 0]
  [0 0 0 ... 0 0 0]]

 [[0 0 0 ... 0 0 0]
  [0 0 0 ... 0 0 0]
  [0 0 0 ... 0 0 0]
  ...
  [0 0 0 ... 0 0 0]
  [0 0 0 ... 0 0 0]
  [0 0 0 ... 0 0 0]]]","[79, 80, 81, 82]","[181, 184, 185, 186, 187, 188, 189, 190, 191, 192, 193, 194, 195, 196, 197, 198, 199, 200, 201, 202, 203, 204, 205, 206, 207, 208, 209, 210, 211]","[317, 318, 319, 320, 321, 322, 323, 324, 325, 326, 327, 328, 329, 330, 331, 332, 333, 334]",4,31,18,/media/bendico765/Crucial X9/Materiali Tesista/Roi masks/AMBL-507/ROI 0.npy,/media/bendico765/Crucial X9/Materiali Tesista/Cleaned Roi masks/AMBL-507/ROI 0.npy,0.7422,2.0,/media/bendico765/Crucial X9/MRI Lesions/manifest-1728494830954/Advanced-MRI-Breast-Lesions/AMBL-507/07-14-2005-NA-MRI BREASTS - Delayed contrast-25680/600.000000-Registered AX Sen Vibrant MultiPhase-31428,0.7245844112596804,0.5546498949256976,11.735062555186632,21.157603494648985,18.516499756703478,26.47253541011892,25.387146015257407,26.977533471390597,1870.4938872900047,15.330469671835992,0.47670201973095666,1540.0730744125547,0.8233510330492617,1925.8094966399997,126.40000000000003,582.0,4.827761032243243,290.0,2.504644081740697,968.0,157.5202768512167,370.64931350114415,387.0,-145.0,1113.0,119.90425408529835,414.4414419553969,-0.017830968499845848,330780329.9855445,0.041673648602652776,34380.795211199205,452.02419107500924,83772.8729415857,340.4523712317913,190.77564498497924,38.470520967378064,0.6639909898575451,4.5273056720456415,3.6281972080535336,16.706115015770443,0.31774208979767926,0.2306007067805505,0.9824906756732212,0.914545002331042,-0.19598944598760257,0.9135839475256731,0.2316626771719951,20.341483082884643,0.0032093021142847464,8.789421671202728,0.7131348480432265,0.012295192541046456,40.682966165769294,5.672742645691942,57.31154148808933,7.038661906836996,366.5194508009153,0.20967931968015752,2.499245950913499,54.94136613795956,510.9153318077803,9.852402745995423,4607.977116704806,0.05752233550187347,0.005640253489040617,0.35440694667137124,197.93218598853645,0.0016259180570906404,67.38482293001763,0.04125578780107654,54.88180547379007,513.9327360929028,1.2384384133966324,625.3388393068267,0.007061781734915563,0.0055962436338527774,5.1672242512183715,1442.4258516241757,0.8806370899336063,0.934166519978877,0.08534575126353604,0.9506407558063796,490.6429574917832,0.005281563065515669,28.895582329317268,0.03868217179292807,56.35827737545451,555.4350736278448,14.720214190093708,6652.425702811245,0.07593128816359197,0.00523659856185922,287.39357429718876,0.38473035381149767,0.6420618549366791,370.06520220473516,0.0028313039552111765,6.612617303422469,0.42734553775743706,9.244488888172054,0.14110113110952127,0.006663000912495032,2019.7655254393408,0.13836450422028673,4.67370567052853
52,AMBL-514,0,1.0,3,-1,-1,-1,,-1,-1,-1.0,-1,/media/bendico765/Crucial X9/MRI Lesions/manifest-1728494830954/Advanced-MRI-Breast-Lesions/AMBL-514/07-20-2005-NA-MRI BREASTS - Delayed contrast-12280/700.000000-Registered Ax T2 FSE-69231,/media/bendico765/Crucial X9/MRI Lesions/manifest-1728494830954/Advanced-MRI-Breast-Lesions/AMBL-514/07-20-2005-NA-MRI BREASTS - Delayed contrast-12280/600.000000-ROI-82983/1-1.dcm,-31.4,L,"[[[0 0 0 ... 0 0 0]
  [0 0 0 ... 0 0 0]
  [0 0 0 ... 0 0 0]
  ...
  [0 0 0 ... 0 0 0]
  [0 0 0 ... 0 0 0]
  [0 0 0 ... 0 0 0]]

 [[0 0 0 ... 0 0 0]
  [0 0 0 ... 0 0 0]
  [0 0 0 ... 0 0 0]
  ...
  [0 0 0 ... 0 0 0]
  [0 0 0 ... 0 0 0]
  [0 0 0 ... 0 0 0]]

 [[0 0 0 ... 0 0 0]
  [0 0 0 ... 0 0 0]
  [0 0 0 ... 0 0 0]
  ...
  [0 0 0 ... 0 0 0]
  [0 0 0 ... 0 0 0]
  [0 0 0 ... 0 0 0]]

 ...

 [[0 0 0 ... 0 0 0]
  [0 0 0 ... 0 0 0]
  [0 0 0 ... 0 0 0]
  ...
  [0 0 0 ... 0 0 0]
  [0 0 0 ... 0 0 0]
  [0 0 0 ... 0 0 0]]

 [[0 0 0 ... 0 0 0]
  [0 0 0 ... 0 0 0]
  [0 0 0 ... 0 0 0]
  ...
  [0 0 0 ... 0 0 0]
  [0 0 0 ... 0 0 0]
  [0 0 0 ... 0 0 0]]

 [[0 0 0 ... 0 0 0]
  [0 0 0 ... 0 0 0]
  [0 0 0 ... 0 0 0]
  ...
  [0 0 0 ... 0 0 0]
  [0 0 0 ... 0 0 0]
  [0 0 0 ... 0 0 0]]]","[66, 67, 68]","[183, 184, 185, 186, 187, 188, 189, 190, 191, 192, 193, 194, 195, 196, 197, 198, 199, 200, 201, 202, 203, 204]","[105, 106, 107, 108, 109, 110, 111, 112, 113, 114, 115, 116]",3,22,12,/media/bendico765/Crucial X9/Materiali Tesista/Roi masks/AMBL-514/ROI 0.npy,/media/bendico765/Crucial X9/Materiali Tesista/Cleaned Roi masks/AMBL-514/ROI 0.npy,0.7031,2.0,/media/bendico765/Crucial X9/MRI Lesions/manifest-1728494830954/Advanced-MRI-Breast-Lesions/AMBL-514/07-20-2005-NA-MRI BREASTS - Delayed contrast-12280/600.000000-Registered AX Sen Vibrant MultiPhase-87410,0.586977704205632,0.46486951548559874,9.266051273032257,19.932585304831225,13.547881166071688,20.222969768310488,21.80743737397863,23.990921716766117,484.5862052025008,11.69998316111275,0.3746745755439041,796.301007240901,1.6432597517053535,531.9201803599999,80.10000000000001,303.3,3.577930593538616,110.0,2.5885058572996016,418.0,67.37335028537473,213.7992565055762,230.5,13.0,405.0,48.519004867495944,229.07527861245845,-0.5277204206363931,27912768.526188195,0.09822279957435635,6765.3611890382945,75.31100043877194,2384.1322921759947,-68.2841198932372,30.676862961045178,13.094797120251648,0.397186505951573,2.79699180209698,2.901569448483648,4.764900843752329,0.395619493416192,0.31319689911175175,0.9598072176918803,0.8695250711960717,-0.1585616616771598,0.8081284101984946,0.3048079159930062,8.414014716192089,0.014150293525667351,6.552674847204506,0.5350837006559697,0.04360283173205706,16.828029432384177,4.309279357325434,10.942915020324204,5.84283300694641,102.15241635687732,0.18987437984549688,2.8975000345489974,10.788950539655339,93.03159851301115,11.219330855018587,1071.1951672862454,0.3676524351514203,0.03192208235135062,0.3446605649522648,30.71911882698488,0.009404053407366062,48.07472671657154,0.09626583996387104,10.733233859813573,92.81170674206734,1.2978545278992424,121.50117977856797,0.0421516594644381,0.031703951181765326,3.925050270660651,439.6035428339061,0.8737683760357213,0.9275092936802974,0.1125899870756187,0.9458114116785306,87.63704544617866,0.02985921758192102,19.146788990825687,0.08782930729736554,9.888561568891507,90.22935779816514,18.94495412844037,1735.9954128440368,0.7398237230802865,0.028342281330949515,87.85321100917432,0.40299638077602895,0.659465589670789,57.55643128323046,0.017153198358212496,5.2676625607190575,0.4052044609665427,12.854473529164215,0.5432183630322053,0.01220989740529943,177.36724782939734,0.15953529719102727,1.1159387783933266
53,AMBL-541,0,1.0,2,weak,neg,neg,1.0,1,0,0.0,60,/media/bendico765/Crucial X9/MRI Lesions/manifest-1728494830954/Advanced-MRI-Breast-Lesions/AMBL-541/08-17-2005-NA-MRI BREASTS - Delayed contrast-27657/600.000000-Registered Ax T2 FSE-49140,/media/bendico765/Crucial X9/MRI Lesions/manifest-1728494830954/Advanced-MRI-Breast-Lesions/AMBL-541/08-17-2005-NA-MRI BREASTS - Delayed contrast-27657/500.000000-ROI-43425/1-1.dcm,22.07,L,"[[[0 0 0 ... 0 0 0]
  [0 0 0 ... 0 0 0]
  [0 0 0 ... 0 0 0]
  ...
  [0 0 0 ... 0 0 0]
  [0 0 0 ... 0 0 0]
  [0 0 0 ... 0 0 0]]

 [[0 0 0 ... 0 0 0]
  [0 0 0 ... 0 0 0]
  [0 0 0 ... 0 0 0]
  ...
  [0 0 0 ... 0 0 0]
  [0 0 0 ... 0 0 0]
  [0 0 0 ... 0 0 0]]

 [[0 0 0 ... 0 0 0]
  [0 0 0 ... 0 0 0]
  [0 0 0 ... 0 0 0]
  ...
  [0 0 0 ... 0 0 0]
  [0 0 0 ... 0 0 0]
  [0 0 0 ... 0 0 0]]

 ...

 [[0 0 0 ... 0 0 0]
  [0 0 0 ... 0 0 0]
  [0 0 0 ... 0 0 0]
  ...
  [0 0 0 ... 0 0 0]
  [0 0 0 ... 0 0 0]
  [0 0 0 ... 0 0 0]]

 [[0 0 0 ... 0 0 0]
  [0 0 0 ... 0 0 0]
  [0 0 0 ... 0 0 0]
  ...
  [0 0 0 ... 0 0 0]
  [0 0 0 ... 0 0 0]
  [0 0 0 ... 0 0 0]]

 [[0 0 0 ... 0 0 0]
  [0 0 0 ... 0 0 0]
  [0 0 0 ... 0 0 0]
  ...
  [0 0 0 ... 0 0 0]
  [0 0 0 ... 0 0 0]
  [0 0 0 ... 0 0 0]]]","[39, 40, 41, 42, 43, 44, 45, 46, 47, 48, 49, 50]","[196, 197, 198, 199, 200, 201, 202, 203, 204, 205, 206, 207, 208, 209, 210, 211, 212, 213, 214, 215, 216, 217, 218, 219, 220, 221, 222, 223, 224, 225, 226, 227, 228, 229, 230, 231, 232, 233, 234, 235, 236, 237, 238, 239, 240, 241, 242, 243, 244, 245, 246, 247, 248, 249, 250, 251, 252, 253, 254]","[136, 137, 138, 139, 140, 141, 142, 143, 144, 145, 146, 147, 148, 149, 150, 151, 152, 153, 154, 155, 156, 157, 158, 159, 160, 161, 162, 163, 164, 165, 166, 167, 168, 169, 170, 171, 172, 173, 174, 175, 176, 177]",12,59,42,/media/bendico765/Crucial X9/Materiali Tesista/Roi masks/AMBL-541/ROI 0.npy,/media/bendico765/Crucial X9/Materiali Tesista/Cleaned Roi masks/AMBL-541/ROI 0.npy,0.6836,2.0,/media/bendico765/Crucial X9/MRI Lesions/manifest-1728494830954/Advanced-MRI-Breast-Lesions/AMBL-541/08-17-2005-NA-MRI BREASTS - Delayed contrast-27657/500.000000-Registered AX Sen Vibrant MultiPhase-69036,0.8413485050842744,0.7940882232110835,27.156559606920894,34.19841626300277,40.27779343509274,42.325767623990004,48.347486159261685,51.17529586822141,12754.536042172766,28.772786399127117,0.34450721147568525,7662.942805620431,0.6008013760973331,12952.86975328,131.0,271.0,3.179147341887372,85.0,4.248437931370661,555.0,48.128288138126784,195.0474060177502,182.0,21.0,534.0,34.78924931551898,203.9614654419727,0.898366022144249,538843000.5770342,0.1332941441855302,3556.788790983933,66.34868486295376,1438.936270126414,80.33162153247098,16.643061196598033,3.763866467410759,0.6219155384179219,1.313409503513967,2.182547812562317,1.9856947779465697,0.5853667579829593,0.5423208500207504,0.9931514009388711,0.948976222708799,-0.1435711915618043,0.7249627709225105,0.42224689786994773,7.942847831445407,0.03837611542586552,5.620651630746492,0.653860055163429,0.11021897737608456,15.885695662890809,3.864554832739986,5.101731916002199,6.924995677603747,1010.8367847608052,0.07293720937735805,26.460456676633477,5.768494098311039,74.9970416335955,78.10758351973446,4171.383938235082,1.6952004566494554,0.01839471315921203,0.110013529140795,10.986176900445765,0.001808922806758836,1276.9282279588997,0.12074344610466302,6.233985092616317,79.81037046830805,2.5404158385595585,168.68754592118074,0.049930662473586254,0.017703768961513187,4.231215839613717,7118.947641687451,0.6618572878808487,0.7620540942569949,0.7310369217716457,0.8355914304586497,69.32954775262675,0.014416765689427905,154.05145691258525,0.09550617291542793,9.48948734495645,105.09981401115932,7712.752014879107,362176.37445753254,173.75047586280198,0.016236087854279452,431.839429634222,0.267724382910243,0.5306968936856753,57.5640816741255,0.008818297350795293,6.2561507014245485,0.11638646366981745,7638.928442917108,5.5836900448212,0.0007038130981548835,242.98246686753782,0.021198434900760288,0.22600802810174295
54,AMBL-557,0,1.0,3,neg,neg,strong,,0,0,-1.0,15 to 20,/media/bendico765/Crucial X9/MRI Lesions/manifest-1728494830954/Advanced-MRI-Breast-Lesions/AMBL-557/09-28-2005-NA-MRI BREASTS - Delayed contrast-74662/700.000000-Registered Ax T2 FSE-05243,/media/bendico765/Crucial X9/MRI Lesions/manifest-1728494830954/Advanced-MRI-Breast-Lesions/AMBL-557/09-28-2005-NA-MRI BREASTS - Delayed contrast-74662/600.000000-ROI-53036/1-1.dcm,2.81,L,"[[[0 0 0 ... 0 0 0]
  [0 0 0 ... 0 0 0]
  [0 0 0 ... 0 0 0]
  ...
  [0 0 0 ... 0 0 0]
  [0 0 0 ... 0 0 0]
  [0 0 0 ... 0 0 0]]

 [[0 0 0 ... 0 0 0]
  [0 0 0 ... 0 0 0]
  [0 0 0 ... 0 0 0]
  ...
  [0 0 0 ... 0 0 0]
  [0 0 0 ... 0 0 0]
  [0 0 0 ... 0 0 0]]

 [[0 0 0 ... 0 0 0]
  [0 0 0 ... 0 0 0]
  [0 0 0 ... 0 0 0]
  ...
  [0 0 0 ... 0 0 0]
  [0 0 0 ... 0 0 0]
  [0 0 0 ... 0 0 0]]

 ...

 [[0 0 0 ... 0 0 0]
  [0 0 0 ... 0 0 0]
  [0 0 0 ... 0 0 0]
  ...
  [0 0 0 ... 0 0 0]
  [0 0 0 ... 0 0 0]
  [0 0 0 ... 0 0 0]]

 [[0 0 0 ... 0 0 0]
  [0 0 0 ... 0 0 0]
  [0 0 0 ... 0 0 0]
  ...
  [0 0 0 ... 0 0 0]
  [0 0 0 ... 0 0 0]
  [0 0 0 ... 0 0 0]]

 [[0 0 0 ... 0 0 0]
  [0 0 0 ... 0 0 0]
  [0 0 0 ... 0 0 0]
  ...
  [0 0 0 ... 0 0 0]
  [0 0 0 ... 0 0 0]
  [0 0 0 ... 0 0 0]]]","[55, 56, 57, 58, 59, 60, 61, 62, 63, 64, 65, 66]","[119, 120, 121, 122, 123, 124, 125, 126, 127, 128, 129, 130, 131, 132, 133, 134, 135, 136, 137, 138, 139, 140, 141, 142, 143, 144, 145, 146, 147, 148, 149, 150, 151, 152, 153, 154, 155, 156, 157, 158, 159, 160, 161, 162, 163, 164, 165, 166, 167, 168, 169, 170, 171, 172, 173, 174, 175, 176, 177, 178, 179, 180, 181, 182, 183, 184, 185, 186, 187, 188, 189, 190, 191, 192, 197, 198, 199, 202, 203, 204, 205, 206]","[85, 86, 87, 88, 89, 90, 91, 92, 93, 94, 95, 96, 97, 98, 99, 100, 101, 102, 103, 104, 105, 106, 107, 108, 109, 110, 111, 112, 113, 114, 115, 116, 117, 118, 119, 120, 121, 122, 123, 124, 125, 126, 127, 128, 129, 130, 131, 132, 133, 134, 135, 136, 137, 138, 139, 140, 141, 142, 143, 144, 145, 146, 147, 148, 149, 150, 151]",12,88,67,/media/bendico765/Crucial X9/Materiali Tesista/Roi masks/AMBL-557/ROI 0.npy,/media/bendico765/Crucial X9/Materiali Tesista/Cleaned Roi masks/AMBL-557/ROI 0.npy,0.7227,2.0,/media/bendico765/Crucial X9/MRI Lesions/manifest-1728494830954/Advanced-MRI-Breast-Lesions/AMBL-557/09-28-2005-NA-MRI BREASTS - Delayed contrast-74662/600.000000-Registered AX Sen Vibrant MultiPhase-52200,0.6908835895971204,0.5270079827551472,29.30901446757071,55.613985796469336,59.29287398069013,63.47900023039115,67.50575090501549,71.82539592323874,24487.814671651267,38.42279013886801,0.2478255211499515,16455.26129441544,0.6719775331142616,24713.96853222,166.0,286.0,2.9055803832055282,58.0,3.3509346960299795,438.0,37.49635995398439,235.89403609620018,246.0,37.0,401.0,25.31309849609714,240.67208885875473,-0.5371769627825241,1431508542.6352649,0.16896780251121485,2277.0580898809408,79.8418337687583,460.8076766928707,-25.451803273801527,11.765772442317514,3.5055454609781944,0.5408686871772354,1.3345117491794662,2.1472505351111995,1.6250168225954122,0.5698637586841301,0.5220473352332555,0.988447383105187,0.9316288875436443,-0.11673495444996519,0.6429968170993787,0.4200374138992006,8.818998653789953,0.03868536543739383,5.517293931628929,0.5752862908707341,0.1225754328553701,17.6379973075799,3.714545314798423,3.817829475823928,6.592355986635213,1978.4272792594784,0.08362260785576223,16.294365148751567,3.731637739500266,83.97337165560674,60.15034447778858,5310.2106597912,0.8158147925929007,0.015643588562453854,0.08924028310701962,8.026666254583377,0.0014672021389254427,2904.5330959360967,0.15634807476355028,3.94114094598627,83.46970620202872,2.3257378202576433,199.41399163333656,0.03448749458096087,0.015981632147693877,3.8999575377054425,12804.876853114247,0.6741222851214099,0.7837544339932438,0.5831081626465596,0.8414040445362867,70.15138337035593,0.013592322794407245,219.72327044025158,0.11515894677162032,6.631885111348443,94.24266247379455,30120.139937106916,2748406.285115304,344.75486902922177,0.017365010883639485,487.91090146750525,0.25571850181735073,0.5158959043232123,50.416581691269606,0.008527919737089674,6.063700581712149,0.08064584301956972,29966.382536676647,12.742324905821445,0.00037068558277313866,110.04803752899363,0.02353673416621891,0.04646226079884584
55,AMBL-557,1,1.0,3,neg,intermediate,strong,,0.0,-1.0,80.0,30 to 40,/media/bendico765/Crucial X9/MRI Lesions/manifest-1728494830954/Advanced-MRI-Breast-Lesions/AMBL-557/09-28-2005-NA-MRI BREASTS - Delayed contrast-74662/700.000000-Registered Ax T2 FSE-05243,/media/bendico765/Crucial X9/MRI Lesions/manifest-1728494830954/Advanced-MRI-Breast-Lesions/AMBL-557/09-28-2005-NA-MRI BREASTS - Delayed contrast-74662/600.000000-ROI-53036/1-1.dcm,-13.19,L,"[[[0 0 0 ... 0 0 0]
  [0 0 0 ... 0 0 0]
  [0 0 0 ... 0 0 0]
  ...
  [0 0 0 ... 0 0 0]
  [0 0 0 ... 0 0 0]
  [0 0 0 ... 0 0 0]]

 [[0 0 0 ... 0 0 0]
  [0 0 0 ... 0 0 0]
  [0 0 0 ... 0 0 0]
  ...
  [0 0 0 ... 0 0 0]
  [0 0 0 ... 0 0 0]
  [0 0 0 ... 0 0 0]]

 [[0 0 0 ... 0 0 0]
  [0 0 0 ... 0 0 0]
  [0 0 0 ... 0 0 0]
  ...
  [0 0 0 ... 0 0 0]
  [0 0 0 ... 0 0 0]
  [0 0 0 ... 0 0 0]]

 ...

 [[0 0 0 ... 0 0 0]
  [0 0 0 ... 0 0 0]
  [0 0 0 ... 0 0 0]
  ...
  [0 0 0 ... 0 0 0]
  [0 0 0 ... 0 0 0]
  [0 0 0 ... 0 0 0]]

 [[0 0 0 ... 0 0 0]
  [0 0 0 ... 0 0 0]
  [0 0 0 ... 0 0 0]
  ...
  [0 0 0 ... 0 0 0]
  [0 0 0 ... 0 0 0]
  [0 0 0 ... 0 0 0]]

 [[0 0 0 ... 0 0 0]
  [0 0 0 ... 0 0 0]
  [0 0 0 ... 0 0 0]
  ...
  [0 0 0 ... 0 0 0]
  [0 0 0 ... 0 0 0]
  [0 0 0 ... 0 0 0]]]","[67, 68, 69, 70, 71, 72, 73, 74, 75, 76, 77, 78, 79, 80]","[131, 132, 133, 134, 135, 136, 137, 138, 139, 140, 141, 142, 143, 144, 145, 146, 147, 148, 149, 150, 151, 152, 153, 154, 155, 156, 157, 158, 159, 160, 161, 162, 163, 164, 165, 166, 167, 168, 169, 170, 171, 172, 173, 174, 175, 176, 177, 178, 179, 180, 181, 182, 183, 184, 185, 186, 187, 188, 189, 190, 191, 192, 193, 194, 195, 196, 197, 198, 199, 200, 201, 202, 203, 204, 205, 206, 207, 208, 209, 210, 212, 214, 217]","[100, 101, 102, 103, 104, 105, 106, 107, 108, 109, 110, 111, 112, 113, 114, 115, 116, 117, 118, 119, 120, 121, 122, 123, 124, 125, 126, 127, 128, 129, 130, 131, 132, 133, 134, 135, 136, 137, 138, 139, 140, 141, 142]",14,87,43,/media/bendico765/Crucial X9/Materiali Tesista/Roi masks/AMBL-557/ROI 1.npy,/media/bendico765/Crucial X9/Materiali Tesista/Cleaned Roi masks/AMBL-557/ROI 1.npy,0.7227,2.0,/media/bendico765/Crucial X9/MRI Lesions/manifest-1728494830954/Advanced-MRI-Breast-Lesions/AMBL-557/09-28-2005-NA-MRI BREASTS - Delayed contrast-74662/600.000000-Registered AX Sen Vibrant MultiPhase-52200,0.6971542516099339,0.4735291109102794,23.010768516624093,48.59420041228257,38.22165218616276,59.46502340065125,58.50746388846469,61.09301852134988,10282.209751192655,33.87765342100799,0.22018330491893787,10385.41951401346,1.0100377025287617,10708.09803558,174.0,285.0,2.8531060799227532,55.0,3.787417961634428,402.0,34.47042156704299,234.2276851038923,240.0,15.0,387.0,23.259852934154328,238.3814533387058,-0.5547780097964772,608495351.7463682,0.16820622585759615,1963.1088267454406,93.26707234009247,300.92706057590107,-12.470680369134943,9.029411655083845,3.6433220928090773,0.41602484366726156,1.418426433271938,2.1537096307959738,1.5157375603461913,0.542547881802671,0.4892726403725671,0.9879310893473895,0.9271693631393496,-0.08501859609057763,0.5152755334677734,0.42937692249936876,9.586722398192085,0.03325125422564163,5.4676295636945875,0.4892589128657362,0.07525032449232208,19.173444796384175,3.5881210833157384,3.168183436973231,6.172753190361162,1117.203882548044,0.1089848680663393,7.4698713638754946,3.237178618452284,101.09677104672714,34.778167983611354,3420.3756706662766,0.4038168207003932,0.012266368154316538,0.11677579884593385,12.336894487066917,0.001569815994013498,1421.6339096583783,0.1655866676868383,3.3517521064474516,101.32917345371706,1.8973133787315486,193.1844169406573,0.022626287221614586,0.012383702259281149,3.6065992048764732,6546.892050773429,0.7427019681020007,0.8374717663567531,0.36497869165135566,0.8772744960875423,89.2871144406866,0.01090720974012619,151.38493723849373,0.1266819558481119,5.579286076924424,106.08200836820083,3060.2753138075313,310212.48117154813,31.563607727184333,0.014303776014191989,290.581589958159,0.24316451042523765,0.5047033353340514,55.55337841201468,0.007052215904300278,6.010125886386219,0.11657399278119208,2986.689066367886,5.345677827275566,0.0007988129518448848,113.80508983870338,0.020608173696357132,0.10739378505821448
56,AMBL-559,0,0.0,-1,-1,-1,-1,,-1,-1,-1.0,-1,/media/bendico765/Crucial X9/MRI Lesions/manifest-1728494830954/Advanced-MRI-Breast-Lesions/AMBL-559/09-30-2005-NA-MRI BREASTS - Delayed contrast-44438/600.000000-Registered Ax T2 FSE-37055,/media/bendico765/Crucial X9/MRI Lesions/manifest-1728494830954/Advanced-MRI-Breast-Lesions/AMBL-559/09-30-2005-NA-MRI BREASTS - Delayed contrast-44438/500.000000-ROI-51172/1-1.dcm,-8.38,L,"[[[0 0 0 ... 0 0 0]
  [0 0 0 ... 0 0 0]
  [0 0 0 ... 0 0 0]
  ...
  [0 0 0 ... 0 0 0]
  [0 0 0 ... 0 0 0]
  [0 0 0 ... 0 0 0]]

 [[0 0 0 ... 0 0 0]
  [0 0 0 ... 0 0 0]
  [0 0 0 ... 0 0 0]
  ...
  [0 0 0 ... 0 0 0]
  [0 0 0 ... 0 0 0]
  [0 0 0 ... 0 0 0]]

 [[0 0 0 ... 0 0 0]
  [0 0 0 ... 0 0 0]
  [0 0 0 ... 0 0 0]
  ...
  [0 0 0 ... 0 0 0]
  [0 0 0 ... 0 0 0]
  [0 0 0 ... 0 0 0]]

 ...

 [[0 0 0 ... 0 0 0]
  [0 0 0 ... 0 0 0]
  [0 0 0 ... 0 0 0]
  ...
  [0 0 0 ... 0 0 0]
  [0 0 0 ... 0 0 0]
  [0 0 0 ... 0 0 0]]

 [[0 0 0 ... 0 0 0]
  [0 0 0 ... 0 0 0]
  [0 0 0 ... 0 0 0]
  ...
  [0 0 0 ... 0 0 0]
  [0 0 0 ... 0 0 0]
  [0 0 0 ... 0 0 0]]

 [[0 0 0 ... 0 0 0]
  [0 0 0 ... 0 0 0]
  [0 0 0 ... 0 0 0]
  ...
  [0 0 0 ... 0 0 0]
  [0 0 0 ... 0 0 0]
  [0 0 0 ... 0 0 0]]]","[55, 56, 57, 58, 59]","[216, 217, 218, 219, 220, 221, 222, 223, 224, 225, 226, 227, 228, 229, 230, 231, 232, 233]","[134, 135, 136, 137, 138, 139, 140, 141, 142, 143, 144, 145, 146]",5,18,13,/media/bendico765/Crucial X9/Materiali Tesista/Roi masks/AMBL-559/ROI 0.npy,/media/bendico765/Crucial X9/Materiali Tesista/Cleaned Roi masks/AMBL-559/ROI 0.npy,0.6836,2.2,/media/bendico765/Crucial X9/MRI Lesions/manifest-1728494830954/Advanced-MRI-Breast-Lesions/AMBL-559/09-30-2005-NA-MRI BREASTS - Delayed contrast-44438/500.000000-Registered AX Sen Vibrant MultiPhase-66661,0.8944236260508929,0.4587791468269773,7.731518176249629,16.85237489481071,17.78019162551405,19.71213085995525,18.342912833026276,24.279846701328243,1013.6009227226665,15.07316226098563,0.5391219715584613,905.1247163782213,0.8929793729340106,1040.416668544,85.0,305.0,3.4630415970373254,119.0,3.2263509623900717,433.0,69.58905388304768,169.0691699604743,140.0,48.0,385.0,49.2108917047492,189.5431109512844,1.0391373705961295,37378624.02577952,0.1142085487978253,7342.20667796716,35.84197641104928,2914.7925145837953,169.64965113864736,27.113259922516782,9.760706339292437,0.4574431426844694,2.182352747150746,2.7188057119264597,4.728671414757789,0.47919694407050006,0.41658576214611664,0.9703721738381373,0.896852806116116,-0.12061546948300893,0.6976814718107173,0.37159894841592844,5.609500628467751,0.027626443317724767,6.1012625134447696,0.5231079653171544,0.0832293512895599,11.219001256935503,4.034284768682609,9.218491565452307,6.3096198279677935,104.87154150197628,0.10362800543673546,12.15382993016607,11.81617038228999,51.08893280632411,36.369565217391305,729.3201581027668,2.897450352937843,0.055122147218693,0.22298226309365557,20.653892942247023,0.007415941445308911,87.56371528171984,0.10173541829103062,12.407834332090571,55.802304152853246,1.6929425816794605,72.76796808895989,0.10390756164794375,0.05177437265006771,4.173399768497825,653.2892897398519,0.754579090524187,0.8491942839768926,0.27847478726306674,0.8896822511091981,52.87576853221104,0.04383508172309435,19.244897959183675,0.0785506039150354,13.131761765930863,96.64897959183673,312.9959183673469,4796.897959183673,25.764531679488456,0.03137607793853224,104.33061224489796,0.42583923365264476,0.6783309042651978,70.22263900657316,0.019730304245354366,5.41148388130495,0.24209486166007904,295.93396084964604,1.966479666105475,0.007273237666629086,186.75383912217785,0.1365889643224658,0.9250681214204804
57,AMBL-561,0,0.0,-1,-1,-1,-1,,-1,-1,-1.0,-1,/media/bendico765/Crucial X9/MRI Lesions/manifest-1728494830954/Advanced-MRI-Breast-Lesions/AMBL-561/10-07-2005-NA-MRI BREASTS - Delayed contrast-71836/600.000000-Registered Ax T2 FSE-55084,/media/bendico765/Crucial X9/MRI Lesions/manifest-1728494830954/Advanced-MRI-Breast-Lesions/AMBL-561/10-07-2005-NA-MRI BREASTS - Delayed contrast-71836/500.000000-ROI-35708/1-1.dcm,3.28,L,"[[[0 0 0 ... 0 0 0]
  [0 0 0 ... 0 0 0]
  [0 0 0 ... 0 0 0]
  ...
  [0 0 0 ... 0 0 0]
  [0 0 0 ... 0 0 0]
  [0 0 0 ... 0 0 0]]

 [[0 0 0 ... 0 0 0]
  [0 0 0 ... 0 0 0]
  [0 0 0 ... 0 0 0]
  ...
  [0 0 0 ... 0 0 0]
  [0 0 0 ... 0 0 0]
  [0 0 0 ... 0 0 0]]

 [[0 0 0 ... 0 0 0]
  [0 0 0 ... 0 0 0]
  [0 0 0 ... 0 0 0]
  ...
  [0 0 0 ... 0 0 0]
  [0 0 0 ... 0 0 0]
  [0 0 0 ... 0 0 0]]

 ...

 [[0 0 0 ... 0 0 0]
  [0 0 0 ... 0 0 0]
  [0 0 0 ... 0 0 0]
  ...
  [0 0 0 ... 0 0 0]
  [0 0 0 ... 0 0 0]
  [0 0 0 ... 0 0 0]]

 [[0 0 0 ... 0 0 0]
  [0 0 0 ... 0 0 0]
  [0 0 0 ... 0 0 0]
  ...
  [0 0 0 ... 0 0 0]
  [0 0 0 ... 0 0 0]
  [0 0 0 ... 0 0 0]]

 [[0 0 0 ... 0 0 0]
  [0 0 0 ... 0 0 0]
  [0 0 0 ... 0 0 0]
  ...
  [0 0 0 ... 0 0 0]
  [0 0 0 ... 0 0 0]
  [0 0 0 ... 0 0 0]]]","[55, 56, 57]","[180, 181, 182, 183, 184, 185, 186, 187, 188]","[144, 145, 146, 147, 148]",3,9,5,/media/bendico765/Crucial X9/Materiali Tesista/Roi masks/AMBL-561/ROI 0.npy,/media/bendico765/Crucial X9/Materiali Tesista/Cleaned Roi masks/AMBL-561/ROI 0.npy,0.7422,2.0,/media/bendico765/Crucial X9/MRI Lesions/manifest-1728494830954/Advanced-MRI-Breast-Lesions/AMBL-561/10-07-2005-NA-MRI BREASTS - Delayed contrast-71836/500.000000-Registered AX Sen Vibrant MultiPhase-00926,0.6839738640753725,0.4311307847257309,5.212892886217281,12.091210071054256,10.666373376176178,12.025794278965527,9.6486,13.432262752045911,137.2102542300001,8.270071673646038,0.4941464969201174,260.3471230538108,1.8974319704808742,155.34275687999997,220.0,287.0,2.195464503572276,31.0,7.453103364176832,332.0,21.45193903727177,253.38297872340425,257.0,109.0,223.0,12.945884564178868,255.239659316383,-1.2151973023503722,10120158.651328558,0.283637643981691,944.3497811981289,48.10231091833528,63.46867005614986,-4.983833945071577,3.141977248742391,2.056694213567013,0.20472737292599769,0.8804991757411257,1.706918886560651,1.2507815493218986,0.6843999906553625,0.6596139739381073,0.9818536210759399,0.9275772457616867,-0.21907654274221505,0.7492117831114695,0.4025505615770516,6.913805525019637,0.13968149767969068,3.460801340451737,0.7162123680110246,0.2832835058581892,13.827611050039273,2.481213398026049,1.2996678655773513,5.02224862587755,14.361702127659575,0.10185604345857854,12.068205824656708,1.5480106634475126,45.709219858156025,39.241134751773046,1978.0921985815603,0.8130069999499668,0.032977288301714175,0.18601273249102998,7.30048836392468,0.014258920240149119,31.328397170914386,0.2626321795196534,1.7515104341780006,44.98367474069305,1.9562679480946081,90.94629700996492,0.056253980801691084,0.03555951108586498,2.9061905443800717,90.06330062640349,0.7432054970824236,0.8379705400981995,0.4138446146846876,0.8765010288289853,38.85870380863792,0.03292950531426598,5.580645161290323,0.18002081165452655,3.7731529656607705,39.38709677419355,122.80645161290323,6024.096774193548,2.5998274276855304,0.0697517657003064,10.870967741935484,0.3506763787721124,0.6071829671076922,22.654130681926304,0.058611171940877935,4.168243795012666,0.2198581560283688,102.11862643080124,0.20828194937778596,0.05338014265534778,29.45084733730134,0.024182715091285226,2.241705433760009
58,AMBL-561,1,0.0,-1,-1,-1,-1,,-1.0,-1.0,-1.0,-1,/media/bendico765/Crucial X9/MRI Lesions/manifest-1728494830954/Advanced-MRI-Breast-Lesions/AMBL-561/10-07-2005-NA-MRI BREASTS - Delayed contrast-71836/600.000000-Registered Ax T2 FSE-55084,/media/bendico765/Crucial X9/MRI Lesions/manifest-1728494830954/Advanced-MRI-Breast-Lesions/AMBL-561/10-07-2005-NA-MRI BREASTS - Delayed contrast-71836/500.000000-ROI-35708/1-1.dcm,-16.72,L,"[[[0 0 0 ... 0 0 0]
  [0 0 0 ... 0 0 0]
  [0 0 0 ... 0 0 0]
  ...
  [0 0 0 ... 0 0 0]
  [0 0 0 ... 0 0 0]
  [0 0 0 ... 0 0 0]]

 [[0 0 0 ... 0 0 0]
  [0 0 0 ... 0 0 0]
  [0 0 0 ... 0 0 0]
  ...
  [0 0 0 ... 0 0 0]
  [0 0 0 ... 0 0 0]
  [0 0 0 ... 0 0 0]]

 [[0 0 0 ... 0 0 0]
  [0 0 0 ... 0 0 0]
  [0 0 0 ... 0 0 0]
  ...
  [0 0 0 ... 0 0 0]
  [0 0 0 ... 0 0 0]
  [0 0 0 ... 0 0 0]]

 ...

 [[0 0 0 ... 0 0 0]
  [0 0 0 ... 0 0 0]
  [0 0 0 ... 0 0 0]
  ...
  [0 0 0 ... 0 0 0]
  [0 0 0 ... 0 0 0]
  [0 0 0 ... 0 0 0]]

 [[0 0 0 ... 0 0 0]
  [0 0 0 ... 0 0 0]
  [0 0 0 ... 0 0 0]
  ...
  [0 0 0 ... 0 0 0]
  [0 0 0 ... 0 0 0]
  [0 0 0 ... 0 0 0]]

 [[0 0 0 ... 0 0 0]
  [0 0 0 ... 0 0 0]
  [0 0 0 ... 0 0 0]
  ...
  [0 0 0 ... 0 0 0]
  [0 0 0 ... 0 0 0]
  [0 0 0 ... 0 0 0]]]","[64, 65, 66, 67]","[137, 138, 140, 141, 144, 152, 153, 154, 155, 156, 157, 158, 159, 160, 161, 162, 163, 164, 165, 166, 167, 168, 169, 170, 171, 172, 173, 174, 175, 176, 177, 178, 179, 180, 181, 182, 190, 191, 192, 193, 196, 197, 201, 202, 203, 204, 210, 211, 212, 213, 214, 215, 216, 217, 218, 219, 220, 221, 222, 223, 224, 225, 226, 227, 229, 232, 233, 236, 237]","[113, 114, 115, 116, 117, 118, 119, 120, 121, 122, 123, 124, 125, 126, 127, 128, 129, 130, 131, 132, 133, 134, 135, 136, 137, 138, 139, 140, 141, 142, 143, 144]",4,101,32,/media/bendico765/Crucial X9/Materiali Tesista/Roi masks/AMBL-561/ROI 1.npy,/media/bendico765/Crucial X9/Materiali Tesista/Cleaned Roi masks/AMBL-561/ROI 1.npy,0.7422,2.0,/media/bendico765/Crucial X9/MRI Lesions/manifest-1728494830954/Advanced-MRI-Breast-Lesions/AMBL-561/10-07-2005-NA-MRI BREASTS - Delayed contrast-71836/500.000000-Registered AX Sen Vibrant MultiPhase-00926,0.6063564018703965,0.5612365906950513,10.711082404860452,19.084789877287836,15.39790511595652,23.357601596910584,19.98434659927614,25.184641105245074,1230.0722557200056,11.572184520444818,0.5402484238693833,1027.647960541419,0.8354370694588991,1268.0816536799998,67.0,279.0,3.4588922740899184,163.0,2.51698451106917,439.0,80.05818383289265,158.56472632493484,118.0,27.0,412.0,62.57500796461836,183.39524005469073,0.7742603449038399,42650422.5714336,0.11723345619455298,8491.041640216154,37.13602757285217,6305.472824639033,321.9719705951409,42.72620406592867,6.639491442470761,0.7260587825356866,1.7388256570463736,2.4745413737334663,3.502623804728898,0.5289665954467331,0.47614803349097923,0.9795039773211143,0.9153184220334899,-0.1973313557507495,0.8417117735269848,0.4065852283433766,5.298418250598797,0.030054637145160754,6.0441955071319615,0.7818918503188867,0.09203788988705308,10.596836501197593,4.18345374723957,12.341423877099858,6.563057624421677,109.56646394439618,0.09519241002988374,11.914572830183552,13.659065776671364,48.04083405734144,42.82276281494353,1316.5412684622067,4.875019123956448,0.10127088605392551,0.13514064298535705,8.999095274078883,0.008440819424271261,100.98417837341579,0.10621282605890281,13.834905337900686,50.51968009418278,1.8666768003670895,83.15186215309397,0.1925987930372621,0.09894695617417357,4.269984319827359,690.6806605655274,0.7186785219937502,0.8246340974403528,0.3454981219888241,0.8694130338268585,45.67124493933313,0.08399665161865558,16.235955056179776,0.09121323065269536,11.004039893952784,71.80898876404494,632.9943820224719,14252.73595505618,74.4066133944381,0.06704274639555473,45.80898876404494,0.25735386946092664,0.5168817580649526,37.33911310147657,0.02038378052633615,5.635104758348433,0.15464813205907907,591.1814480494886,1.4706578747497094,0.008636917741644646,138.78781360180957,0.10874292724370498,1.2958135711048753
59,AMBL-562,0,1.0,-1,-1,-1,-1,,-1,-1,-1.0,-1,/media/bendico765/Crucial X9/MRI Lesions/manifest-1728494830954/Advanced-MRI-Breast-Lesions/AMBL-562/10-14-2005-NA-MRI BREASTS - Delayed contrast-38911/600.000000-Registered Ax T2 FSE-40878,/media/bendico765/Crucial X9/MRI Lesions/manifest-1728494830954/Advanced-MRI-Breast-Lesions/AMBL-562/10-14-2005-NA-MRI BREASTS - Delayed contrast-38911/500.000000-ROI-84037/1-1.dcm,-45.83,R,"[[[0 0 0 ... 0 0 0]
  [0 0 0 ... 0 0 0]
  [0 0 0 ... 0 0 0]
  ...
  [0 0 0 ... 0 0 0]
  [0 0 0 ... 0 0 0]
  [0 0 0 ... 0 0 0]]

 [[0 0 0 ... 0 0 0]
  [0 0 0 ... 0 0 0]
  [0 0 0 ... 0 0 0]
  ...
  [0 0 0 ... 0 0 0]
  [0 0 0 ... 0 0 0]
  [0 0 0 ... 0 0 0]]

 [[0 0 0 ... 0 0 0]
  [0 0 0 ... 0 0 0]
  [0 0 0 ... 0 0 0]
  ...
  [0 0 0 ... 0 0 0]
  [0 0 0 ... 0 0 0]
  [0 0 0 ... 0 0 0]]

 ...

 [[0 0 0 ... 0 0 0]
  [0 0 0 ... 0 0 0]
  [0 0 0 ... 0 0 0]
  ...
  [0 0 0 ... 0 0 0]
  [0 0 0 ... 0 0 0]
  [0 0 0 ... 0 0 0]]

 [[0 0 0 ... 0 0 0]
  [0 0 0 ... 0 0 0]
  [0 0 0 ... 0 0 0]
  ...
  [0 0 0 ... 0 0 0]
  [0 0 0 ... 0 0 0]
  [0 0 0 ... 0 0 0]]

 [[0 0 0 ... 0 0 0]
  [0 0 0 ... 0 0 0]
  [0 0 0 ... 0 0 0]
  ...
  [0 0 0 ... 0 0 0]
  [0 0 0 ... 0 0 0]
  [0 0 0 ... 0 0 0]]]","[63, 64, 65, 66, 67, 68, 69, 70, 71, 72, 73, 74, 75, 76, 77, 78, 79, 80, 81, 82, 83, 84, 85, 86, 87, 88, 89, 90]","[141, 143, 144, 145, 146, 147, 148, 149, 150, 151, 152, 153, 154, 155, 156, 157, 158, 159, 160, 161, 162, 163, 164, 165, 166, 167, 168, 169, 170, 171, 172, 173, 174, 175, 176, 177, 178, 179, 180, 181, 182, 183, 184, 185, 186, 187, 188, 189, 190, 191, 192, 193, 194, 195, 196, 197, 198, 199, 200, 201, 202, 203, 204, 205, 206, 207, 208, 209, 210, 211, 212, 213, 214, 215, 216, 217, 218, 219, 220, 221, 222, 223, 224, 225, 226, 227, 228, 229, 230, 231, 232, 233, 234, 235, 236, 237, 238, 239, 241, 242, 243, 244, 245]","[369, 370, 371, 372, 373, 374, 375, 376, 377, 378, 379, 380, 381, 382, 383, 384, 385, 386, 387, 388, 389, 390, 391, 392, 393, 394, 395, 396, 397, 398, 399, 400, 401, 402, 403, 404, 405, 406, 407, 408, 409, 410, 411, 412, 413, 414, 415, 416, 417, 418, 419, 420, 421, 422, 423, 424, 425, 426, 427, 428, 429]",28,105,61,/media/bendico765/Crucial X9/Materiali Tesista/Roi masks/AMBL-562/ROI 0.npy,/media/bendico765/Crucial X9/Materiali Tesista/Cleaned Roi masks/AMBL-562/ROI 0.npy,0.6445,2.0,/media/bendico765/Crucial X9/MRI Lesions/manifest-1728494830954/Advanced-MRI-Breast-Lesions/AMBL-562/10-14-2005-NA-MRI BREASTS - Delayed contrast-38911/500.000000-Registered AX Sen Vibrant MultiPhase-87741,0.8223458535210525,0.33276448253772123,24.726815799826984,74.30725662563468,66.09113467213284,83.45405936801397,79.94138569133011,96.19819096531909,53553.9371818803,61.106264372615435,0.23952925145117598,28684.8887862428,0.5356261424593854,53986.140331999995,179.0,520.0,4.281345763324382,237.0,1.985880358108825,864.0,117.61343462982029,364.43792318109075,385.0,-18.0,882.0,95.02028346023647,388.36259473054645,-0.2421123818242455,8142486877.810467,0.058634094652437595,18010.505133296087,278.7630113782421,18455.75868603224,-205.81659079876118,101.26598832237939,11.915144485314999,0.7892027922672634,2.424401663749808,2.8810102738325036,5.735422660208595,0.454343999245347,0.3858786874095139,0.9911869386648561,0.9404230891648964,-0.18407081045140752,0.8685102266368957,0.3479461408233432,16.013233722588385,0.008447604998908067,7.701168438568069,0.8118132202227029,0.033641538679706665,32.02646744517677,5.117080625831324,28.295283201923606,7.6236918902094,7059.55727563708,0.10863531447182506,12.700374821380477,28.880300121869027,287.97614797488615,37.73639665148344,13042.230210513357,0.19557483855620167,0.007361226830908172,0.17236890735013768,47.04190028861693,0.0013227347528926975,3059.977397442769,0.05562648821194057,28.958303359877043,281.97495856342016,1.7307497478181801,522.4507884497083,0.011986441901463899,0.007572146434753655,5.017911158369435,41917.677361483235,0.7564259129269127,0.8460153505241527,0.30686829742532923,0.8902694090816696,247.95644082315283,0.006860568171576901,616.587241407731,0.05081902591343699,29.817944496846266,271.71490975026785,4337.814885024314,1799176.9723893513,13.374185680364398,0.00816359159045914,3771.886837550482,0.3108783349172078,0.5751771848716283,158.38875357985484,0.004378461490664808,6.951443433233113,0.1867074972300874,4309.128456266219,6.946434394627662,0.00019644239919144117,897.2873511853428,0.07043510008856398,0.10281071984131124
60,AMBL-563,0,0.0,-1,-1,-1,-1,,-1,-1,-1.0,-1,/media/bendico765/Crucial X9/MRI Lesions/manifest-1728494830954/Advanced-MRI-Breast-Lesions/AMBL-563/10-18-2005-NA-MRI BREASTS - Delayed contrast-99811/600.000000-Registered Ax T2 FSE-93137,/media/bendico765/Crucial X9/MRI Lesions/manifest-1728494830954/Advanced-MRI-Breast-Lesions/AMBL-563/10-18-2005-NA-MRI BREASTS - Delayed contrast-99811/500.000000-ROI-27523/1-1.dcm,-26.96,L,"[[[0 0 0 ... 0 0 0]
  [0 0 0 ... 0 0 0]
  [0 0 0 ... 0 0 0]
  ...
  [0 0 0 ... 0 0 0]
  [0 0 0 ... 0 0 0]
  [0 0 0 ... 0 0 0]]

 [[0 0 0 ... 0 0 0]
  [0 0 0 ... 0 0 0]
  [0 0 0 ... 0 0 0]
  ...
  [0 0 0 ... 0 0 0]
  [0 0 0 ... 0 0 0]
  [0 0 0 ... 0 0 0]]

 [[0 0 0 ... 0 0 0]
  [0 0 0 ... 0 0 0]
  [0 0 0 ... 0 0 0]
  ...
  [0 0 0 ... 0 0 0]
  [0 0 0 ... 0 0 0]
  [0 0 0 ... 0 0 0]]

 ...

 [[0 0 0 ... 0 0 0]
  [0 0 0 ... 0 0 0]
  [0 0 0 ... 0 0 0]
  ...
  [0 0 0 ... 0 0 0]
  [0 0 0 ... 0 0 0]
  [0 0 0 ... 0 0 0]]

 [[0 0 0 ... 0 0 0]
  [0 0 0 ... 0 0 0]
  [0 0 0 ... 0 0 0]
  ...
  [0 0 0 ... 0 0 0]
  [0 0 0 ... 0 0 0]
  [0 0 0 ... 0 0 0]]

 [[0 0 0 ... 0 0 0]
  [0 0 0 ... 0 0 0]
  [0 0 0 ... 0 0 0]
  ...
  [0 0 0 ... 0 0 0]
  [0 0 0 ... 0 0 0]
  [0 0 0 ... 0 0 0]]]","[75, 76, 77]","[232, 233, 234, 235, 236, 237, 238, 239, 240, 241, 242, 243, 244, 245, 246, 247, 248, 249, 250]","[142, 143, 144, 145, 146, 147, 148, 149, 150, 151, 152, 153, 154, 155, 156, 157, 158]",3,19,17,/media/bendico765/Crucial X9/Materiali Tesista/Roi masks/AMBL-563/ROI 0.npy,/media/bendico765/Crucial X9/Materiali Tesista/Cleaned Roi masks/AMBL-563/ROI 0.npy,0.6641,2.0,/media/bendico765/Crucial X9/MRI Lesions/manifest-1728494830954/Advanced-MRI-Breast-Lesions/AMBL-563/10-18-2005-NA-MRI BREASTS - Delayed contrast-99811/500.000000-Registered AX Sen Vibrant MultiPhase-94536,0.8577223023030038,0.7292176503637837,10.531857094369961,14.442679890038246,15.081688436312428,17.1608188968359,18.32001431249441,18.726150872509812,709.6888600916669,12.387808646708898,0.42250630818115614,910.673961389439,1.2832017135957465,748.8669193800001,128.0,301.20000000000005,3.4081767985873874,112.0,2.435490490750809,449.0,59.14232638411989,212.99528857479388,206.0,74.0,375.0,45.52673450903085,224.13181013784163,0.3898383465215255,37619380.85439626,0.10515384967556927,4868.0753606057715,64.60192819634645,668.3539688164045,8.194162578527422,15.084657331909499,7.472200500971586,0.2785184494849404,2.0280835422040897,2.5756307686552202,3.114055181031763,0.47445636748258657,0.40575426808101095,0.9734672205729833,0.8959405684064456,-0.11571479896881015,0.6636833088613303,0.3597738329712207,7.886424802461166,0.02338136756790946,5.968616391465219,0.4739334005209918,0.06077089276730629,15.772849604922332,3.8506885846032093,5.6392144582202715,6.201865726288913,115.92343934040048,0.13654115352226204,7.129396324366919,7.8856771841326525,57.381625441696116,23.233215547703182,1463.11542991755,0.6492946882143733,0.036443506784886115,0.22501840674008047,16.701067912401143,0.007759724506626988,77.77972003668714,0.10333325251442362,8.07579450363114,57.63219155510855,1.5753250015230766,88.14125359301599,0.0569705880018185,0.03689319086352278,3.917124460399642,624.9117919025316,0.8188920865437144,0.884117060795506,0.24071008438632072,0.9179689838569123,52.807824624564155,0.03431117304385905,18.945205479452056,0.08650778757740664,10.551364650445153,71.87671232876713,97.45662100456622,6260.114155251142,2.473983075985902,0.036924413501826056,72.33333333333333,0.3302891933028919,0.5926315397538222,50.19257763051133,0.01897736022702859,5.461018447315695,0.2579505300353357,82.42772252455119,1.1420218827335231,0.009808147253481362,117.77590404402082,0.09823171789558309,0.7729524892864639
61,AMBL-563,1,0.0,-1,-1,-1,-1,,-1.0,-1.0,-1.0,-1,/media/bendico765/Crucial X9/MRI Lesions/manifest-1728494830954/Advanced-MRI-Breast-Lesions/AMBL-563/10-18-2005-NA-MRI BREASTS - Delayed contrast-99811/600.000000-Registered Ax T2 FSE-93137,/media/bendico765/Crucial X9/MRI Lesions/manifest-1728494830954/Advanced-MRI-Breast-Lesions/AMBL-563/10-18-2005-NA-MRI BREASTS - Delayed contrast-99811/500.000000-ROI-27523/1-1.dcm,7.04,R,"[[[0 0 0 ... 0 0 0]
  [0 0 0 ... 0 0 0]
  [0 0 0 ... 0 0 0]
  ...
  [0 0 0 ... 0 0 0]
  [0 0 0 ... 0 0 0]
  [0 0 0 ... 0 0 0]]

 [[0 0 0 ... 0 0 0]
  [0 0 0 ... 0 0 0]
  [0 0 0 ... 0 0 0]
  ...
  [0 0 0 ... 0 0 0]
  [0 0 0 ... 0 0 0]
  [0 0 0 ... 0 0 0]]

 [[0 0 0 ... 0 0 0]
  [0 0 0 ... 0 0 0]
  [0 0 0 ... 0 0 0]
  ...
  [0 0 0 ... 0 0 0]
  [0 0 0 ... 0 0 0]
  [0 0 0 ... 0 0 0]]

 ...

 [[0 0 0 ... 0 0 0]
  [0 0 0 ... 0 0 0]
  [0 0 0 ... 0 0 0]
  ...
  [0 0 0 ... 0 0 0]
  [0 0 0 ... 0 0 0]
  [0 0 0 ... 0 0 0]]

 [[0 0 0 ... 0 0 0]
  [0 0 0 ... 0 0 0]
  [0 0 0 ... 0 0 0]
  ...
  [0 0 0 ... 0 0 0]
  [0 0 0 ... 0 0 0]
  [0 0 0 ... 0 0 0]]

 [[0 0 0 ... 0 0 0]
  [0 0 0 ... 0 0 0]
  [0 0 0 ... 0 0 0]
  ...
  [0 0 0 ... 0 0 0]
  [0 0 0 ... 0 0 0]
  [0 0 0 ... 0 0 0]]]","[59, 60]","[204, 205, 206, 207, 208, 209, 210, 211, 212, 213]","[361, 362, 363, 364, 365, 366, 367, 368, 369]",2,10,9,/media/bendico765/Crucial X9/Materiali Tesista/Roi masks/AMBL-563/ROI 1.npy,/media/bendico765/Crucial X9/Materiali Tesista/Cleaned Roi masks/AMBL-563/ROI 1.npy,0.6641,2.0,/media/bendico765/Crucial X9/MRI Lesions/manifest-1728494830954/Advanced-MRI-Breast-Lesions/AMBL-563/10-18-2005-NA-MRI BREASTS - Delayed contrast-99811/500.000000-Registered AX Sen Vibrant MultiPhase-94536,0.6570633342642388,0.564672923384558,6.181052816751286,10.946253239314286,9.98615709920488,11.770041159231347,11.132344569316924,13.20065159376612,176.63203840499975,7.192381651124569,0.4891171602059271,311.2558661413186,1.7621710588406378,201.10913736000003,146.7,370.6,3.7039534020173894,92.25,4.750808933029702,573.0,69.23007079101262,248.7017543859649,233.0,98.0,475.0,43.15988407197199,265.84590246917315,1.2554578902545654,14213195.99435684,0.094067405355494,8821.481224992305,63.263694941703,8553.24789729583,349.1855803661148,40.856129663395095,14.97029933482457,0.47122922984382637,2.5868426093963617,2.8522971826060437,8.009275319830452,0.4539946090073005,0.3882809888971676,0.9685033864175422,0.8975790289555682,-0.3209705620211109,0.9456930143752816,0.35571401873285563,7.534722540934371,0.02550178212296484,5.971895508101031,0.7622084946969098,0.0996258705742073,15.069445081868748,4.118612660780324,13.956607249554915,5.7718445228414605,43.0,0.18859649122807018,9.631732840874115,14.204216682056014,69.79824561403508,21.096491228070175,1269.798245614035,0.5059727875601241,0.04238112491008241,0.360072958276201,31.719210021684663,0.017709999399671057,18.620766906253778,0.08988800656076139,15.055143850122683,70.98302250369262,1.3657313328876117,92.4469076864841,0.05421261997698576,0.04370962557427764,4.101622725723783,175.86032743614717,0.8448794405169805,0.9082321187584347,0.13894964586785535,0.9335795151137383,67.09460930602678,0.04164412787500837,6.74468085106383,0.07175192394748756,21.03587596197374,89.01063829787235,21.5531914893617,1144.1489361702127,0.6472276705387195,0.04879611034538229,42.638297872340424,0.45359891353553644,0.6991984226347293,67.04669515863802,0.03465746979217613,5.058980538656871,0.41228070175438597,15.669986419194206,0.20673787662447796,0.038034411820441844,274.58278564025005,0.12183163092653754,6.106039691238388
62,AMBL-563,2,0.0,-1.0,-1,-1,-1,,-1.0,-1.0,-1.0,-1,/media/bendico765/Crucial X9/MRI Lesions/manifest-1728494830954/Advanced-MRI-Breast-Lesions/AMBL-563/10-18-2005-NA-MRI BREASTS - Delayed contrast-99811/600.000000-Registered Ax T2 FSE-93137,/media/bendico765/Crucial X9/MRI Lesions/manifest-1728494830954/Advanced-MRI-Breast-Lesions/AMBL-563/10-18-2005-NA-MRI BREASTS - Delayed contrast-99811/500.000000-ROI-27523/1-1.dcm,-22.96,R,"[[[0 0 0 ... 0 0 0]
  [0 0 0 ... 0 0 0]
  [0 0 0 ... 0 0 0]
  ...
  [0 0 0 ... 0 0 0]
  [0 0 0 ... 0 0 0]
  [0 0 0 ... 0 0 0]]

 [[0 0 0 ... 0 0 0]
  [0 0 0 ... 0 0 0]
  [0 0 0 ... 0 0 0]
  ...
  [0 0 0 ... 0 0 0]
  [0 0 0 ... 0 0 0]
  [0 0 0 ... 0 0 0]]

 [[0 0 0 ... 0 0 0]
  [0 0 0 ... 0 0 0]
  [0 0 0 ... 0 0 0]
  ...
  [0 0 0 ... 0 0 0]
  [0 0 0 ... 0 0 0]
  [0 0 0 ... 0 0 0]]

 ...

 [[0 0 0 ... 0 0 0]
  [0 0 0 ... 0 0 0]
  [0 0 0 ... 0 0 0]
  ...
  [0 0 0 ... 0 0 0]
  [0 0 0 ... 0 0 0]
  [0 0 0 ... 0 0 0]]

 [[0 0 0 ... 0 0 0]
  [0 0 0 ... 0 0 0]
  [0 0 0 ... 0 0 0]
  ...
  [0 0 0 ... 0 0 0]
  [0 0 0 ... 0 0 0]
  [0 0 0 ... 0 0 0]]

 [[0 0 0 ... 0 0 0]
  [0 0 0 ... 0 0 0]
  [0 0 0 ... 0 0 0]
  ...
  [0 0 0 ... 0 0 0]
  [0 0 0 ... 0 0 0]
  [0 0 0 ... 0 0 0]]]","[73, 74]","[158, 159, 160, 161, 162, 163, 164, 165, 166, 167, 168, 169]","[357, 358, 359, 360, 361, 362, 363, 364, 365, 366]",2,12,10,/media/bendico765/Crucial X9/Materiali Tesista/Roi masks/AMBL-563/ROI 2.npy,/media/bendico765/Crucial X9/Materiali Tesista/Cleaned Roi masks/AMBL-563/ROI 2.npy,0.6641,2.0,/media/bendico765/Crucial X9/MRI Lesions/manifest-1728494830954/Advanced-MRI-Breast-Lesions/AMBL-563/10-18-2005-NA-MRI BREASTS - Delayed contrast-99811/500.000000-Registered AX Sen Vibrant MultiPhase-94536,0.7776318428832716,0.6044234392623616,6.688576762772371,11.066044644024908,10.83348909677764,11.9538,12.406411837836112,15.19653690878287,250.9086404891674,8.605308689961646,0.4935666941332357,389.77623551018235,1.5534587997857745,269.90963172000005,155.5,369.5,3.762154994371431,119.0,2.737536200465568,515.0,68.11512666068606,266.02287581699346,260.5,59.0,456.0,48.3071083042193,279.17716983461014,0.19436391498899738,21036727.588355344,0.08479644581144005,7171.721698919221,94.38937404058339,2515.3000143335926,2.0599590099956737,31.10187873121611,17.88750881623517,0.2754823292424142,3.349424253436198,3.059277485200389,6.077155469809872,0.345576488282644,0.25405589915983307,0.9563689535722074,0.8607332751448402,-0.22271143904179347,0.9008916441309538,0.26263943249122323,9.542544061712652,0.011401261148853422,6.731416131998527,0.5784648195631082,0.028698097648954885,19.085088123425304,4.34477394767006,12.24734688686282,5.54525677334703,79.49019607843137,0.2597718826092528,1.4400444273569994,11.410953052244864,95.73856209150327,6.915032679738562,695.8496732026143,0.12159710217853484,0.024536258378439188,0.38927128721859117,33.72929307371096,0.013641115735255994,24.460935182144343,0.08429158329415462,11.504334395216212,95.40302836235023,1.1872610992556847,114.52726188841736,0.028145829746163205,0.02495229223774689,4.009695210268687,264.2242782736097,0.9074807832559113,0.9484665661136251,0.06827359889029097,0.9619424449423589,91.53138674796955,0.024295222145685046,12.472972972972974,0.08427684441197955,12.382167640613586,91.08783783783784,7.648648648648648,753.4054054054054,0.143232371794839,0.031595198478941655,54.28378378378378,0.36678232286340395,0.6228560331164498,51.67673147105439,0.02479778428884153,5.26711838612124,0.48366013071895425,3.3738130021913806,0.25370324741510647,0.024192345075905286,270.3152430319314,0.1316363213021248,2.6489379348487434
63,AMBL-564,0,1.0,2,-1,-1,-1,,-1,-1,-1.0,-1,/media/bendico765/Crucial X9/MRI Lesions/manifest-1728494830954/Advanced-MRI-Breast-Lesions/AMBL-564/10-21-2005-NA-MRI BREASTS - Delayed contrast-76004/600.000000-Registered Ax T2 FSE-98564,/media/bendico765/Crucial X9/MRI Lesions/manifest-1728494830954/Advanced-MRI-Breast-Lesions/AMBL-564/10-21-2005-NA-MRI BREASTS - Delayed contrast-76004/500.000000-ROI-12939/1-1.dcm,-21.5,L,"[[[0 0 0 ... 0 0 0]
  [0 0 0 ... 0 0 0]
  [0 0 0 ... 0 0 0]
  ...
  [0 0 0 ... 0 0 0]
  [0 0 0 ... 0 0 0]
  [0 0 0 ... 0 0 0]]

 [[0 0 0 ... 0 0 0]
  [0 0 0 ... 0 0 0]
  [0 0 0 ... 0 0 0]
  ...
  [0 0 0 ... 0 0 0]
  [0 0 0 ... 0 0 0]
  [0 0 0 ... 0 0 0]]

 [[0 0 0 ... 0 0 0]
  [0 0 0 ... 0 0 0]
  [0 0 0 ... 0 0 0]
  ...
  [0 0 0 ... 0 0 0]
  [0 0 0 ... 0 0 0]
  [0 0 0 ... 0 0 0]]

 ...

 [[0 0 0 ... 0 0 0]
  [0 0 0 ... 0 0 0]
  [0 0 0 ... 0 0 0]
  ...
  [0 0 0 ... 0 0 0]
  [0 0 0 ... 0 0 0]
  [0 0 0 ... 0 0 0]]

 [[0 0 0 ... 0 0 0]
  [0 0 0 ... 0 0 0]
  [0 0 0 ... 0 0 0]
  ...
  [0 0 0 ... 0 0 0]
  [0 0 0 ... 0 0 0]
  [0 0 0 ... 0 0 0]]

 [[0 0 0 ... 0 0 0]
  [0 0 0 ... 0 0 0]
  [0 0 0 ... 0 0 0]
  ...
  [0 0 0 ... 0 0 0]
  [0 0 0 ... 0 0 0]
  [0 0 0 ... 0 0 0]]]","[60, 61, 62, 63, 64, 65, 66, 67]","[213, 214, 215, 216, 217, 218, 219, 220, 221, 222, 223, 224, 225, 226, 227, 228, 229, 230, 231, 232, 233, 234]","[122, 123, 124, 125, 126, 127, 128, 129, 130, 131, 132, 133, 134, 135, 136, 137, 138, 139, 140, 141, 142, 143, 144, 145]",8,22,24,/media/bendico765/Crucial X9/Materiali Tesista/Roi masks/AMBL-564/ROI 0.npy,/media/bendico765/Crucial X9/Materiali Tesista/Cleaned Roi masks/AMBL-564/ROI 0.npy,0.6641,2.0,/media/bendico765/Crucial X9/MRI Lesions/manifest-1728494830954/Advanced-MRI-Breast-Lesions/AMBL-564/10-21-2005-NA-MRI BREASTS - Delayed contrast-76004/500.000000-Registered AX Sen Vibrant MultiPhase-87586,0.8053933786169707,0.5659355082487777,12.336922222341217,21.7991662345351,26.86093822802919,23.647651054808808,22.324035372217097,26.93472223320671,1346.9387381408314,17.556904144665214,0.3094535368052342,1905.9897880455514,1.4150530637171914,1413.0563072400003,98.0,290.0,3.3890411401430747,109.75,2.4122587955248145,362.0,61.25557472634862,211.6760299625468,235.5,13.0,349.0,46.08202002863642,223.85648799170426,-0.6380640179183945,70810692.20923094,0.1140895977406519,5304.985555275009,89.476989689764,2077.682809920059,-107.87932199750199,27.536990139404356,4.13287016549381,0.7283533138798853,1.533605917391442,2.20676030229113,1.6276136651888502,0.5227026148861683,0.4645788762097925,0.9826535644878966,0.9128178782523959,-0.21158841173964332,0.8487914630186739,0.41823857831145705,9.142232550110437,0.022891248630545584,6.022725948440762,0.7688717542352607,0.06648886495138619,18.284465100220867,4.172766736151518,7.91746507622454,6.365989263040698,212.87890137328338,0.13288320934661885,5.357404368135336,8.479324377611631,89.32209737827715,23.876404494382022,2268.801498127341,0.48777556676042183,0.02475398326186362,0.15966075510484207,13.88772806422268,0.004066604683667755,156.033276086103,0.11162402492220355,8.517233978539302,88.80125695339274,1.6042235295960519,144.80456214401394,0.03836036776443869,0.025155733347050166,3.9793304728812435,1130.1161632937292,0.7930784089405034,0.8729472774416593,0.23213918102510592,0.9044477848665621,79.94100717565424,0.02298798931940836,26.681978798586574,0.09428261059571227,8.895653585386258,84.57950530035336,317.0530035335689,33691.49823321555,4.262311389336415,0.029887706302881234,70.02473498233215,0.24743722608597934,0.5018760434530399,44.24059255746869,0.011759989341731298,5.853747108975542,0.1766541822721598,285.0086029292413,0.9533721969449933,0.007001696219804963,79.82295541290463,0.0722729479606236,0.588576442028427
64,AMBL-564,1,1.0,2,Moderate to strong,neg,neg,,100.0,0.0,0.0,2 to 3,/media/bendico765/Crucial X9/MRI Lesions/manifest-1728494830954/Advanced-MRI-Breast-Lesions/AMBL-564/10-21-2005-NA-MRI BREASTS - Delayed contrast-76004/600.000000-Registered Ax T2 FSE-98564,/media/bendico765/Crucial X9/MRI Lesions/manifest-1728494830954/Advanced-MRI-Breast-Lesions/AMBL-564/10-21-2005-NA-MRI BREASTS - Delayed contrast-76004/500.000000-ROI-12939/1-1.dcm,-3.5,L,"[[[0 0 0 ... 0 0 0]
  [0 0 0 ... 0 0 0]
  [0 0 0 ... 0 0 0]
  ...
  [0 0 0 ... 0 0 0]
  [0 0 0 ... 0 0 0]
  [0 0 0 ... 0 0 0]]

 [[0 0 0 ... 0 0 0]
  [0 0 0 ... 0 0 0]
  [0 0 0 ... 0 0 0]
  ...
  [0 0 0 ... 0 0 0]
  [0 0 0 ... 0 0 0]
  [0 0 0 ... 0 0 0]]

 [[0 0 0 ... 0 0 0]
  [0 0 0 ... 0 0 0]
  [0 0 0 ... 0 0 0]
  ...
  [0 0 0 ... 0 0 0]
  [0 0 0 ... 0 0 0]
  [0 0 0 ... 0 0 0]]

 ...

 [[0 0 0 ... 0 0 0]
  [0 0 0 ... 0 0 0]
  [0 0 0 ... 0 0 0]
  ...
  [0 0 0 ... 0 0 0]
  [0 0 0 ... 0 0 0]
  [0 0 0 ... 0 0 0]]

 [[0 0 0 ... 0 0 0]
  [0 0 0 ... 0 0 0]
  [0 0 0 ... 0 0 0]
  ...
  [0 0 0 ... 0 0 0]
  [0 0 0 ... 0 0 0]
  [0 0 0 ... 0 0 0]]

 [[0 0 0 ... 0 0 0]
  [0 0 0 ... 0 0 0]
  [0 0 0 ... 0 0 0]
  ...
  [0 0 0 ... 0 0 0]
  [0 0 0 ... 0 0 0]
  [0 0 0 ... 0 0 0]]]","[53, 54, 55, 56]","[214, 215, 216, 227, 229, 230, 231, 242, 243, 244, 245, 246, 247, 248, 249, 250, 251, 252, 253, 254, 255, 256, 257, 258, 259, 260, 261, 262, 263, 264, 265, 266, 267, 268]","[121, 122, 123, 128, 129, 130, 136, 137, 138, 139, 140, 141, 142, 143, 144, 145, 146, 147, 148, 149, 150, 151, 152]",4,55,32,/media/bendico765/Crucial X9/Materiali Tesista/Roi masks/AMBL-564/ROI 1.npy,/media/bendico765/Crucial X9/Materiali Tesista/Cleaned Roi masks/AMBL-564/ROI 1.npy,0.6641,2.0,/media/bendico765/Crucial X9/MRI Lesions/manifest-1728494830954/Advanced-MRI-Breast-Lesions/AMBL-564/10-21-2005-NA-MRI BREASTS - Delayed contrast-76004/500.000000-Registered AX Sen Vibrant MultiPhase-87586,0.6987611701924781,0.5214363393060192,10.847269848289834,20.802673367043212,17.1608188968359,21.575680811738017,24.06389053187369,25.475046367965653,1104.9609310541716,14.536100385087012,0.362167844462096,1427.1584215556766,1.2915917490350697,1164.3160584000002,121.0,270.0,2.3537766876174073,45.0,4.480323107900751,290.0,44.65888888888889,228.10757575757575,254.0,30.0,260.0,26.103616654417998,235.40743854265125,-1.6286363182160137,64522509.61065429,0.3301056014692378,3383.596003213958,88.71187161680663,723.2272816454291,-58.95420229500309,9.093544437700007,1.7146945655880717,0.36118091981382094,0.6969612908622825,1.59264336603849,1.1991121431464367,0.7542402629375295,0.7367761773714709,0.987395745084823,0.9474834171502816,-0.16940021788098794,0.5499446929818825,0.3238591140080405,9.304870141587006,0.26494057295222245,3.213817082871346,0.5693444078673869,0.49036068389212484,18.609740283174013,2.4545893782980888,2.7020597508220208,6.039627827439054,76.80606060606061,0.05818640955004591,37.20734618916436,5.546620179063361,80.48712121212121,112.05606060606061,10877.491666666667,1.481714719789141,0.030957034021161497,0.10055713009257135,6.059840455417561,0.00427123433280283,219.78235941059833,0.23294309792186393,6.4394987957873395,74.95796781326143,3.6317931464410402,322.81255055732856,0.08027053312339508,0.036522145226418896,3.735391854896581,601.6515333266289,0.6173959978581846,0.7057109557109557,1.3166326250460947,0.7998022873932731,57.00900005859543,0.031987828270523856,18.375886524822697,0.13032543634626026,7.247321563301646,58.354609929078016,3550.0567375886526,352199.73758865247,37.34823946305322,0.050854840913347715,42.02127659574468,0.2980232382676928,0.564652119948901,33.4289409759902,0.020844401073295077,5.132736676775114,0.10681818181818181,3462.415270861627,0.8600173338173023,0.00851655079929594,27.232220978420095,0.05050165351448114,0.7523487829403918
65,AMBL-565,0,1.0,1 to 2,strong,strong,weak,,100,100,10.0,10,/media/bendico765/Crucial X9/MRI Lesions/manifest-1728494830954/Advanced-MRI-Breast-Lesions/AMBL-565/10-21-2005-NA-MRI BREASTS - Delayed contrast-17253/600.000000-Registered Ax T2 FSE-51636,/media/bendico765/Crucial X9/MRI Lesions/manifest-1728494830954/Advanced-MRI-Breast-Lesions/AMBL-565/10-21-2005-NA-MRI BREASTS - Delayed contrast-17253/500.000000-ROI-14996/1-1.dcm,0.37,R,"[[[0 0 0 ... 0 0 0]
  [0 0 0 ... 0 0 0]
  [0 0 0 ... 0 0 0]
  ...
  [0 0 0 ... 0 0 0]
  [0 0 0 ... 0 0 0]
  [0 0 0 ... 0 0 0]]

 [[0 0 0 ... 0 0 0]
  [0 0 0 ... 0 0 0]
  [0 0 0 ... 0 0 0]
  ...
  [0 0 0 ... 0 0 0]
  [0 0 0 ... 0 0 0]
  [0 0 0 ... 0 0 0]]

 [[0 0 0 ... 0 0 0]
  [0 0 0 ... 0 0 0]
  [0 0 0 ... 0 0 0]
  ...
  [0 0 0 ... 0 0 0]
  [0 0 0 ... 0 0 0]
  [0 0 0 ... 0 0 0]]

 ...

 [[0 0 0 ... 0 0 0]
  [0 0 0 ... 0 0 0]
  [0 0 0 ... 0 0 0]
  ...
  [0 0 0 ... 0 0 0]
  [0 0 0 ... 0 0 0]
  [0 0 0 ... 0 0 0]]

 [[0 0 0 ... 0 0 0]
  [0 0 0 ... 0 0 0]
  [0 0 0 ... 0 0 0]
  ...
  [0 0 0 ... 0 0 0]
  [0 0 0 ... 0 0 0]
  [0 0 0 ... 0 0 0]]

 [[0 0 0 ... 0 0 0]
  [0 0 0 ... 0 0 0]
  [0 0 0 ... 0 0 0]
  ...
  [0 0 0 ... 0 0 0]
  [0 0 0 ... 0 0 0]
  [0 0 0 ... 0 0 0]]]","[48, 49, 50, 51, 52]","[211, 212, 213, 214, 215, 216, 217, 218, 219, 220, 221, 222, 223, 224, 225, 226, 227, 228]","[387, 388, 389, 390, 391, 392, 393, 394, 395, 396, 397, 398, 399, 400]",5,18,14,/media/bendico765/Crucial X9/Materiali Tesista/Roi masks/AMBL-565/ROI 0.npy,/media/bendico765/Crucial X9/Materiali Tesista/Cleaned Roi masks/AMBL-565/ROI 0.npy,0.6445,2.0,/media/bendico765/Crucial X9/MRI Lesions/manifest-1728494830954/Advanced-MRI-Breast-Lesions/AMBL-565/10-21-2005-NA-MRI BREASTS - Delayed contrast-17253/500.000000-Registered AX Sen Vibrant MultiPhase-06627,0.8093280499332329,0.6425501899101022,10.349699904888361,16.107224100791825,17.38785047094666,19.47261385253659,16.112499999999997,20.962176091713378,1082.5155465208393,13.03602827133142,0.4570208771970823,1115.5888879047454,1.0305523015260174,1097.4346205,197.0,547.0,4.371214825695266,226.0,2.009163335051194,665.0,116.49297752889476,364.8448145344436,349.0,69.0,596.0,91.47709257663294,389.0826669564775,0.10594751385563612,166135493.097605,0.05259532584048169,18273.583033292627,177.004343357492,16685.051231566944,177.77338986996304,89.2285158601558,22.860881510875366,0.5893590139908941,3.668312932733259,3.3316811911085646,8.879384019538604,0.3410842341477476,0.2517999023836536,0.9672344852293596,0.881189716934283,-0.1325883790430047,0.8106826818940237,0.25263068311413867,12.66434964668042,0.004786716752564537,8.084169473491988,0.6103483793222138,0.015899682828951173,25.328699293360835,5.145145680174329,28.022349342757785,6.629871585366091,277.6737320211961,0.21019964573898264,2.7173573572196874,29.335314184595088,201.1218773656321,10.541256623769872,1675.8334595003785,0.154650110661115,0.014181402575523331,0.3285317406675009,73.74702701495828,0.004630057408787171,64.01534307164424,0.05206439944995926,29.372863535305406,203.49149596546675,1.2438253322710364,244.75294021325743,0.017739335553900427,0.014132518647270813,4.730571842613508,1076.5088635458853,0.8734913735082352,0.9308798695626854,0.08510771921319969,0.9477922548587043,194.58208338294483,0.013357341669869429,27.507462686567163,0.051319893071953664,28.473755290710624,224.78731343283582,17.255597014925375,2559.910447761194,0.23665725564654425,0.014283707462468877,180.12313432835822,0.33605062374693695,0.5962187997187174,137.53950707701068,0.008655971585421222,6.284387912793008,0.4057532172596518,11.181579277121854,0.581116260176513,0.007136613469630606,508.2789349978944,0.2177284797160188,1.3828065019874252
66,AMBL-565,1,0.0,-1,-1,-1,-1,,-1.0,-1.0,-1.0,-1,/media/bendico765/Crucial X9/MRI Lesions/manifest-1728494830954/Advanced-MRI-Breast-Lesions/AMBL-565/10-21-2005-NA-MRI BREASTS - Delayed contrast-17253/600.000000-Registered Ax T2 FSE-51636,/media/bendico765/Crucial X9/MRI Lesions/manifest-1728494830954/Advanced-MRI-Breast-Lesions/AMBL-565/10-21-2005-NA-MRI BREASTS - Delayed contrast-17253/500.000000-ROI-14996/1-1.dcm,-61.63,L,"[[[0 0 0 ... 0 0 0]
  [0 0 0 ... 0 0 0]
  [0 0 0 ... 0 0 0]
  ...
  [0 0 0 ... 0 0 0]
  [0 0 0 ... 0 0 0]
  [0 0 0 ... 0 0 0]]

 [[0 0 0 ... 0 0 0]
  [0 0 0 ... 0 0 0]
  [0 0 0 ... 0 0 0]
  ...
  [0 0 0 ... 0 0 0]
  [0 0 0 ... 0 0 0]
  [0 0 0 ... 0 0 0]]

 [[0 0 0 ... 0 0 0]
  [0 0 0 ... 0 0 0]
  [0 0 0 ... 0 0 0]
  ...
  [0 0 0 ... 0 0 0]
  [0 0 0 ... 0 0 0]
  [0 0 0 ... 0 0 0]]

 ...

 [[0 0 0 ... 0 0 0]
  [0 0 0 ... 0 0 0]
  [0 0 0 ... 0 0 0]
  ...
  [0 0 0 ... 0 0 0]
  [0 0 0 ... 0 0 0]
  [0 0 0 ... 0 0 0]]

 [[0 0 0 ... 0 0 0]
  [0 0 0 ... 0 0 0]
  [0 0 0 ... 0 0 0]
  ...
  [0 0 0 ... 0 0 0]
  [0 0 0 ... 0 0 0]
  [0 0 0 ... 0 0 0]]

 [[0 0 0 ... 0 0 0]
  [0 0 0 ... 0 0 0]
  [0 0 0 ... 0 0 0]
  ...
  [0 0 0 ... 0 0 0]
  [0 0 0 ... 0 0 0]
  [0 0 0 ... 0 0 0]]]","[80, 81, 82]","[177, 178, 179, 180, 181, 182, 183, 184, 185, 186, 187, 188, 189, 190, 191, 192, 193, 194, 195, 196, 197, 198, 199, 200, 201, 202, 203]","[154, 155, 156, 157, 158, 159, 160, 161, 162, 163, 164, 165, 166, 167, 168, 169, 170, 171, 172, 173, 174, 175, 176]",3,27,23,/media/bendico765/Crucial X9/Materiali Tesista/Roi masks/AMBL-565/ROI 1.npy,/media/bendico765/Crucial X9/Materiali Tesista/Cleaned Roi masks/AMBL-565/ROI 1.npy,0.6445,2.0,/media/bendico765/Crucial X9/MRI Lesions/manifest-1728494830954/Advanced-MRI-Breast-Lesions/AMBL-565/10-21-2005-NA-MRI BREASTS - Delayed contrast-17253/500.000000-Registered AX Sen Vibrant MultiPhase-06627,0.8256295268021365,0.5572516596160695,10.654621845528782,19.119946368341928,19.15234195209557,20.070181918707164,24.19237012469014,25.737615633543054,1890.845513020797,15.785992272576374,0.5483067580005038,1348.6457578957738,0.7132501035164899,1919.0567549999998,147.0,241.0,2.74291761240844,48.0,7.08673452061315,434.0,31.628626150184594,192.53593073593075,188.0,62.0,372.0,20.072008266488343,197.4310641926065,1.2145669298699169,74802961.437254,0.19026629935720846,1908.9404838739908,36.99097537583688,373.0710704735483,18.641045839722405,7.149906717782755,3.402382443307986,0.3373347229381802,1.2309321684995487,2.0219317933793084,1.8180959923770432,0.584772727513856,0.5455967309619758,0.9880512378368207,0.9335588472444031,-0.10379053377425565,0.5875328290611819,0.47152287865480624,6.003553490987231,0.0507200008152847,4.9934802737015795,0.5041012887813267,0.11422692281915413,12.007106981974461,3.3499640955018752,2.6380722902726848,6.222569570792006,183.85714285714286,0.07959183673469387,13.667261857911209,3.1587444013418042,42.00779220779221,56.69177489177489,1965.7073593073594,1.9209883479018823,0.03474758052163281,0.11021610195348021,6.9646816742898086,0.005076979573005704,321.54456924121075,0.1767557842283696,3.5734965514178096,43.72243396536066,2.140544157446239,84.30479148438714,0.07351245397466258,0.03507584717434219,3.735106885973629,1226.2564709173614,0.6633933874147316,0.7861804861804861,0.4489290852543521,0.8366105832570979,37.724531416091345,0.02960939486684929,26.437751004016064,0.10617570684343801,9.036273608490184,68.92771084337349,2972.9236947791164,102902.1204819277,93.25860137026152,0.04777609775892074,87.95582329317268,0.3532362381251915,0.6133654862409096,45.07471040993083,0.03339451412940334,5.421317890422652,0.10779220779220779,2886.85895388784,2.1625029805738416,0.0034857224628206678,103.39290639207881,0.02332796096643017,0.46188054985564614
67,AMBL-567,0,1.0,2,-1,-1,-1,,-1,-1,-1.0,-1,/media/bendico765/Crucial X9/MRI Lesions/manifest-1728494830954/Advanced-MRI-Breast-Lesions/AMBL-567/11-09-2005-NA-MRI BREASTS - Delayed contrast-75323/600.000000-Registered Ax T2 FSE-08667,/media/bendico765/Crucial X9/MRI Lesions/manifest-1728494830954/Advanced-MRI-Breast-Lesions/AMBL-567/11-09-2005-NA-MRI BREASTS - Delayed contrast-75323/500.000000-ROI-54461/1-1.dcm,6.76,R,"[[[0 0 0 ... 0 0 0]
  [0 0 0 ... 0 0 0]
  [0 0 0 ... 0 0 0]
  ...
  [0 0 0 ... 0 0 0]
  [0 0 0 ... 0 0 0]
  [0 0 0 ... 0 0 0]]

 [[0 0 0 ... 0 0 0]
  [0 0 0 ... 0 0 0]
  [0 0 0 ... 0 0 0]
  ...
  [0 0 0 ... 0 0 0]
  [0 0 0 ... 0 0 0]
  [0 0 0 ... 0 0 0]]

 [[0 0 0 ... 0 0 0]
  [0 0 0 ... 0 0 0]
  [0 0 0 ... 0 0 0]
  ...
  [0 0 0 ... 0 0 0]
  [0 0 0 ... 0 0 0]
  [0 0 0 ... 0 0 0]]

 ...

 [[0 0 0 ... 0 0 0]
  [0 0 0 ... 0 0 0]
  [0 0 0 ... 0 0 0]
  ...
  [0 0 0 ... 0 0 0]
  [0 0 0 ... 0 0 0]
  [0 0 0 ... 0 0 0]]

 [[0 0 0 ... 0 0 0]
  [0 0 0 ... 0 0 0]
  [0 0 0 ... 0 0 0]
  ...
  [0 0 0 ... 0 0 0]
  [0 0 0 ... 0 0 0]
  [0 0 0 ... 0 0 0]]

 [[0 0 0 ... 0 0 0]
  [0 0 0 ... 0 0 0]
  [0 0 0 ... 0 0 0]
  ...
  [0 0 0 ... 0 0 0]
  [0 0 0 ... 0 0 0]
  [0 0 0 ... 0 0 0]]]","[52, 53, 54, 55, 56, 57, 58, 59, 60, 61]","[143, 144, 145, 146, 147, 148, 149, 150, 151, 152, 153, 154, 155, 156, 157, 158, 159, 160, 161, 162, 163, 164, 165, 166, 167, 168, 169, 170, 171, 172, 173, 174, 175, 176, 177, 178, 179, 180, 181, 182, 183, 184, 185]","[349, 350, 351, 352, 353, 354, 355, 356, 357, 358, 359, 360, 361, 362, 363, 364, 365, 366, 367, 368, 369, 370, 371, 372, 373, 374, 375, 376, 377, 378, 379, 380, 381, 382]",10,43,34,/media/bendico765/Crucial X9/Materiali Tesista/Roi masks/AMBL-567/ROI 0.npy,/media/bendico765/Crucial X9/Materiali Tesista/Cleaned Roi masks/AMBL-567/ROI 0.npy,0.6641,2.2,/media/bendico765/Crucial X9/MRI Lesions/manifest-1728494830954/Advanced-MRI-Breast-Lesions/AMBL-567/11-09-2005-NA-MRI BREASTS - Delayed contrast-75323/500.000000-Registered AX Sen Vibrant MultiPhase-43852,0.8826152164448643,0.6664894933661131,20.551496636259973,30.83543977934955,33.478182244709764,40.37544999080506,36.549641113012314,43.549493259968024,8686.161644432577,27.21582835502318,0.3542827171844518,5767.922667423894,0.6640358427039937,8799.318611358001,93.0,270.0,3.4947819629089407,99.0,3.054206892877024,552.0,55.904743798968575,179.70140037490353,177.0,-53.0,605.0,40.54117996010705,192.48467982736565,0.31925312869046896,326017851.63152933,0.10093843087632351,4757.758671542093,112.33365036947893,1406.3622313886044,35.906087941165715,21.749712755478452,7.41590869702837,0.48917892309441957,2.0875776203089225,2.5950958635177765,2.8612455704000763,0.4501453228477989,0.3760706112270512,0.9894121312270758,0.929075003171765,-0.08358813605062584,0.5967549204351082,0.3671024786130684,10.427929851034836,0.013655169382352676,6.624715031765944,0.5359094672799457,0.027156472259597535,20.855859702069672,4.228879278974005,7.2914053631267075,6.520432218943282,1185.2776491344139,0.13069551760220685,5.97731497292641,7.680531954322189,122.35395302679457,24.058330576689823,2484.9932737898334,0.288136864700924,0.011092193164108541,0.17902235592864071,26.23661896375658,0.0019150409249531618,788.2345354801782,0.09932452587218871,7.895683466570703,124.38301298384543,1.5388033998101625,182.28056073780002,0.017314402105295945,0.01101249021453904,4.112164386826591,6323.58143482475,0.7904626605795267,0.8749162404471699,0.20793115058678882,0.9072797830568032,114.16124610535084,0.009942452136704824,143.06888499708114,0.08351948919852957,11.605477702361222,152.456509048453,1120.8797431406888,102705.27729130181,13.322003536720237,0.010662578322354085,530.329830706363,0.3095912613580637,0.5751463913147413,91.7566571585356,0.006110143111481647,6.1643327055827815,0.18888521336420774,1092.850970685691,2.972253688875593,0.000980023239249878,385.55422782004854,0.03359473863566411,0.28241894506698756
68,AMBL-568,0,1.0,3,neg,neg,neg,1.0,0,0,0.0,60,/media/bendico765/Crucial X9/MRI Lesions/manifest-1728494830954/Advanced-MRI-Breast-Lesions/AMBL-568/11-10-2005-NA-MRI BREASTS - Delayed contrast-14994/600.000000-Registered Ax T2 FSE-30757,/media/bendico765/Crucial X9/MRI Lesions/manifest-1728494830954/Advanced-MRI-Breast-Lesions/AMBL-568/11-10-2005-NA-MRI BREASTS - Delayed contrast-14994/500.000000-ROI-65832/1-1.dcm,9.96,R,"[[[0 0 0 ... 0 0 0]
  [0 0 0 ... 0 0 0]
  [0 0 0 ... 0 0 0]
  ...
  [0 0 0 ... 0 0 0]
  [0 0 0 ... 0 0 0]
  [0 0 0 ... 0 0 0]]

 [[0 0 0 ... 0 0 0]
  [0 0 0 ... 0 0 0]
  [0 0 0 ... 0 0 0]
  ...
  [0 0 0 ... 0 0 0]
  [0 0 0 ... 0 0 0]
  [0 0 0 ... 0 0 0]]

 [[0 0 0 ... 0 0 0]
  [0 0 0 ... 0 0 0]
  [0 0 0 ... 0 0 0]
  ...
  [0 0 0 ... 0 0 0]
  [0 0 0 ... 0 0 0]
  [0 0 0 ... 0 0 0]]

 ...

 [[0 0 0 ... 0 0 0]
  [0 0 0 ... 0 0 0]
  [0 0 0 ... 0 0 0]
  ...
  [0 0 0 ... 0 0 0]
  [0 0 0 ... 0 0 0]
  [0 0 0 ... 0 0 0]]

 [[0 0 0 ... 0 0 0]
  [0 0 0 ... 0 0 0]
  [0 0 0 ... 0 0 0]
  ...
  [0 0 0 ... 0 0 0]
  [0 0 0 ... 0 0 0]
  [0 0 0 ... 0 0 0]]

 [[0 0 0 ... 0 0 0]
  [0 0 0 ... 0 0 0]
  [0 0 0 ... 0 0 0]
  ...
  [0 0 0 ... 0 0 0]
  [0 0 0 ... 0 0 0]
  [0 0 0 ... 0 0 0]]]","[58, 59, 60, 61]","[194, 195, 196, 197, 198, 199, 200, 201, 202, 203, 204, 205, 206, 207]","[346, 347, 348, 349, 350, 351, 352, 353, 354, 355]",4,14,10,/media/bendico765/Crucial X9/Materiali Tesista/Roi masks/AMBL-568/ROI 0.npy,/media/bendico765/Crucial X9/Materiali Tesista/Cleaned Roi masks/AMBL-568/ROI 0.npy,0.625,2.0,/media/bendico765/Crucial X9/MRI Lesions/manifest-1728494830954/Advanced-MRI-Breast-Lesions/AMBL-568/11-10-2005-NA-MRI BREASTS - Delayed contrast-14994/500.000000-Registered AX Sen Vibrant MultiPhase-64046,0.7885979178045316,0.5662288224237428,7.236746303419722,12.780603912818895,14.491915849879891,14.491915849879891,13.707320124663317,16.707969655227412,416.2434895833333,10.078757633933431,0.525437890364894,513.0909717405765,1.2326702629131547,438.28125,147.0,321.0,3.34608249017795,99.0,2.7011460525667466,440.0,54.69246094159589,220.05882352941177,204.0,74.0,366.0,40.440245908058586,229.8508118800652,0.5996858147362034,23155010.15625,0.11387546430012616,4405.5099087763465,51.35836512815441,976.8128934820418,57.79307712490451,17.469738482493657,9.03892705440022,0.31792762860325186,2.232811838473925,2.709630196512272,3.855877323014467,0.4465451453384508,0.3745082340403065,0.9686655013551433,0.8871865950129008,-0.09798281788831392,0.6619863988727499,0.3664990420203372,7.017574343757774,0.02142237659644612,6.130923959480421,0.42308695977100425,0.05862315809408957,14.035148687515546,3.9130576483701414,6.62716638422347,5.94522875271044,78.65062388591801,0.14019719052748308,6.869557481070537,7.150009055639757,60.666666666666664,21.352941176470587,868.1497326203208,0.6752896750411613,0.02969291946218002,0.2729319762434939,21.90195032758961,0.008170569405856233,54.151716115278575,0.10811139302589641,7.392609733800001,62.660550057752054,1.4293106055403917,81.47872154944982,0.04283764297745929,0.02952498071387656,3.8679978929860677,410.33921541219866,0.8164599173806609,0.8920883038530097,0.1619540998070461,0.92087445773964,59.05126653294552,0.02706890129061042,18.16470588235294,0.10685121107266436,8.310588235294118,82.27058823529411,110.68823529411765,3954.635294117647,3.5463467377582663,0.029545305542649194,72.50588235294117,0.4265051903114187,0.6771021825836394,58.30168226610003,0.020784963945513733,4.929719962863264,0.30303030303030304,99.79823529411765,0.7737987398417426,0.012364327700717886,163.12559853384232,0.09234078596855987,1.096931026156378
69,AMBL-569,0,1.0,2,-1,-1,neg,,95,60,0.0,6 to 9,/media/bendico765/Crucial X9/MRI Lesions/manifest-1728494830954/Advanced-MRI-Breast-Lesions/AMBL-569/11-18-2005-NA-MRI BREASTS - Delayed contrast-71616/600.000000-Registered Ax T2 FSE-29760,/media/bendico765/Crucial X9/MRI Lesions/manifest-1728494830954/Advanced-MRI-Breast-Lesions/AMBL-569/11-18-2005-NA-MRI BREASTS - Delayed contrast-71616/500.000000-ROI-91131/1-1.dcm,-52.52,L,"[[[0 0 0 ... 0 0 0]
  [0 0 0 ... 0 0 0]
  [0 0 0 ... 0 0 0]
  ...
  [0 0 0 ... 0 0 0]
  [0 0 0 ... 0 0 0]
  [0 0 0 ... 0 0 0]]

 [[0 0 0 ... 0 0 0]
  [0 0 0 ... 0 0 0]
  [0 0 0 ... 0 0 0]
  ...
  [0 0 0 ... 0 0 0]
  [0 0 0 ... 0 0 0]
  [0 0 0 ... 0 0 0]]

 [[0 0 0 ... 0 0 0]
  [0 0 0 ... 0 0 0]
  [0 0 0 ... 0 0 0]
  ...
  [0 0 0 ... 0 0 0]
  [0 0 0 ... 0 0 0]
  [0 0 0 ... 0 0 0]]

 ...

 [[0 0 0 ... 0 0 0]
  [0 0 0 ... 0 0 0]
  [0 0 0 ... 0 0 0]
  ...
  [0 0 0 ... 0 0 0]
  [0 0 0 ... 0 0 0]
  [0 0 0 ... 0 0 0]]

 [[0 0 0 ... 0 0 0]
  [0 0 0 ... 0 0 0]
  [0 0 0 ... 0 0 0]
  ...
  [0 0 0 ... 0 0 0]
  [0 0 0 ... 0 0 0]
  [0 0 0 ... 0 0 0]]

 [[0 0 0 ... 0 0 0]
  [0 0 0 ... 0 0 0]
  [0 0 0 ... 0 0 0]
  ...
  [0 0 0 ... 0 0 0]
  [0 0 0 ... 0 0 0]
  [0 0 0 ... 0 0 0]]]","[76, 77, 78, 79, 80, 81, 82, 83, 84, 85, 86, 87, 88, 89, 90, 91, 92]","[117, 118, 119, 120, 121, 122, 127, 129, 130, 131, 132, 133, 134, 135, 136, 137, 138, 139, 140, 141, 142, 143, 144, 145, 146, 147, 148, 149, 150, 151, 152, 153, 154, 155, 156, 157, 158, 159, 160, 161, 162, 163, 164, 165, 166, 167, 168, 169, 170, 171, 172, 173, 174, 175, 176, 177, 178, 179, 180, 181, 182, 183, 184, 185, 186, 187, 188, 189, 190, 191, 192, 193, 194, 195, 196, 197, 198, 199, 200, 201, 202, 203, 204, 205, 206, 207, 208, 209, 210, 211, 212, 213, 214, 215, 216, 217, 218, 219, 221, 226, 227, 228, 229, 230, 231, 232, 233, 234, 235, 236, 237, 239, 240, 241, 245]","[103, 104, 105, 106, 107, 108, 109, 110, 111, 112, 113, 114, 115, 116, 117, 118, 119, 120, 121, 122, 123, 124, 125, 126, 127, 128, 129, 130, 131, 132, 133, 134, 135, 136, 137, 138, 139, 142, 143, 144, 145, 146, 147]",17,129,45,/media/bendico765/Crucial X9/Materiali Tesista/Roi masks/AMBL-569/ROI 0.npy,/media/bendico765/Crucial X9/Materiali Tesista/Cleaned Roi masks/AMBL-569/ROI 0.npy,0.7813,2.0,/media/bendico765/Crucial X9/MRI Lesions/manifest-1728494830954/Advanced-MRI-Breast-Lesions/AMBL-569/11-18-2005-NA-MRI BREASTS - Delayed contrast-71616/500.000000-Registered AX Sen Vibrant MultiPhase-20681,0.5763922251386436,0.333557795686657,24.335886632310924,72.95853056653478,48.711374166204756,86.17900783653755,82.77725092227936,88.52629348538207,36631.83482775927,42.05272977609072,0.28328062214852184,18829.539768614308,0.5140212019722653,36879.720151040005,54.0,310.0,3.775401377210447,180.0,1.8355102613543264,572.0,91.19098637686896,192.8743379237288,217.0,-2.0,574.0,75.18579788869486,218.2073511438612,-0.05967630745868109,1756007520.8241863,0.0867873807982171,10413.937863703604,85.98446361856,5616.418688996927,33.555098758151225,57.24777162954091,6.340260066881543,0.7973744955911324,1.695963149216748,2.475196287555142,3.3001682464089472,0.5433361126863298,0.49054804129493956,0.9895717956413878,0.9384440290375683,-0.21878763333424445,0.8737066391092175,0.379017557559916,8.551850101243263,0.018604895816120508,6.604487191102249,0.8085011752101591,0.07324721873821968,17.103700202486532,4.616747775253214,15.897007924105614,7.4866247478477845,2294.34765625,0.07595165705276748,21.205622496874778,16.75300441217025,102.09639830508475,67.12096133474576,7346.609573622882,1.868370178108584,0.028804136846041793,0.11317534143521908,12.538159078127732,0.0024943543941553133,1867.8096609038787,0.07930464270241758,16.548447137694566,101.30574983980685,2.3916798394260677,257.70024949436777,0.06603834386011756,0.02852711502667008,4.763970516643758,16063.025568986872,0.6719476106552378,0.7778428536505868,0.6481797024744327,0.8426200729671783,85.7910162159785,0.023531804092588808,273.43055162659124,0.07734951955490559,13.795738633067188,114.81103253182461,8312.135785007073,648740.1765205092,282.4544512977007,0.021352818075396206,1002.1620933521924,0.2834970561109455,0.5458746610738209,63.75739514132526,0.010739262713950664,6.472535073608955,0.1170219809322034,8239.111870664941,10.04000448566325,0.0004101860086796162,261.7965923462984,0.0707266826412863,0.09925786505868192
70,AMBL-569,1,1.0,2,strong,strong,neg,,100.0,100.0,10.0,20,/media/bendico765/Crucial X9/MRI Lesions/manifest-1728494830954/Advanced-MRI-Breast-Lesions/AMBL-569/11-18-2005-NA-MRI BREASTS - Delayed contrast-71616/600.000000-Registered Ax T2 FSE-29760,/media/bendico765/Crucial X9/MRI Lesions/manifest-1728494830954/Advanced-MRI-Breast-Lesions/AMBL-569/11-18-2005-NA-MRI BREASTS - Delayed contrast-71616/500.000000-ROI-91131/1-1.dcm,-34.52,R,"[[[0 0 0 ... 0 0 0]
  [0 0 0 ... 0 0 0]
  [0 0 0 ... 0 0 0]
  ...
  [0 0 0 ... 0 0 0]
  [0 0 0 ... 0 0 0]
  [0 0 0 ... 0 0 0]]

 [[0 0 0 ... 0 0 0]
  [0 0 0 ... 0 0 0]
  [0 0 0 ... 0 0 0]
  ...
  [0 0 0 ... 0 0 0]
  [0 0 0 ... 0 0 0]
  [0 0 0 ... 0 0 0]]

 [[0 0 0 ... 0 0 0]
  [0 0 0 ... 0 0 0]
  [0 0 0 ... 0 0 0]
  ...
  [0 0 0 ... 0 0 0]
  [0 0 0 ... 0 0 0]
  [0 0 0 ... 0 0 0]]

 ...

 [[0 0 0 ... 0 0 0]
  [0 0 0 ... 0 0 0]
  [0 0 0 ... 0 0 0]
  ...
  [0 0 0 ... 0 0 0]
  [0 0 0 ... 0 0 0]
  [0 0 0 ... 0 0 0]]

 [[0 0 0 ... 0 0 0]
  [0 0 0 ... 0 0 0]
  [0 0 0 ... 0 0 0]
  ...
  [0 0 0 ... 0 0 0]
  [0 0 0 ... 0 0 0]
  [0 0 0 ... 0 0 0]]

 [[0 0 0 ... 0 0 0]
  [0 0 0 ... 0 0 0]
  [0 0 0 ... 0 0 0]
  ...
  [0 0 0 ... 0 0 0]
  [0 0 0 ... 0 0 0]
  [0 0 0 ... 0 0 0]]]","[68, 69, 70, 71, 72]","[122, 123, 124, 125, 126, 127, 128, 129, 130, 131, 132, 133, 135]","[329, 330, 331, 332, 333, 334, 335, 336, 337, 338, 339, 340, 341, 342]",5,14,14,/media/bendico765/Crucial X9/Materiali Tesista/Roi masks/AMBL-569/ROI 1.npy,/media/bendico765/Crucial X9/Materiali Tesista/Cleaned Roi masks/AMBL-569/ROI 1.npy,0.7813,2.0,/media/bendico765/Crucial X9/MRI Lesions/manifest-1728494830954/Advanced-MRI-Breast-Lesions/AMBL-569/11-18-2005-NA-MRI BREASTS - Delayed contrast-71616/500.000000-Registered AX Sen Vibrant MultiPhase-20681,0.8502354451432417,0.7056236948969421,10.982456775339,15.564183650242942,19.298035661952746,17.90011677084817,16.481541555631257,21.73389313721773,889.9556188791667,13.233220614155472,0.44311844829755126,1009.7406942448872,1.1345966841768818,949.82859764,93.0,269.30000000000007,3.053260331657927,97.75,2.776807254834216,321.0,58.06509341069647,207.646529562982,240.0,-4.0,325.0,42.7780248319502,218.80785022785804,-0.9644876845720227,45474825.34585042,0.17051169368428706,4759.794081786402,94.86606244624893,1659.6304222414526,-99.89146647373428,26.169362002754728,8.22095127161759,0.5253667400087817,2.00156955237357,2.6447898378860426,4.00559567744389,0.5074897457540106,0.4466299614545421,0.9638838047845204,0.887723332643017,-0.14017118721599225,0.7489217097322497,0.34586681660236646,9.506440641098942,0.03795306597190791,5.95192984260132,0.5852490513385528,0.14286723930280665,19.01288128219789,4.0011856625396485,8.597578318593078,6.11839080168922,83.30848329048843,0.10708031271271007,13.087476292120723,7.7646129750662505,104.65295629820051,38.969151670951156,5008.634961439589,0.42161555615887275,0.019014056362479683,0.17246460206465503,15.525892408057041,0.003959751211756953,98.54621114821693,0.14949388001876426,7.956190623208351,101.57968402739478,1.7595388188942112,194.81211317834456,0.029733332573205172,0.020121064931158963,3.815182484729743,496.7220689228758,0.7491552517642416,0.8427921692703184,0.3111799661915533,0.8856504933394539,88.11220033774194,0.01850122688295611,15.68421052631579,0.10318559556786704,7.7747576177285325,89.48684210526316,366.14473684210526,49042.64473684211,3.1910557345499706,0.02639764152208397,44.69736842105263,0.2940616343490305,0.5591341272192558,48.87867000188943,0.012508118033805199,5.337146199239746,0.1953727506426735,339.94650277008304,0.7101779250252445,0.00806368593998053,105.23204312855559,0.10499472650123626,0.8629528529169254
71,AMBL-570,0,1.0,2,Moderate to strong,strong,neg,,90,90,0.0,10 to 20,/media/bendico765/Crucial X9/MRI Lesions/manifest-1728494830954/Advanced-MRI-Breast-Lesions/AMBL-570/11-23-2005-NA-MRI BREASTS - Delayed contrast-22275/600.000000-Registered Ax T2 FSE-20117,/media/bendico765/Crucial X9/MRI Lesions/manifest-1728494830954/Advanced-MRI-Breast-Lesions/AMBL-570/11-23-2005-NA-MRI BREASTS - Delayed contrast-22275/500.000000-ROI-40378/1-1.dcm,-40.15,L,"[[[0 0 0 ... 0 0 0]
  [0 0 0 ... 0 0 0]
  [0 0 0 ... 0 0 0]
  ...
  [0 0 0 ... 0 0 0]
  [0 0 0 ... 0 0 0]
  [0 0 0 ... 0 0 0]]

 [[0 0 0 ... 0 0 0]
  [0 0 0 ... 0 0 0]
  [0 0 0 ... 0 0 0]
  ...
  [0 0 0 ... 0 0 0]
  [0 0 0 ... 0 0 0]
  [0 0 0 ... 0 0 0]]

 [[0 0 0 ... 0 0 0]
  [0 0 0 ... 0 0 0]
  [0 0 0 ... 0 0 0]
  ...
  [0 0 0 ... 0 0 0]
  [0 0 0 ... 0 0 0]
  [0 0 0 ... 0 0 0]]

 ...

 [[0 0 0 ... 0 0 0]
  [0 0 0 ... 0 0 0]
  [0 0 0 ... 0 0 0]
  ...
  [0 0 0 ... 0 0 0]
  [0 0 0 ... 0 0 0]
  [0 0 0 ... 0 0 0]]

 [[0 0 0 ... 0 0 0]
  [0 0 0 ... 0 0 0]
  [0 0 0 ... 0 0 0]
  ...
  [0 0 0 ... 0 0 0]
  [0 0 0 ... 0 0 0]
  [0 0 0 ... 0 0 0]]

 [[0 0 0 ... 0 0 0]
  [0 0 0 ... 0 0 0]
  [0 0 0 ... 0 0 0]
  ...
  [0 0 0 ... 0 0 0]
  [0 0 0 ... 0 0 0]
  [0 0 0 ... 0 0 0]]]","[70, 71, 72, 73, 74]","[101, 102, 103, 104, 105, 106, 107, 108, 109, 110, 111, 112, 113, 114, 115, 116, 117, 118]","[139, 140, 141, 142, 143, 144, 145, 146, 147, 148, 149, 150, 151, 152, 153]",5,18,15,/media/bendico765/Crucial X9/Materiali Tesista/Roi masks/AMBL-570/ROI 0.npy,/media/bendico765/Crucial X9/Materiali Tesista/Cleaned Roi masks/AMBL-570/ROI 0.npy,0.7031,2.2,/media/bendico765/Crucial X9/MRI Lesions/manifest-1728494830954/Advanced-MRI-Breast-Lesions/AMBL-570/11-23-2005-NA-MRI BREASTS - Delayed contrast-22275/500.000000-Registered AX Sen Vibrant MultiPhase-73793,0.8606227710311678,0.6338304743601285,10.800009950778803,17.039272151882166,19.071274214378022,19.933120017699185,17.365289001338272,21.53072505467477,1219.165008181997,14.66438561570704,0.4853020527084479,1137.226546789327,0.932791327799954,1260.492635578,45.0,229.20000000000005,3.2165697760290923,81.5,2.7504818291131645,295.0,53.08677037790306,117.32873166522864,99.0,-2.0,297.0,37.207512099521075,134.48865225038224,0.7888804860493743,22798779.353032805,0.12663545453259592,4321.166309953018,36.366644986699626,1357.6343553413108,89.83408728368637,18.350106289850082,4.5505092980366,0.5928925348853045,1.5623457468803357,2.297219655319788,2.01766779847852,0.5247413621762942,0.4682097990234503,0.9755925286636505,0.9007710616961299,-0.13294805291696837,0.7173242479445996,0.4202111053849211,5.734824076755444,0.028020880405981732,5.761174801154643,0.6784839342352649,0.0746450616440399,11.46964815351089,3.864507359708728,5.725153896971671,6.359359530115691,122.37877480586712,0.10558996963405275,8.869639338306728,7.0112805883504645,45.646246764452115,34.599654874892146,1278.9456427955133,1.7256204548950007,0.04488429958446334,0.14613837958426965,8.496806665943522,0.006108703065543475,118.46886022796504,0.12119192480516013,7.058627556080283,46.89478353366275,1.7288278030611945,75.3713297152457,0.07959379797786627,0.044075052172301565,3.933491359460547,731.7701170513216,0.7388795170365571,0.843366297205814,0.2742594083638589,0.879949340388369,42.17571959081227,0.03815017223095833,18.90960451977401,0.10683392384053114,7.357336652941364,63.64971751412429,434.12994350282486,13167.401129943502,19.750310571874696,0.03871630005003811,51.70056497175141,0.2920935874110249,0.5568831938382937,35.13576199278608,0.025079504476314792,5.354220005822161,0.15271786022433131,391.25334354751186,2.094367886162181,0.007951904361207384,67.64613414092473,0.0925921229287246,0.4709804588095273
72,AMBL-570,1,0.0,-1,-1,-1,-1,,-1.0,-1.0,-1.0,-1,/media/bendico765/Crucial X9/MRI Lesions/manifest-1728494830954/Advanced-MRI-Breast-Lesions/AMBL-570/11-23-2005-NA-MRI BREASTS - Delayed contrast-22275/600.000000-Registered Ax T2 FSE-20117,/media/bendico765/Crucial X9/MRI Lesions/manifest-1728494830954/Advanced-MRI-Breast-Lesions/AMBL-570/11-23-2005-NA-MRI BREASTS - Delayed contrast-22275/500.000000-ROI-40378/1-1.dcm,-13.75,R,"[[[0 0 0 ... 0 0 0]
  [0 0 0 ... 0 0 0]
  [0 0 0 ... 0 0 0]
  ...
  [0 0 0 ... 0 0 0]
  [0 0 0 ... 0 0 0]
  [0 0 0 ... 0 0 0]]

 [[0 0 0 ... 0 0 0]
  [0 0 0 ... 0 0 0]
  [0 0 0 ... 0 0 0]
  ...
  [0 0 0 ... 0 0 0]
  [0 0 0 ... 0 0 0]
  [0 0 0 ... 0 0 0]]

 [[0 0 0 ... 0 0 0]
  [0 0 0 ... 0 0 0]
  [0 0 0 ... 0 0 0]
  ...
  [0 0 0 ... 0 0 0]
  [0 0 0 ... 0 0 0]
  [0 0 0 ... 0 0 0]]

 ...

 [[0 0 0 ... 0 0 0]
  [0 0 0 ... 0 0 0]
  [0 0 0 ... 0 0 0]
  ...
  [0 0 0 ... 0 0 0]
  [0 0 0 ... 0 0 0]
  [0 0 0 ... 0 0 0]]

 [[0 0 0 ... 0 0 0]
  [0 0 0 ... 0 0 0]
  [0 0 0 ... 0 0 0]
  ...
  [0 0 0 ... 0 0 0]
  [0 0 0 ... 0 0 0]
  [0 0 0 ... 0 0 0]]

 [[0 0 0 ... 0 0 0]
  [0 0 0 ... 0 0 0]
  [0 0 0 ... 0 0 0]
  ...
  [0 0 0 ... 0 0 0]
  [0 0 0 ... 0 0 0]
  [0 0 0 ... 0 0 0]]]","[57, 58, 59, 60]","[155, 157, 158, 159, 160, 161, 162, 163, 164, 165, 166, 167]","[351, 353, 354, 355, 356, 357, 358, 359, 360]",4,13,10,/media/bendico765/Crucial X9/Materiali Tesista/Roi masks/AMBL-570/ROI 1.npy,/media/bendico765/Crucial X9/Materiali Tesista/Cleaned Roi masks/AMBL-570/ROI 1.npy,0.7031,2.2,/media/bendico765/Crucial X9/MRI Lesions/manifest-1728494830954/Advanced-MRI-Breast-Lesions/AMBL-570/11-23-2005-NA-MRI BREASTS - Delayed contrast-22275/500.000000-Registered AX Sen Vibrant MultiPhase-73793,0.7468452009024261,0.482970039060946,6.954232115839217,14.398889275534673,14.087694307089434,16.466102257668634,12.926336224158801,18.475122954394646,510.9309198354174,10.75374135375848,0.552759395636321,559.1428574189314,1.0943609707532365,538.34672529,98.4,301.6,3.653475389115132,113.5,2.4595852743195694,408.0,64.05683501683502,197.2767676767677,192.0,9.0,399.0,46.816176894728414,212.0612737828004,0.21576814975427014,24209443.535738163,0.08934190388735844,6051.860773390469,67.34897109097402,1723.5402942998137,40.3492717967072,24.692028083787648,12.147449493800071,0.33320039710956423,2.6354394210550325,2.845703434518686,4.703835879949173,0.4069147312860524,0.3265004478613004,0.9631570884624332,0.8763497226742023,-0.13597710395264187,0.759091328476856,0.32715834400843213,8.01183472659011,0.013028226292021427,6.672233616681719,0.48038554061071154,0.03455930231482182,16.023669453180215,4.241716905606838,9.209869394396932,6.084774167762253,83.08484848484848,0.16784817875726968,4.076988062442608,9.957963473114988,80.58585858585859,14.907070707070707,927.5151515151515,0.3907885293014381,0.027600275242152292,0.28637634745178797,28.14673249828093,0.008040858382955068,39.53922298109808,0.08758595698060351,10.194598555889023,82.08924750032436,1.3317306989328297,104.0000744214981,0.03651463483578677,0.027646456023325567,4.078700091005749,382.6148018215727,0.8429056169996886,0.9118881118881119,0.11621308258135105,0.9325792179538486,77.6935086292307,0.02579037138550544,13.557575757575757,0.08216712580348944,12.076988062442608,97.16363636363636,37.93333333333333,2301.3818181818183,0.8601485681189108,0.028691453411524345,60.018181818181816,0.3637465564738292,0.6256485026517494,64.4131981638455,0.01813788069303182,5.411481082158704,0.3333333333333333,28.93333333333333,0.5205841959622279,0.016026003429348457,185.32933049237934,0.1246288230066682,1.3846729153483002
73,AMBL-571,0,1.0,3,neg,neg,neg,1.0,0,0,0.0,30 to 40,/media/bendico765/Crucial X9/MRI Lesions/manifest-1728494830954/Advanced-MRI-Breast-Lesions/AMBL-571/11-24-2005-NA-MRI BREASTS - Delayed contrast-46377/700.000000-Registered Ax T2 FSE-04965,/media/bendico765/Crucial X9/MRI Lesions/manifest-1728494830954/Advanced-MRI-Breast-Lesions/AMBL-571/11-24-2005-NA-MRI BREASTS - Delayed contrast-46377/600.000000-ROI-73182/1-1.dcm,-6.66,L,"[[[0 0 0 ... 0 0 0]
  [0 0 0 ... 0 0 0]
  [0 0 0 ... 0 0 0]
  ...
  [0 0 0 ... 0 0 0]
  [0 0 0 ... 0 0 0]
  [0 0 0 ... 0 0 0]]

 [[0 0 0 ... 0 0 0]
  [0 0 0 ... 0 0 0]
  [0 0 0 ... 0 0 0]
  ...
  [0 0 0 ... 0 0 0]
  [0 0 0 ... 0 0 0]
  [0 0 0 ... 0 0 0]]

 [[0 0 0 ... 0 0 0]
  [0 0 0 ... 0 0 0]
  [0 0 0 ... 0 0 0]
  ...
  [0 0 0 ... 0 0 0]
  [0 0 0 ... 0 0 0]
  [0 0 0 ... 0 0 0]]

 ...

 [[0 0 0 ... 0 0 0]
  [0 0 0 ... 0 0 0]
  [0 0 0 ... 0 0 0]
  ...
  [0 0 0 ... 0 0 0]
  [0 0 0 ... 0 0 0]
  [0 0 0 ... 0 0 0]]

 [[0 0 0 ... 0 0 0]
  [0 0 0 ... 0 0 0]
  [0 0 0 ... 0 0 0]
  ...
  [0 0 0 ... 0 0 0]
  [0 0 0 ... 0 0 0]
  [0 0 0 ... 0 0 0]]

 [[0 0 0 ... 0 0 0]
  [0 0 0 ... 0 0 0]
  [0 0 0 ... 0 0 0]
  ...
  [0 0 0 ... 0 0 0]
  [0 0 0 ... 0 0 0]
  [0 0 0 ... 0 0 0]]]","[50, 51, 52, 53, 54, 55, 56, 57, 58, 59]","[164, 165, 166, 167, 168, 169, 170, 171, 172, 173, 174, 175, 176, 177, 178, 179, 180, 181, 182, 183, 184, 185, 186, 187, 188, 189, 190, 191, 192, 193, 194, 195, 196, 197, 198, 199, 200, 201, 202, 203, 204, 205, 206, 207, 208, 209, 210, 211, 212, 213, 214, 215, 216, 217, 218, 219]","[139, 140, 141, 142, 143, 144, 145, 146, 147, 148, 149, 150, 151, 152, 153, 154, 155, 156, 157, 158, 159, 160, 161, 162, 163, 164, 165, 166, 167, 168, 169, 170, 171, 172, 173, 174, 175, 176, 177, 178, 179, 180, 182]",10,56,44,/media/bendico765/Crucial X9/Materiali Tesista/Roi masks/AMBL-571/ROI 0.npy,/media/bendico765/Crucial X9/Materiali Tesista/Cleaned Roi masks/AMBL-571/ROI 0.npy,0.6641,2.0,/media/bendico765/Crucial X9/MRI Lesions/manifest-1728494830954/Advanced-MRI-Breast-Lesions/AMBL-571/11-24-2005-NA-MRI BREASTS - Delayed contrast-46377/600.000000-Registered AX Sen Vibrant MultiPhase-67422,0.9161373594704405,0.709437320550425,24.4610046683519,34.47944442699117,39.27989527493677,43.151361623476035,44.85502682219687,49.10079514020115,13417.67675343589,31.58790717335149,0.3883926941094592,7030.690106674453,0.5239871429213028,13475.194260740001,132.0,314.0,3.4789385237399038,98.0,3.8353039974376113,647.0,57.37572003933437,214.23754663873797,203.0,36.0,611.0,40.64711868062296,226.01695223048074,0.8336836617162379,688362278.3727263,0.10518902726469936,5185.936305769983,65.78680002031771,2254.1507594659543,95.97326644370817,23.97268162401273,6.4265638958701325,0.5720177713830649,1.8487170946302756,2.507514431844413,2.8487843340505132,0.49216251756313595,0.42838740229263306,0.9901475576457612,0.9347444168394267,-0.11117168263608823,0.6715464492752308,0.39021876946751444,7.835582054890232,0.01790055027065254,6.428747995091173,0.5854459640346834,0.04440336866387779,15.671164109780474,4.240470814801556,7.599811379970712,6.792210106738491,1506.3968711134385,0.09860554239140136,9.990027813449496,8.377897631017401,73.82077633043137,39.07881128493814,2054.07082542384,1.084518999130064,0.022609431719361497,0.1331069708969194,14.30274425089207,0.002225423771824084,1290.665579689827,0.1015942666007703,8.681834265511968,77.22030507804594,1.8352786560939678,124.21088816527461,0.0441519703610488,0.021827358879778245,4.269773681848262,9361.317805208473,0.727430698260335,0.8310230059264556,0.33516826721893583,0.8739334115873739,69.6398621836949,0.018585639187511237,179.54652301665035,0.08792679873489243,11.455815964644524,117.7517140058766,4882.600881488736,194619.2399608227,136.23320077679435,0.016030936055029105,611.1968658178257,0.2993128627903162,0.5658986715966421,69.7997967361662,0.008397519551546037,6.298109808621672,0.13366498658113504,4826.6296732860665,7.71513645112843,0.0005973620944823772,317.1418310100981,0.04062597946145123,0.1728710412615362
74,AMBL-573,0,0.0,-1,-1,-1,-1,,-1,-1,-1.0,-1,/media/bendico765/Crucial X9/MRI Lesions/manifest-1728494830954/Advanced-MRI-Breast-Lesions/AMBL-573/11-26-2005-NA-MRI BREASTS - Delayed contrast-61733/600.000000-Registered Ax T2 FSE-70959,/media/bendico765/Crucial X9/MRI Lesions/manifest-1728494830954/Advanced-MRI-Breast-Lesions/AMBL-573/11-26-2005-NA-MRI BREASTS - Delayed contrast-61733/500.000000-ROI-28902/1-1.dcm,-15.7,R,"[[[0 0 0 ... 0 0 0]
  [0 0 0 ... 0 0 0]
  [0 0 0 ... 0 0 0]
  ...
  [0 0 0 ... 0 0 0]
  [0 0 0 ... 0 0 0]
  [0 0 0 ... 0 0 0]]

 [[0 0 0 ... 0 0 0]
  [0 0 0 ... 0 0 0]
  [0 0 0 ... 0 0 0]
  ...
  [0 0 0 ... 0 0 0]
  [0 0 0 ... 0 0 0]
  [0 0 0 ... 0 0 0]]

 [[0 0 0 ... 0 0 0]
  [0 0 0 ... 0 0 0]
  [0 0 0 ... 0 0 0]
  ...
  [0 0 0 ... 0 0 0]
  [0 0 0 ... 0 0 0]
  [0 0 0 ... 0 0 0]]

 ...

 [[0 0 0 ... 0 0 0]
  [0 0 0 ... 0 0 0]
  [0 0 0 ... 0 0 0]
  ...
  [0 0 0 ... 0 0 0]
  [0 0 0 ... 0 0 0]
  [0 0 0 ... 0 0 0]]

 [[0 0 0 ... 0 0 0]
  [0 0 0 ... 0 0 0]
  [0 0 0 ... 0 0 0]
  ...
  [0 0 0 ... 0 0 0]
  [0 0 0 ... 0 0 0]
  [0 0 0 ... 0 0 0]]

 [[0 0 0 ... 0 0 0]
  [0 0 0 ... 0 0 0]
  [0 0 0 ... 0 0 0]
  ...
  [0 0 0 ... 0 0 0]
  [0 0 0 ... 0 0 0]
  [0 0 0 ... 0 0 0]]]","[64, 65, 66, 67]","[158, 159, 160, 161, 162, 163, 164, 165, 166, 167, 168]","[385, 386, 387, 388, 389, 390, 391, 392]",4,11,8,/media/bendico765/Crucial X9/Materiali Tesista/Roi masks/AMBL-573/ROI 0.npy,/media/bendico765/Crucial X9/Materiali Tesista/Cleaned Roi masks/AMBL-573/ROI 0.npy,0.6445,2.0,/media/bendico765/Crucial X9/MRI Lesions/manifest-1728494830954/Advanced-MRI-Breast-Lesions/AMBL-573/11-26-2005-NA-MRI BREASTS - Delayed contrast-61733/500.000000-Registered AX Sen Vibrant MultiPhase-45697,0.6921820323893267,0.44599774291816874,5.826657350677899,13.064320264389698,13.060793850298687,14.635547897157796,13.034205854212981,15.676994649804534,373.8076099791665,9.042887752390328,0.6013304086378527,417.3204983020085,1.1164045010353512,392.94971649999997,107.0,297.0,3.4893990370781283,101.0,2.3651986944731482,383.0,58.48345096076056,197.35940803382664,195.0,56.0,327.0,43.137627836063515,209.65572807079803,0.23461454536948076,17272310.817361496,0.0980963576469747,5004.788373433931,37.81550168800619,1057.2791035477478,29.043676817888183,20.08544246708531,10.984006184260554,0.29395278191193874,2.6241484161135946,2.7954772073094527,3.7758006809124702,0.3917861961786514,0.30652996083984246,0.9512087210343527,0.853870784256809,-0.09879553116066617,0.6754688478956088,0.3212211813651357,5.95993442115543,0.013169068185771961,6.542842300454574,0.3999453721719712,0.027790296808014005,11.919868842310859,4.101228149406806,7.767362162836465,5.778097759342758,88.05285412262157,0.1861582539590308,2.5177335079493495,8.025405736404311,49.38689217758985,12.268498942917548,458.0126849894292,0.8360705102203078,0.06974496893538387,0.26216785898056666,17.174893521714534,0.01341470758677338,42.26427228285158,0.09733839643386602,8.114636455365089,50.290112803022986,1.3151874270050163,63.195938557918275,0.09173893944914739,0.06959773292518616,3.8814918599777166,373.1380043001181,0.8537956037503,0.9183607090583835,0.11308407808685893,0.9375201430892385,47.80615700492304,0.06516178563607387,14.23611111111111,0.09886188271604938,8.583333333333334,67.36111111111111,39.25694444444444,1156.0694444444443,2.663032091442324,0.06445717375671971,46.263888888888886,0.3212770061728395,0.5856689616846115,43.67681766165831,0.02107946255203559,5.243462397817685,0.3044397463002114,28.46754436728395,1.0302555514616483,0.014421076522144968,127.14620880984697,0.1566933917250591,0.8468479881221406
75,AMBL-575,0,1.0,2 to3,Moderate to strong,neg,-1,,95,0,-1.0,-1,/media/bendico765/Crucial X9/MRI Lesions/manifest-1728494830954/Advanced-MRI-Breast-Lesions/AMBL-575/12-07-2005-NA-MRI BREASTS - Delayed contrast-99773/600.000000-Registered Ax T2 FSE-63524,/media/bendico765/Crucial X9/MRI Lesions/manifest-1728494830954/Advanced-MRI-Breast-Lesions/AMBL-575/12-07-2005-NA-MRI BREASTS - Delayed contrast-99773/500.000000-ROI-33765/1-1.dcm,-14.9,R,"[[[0 0 0 ... 0 0 0]
  [0 0 0 ... 0 0 0]
  [0 0 0 ... 0 0 0]
  ...
  [0 0 0 ... 0 0 0]
  [0 0 0 ... 0 0 0]
  [0 0 0 ... 0 0 0]]

 [[0 0 0 ... 0 0 0]
  [0 0 0 ... 0 0 0]
  [0 0 0 ... 0 0 0]
  ...
  [0 0 0 ... 0 0 0]
  [0 0 0 ... 0 0 0]
  [0 0 0 ... 0 0 0]]

 [[0 0 0 ... 0 0 0]
  [0 0 0 ... 0 0 0]
  [0 0 0 ... 0 0 0]
  ...
  [0 0 0 ... 0 0 0]
  [0 0 0 ... 0 0 0]
  [0 0 0 ... 0 0 0]]

 ...

 [[0 0 0 ... 0 0 0]
  [0 0 0 ... 0 0 0]
  [0 0 0 ... 0 0 0]
  ...
  [0 0 0 ... 0 0 0]
  [0 0 0 ... 0 0 0]
  [0 0 0 ... 0 0 0]]

 [[0 0 0 ... 0 0 0]
  [0 0 0 ... 0 0 0]
  [0 0 0 ... 0 0 0]
  ...
  [0 0 0 ... 0 0 0]
  [0 0 0 ... 0 0 0]
  [0 0 0 ... 0 0 0]]

 [[0 0 0 ... 0 0 0]
  [0 0 0 ... 0 0 0]
  [0 0 0 ... 0 0 0]
  ...
  [0 0 0 ... 0 0 0]
  [0 0 0 ... 0 0 0]
  [0 0 0 ... 0 0 0]]]","[53, 54, 55, 56, 57, 58, 59, 60, 61, 62, 63, 64, 65, 66, 67, 68, 69, 70, 71, 72, 73, 74, 75]","[113, 114, 115, 116, 117, 118, 119, 120, 121, 122, 123, 124, 125, 126, 127, 128, 129, 130, 131, 132, 133, 134, 135, 136, 137, 138, 139, 140, 141, 142, 143, 144, 145, 146, 147, 148, 149, 150, 151, 152, 153, 154, 155, 156, 157, 158, 159, 160, 161, 162, 163, 164, 165, 166, 167, 168, 169, 170, 171, 172, 173, 174, 175, 176, 177, 178, 179, 180, 181, 182, 183, 184, 185, 186, 187, 188, 189, 190, 191, 192, 193, 194, 195, 196, 197, 198, 199, 200, 201, 202, 203, 204, 205, 206, 207, 208, 209, 210, 211, 212, 213, 214, 215, 216, 217, 218, 219, 220, 221, 222, 223, 224, 225, 226, 227, 228, 229, 230, 231, 232, 233, 234]","[328, 329, 330, 331, 332, 333, 334, 335, 336, 337, 338, 339, 340, 341, 342, 343, 344, 345, 346, 347, 348, 349, 350, 351, 352, 353, 354, 355, 356, 357, 358, 359, 360, 361, 362, 363, 364, 365, 366, 367, 368, 369, 370, 371, 372, 373, 374, 375, 376, 377, 378, 379, 380, 381, 382, 383, 384, 385, 386, 387, 388, 389, 390, 391, 392, 393, 394, 395, 396, 397, 398, 399, 400, 401, 402, 403, 404, 405, 406, 407, 408, 409, 410, 411, 412, 413, 414, 415, 416, 417, 418, 419]",23,122,92,/media/bendico765/Crucial X9/Materiali Tesista/Roi masks/AMBL-575/ROI 0.npy,/media/bendico765/Crucial X9/Materiali Tesista/Cleaned Roi masks/AMBL-575/ROI 0.npy,0.6445,2.0,/media/bendico765/Crucial X9/MRI Lesions/manifest-1728494830954/Advanced-MRI-Breast-Lesions/AMBL-575/12-07-2005-NA-MRI BREASTS - Delayed contrast-99773/500.000000-Registered AX Sen Vibrant MultiPhase-32292,0.8314764322449292,0.7498341144858223,53.91042120010486,71.89646370927309,74.30144450816552,93.49647060718388,88.56658873977251,95.60159333008002,127062.01465834863,59.780215136013425,0.326262894750405,37462.227545005335,0.2948342008092335,127063.98771449999,132.0,500.0,4.424352320826664,210.0,2.181379210479733,850.0,113.10610651763557,313.1801973206755,315.0,-43.0,893.0,86.07511889201045,341.0540735876014,0.06697757510036474,14779813816.426277,0.05027049184254541,18236.045116879774,245.6192350714155,24863.247551356213,217.64043946052502,105.98505119331094,11.451186809354292,0.8052605671423888,2.3712112631888482,2.8577606462648,5.537927594876233,0.4597301013148777,0.39162638877194944,0.9919617462088623,0.9430211103732351,-0.20869505772633104,0.9018248240912716,0.346847071912643,14.899055687537547,0.005765491178390177,7.915407777174677,0.8366263872113232,0.015109947452407967,29.79811137507509,5.3383639241487755,29.359059500666312,7.965004733007766,15187.642227147611,0.09929873504990298,15.484805339063726,29.27103931836598,255.71008636865884,46.19332587986845,15551.740606345906,0.26373006741562194,0.007981500439677769,0.14052528909098033,32.992518096013924,0.0012569408081029704,6462.841300496332,0.051221018377469237,28.1972550347514,246.5510631000375,1.8773833330957395,523.0655941971634,0.01395564222811288,0.008247271030960533,5.185452279102915,92820.47451836462,0.7303393383826362,0.8253258879153785,0.3838604191503371,0.877094342457312,212.0565357574033,0.007373402231755994,1177.8447338830586,0.055183879960787975,25.759360164838867,236.1017616191904,8501.428457646178,2280550.9776049475,68.63619134986635,0.009237278045486524,6472.226855322338,0.3032340168348172,0.5678587160524183,134.9205065860906,0.005217450584281293,6.970248290321535,0.13954978456871245,8450.078314423567,19.99024401692041,9.067742422498572e-05,818.8358735109916,0.07301938959404972,0.04390206195125204
76,AMBL-575,1,0.0,-1,-1,-1,-1,,-1.0,-1.0,-1.0,-1,/media/bendico765/Crucial X9/MRI Lesions/manifest-1728494830954/Advanced-MRI-Breast-Lesions/AMBL-575/12-07-2005-NA-MRI BREASTS - Delayed contrast-99773/600.000000-Registered Ax T2 FSE-63524,/media/bendico765/Crucial X9/MRI Lesions/manifest-1728494830954/Advanced-MRI-Breast-Lesions/AMBL-575/12-07-2005-NA-MRI BREASTS - Delayed contrast-99773/500.000000-ROI-33765/1-1.dcm,-20.9,L,"[[[0 0 0 ... 0 0 0]
  [0 0 0 ... 0 0 0]
  [0 0 0 ... 0 0 0]
  ...
  [0 0 0 ... 0 0 0]
  [0 0 0 ... 0 0 0]
  [0 0 0 ... 0 0 0]]

 [[0 0 0 ... 0 0 0]
  [0 0 0 ... 0 0 0]
  [0 0 0 ... 0 0 0]
  ...
  [0 0 0 ... 0 0 0]
  [0 0 0 ... 0 0 0]
  [0 0 0 ... 0 0 0]]

 [[0 0 0 ... 0 0 0]
  [0 0 0 ... 0 0 0]
  [0 0 0 ... 0 0 0]
  ...
  [0 0 0 ... 0 0 0]
  [0 0 0 ... 0 0 0]
  [0 0 0 ... 0 0 0]]

 ...

 [[0 0 0 ... 0 0 0]
  [0 0 0 ... 0 0 0]
  [0 0 0 ... 0 0 0]
  ...
  [0 0 0 ... 0 0 0]
  [0 0 0 ... 0 0 0]
  [0 0 0 ... 0 0 0]]

 [[0 0 0 ... 0 0 0]
  [0 0 0 ... 0 0 0]
  [0 0 0 ... 0 0 0]
  ...
  [0 0 0 ... 0 0 0]
  [0 0 0 ... 0 0 0]
  [0 0 0 ... 0 0 0]]

 [[0 0 0 ... 0 0 0]
  [0 0 0 ... 0 0 0]
  [0 0 0 ... 0 0 0]
  ...
  [0 0 0 ... 0 0 0]
  [0 0 0 ... 0 0 0]
  [0 0 0 ... 0 0 0]]]","[65, 66, 67]","[148, 149, 150, 151, 152, 153, 154, 155, 156, 157, 158, 159, 160]","[116, 117, 118, 119, 120, 121, 122, 123, 124, 125]",3,13,10,/media/bendico765/Crucial X9/Materiali Tesista/Roi masks/AMBL-575/ROI 1.npy,/media/bendico765/Crucial X9/Materiali Tesista/Cleaned Roi masks/AMBL-575/ROI 1.npy,0.6445,2.0,/media/bendico765/Crucial X9/MRI Lesions/manifest-1728494830954/Advanced-MRI-Breast-Lesions/AMBL-575/12-07-2005-NA-MRI BREASTS - Delayed contrast-99773/500.000000-Registered AX Sen Vibrant MultiPhase-32292,0.9413599650530023,0.696967768964731,7.45645541802733,10.698422151002873,12.548328822994717,12.548328822994717,12.447362501751122,13.581615238991272,255.94346404166686,10.071066302190331,0.446823285374615,436.29244170919105,1.7046438100805101,287.443133,254.0,554.5,4.164649071766145,158.5,2.6913712354241293,703.0,93.98579972601826,415.16184971098266,426.5,123.0,580.0,67.10265700483093,430.8572111688337,0.04727326770544903,53360350.04712299,0.06507066724581509,13278.574960740418,231.51000752893646,12801.204570438265,-148.18025229035277,65.08564674765339,22.213922579034236,0.48420856402173373,3.6854675392632257,3.206448862484108,7.736506675838807,0.33507113426137997,0.24416525518886506,0.9676947708493906,0.8800886540558082,-0.2897655476708312,0.9515741930964198,0.2462810340736627,14.833789824498913,0.009687294258866377,7.030824737712991,0.8060467193607439,0.030763289836475465,29.667579648997826,4.768964362942396,21.824892331671897,5.872672853632147,90.10404624277457,0.2604163186207357,1.5021551004042901,21.46787396839186,193.94219653179192,6.901734104046243,1549.4797687861271,0.05233069796938905,0.01365287421749069,0.397373104347712,65.78665641015559,0.008909426502701857,21.120343593438424,0.06432983766037338,21.57408889030963,192.2910381862143,1.1764214112895746,232.00867261126248,0.015273488188254284,0.014016641743332661,4.403111801177473,298.4921875860724,0.9060520610950926,0.9490884837705647,0.06016893736620036,0.9612160742761531,183.64859919554553,0.013743021226155037,10.245508982035927,0.06135035318584388,22.142421743339668,167.00598802395209,10.52694610778443,2508.6586826347307,0.07288492286447985,0.020292119946497766,64.68862275449102,0.3873570224819821,0.6424821601476394,98.99304740024215,0.016948054729072317,5.587646659616662,0.48265895953757226,6.234357632041307,0.13225829687983626,0.023651932633909842,495.06314587404444,0.14697136623842463,5.170480449438905
77,AMBL-575,2,0.0,-1.0,-1,-1,-1,,-1.0,-1.0,-1.0,-1,/media/bendico765/Crucial X9/MRI Lesions/manifest-1728494830954/Advanced-MRI-Breast-Lesions/AMBL-575/12-07-2005-NA-MRI BREASTS - Delayed contrast-99773/600.000000-Registered Ax T2 FSE-63524,/media/bendico765/Crucial X9/MRI Lesions/manifest-1728494830954/Advanced-MRI-Breast-Lesions/AMBL-575/12-07-2005-NA-MRI BREASTS - Delayed contrast-99773/500.000000-ROI-33765/1-1.dcm,-26.9,R,"[[[0 0 0 ... 0 0 0]
  [0 0 0 ... 0 0 0]
  [0 0 0 ... 0 0 0]
  ...
  [0 0 0 ... 0 0 0]
  [0 0 0 ... 0 0 0]
  [0 0 0 ... 0 0 0]]

 [[0 0 0 ... 0 0 0]
  [0 0 0 ... 0 0 0]
  [0 0 0 ... 0 0 0]
  ...
  [0 0 0 ... 0 0 0]
  [0 0 0 ... 0 0 0]
  [0 0 0 ... 0 0 0]]

 [[0 0 0 ... 0 0 0]
  [0 0 0 ... 0 0 0]
  [0 0 0 ... 0 0 0]
  ...
  [0 0 0 ... 0 0 0]
  [0 0 0 ... 0 0 0]
  [0 0 0 ... 0 0 0]]

 ...

 [[0 0 0 ... 0 0 0]
  [0 0 0 ... 0 0 0]
  [0 0 0 ... 0 0 0]
  ...
  [0 0 0 ... 0 0 0]
  [0 0 0 ... 0 0 0]
  [0 0 0 ... 0 0 0]]

 [[0 0 0 ... 0 0 0]
  [0 0 0 ... 0 0 0]
  [0 0 0 ... 0 0 0]
  ...
  [0 0 0 ... 0 0 0]
  [0 0 0 ... 0 0 0]
  [0 0 0 ... 0 0 0]]

 [[0 0 0 ... 0 0 0]
  [0 0 0 ... 0 0 0]
  [0 0 0 ... 0 0 0]
  ...
  [0 0 0 ... 0 0 0]
  [0 0 0 ... 0 0 0]
  [0 0 0 ... 0 0 0]]]","[67, 68, 69, 70]","[187, 188, 189, 190, 191, 192, 193, 194, 195, 196, 197, 198, 199, 200]","[397, 398, 399, 400, 401, 402, 403, 404, 405, 406, 407]",4,14,11,/media/bendico765/Crucial X9/Materiali Tesista/Roi masks/AMBL-575/ROI 2.npy,/media/bendico765/Crucial X9/Materiali Tesista/Cleaned Roi masks/AMBL-575/ROI 2.npy,0.6445,2.0,/media/bendico765/Crucial X9/MRI Lesions/manifest-1728494830954/Advanced-MRI-Breast-Lesions/AMBL-575/12-07-2005-NA-MRI BREASTS - Delayed contrast-99773/500.000000-Registered AX Sen Vibrant MultiPhase-32292,0.7586626167475335,0.5312674887452294,7.30746282171996,13.754771328053675,13.32838325716964,15.409755230048269,12.792959724004447,15.887550007789116,409.357236375,10.435230808505148,0.45072501808769133,591.5263667189008,1.4450126055107062,437.81078349999996,242.6,510.0,3.6953676699216036,179.5,1.9019688461447986,567.0,90.53800647393682,400.25237191650854,435.0,164.0,403.0,73.38789559982929,413.228132589696,-0.5386731984306974,74759470.2943185,0.09179811974982807,10555.52833877629,116.18543542965952,5993.651776736591,-166.93385351503417,58.12464297542557,11.955329585332688,0.6600542652910538,2.4822200888581745,2.849879763351392,5.470115608872117,0.44325024002125524,0.3728056135213871,0.9642409045221841,0.8844019354703341,-0.20301514696813974,0.8738213755703808,0.3466978793796355,10.227760447732704,0.015606399677657201,6.651691219614635,0.726460877727122,0.0549266209919213,20.455520895465416,4.527058524699289,17.519993140189566,6.2654224278887645,79.07590132827325,0.1500491486304995,6.403962135751038,17.04573163047431,128.03415559772296,19.857685009487668,3146.4440227703985,0.33423040275501514,0.023990021279168702,0.26811184125714427,29.887144213168014,0.008177460836396653,41.28655770712362,0.08720482381070986,16.940439414476085,125.61448688749047,1.4067677020832314,186.8736511348259,0.03201849026780893,0.024603424835893443,4.1901645074101355,391.51815943858014,0.8233762653964344,0.8973872427382865,0.1500392944500387,0.9239858431517282,114.49936084726185,0.023127140649835835,11.874251497005988,0.07110330237728137,15.674065043565566,106.55089820359281,61.047904191616766,10798.20359281437,0.6667844813760119,0.03207320061031809,59.98203592814371,0.3591738678331959,0.6193085397047573,66.21317423191589,0.020706443076160437,5.518034788997689,0.31688804554079697,51.08953350783463,0.3442791993609262,0.015104341256559947,179.41944775039673,0.19979093132684592,1.756636018768325
78,AMBL-577,0,1.0,3,neg,neg,neg,1.0,0,0,0.0,60,/media/bendico765/Crucial X9/MRI Lesions/manifest-1728494830954/Advanced-MRI-Breast-Lesions/AMBL-577/12-20-2005-NA-MRI BREASTS - Delayed contrast-29275/600.000000-Registered Ax T2 FSE-48442,/media/bendico765/Crucial X9/MRI Lesions/manifest-1728494830954/Advanced-MRI-Breast-Lesions/AMBL-577/12-20-2005-NA-MRI BREASTS - Delayed contrast-29275/500.000000-ROI-20966/1-1.dcm,-50.32,R,"[[[0 0 0 ... 0 0 0]
  [0 0 0 ... 0 0 0]
  [0 0 0 ... 0 0 0]
  ...
  [0 0 0 ... 0 0 0]
  [0 0 0 ... 0 0 0]
  [0 0 0 ... 0 0 0]]

 [[0 0 0 ... 0 0 0]
  [0 0 0 ... 0 0 0]
  [0 0 0 ... 0 0 0]
  ...
  [0 0 0 ... 0 0 0]
  [0 0 0 ... 0 0 0]
  [0 0 0 ... 0 0 0]]

 [[0 0 0 ... 0 0 0]
  [0 0 0 ... 0 0 0]
  [0 0 0 ... 0 0 0]
  ...
  [0 0 0 ... 0 0 0]
  [0 0 0 ... 0 0 0]
  [0 0 0 ... 0 0 0]]

 ...

 [[0 0 0 ... 0 0 0]
  [0 0 0 ... 0 0 0]
  [0 0 0 ... 0 0 0]
  ...
  [0 0 0 ... 0 0 0]
  [0 0 0 ... 0 0 0]
  [0 0 0 ... 0 0 0]]

 [[0 0 0 ... 0 0 0]
  [0 0 0 ... 0 0 0]
  [0 0 0 ... 0 0 0]
  ...
  [0 0 0 ... 0 0 0]
  [0 0 0 ... 0 0 0]
  [0 0 0 ... 0 0 0]]

 [[0 0 0 ... 0 0 0]
  [0 0 0 ... 0 0 0]
  [0 0 0 ... 0 0 0]
  ...
  [0 0 0 ... 0 0 0]
  [0 0 0 ... 0 0 0]
  [0 0 0 ... 0 0 0]]]","[87, 88, 89, 90, 91, 92, 93, 94, 95]","[180, 181, 182, 183, 184, 185, 187, 188, 189, 190, 191, 192, 193, 194, 195, 196, 197, 198, 199, 200, 201, 202, 203, 204, 205, 206]","[377, 378, 379, 380, 381, 382, 383, 384, 385, 386, 387, 388, 389, 390, 391, 392, 393, 394, 395, 396, 397]",9,27,21,/media/bendico765/Crucial X9/Materiali Tesista/Roi masks/AMBL-577/ROI 0.npy,/media/bendico765/Crucial X9/Materiali Tesista/Cleaned Roi masks/AMBL-577/ROI 0.npy,0.7031,2.0,/media/bendico765/Crucial X9/MRI Lesions/manifest-1728494830954/Advanced-MRI-Breast-Lesions/AMBL-577/12-20-2005-NA-MRI BREASTS - Delayed contrast-29275/500.000000-Registered AX Sen Vibrant MultiPhase-66789,0.82089853063106,0.6349761040247157,14.43913471201544,22.73965054825656,27.575004364278893,29.581581688780606,25.79524326421443,31.254864600090656,2265.27469622334,18.666945722127586,0.3601496872878337,2316.0521372333355,1.0224155777198463,2374.8555264399997,141.10000000000002,265.0,2.9200838300456953,64.0,3.019514653021997,361.0,38.54929350437222,214.236885928393,224.0,59.0,302.0,26.838960473918615,219.58386102651968,-0.6352766300203524,114508579.96332252,0.15941544688335632,2319.628731018628,45.40571174157272,386.71859966878276,-16.85951032570295,12.310469776535898,4.635814473476338,0.4655489494061235,1.6138902486165176,2.271598986988751,1.8306144719074977,0.5141103004649943,0.4539450002371958,0.974829136937897,0.8974298272702459,-0.10012569871489549,0.5961167314188642,0.40780411603223415,6.592574872123753,0.02706429981455427,5.742181034983687,0.49145752813842275,0.0736448754577273,13.185149744247505,3.776105264090648,4.236571062503058,6.061085151083485,276.52039966694423,0.11512089911196678,7.693504788196902,3.803803519270993,54.12989175686928,32.60199833472107,1600.1998334721065,1.097952541460928,0.03203740135933246,0.12620442224188447,8.410101726667959,0.003480470650277801,318.65388587785276,0.15668154165858963,3.840247650852665,54.93724768065045,1.7644055005293393,92.73071786832642,0.057505433859763956,0.03169165980305292,3.6240224667128653,1552.1631002638596,0.7496314140430146,0.8465061166976238,0.30171130054624035,0.8838483055106061,49.04915259050294,0.027760634950043862,46.65079365079365,0.14809775762156716,4.908843537414966,69.67301587301587,711.447619047619,35824.7492063492,17.770267068448547,0.02805628253084567,72.05396825396825,0.22874275636180397,0.48163420252394185,37.05080214474834,0.011832401297361208,5.507172304451949,0.1311407160699417,653.300942302847,2.7640876661198948,0.0032040986832303484,69.06117916562964,0.04820106861846505,0.19507240361101216
79,AMBL-578,0,1.0,2,strong,strong,neg,,100,90,0.0,40,/media/bendico765/Crucial X9/MRI Lesions/manifest-1728494830954/Advanced-MRI-Breast-Lesions/AMBL-578/12-21-2005-NA-MRI BREASTS - Delayed contrast-01821/600.000000-Registered Ax T2 FSE-52081,/media/bendico765/Crucial X9/MRI Lesions/manifest-1728494830954/Advanced-MRI-Breast-Lesions/AMBL-578/12-21-2005-NA-MRI BREASTS - Delayed contrast-01821/500.000000-ROI-65564/1-1.dcm,-0.57,R,"[[[0 0 0 ... 0 0 0]
  [0 0 0 ... 0 0 0]
  [0 0 0 ... 0 0 0]
  ...
  [0 0 0 ... 0 0 0]
  [0 0 0 ... 0 0 0]
  [0 0 0 ... 0 0 0]]

 [[0 0 0 ... 0 0 0]
  [0 0 0 ... 0 0 0]
  [0 0 0 ... 0 0 0]
  ...
  [0 0 0 ... 0 0 0]
  [0 0 0 ... 0 0 0]
  [0 0 0 ... 0 0 0]]

 [[0 0 0 ... 0 0 0]
  [0 0 0 ... 0 0 0]
  [0 0 0 ... 0 0 0]
  ...
  [0 0 0 ... 0 0 0]
  [0 0 0 ... 0 0 0]
  [0 0 0 ... 0 0 0]]

 ...

 [[0 0 0 ... 0 0 0]
  [0 0 0 ... 0 0 0]
  [0 0 0 ... 0 0 0]
  ...
  [0 0 0 ... 0 0 0]
  [0 0 0 ... 0 0 0]
  [0 0 0 ... 0 0 0]]

 [[0 0 0 ... 0 0 0]
  [0 0 0 ... 0 0 0]
  [0 0 0 ... 0 0 0]
  ...
  [0 0 0 ... 0 0 0]
  [0 0 0 ... 0 0 0]
  [0 0 0 ... 0 0 0]]

 [[0 0 0 ... 0 0 0]
  [0 0 0 ... 0 0 0]
  [0 0 0 ... 0 0 0]
  ...
  [0 0 0 ... 0 0 0]
  [0 0 0 ... 0 0 0]
  [0 0 0 ... 0 0 0]]]","[51, 52, 53, 54, 55, 56, 57, 58, 59, 60]","[175, 176, 177, 178, 179, 180, 181, 182, 183, 184, 185, 186, 187, 188, 189, 190, 191, 192, 193, 194, 195, 196, 197, 198, 199, 200, 201, 202, 203, 204, 205, 206, 207, 208, 209, 210, 211, 212, 213, 214, 215, 216, 217, 218, 219, 220, 221, 222]","[360, 361, 362, 363, 364, 365, 366, 367, 368, 369, 370, 371, 372, 373, 374, 375, 376, 377, 378, 379, 380, 381, 382, 383, 384, 385, 386, 387, 388, 389, 390, 391]",10,48,32,/media/bendico765/Crucial X9/Materiali Tesista/Roi masks/AMBL-578/ROI 0.npy,/media/bendico765/Crucial X9/Materiali Tesista/Cleaned Roi masks/AMBL-578/ROI 0.npy,0.6445,2.0,/media/bendico765/Crucial X9/MRI Lesions/manifest-1728494830954/Advanced-MRI-Breast-Lesions/AMBL-578/12-21-2005-NA-MRI BREASTS - Delayed contrast-01821/500.000000-Registered AX Sen Vibrant MultiPhase-62381,0.8959290404862842,0.76866868695283,22.627382505079485,29.437107155723172,32.06788256573857,38.64679769722195,38.37346721694562,42.04577461826574,5365.189769083381,26.373559168718995,0.2562766642380336,5783.158836548841,1.0779038739457052,5451.450400999999,128.0,476.90000000000055,4.070869856620817,148.0,2.7658252114714927,688.0,95.30879354788188,263.22996037793354,236.0,34.0,654.0,66.1433112029113,289.1828746473977,0.770174650765005,455886997.99191743,0.06959091630708185,14336.722948764052,107.37090496923773,17372.103807607757,605.3232391756345,69.0705316845843,12.095749639060005,0.6965645299720258,2.461484673772009,2.8947739540358652,5.796157579473915,0.44584503965463945,0.37524732815187556,0.9846014148700392,0.9221683794283458,-0.14831362421308442,0.8074749540511321,0.3458421594472468,9.649350858715728,0.009780379677982964,7.343378234554828,0.8048120607622665,0.03133394902592476,19.298701717431463,4.79199125037362,20.29157033091108,7.071505824934296,884.074672355989,0.1347264054184683,8.798480273175167,23.000119275861753,123.9655592807071,25.3096616885096,2980.378238341969,0.5090845387245581,0.02149448517163713,0.23870647258210514,32.4562464241349,0.004928949826790818,392.04983898618923,0.06772093876406375,22.824895339025222,124.67652753169794,1.511307711697072,185.5304217911733,0.03229351366537785,0.02151731764850238,4.6473124572435465,4704.2227331686945,0.8068300807252036,0.8821771036034982,0.20472359599601372,0.9153537046340041,114.59419628568038,0.01969029207086778,109.86141906873614,0.060898791058057726,21.122855836500314,137.5809312638581,205.2250554323725,20582.398004434588,3.7628398449071536,0.020911458217675587,625.2150776053215,0.34657155077900303,0.6092238825540338,86.7431780255993,0.012374489259427301,6.318144936960591,0.2749161840902164,191.99385081685932,2.380908723663717,0.001645725872543342,516.0351429275156,0.10332370299561765,0.5181543894681999
80,AMBL-578,1,0.0,-1,-1,-1,-1,,-1.0,-1.0,-1.0,-1,/media/bendico765/Crucial X9/MRI Lesions/manifest-1728494830954/Advanced-MRI-Breast-Lesions/AMBL-578/12-21-2005-NA-MRI BREASTS - Delayed contrast-01821/600.000000-Registered Ax T2 FSE-52081,/media/bendico765/Crucial X9/MRI Lesions/manifest-1728494830954/Advanced-MRI-Breast-Lesions/AMBL-578/12-21-2005-NA-MRI BREASTS - Delayed contrast-01821/500.000000-ROI-65564/1-1.dcm,-42.57,L,"[[[0 0 0 ... 0 0 0]
  [0 0 0 ... 0 0 0]
  [0 0 0 ... 0 0 0]
  ...
  [0 0 0 ... 0 0 0]
  [0 0 0 ... 0 0 0]
  [0 0 0 ... 0 0 0]]

 [[0 0 0 ... 0 0 0]
  [0 0 0 ... 0 0 0]
  [0 0 0 ... 0 0 0]
  ...
  [0 0 0 ... 0 0 0]
  [0 0 0 ... 0 0 0]
  [0 0 0 ... 0 0 0]]

 [[0 0 0 ... 0 0 0]
  [0 0 0 ... 0 0 0]
  [0 0 0 ... 0 0 0]
  ...
  [0 0 0 ... 0 0 0]
  [0 0 0 ... 0 0 0]
  [0 0 0 ... 0 0 0]]

 ...

 [[0 0 0 ... 0 0 0]
  [0 0 0 ... 0 0 0]
  [0 0 0 ... 0 0 0]
  ...
  [0 0 0 ... 0 0 0]
  [0 0 0 ... 0 0 0]
  [0 0 0 ... 0 0 0]]

 [[0 0 0 ... 0 0 0]
  [0 0 0 ... 0 0 0]
  [0 0 0 ... 0 0 0]
  ...
  [0 0 0 ... 0 0 0]
  [0 0 0 ... 0 0 0]
  [0 0 0 ... 0 0 0]]

 [[0 0 0 ... 0 0 0]
  [0 0 0 ... 0 0 0]
  [0 0 0 ... 0 0 0]
  ...
  [0 0 0 ... 0 0 0]
  [0 0 0 ... 0 0 0]
  [0 0 0 ... 0 0 0]]]","[75, 76, 77, 78]","[142, 143, 144, 145, 146, 147, 148, 149, 150, 151, 152, 153, 154, 155, 156, 157, 158]","[121, 122, 123, 124, 125, 126, 127, 128, 129, 130, 131, 132, 133, 134]",4,17,14,/media/bendico765/Crucial X9/Materiali Tesista/Roi masks/AMBL-578/ROI 1.npy,/media/bendico765/Crucial X9/Materiali Tesista/Cleaned Roi masks/AMBL-578/ROI 1.npy,0.6445,2.0,/media/bendico765/Crucial X9/MRI Lesions/manifest-1728494830954/Advanced-MRI-Breast-Lesions/AMBL-578/12-21-2005-NA-MRI BREASTS - Delayed contrast-01821/500.000000-Registered AX Sen Vibrant MultiPhase-62381,0.9505936741308328,0.5951683489679324,8.673464660939155,14.573128218225328,13.93775484968795,20.090113395648117,16.431590382552745,20.18294028381395,325.93503616666686,13.853123496542533,0.36366153182815286,629.8069645423682,1.9323082659340631,361.3808175,134.0,317.6,3.480214496299048,113.5,2.125677350139574,391.0,60.27584093010965,226.00919540229884,227.0,77.0,314.0,46.21671414848811,236.9384904903846,-0.011544155526219863,20287864.264257,0.09613423173470736,5059.691869467564,42.73193339620935,690.122262513662,6.555513530928585,16.48369080826008,12.614556973283925,0.13838812761248814,2.8284130378612717,2.864234836631915,4.221871706854442,0.3776338505362544,0.2887820175431096,0.9372313061372312,0.8355659810205032,-0.12182034432874286,0.7305456966058179,0.29107257821915394,6.46106824844876,0.01446221013636902,6.368838841353887,0.4079299971677219,0.03229290822120986,12.92213649689752,3.943351818392678,7.274561945386001,5.571134531527677,106.06666666666666,0.24383141762452107,1.7208825472321312,8.089966970537718,51.135632183908044,7.873563218390805,345.9862068965517,0.43983900980134916,0.07301369071340383,0.3629886262934292,20.50152468592801,0.032926533419663055,39.215399068955676,0.09561200223011479,8.190928988428208,51.500355598442795,1.2145657318841983,61.05939842918496,0.08689618635423918,0.07398346090440164,3.768108696045904,369.87671008621817,0.897994284518055,0.9430592396109638,0.07907147313575288,0.9577543706996285,49.554059587817,0.0716812846145391,17.443298969072163,0.08991391221171219,9.749282601764268,56.608247422680414,11.603092783505154,478.4020618556701,0.6256075611578508,0.08904579060387062,70.65979381443299,0.36422574131151025,0.6165003170512191,36.07795959277182,0.06013441639923784,5.17265862495601,0.4459770114942529,6.575326814751833,1.1320304666306062,0.013959069902093045,116.65506271890166,0.1998548708341766,0.6911788738786665
81,AMBL-580,0,1.0,2 to3,neg,neg,strong,,0,0,100.0,30,/media/bendico765/Crucial X9/MRI Lesions/manifest-1728494830954/Advanced-MRI-Breast-Lesions/AMBL-580/12-22-2005-NA-MRI BREASTS - Delayed contrast-10880/600.000000-Registered Ax T2 FSE-62016,/media/bendico765/Crucial X9/MRI Lesions/manifest-1728494830954/Advanced-MRI-Breast-Lesions/AMBL-580/12-22-2005-NA-MRI BREASTS - Delayed contrast-10880/500.000000-ROI-58022/1-1.dcm,-10.72,R,"[[[0 0 0 ... 0 0 0]
  [0 0 0 ... 0 0 0]
  [0 0 0 ... 0 0 0]
  ...
  [0 0 0 ... 0 0 0]
  [0 0 0 ... 0 0 0]
  [0 0 0 ... 0 0 0]]

 [[0 0 0 ... 0 0 0]
  [0 0 0 ... 0 0 0]
  [0 0 0 ... 0 0 0]
  ...
  [0 0 0 ... 0 0 0]
  [0 0 0 ... 0 0 0]
  [0 0 0 ... 0 0 0]]

 [[0 0 0 ... 0 0 0]
  [0 0 0 ... 0 0 0]
  [0 0 0 ... 0 0 0]
  ...
  [0 0 0 ... 0 0 0]
  [0 0 0 ... 0 0 0]
  [0 0 0 ... 0 0 0]]

 ...

 [[0 0 0 ... 0 0 0]
  [0 0 0 ... 0 0 0]
  [0 0 0 ... 0 0 0]
  ...
  [0 0 0 ... 0 0 0]
  [0 0 0 ... 0 0 0]
  [0 0 0 ... 0 0 0]]

 [[0 0 0 ... 0 0 0]
  [0 0 0 ... 0 0 0]
  [0 0 0 ... 0 0 0]
  ...
  [0 0 0 ... 0 0 0]
  [0 0 0 ... 0 0 0]
  [0 0 0 ... 0 0 0]]

 [[0 0 0 ... 0 0 0]
  [0 0 0 ... 0 0 0]
  [0 0 0 ... 0 0 0]
  ...
  [0 0 0 ... 0 0 0]
  [0 0 0 ... 0 0 0]
  [0 0 0 ... 0 0 0]]]","[53, 54, 55, 56, 57, 58, 59, 60, 61, 62, 63, 64, 65, 66, 67, 68, 69, 70, 71, 72, 73, 74, 75]","[175, 176, 177, 178, 179, 180, 181, 182, 183, 184, 185, 186, 187, 188, 189, 190, 191, 192, 193, 194, 195, 196, 197, 198, 199, 200, 201, 202, 203, 204, 205, 206, 207, 208, 209, 210, 211, 212, 213, 214, 215, 216, 217, 218, 219, 220, 221, 222, 223, 224, 225, 226, 227, 228, 229, 230, 231, 232, 233, 234, 235, 236, 237, 238, 239, 240, 241, 242, 243, 244, 245, 246, 247, 248, 249, 250, 251, 252, 253, 254, 255, 256, 257, 260, 261]","[348, 349, 350, 351, 352, 353, 354, 355, 356, 357, 358, 359, 360, 361, 362, 363, 364, 365, 366, 367, 368, 369, 370, 371, 372, 373, 374, 375, 376, 377, 378, 379, 380, 381, 382, 383, 384, 385, 386, 387, 388, 389, 390, 391, 392, 393, 394, 395, 396, 397, 398, 399, 400]",23,87,53,/media/bendico765/Crucial X9/Materiali Tesista/Roi masks/AMBL-580/ROI 0.npy,/media/bendico765/Crucial X9/Materiali Tesista/Cleaned Roi masks/AMBL-580/ROI 0.npy,0.7031,2.0,/media/bendico765/Crucial X9/MRI Lesions/manifest-1728494830954/Advanced-MRI-Breast-Lesions/AMBL-580/12-22-2005-NA-MRI BREASTS - Delayed contrast-10880/500.000000-Registered AX Sen Vibrant MultiPhase-77624,0.8965036305124559,0.6336313743869993,35.60419139992049,56.19070146954991,62.53112731184366,80.64881797645889,71.84360986204688,85.78439436570032,54100.13826956864,50.37516786849308,0.2962491851793724,23350.304231186805,0.43161265346194805,54243.99400607999,149.0,420.0,4.007420191756052,136.0,3.140761623641479,762.0,82.84425392708381,268.79995990084575,254.0,9.0,753.0,57.08503876355031,288.35369111120633,0.7033567923052967,4510271540.888408,0.07248362591289656,10894.432734760714,133.123100883454,9925.352341774764,307.17113793185115,52.966835313973924,11.323548439801105,0.6420836971807297,2.528741742681002,2.8776421989735637,4.651795001513533,0.4197152858203238,0.341401698658129,0.988702106509488,0.9283701808150935,-0.11605716594397758,0.7347957207255759,0.3305074737908175,11.07727986278016,0.007937718419004066,7.46049041053299,0.7555173701645045,0.017790892100065504,22.154559725560315,4.7876198386170525,16.072595938443758,7.119239909142787,7113.497776319627,0.1296569294313143,6.210409177376998,17.513997269174666,144.57197798191893,24.76046223388743,3485.662492709245,0.318255618782901,0.012438006155563328,0.17317588162297154,27.754876551671774,0.0021820572038475407,3455.7240129404263,0.07218426524707598,17.400312917713602,145.34105387486417,1.5274651767966971,218.80016653774504,0.019113440718840434,0.012401889849689414,4.629024373316612,37748.99120198154,0.7837070614442041,0.8728085671983309,0.19822422088265135,0.9047632842637878,132.06555185374756,0.011196950357290309,606.5227668065078,0.06206106280635503,20.853529797434188,166.53074797912618,3297.2583648828404,325092.5827279239,45.284049094245525,0.01306479571677271,3008.6768648316793,0.30785601809389945,0.5726316863397944,97.35822212886217,0.007448539481963913,6.740272435543535,0.17813137941090698,3265.7432323379517,14.818942113890241,0.00017159484791528005,760.5097955744571,0.06172238296380676,0.08266031537974165
82,AMBL-581,0,1.0,3,neg,neg,-1,,0,0,-1.0,-1,/media/bendico765/Crucial X9/MRI Lesions/manifest-1728494830954/Advanced-MRI-Breast-Lesions/AMBL-581/12-29-2005-NA-MRI BREASTS - Delayed contrast-25443/600.000000-Registered Ax T2 FSE-50320,/media/bendico765/Crucial X9/MRI Lesions/manifest-1728494830954/Advanced-MRI-Breast-Lesions/AMBL-581/12-29-2005-NA-MRI BREASTS - Delayed contrast-25443/500.000000-ROI-84521/1-1.dcm,-17.79,L,"[[[0 0 0 ... 0 0 0]
  [0 0 0 ... 0 0 0]
  [0 0 0 ... 0 0 0]
  ...
  [0 0 0 ... 0 0 0]
  [0 0 0 ... 0 0 0]
  [0 0 0 ... 0 0 0]]

 [[0 0 0 ... 0 0 0]
  [0 0 0 ... 0 0 0]
  [0 0 0 ... 0 0 0]
  ...
  [0 0 0 ... 0 0 0]
  [0 0 0 ... 0 0 0]
  [0 0 0 ... 0 0 0]]

 [[0 0 0 ... 0 0 0]
  [0 0 0 ... 0 0 0]
  [0 0 0 ... 0 0 0]
  ...
  [0 0 0 ... 0 0 0]
  [0 0 0 ... 0 0 0]
  [0 0 0 ... 0 0 0]]

 ...

 [[0 0 0 ... 0 0 0]
  [0 0 0 ... 0 0 0]
  [0 0 0 ... 0 0 0]
  ...
  [0 0 0 ... 0 0 0]
  [0 0 0 ... 0 0 0]
  [0 0 0 ... 0 0 0]]

 [[0 0 0 ... 0 0 0]
  [0 0 0 ... 0 0 0]
  [0 0 0 ... 0 0 0]
  ...
  [0 0 0 ... 0 0 0]
  [0 0 0 ... 0 0 0]
  [0 0 0 ... 0 0 0]]

 [[0 0 0 ... 0 0 0]
  [0 0 0 ... 0 0 0]
  [0 0 0 ... 0 0 0]
  ...
  [0 0 0 ... 0 0 0]
  [0 0 0 ... 0 0 0]
  [0 0 0 ... 0 0 0]]]","[61, 62, 63, 64, 65, 66, 67, 68, 69, 70]","[222, 223, 224, 225, 226, 227, 228, 229, 230, 231, 232, 233, 234, 235, 236, 237, 238, 239, 240, 241, 242, 243, 244, 245, 246, 247, 248, 249, 250, 251, 252, 253, 254, 255, 256, 257, 258, 259, 260, 261, 262, 263, 264, 265, 266, 267, 268, 269, 270, 271, 272, 273]","[113, 114, 115, 116, 117, 118, 119, 120, 121, 122, 123, 124, 125, 126, 127, 128, 129, 130, 131, 132, 133, 134, 135, 136, 137, 138, 139, 140, 141]",10,52,29,/media/bendico765/Crucial X9/Materiali Tesista/Roi masks/AMBL-581/ROI 0.npy,/media/bendico765/Crucial X9/Materiali Tesista/Cleaned Roi masks/AMBL-581/ROI 0.npy,0.6641,2.0,/media/bendico765/Crucial X9/MRI Lesions/manifest-1728494830954/Advanced-MRI-Breast-Lesions/AMBL-581/12-29-2005-NA-MRI BREASTS - Delayed contrast-25443/500.000000-Registered AX Sen Vibrant MultiPhase-30212,0.660117791123906,0.5574672392414054,20.131979483284514,36.113296111678,29.238762443202006,48.64403898207878,44.315925928835114,50.263681039295165,6861.048444769259,23.83902925944442,0.3018645692691553,5784.497531880202,0.843092360948158,7002.655445180001,90.0,276.0,3.2936002329750997,109.0,2.376739644750395,364.0,60.48897957138574,203.4481672754755,229.0,-1.0,365.0,45.96125078320802,215.52117909177267,-0.6960463876288376,325268994.23837155,0.12682887582116448,5058.221869358088,96.83356899401753,1517.2881545297566,-76.82887769472399,26.263907555742467,5.120285036787654,0.6666546654623199,1.55084814262136,2.3013479185222185,2.4938251943907748,0.5485431082074138,0.4988103128812328,0.9817701456600686,0.9187627258442006,-0.1763817366334108,0.7733110301707666,0.4157104633814028,9.568027259349153,0.027505970423223055,6.020306663522761,0.708856427881911,0.09517936385863278,19.136054518698305,4.11643552477309,7.84604814813253,6.837521701943158,700.4921274719738,0.08823430249048668,12.58939462526338,8.203812573200924,101.51517823403451,47.55548557752866,5147.454213376999,0.6749843936976018,0.01753041291246791,0.12238789447734179,11.853883509078601,0.0025023514272258587,769.4780287329978,0.1193120520753996,8.377193532449095,100.58771766077169,2.090371360030584,215.09849394503382,0.03503748638785895,0.01802173787576421,4.164078892220901,4693.758064419292,0.708657132686136,0.8110302595754164,0.45187807633920435,0.8586260671755942,85.68696636429033,0.015810066823790356,89.9251282051282,0.09223090072320841,9.715214727153189,97.92102564102564,4325.283076923077,539772.7148717949,43.727039246484516,0.021688486962479263,303.4123076923077,0.3111921104536489,0.5752110341272899,55.23246435369117,0.012212956182442765,5.894018104784176,0.12281143720871646,4258.981726758711,4.4119383845336175,0.0012006115884579723,107.52649942522791,0.0689579394680544,0.12307494444191601
83,AMBL-582,0,1.0,2,pos,pos,neg,,-1,-1,-1.0,15,/media/bendico765/Crucial X9/MRI Lesions/manifest-1728494830954/Advanced-MRI-Breast-Lesions/AMBL-582/12-30-2005-NA-MRI BREASTS - Delayed contrast-98705/600.000000-Registered Ax T2 FSE-87092,/media/bendico765/Crucial X9/MRI Lesions/manifest-1728494830954/Advanced-MRI-Breast-Lesions/AMBL-582/12-30-2005-NA-MRI BREASTS - Delayed contrast-98705/500.000000-ROI-79742/1-1.dcm,-23.0,R,"[[[0 0 0 ... 0 0 0]
  [0 0 0 ... 0 0 0]
  [0 0 0 ... 0 0 0]
  ...
  [0 0 0 ... 0 0 0]
  [0 0 0 ... 0 0 0]
  [0 0 0 ... 0 0 0]]

 [[0 0 0 ... 0 0 0]
  [0 0 0 ... 0 0 0]
  [0 0 0 ... 0 0 0]
  ...
  [0 0 0 ... 0 0 0]
  [0 0 0 ... 0 0 0]
  [0 0 0 ... 0 0 0]]

 [[0 0 0 ... 0 0 0]
  [0 0 0 ... 0 0 0]
  [0 0 0 ... 0 0 0]
  ...
  [0 0 0 ... 0 0 0]
  [0 0 0 ... 0 0 0]
  [0 0 0 ... 0 0 0]]

 ...

 [[0 0 0 ... 0 0 0]
  [0 0 0 ... 0 0 0]
  [0 0 0 ... 0 0 0]
  ...
  [0 0 0 ... 0 0 0]
  [0 0 0 ... 0 0 0]
  [0 0 0 ... 0 0 0]]

 [[0 0 0 ... 0 0 0]
  [0 0 0 ... 0 0 0]
  [0 0 0 ... 0 0 0]
  ...
  [0 0 0 ... 0 0 0]
  [0 0 0 ... 0 0 0]
  [0 0 0 ... 0 0 0]]

 [[0 0 0 ... 0 0 0]
  [0 0 0 ... 0 0 0]
  [0 0 0 ... 0 0 0]
  ...
  [0 0 0 ... 0 0 0]
  [0 0 0 ... 0 0 0]
  [0 0 0 ... 0 0 0]]]","[58, 59, 60, 61, 62, 63, 64, 65, 66, 67, 68, 69, 70, 71, 72]","[175, 176, 177, 179, 180, 181, 182, 183, 184, 185, 186, 187, 188, 189, 190, 191, 192, 193, 194, 195, 196, 197, 198, 199, 200, 201, 202, 203, 204, 205, 206, 207, 208, 209, 210, 211, 212, 213, 214, 215, 216, 217, 218, 219, 220, 221, 222, 223, 224, 225, 226, 227, 228, 229, 230, 231, 232, 233, 234]","[335, 336, 337, 338, 339, 340, 341, 342, 343, 344, 345, 346, 347, 348, 349, 350, 351, 352, 353, 354, 355, 356, 357, 358, 359, 360, 361, 362, 363, 364, 365, 366, 367, 368, 369, 370, 371, 372, 373, 374, 375, 376, 377, 378, 379, 380, 381, 382, 383, 384, 385, 386, 387, 388, 389, 390, 391, 392, 393, 394, 395, 396, 397, 398, 399, 400, 401, 402, 403]",15,60,69,/media/bendico765/Crucial X9/Materiali Tesista/Roi masks/AMBL-582/ROI 0.npy,/media/bendico765/Crucial X9/Materiali Tesista/Cleaned Roi masks/AMBL-582/ROI 0.npy,0.6836,2.0,/media/bendico765/Crucial X9/MRI Lesions/manifest-1728494830954/Advanced-MRI-Breast-Lesions/AMBL-582/12-30-2005-NA-MRI BREASTS - Delayed contrast-98705/500.000000-Registered AX Sen Vibrant MultiPhase-38534,0.5690275186052578,0.34258346704428133,21.51281838759592,62.795845267148394,45.850852162200866,40.134485522552794,70.14815285379936,76.61588552774157,10145.238579186802,35.732564011085174,0.24583874867526762,9218.819196382166,0.9086843177147941,10371.45505824,110.0,347.0,3.8471291716329827,128.0,2.694355910679571,531.0,74.14762972819763,243.97918356312516,258.0,-9.0,540.0,53.402996507505755,260.57308773979116,-0.11847571558978962,704204520.1730089,0.08230955340857911,8372.49204211977,153.44726419499077,4018.8269598504057,-38.84609772382856,34.38522086813928,11.171905846156982,0.48797780306625954,2.395028970449099,2.85203128680481,5.196881214142024,0.446401395234292,0.3747813560767559,0.9807005348995108,0.9125049495603352,-0.09462066180495575,0.6438563230057828,0.3463103340451473,12.143638968899172,0.012955295767383858,7.089887359538168,0.5189307538534543,0.041434570303534916,24.287277937798333,4.504669329732639,11.389281678574065,6.890320967199577,1444.1565287915653,0.1301393645842629,9.118785301777702,13.48078630826275,140.76155717761557,26.428494187618274,4342.1388663602775,0.23733873937632918,0.013512929844868389,0.23310840487612125,28.425555314196124,0.004323798449905419,771.0041003841727,0.07908813817766816,13.788943449186661,138.54232223108212,1.552216878732915,223.98286932722107,0.01982418629095443,0.013952233556049215,4.436578625628423,7919.938487315494,0.8059466340949301,0.8784425451092118,0.23214749289073577,0.9145545008262912,125.10400799059002,0.0130669812578969,210.32017999307718,0.07280033921532612,15.392099105701782,121.09241952232607,647.1239183108341,109815.17722395292,4.140796522131941,0.018714216587094858,1064.5001730702666,0.36846665734519435,0.6298631039083514,72.96770064833919,0.013115066926236044,6.126198799416662,0.26034063260340634,632.3697039689703,4.0236281756853804,0.0008599175792845528,333.052768891604,0.08217582728800081,0.15588507672535512
84,AMBL-583,0,1.0,2,strong,strong,neg,,100,10,10.0,15,/media/bendico765/Crucial X9/MRI Lesions/manifest-1728494830954/Advanced-MRI-Breast-Lesions/AMBL-583/01-04-2006-NA-MRI BREASTS - Delayed contrast-14463/600.000000-Registered Ax T2 FSE-25349,/media/bendico765/Crucial X9/MRI Lesions/manifest-1728494830954/Advanced-MRI-Breast-Lesions/AMBL-583/01-04-2006-NA-MRI BREASTS - Delayed contrast-14463/500.000000-ROI-96917/1-1.dcm,-23.74,R,"[[[0 0 0 ... 0 0 0]
  [0 0 0 ... 0 0 0]
  [0 0 0 ... 0 0 0]
  ...
  [0 0 0 ... 0 0 0]
  [0 0 0 ... 0 0 0]
  [0 0 0 ... 0 0 0]]

 [[0 0 0 ... 0 0 0]
  [0 0 0 ... 0 0 0]
  [0 0 0 ... 0 0 0]
  ...
  [0 0 0 ... 0 0 0]
  [0 0 0 ... 0 0 0]
  [0 0 0 ... 0 0 0]]

 [[0 0 0 ... 0 0 0]
  [0 0 0 ... 0 0 0]
  [0 0 0 ... 0 0 0]
  ...
  [0 0 0 ... 0 0 0]
  [0 0 0 ... 0 0 0]
  [0 0 0 ... 0 0 0]]

 ...

 [[0 0 0 ... 0 0 0]
  [0 0 0 ... 0 0 0]
  [0 0 0 ... 0 0 0]
  ...
  [0 0 0 ... 0 0 0]
  [0 0 0 ... 0 0 0]
  [0 0 0 ... 0 0 0]]

 [[0 0 0 ... 0 0 0]
  [0 0 0 ... 0 0 0]
  [0 0 0 ... 0 0 0]
  ...
  [0 0 0 ... 0 0 0]
  [0 0 0 ... 0 0 0]
  [0 0 0 ... 0 0 0]]

 [[0 0 0 ... 0 0 0]
  [0 0 0 ... 0 0 0]
  [0 0 0 ... 0 0 0]
  ...
  [0 0 0 ... 0 0 0]
  [0 0 0 ... 0 0 0]
  [0 0 0 ... 0 0 0]]]","[64, 65, 66, 67, 68, 69, 70, 71, 72, 73]","[161, 162, 163, 164, 165, 166, 167, 168, 169, 170, 171, 172, 173, 174, 175, 176, 177, 178, 179, 180, 181, 182, 183, 184, 185, 186, 187, 188, 189, 190, 191, 192, 193, 194, 195, 196, 197, 198, 199, 200, 201, 202, 203, 204, 205, 206, 207, 208, 209, 210, 211, 212]","[369, 370, 371, 372, 373, 374, 375, 376, 377, 378, 379, 380, 381, 382, 383, 384, 385, 386, 387, 388, 389, 390, 391, 392, 393, 394, 395, 396, 397, 398, 399, 400, 401, 402, 403, 404, 405]",10,52,37,/media/bendico765/Crucial X9/Materiali Tesista/Roi masks/AMBL-583/ROI 0.npy,/media/bendico765/Crucial X9/Materiali Tesista/Cleaned Roi masks/AMBL-583/ROI 0.npy,0.6641,2.0,/media/bendico765/Crucial X9/MRI Lesions/manifest-1728494830954/Advanced-MRI-Breast-Lesions/AMBL-583/01-04-2006-NA-MRI BREASTS - Delayed contrast-14463/500.000000-Registered AX Sen Vibrant MultiPhase-22986,0.6786823237521241,0.5716189654487585,21.62715304916774,37.83491163941527,32.48958814389619,45.54605742421621,43.67435864726579,48.61299990136383,8161.532148256606,25.67788575039464,0.2851227500762371,6875.4329373118635,0.842419390430329,8319.56747184,133.0,270.0,3.1780097736292636,75.0,3.3780743161813067,507.0,44.027662448445774,206.08587786259542,209.5,24.0,483.0,31.235447466695817,213.32432938616654,0.10247174170078033,378600799.131493,0.12969500539912135,3035.8804536610796,72.74731209544089,685.7176819694445,4.1283653446694455,14.466375487254313,5.873777853219626,0.43048352397741674,1.7529337788794215,2.423818781567874,2.600717210596191,0.5024752763733132,0.4414714004892936,0.9874440714814707,0.9275049774979686,-0.08933294065015752,0.5733402395962277,0.40521050564458644,8.401656544383549,0.020907163915782605,6.114207222406092,0.47844558117654895,0.04236402380173124,16.8033130887671,3.950871807804129,5.085038335118484,6.481731684069693,1014.8509329940628,0.1075965789857997,9.15860881081925,4.93637849531057,81.72540288379983,34.15436810856658,2381.650975402884,0.6399935770891071,0.016768033797597868,0.15007068620832675,15.559548455239687,0.0021603833995187784,1022.5107066292628,0.12805951102161892,5.072144094524053,83.50926529062916,1.7524312974508183,137.46209065849735,0.03028518750468492,0.016485054331758068,3.8977569080147014,6097.721931270998,0.7516651780542022,0.8461701572388594,0.2989934378751765,0.885303305797807,75.05142160756341,0.014416224409160152,168.10658520027155,0.1141253124238096,6.774165805960099,108.12287847929396,1698.5417515274949,106754.52002715546,30.695856128721346,0.013946509511871003,439.4304141208418,0.29832343117504534,0.5636622661774969,65.53479928880635,0.007644373850536088,5.85230893527859,0.15617048346055978,1657.5400301143598,4.555592827082526,0.000876075442695486,235.7913613755101,0.026926155819874283,0.18118246672375604
85,AMBL-583,2,0.0,-1.0,-1,-1,-1,,-1.0,-1.0,-1.0,-1,/media/bendico765/Crucial X9/MRI Lesions/manifest-1728494830954/Advanced-MRI-Breast-Lesions/AMBL-583/01-04-2006-NA-MRI BREASTS - Delayed contrast-14463/600.000000-Registered Ax T2 FSE-25349,/media/bendico765/Crucial X9/MRI Lesions/manifest-1728494830954/Advanced-MRI-Breast-Lesions/AMBL-583/01-04-2006-NA-MRI BREASTS - Delayed contrast-14463/500.000000-ROI-96917/1-1.dcm,-43.74,L,"[[[0 0 0 ... 0 0 0]
  [0 0 0 ... 0 0 0]
  [0 0 0 ... 0 0 0]
  ...
  [0 0 0 ... 0 0 0]
  [0 0 0 ... 0 0 0]
  [0 0 0 ... 0 0 0]]

 [[0 0 0 ... 0 0 0]
  [0 0 0 ... 0 0 0]
  [0 0 0 ... 0 0 0]
  ...
  [0 0 0 ... 0 0 0]
  [0 0 0 ... 0 0 0]
  [0 0 0 ... 0 0 0]]

 [[0 0 0 ... 0 0 0]
  [0 0 0 ... 0 0 0]
  [0 0 0 ... 0 0 0]
  ...
  [0 0 0 ... 0 0 0]
  [0 0 0 ... 0 0 0]
  [0 0 0 ... 0 0 0]]

 ...

 [[0 0 0 ... 0 0 0]
  [0 0 0 ... 0 0 0]
  [0 0 0 ... 0 0 0]
  ...
  [0 0 0 ... 0 0 0]
  [0 0 0 ... 0 0 0]
  [0 0 0 ... 0 0 0]]

 [[0 0 0 ... 0 0 0]
  [0 0 0 ... 0 0 0]
  [0 0 0 ... 0 0 0]
  ...
  [0 0 0 ... 0 0 0]
  [0 0 0 ... 0 0 0]
  [0 0 0 ... 0 0 0]]

 [[0 0 0 ... 0 0 0]
  [0 0 0 ... 0 0 0]
  [0 0 0 ... 0 0 0]
  ...
  [0 0 0 ... 0 0 0]
  [0 0 0 ... 0 0 0]
  [0 0 0 ... 0 0 0]]]","[75, 76, 77, 78, 79, 80, 81]","[102, 104, 105, 106, 107, 108, 109, 110, 111, 112, 113, 114, 115, 116, 117, 118, 119, 120, 121, 122, 123, 124, 125, 126, 127, 128, 129, 130, 131, 132, 133, 134, 135, 136, 137, 138, 139, 140, 141, 142, 143]","[157, 158, 159, 160, 161, 162, 163, 164, 165, 166, 167, 168, 169, 170, 171, 172, 173, 174, 175, 176, 177, 178, 179, 180, 181, 182, 183, 184, 185, 186, 187, 188, 189, 190, 191, 192, 193, 194, 195, 196]",7,42,40,/media/bendico765/Crucial X9/Materiali Tesista/Roi masks/AMBL-583/ROI 1.npy,/media/bendico765/Crucial X9/Materiali Tesista/Cleaned Roi masks/AMBL-583/ROI 1.npy,0.6641,2.0,/media/bendico765/Crucial X9/MRI Lesions/manifest-1728494830954/Advanced-MRI-Breast-Lesions/AMBL-583/01-04-2006-NA-MRI BREASTS - Delayed contrast-14463/500.000000-Registered AX Sen Vibrant MultiPhase-22986,0.6663618267817448,0.489378873037056,16.04100450017798,32.778293841392184,33.75592199437011,34.8867215463133,38.31114563257017,40.14626460755721,3034.2782127999894,21.84220376293891,0.26952383183654394,3760.6006596368693,1.2393723962993624,3172.76125914,145.0,293.0,3.3318792306961478,80.0,6.72910485543106,556.0,50.101627023848145,222.04531554072838,217.0,71.0,485.0,32.85796052851195,232.36788211435268,1.3505343238066323,171312713.1885771,0.1201115995019171,4690.710484728067,52.48515010335195,1791.3232896937245,63.550599974451366,16.12281903111239,6.807956215993319,0.37490903070786324,1.998400434543839,2.5170186498172837,2.56646621269227,0.46211735075843957,0.3902525693099148,0.9852838031883883,0.9176988905132215,-0.0815311769069609,0.5511138684611424,0.3709147848763443,7.081982656785859,0.018604453128076067,6.195571291111987,0.5452737732239168,0.034858095796087465,14.163965313571717,3.9319722559299546,5.732693811776427,6.163450925103013,528.0603280511538,0.14680576259414893,4.9129719117706045,7.621287285013173,62.47678621073116,18.83041423408396,908.3021962746733,0.58909101112478,0.028304347101535517,0.22882448667411392,18.540411265428396,0.006180458451705947,380.9799781099237,0.11825217096584519,7.888431848099261,63.92893761176198,1.4762499660353865,87.97842542058874,0.04247907966920022,0.028040317146761275,3.85448663253117,2700.4931856227,0.8272455109928628,0.8949765830499776,0.18737406114819538,0.9225303241231525,59.89556662497543,0.025699730400755075,88.98730158730159,0.09416645670613924,11.591494079113126,82.25820105820105,136.0010582010582,6113.615873015873,3.7447628394754204,0.027455343253130152,303.53544973544973,0.32120153411158703,0.5861657922163527,52.195018252204314,0.01604452418795509,5.9318951175692485,0.2627189324437031,121.51276392038298,2.3217171409799575,0.0022772742639817854,261.4828808052316,0.044520934284662486,0.5444543476258557
86,AMBL-584,0,1.0,1,Moderate to strong,strong,neg,,90,100,10.0,5,/media/bendico765/Crucial X9/MRI Lesions/manifest-1728494830954/Advanced-MRI-Breast-Lesions/AMBL-584/01-10-2006-NA-MRI BREASTS - Delayed contrast-74775/600.000000-Registered Ax T2 FSE-10673,/media/bendico765/Crucial X9/MRI Lesions/manifest-1728494830954/Advanced-MRI-Breast-Lesions/AMBL-584/01-10-2006-NA-MRI BREASTS - Delayed contrast-74775/500.000000-ROI-16506/1-1.dcm,11.62,R,"[[[0 0 0 ... 0 0 0]
  [0 0 0 ... 0 0 0]
  [0 0 0 ... 0 0 0]
  ...
  [0 0 0 ... 0 0 0]
  [0 0 0 ... 0 0 0]
  [0 0 0 ... 0 0 0]]

 [[0 0 0 ... 0 0 0]
  [0 0 0 ... 0 0 0]
  [0 0 0 ... 0 0 0]
  ...
  [0 0 0 ... 0 0 0]
  [0 0 0 ... 0 0 0]
  [0 0 0 ... 0 0 0]]

 [[0 0 0 ... 0 0 0]
  [0 0 0 ... 0 0 0]
  [0 0 0 ... 0 0 0]
  ...
  [0 0 0 ... 0 0 0]
  [0 0 0 ... 0 0 0]
  [0 0 0 ... 0 0 0]]

 ...

 [[0 0 0 ... 0 0 0]
  [0 0 0 ... 0 0 0]
  [0 0 0 ... 0 0 0]
  ...
  [0 0 0 ... 0 0 0]
  [0 0 0 ... 0 0 0]
  [0 0 0 ... 0 0 0]]

 [[0 0 0 ... 0 0 0]
  [0 0 0 ... 0 0 0]
  [0 0 0 ... 0 0 0]
  ...
  [0 0 0 ... 0 0 0]
  [0 0 0 ... 0 0 0]
  [0 0 0 ... 0 0 0]]

 [[0 0 0 ... 0 0 0]
  [0 0 0 ... 0 0 0]
  [0 0 0 ... 0 0 0]
  ...
  [0 0 0 ... 0 0 0]
  [0 0 0 ... 0 0 0]
  [0 0 0 ... 0 0 0]]]","[33, 34, 35, 36, 37, 38, 41, 42, 43, 44, 45, 46, 47, 48, 49, 50, 51]","[195, 196, 197, 198, 199, 200, 201, 202, 203, 204, 205, 206, 207, 208, 209, 210, 211, 212, 213, 214, 215, 216, 217, 218, 219, 220, 221, 222, 223, 224, 225, 226, 227, 228, 229, 230, 231, 232, 233, 234, 235, 236, 237, 238, 239, 240, 241, 242, 243, 244, 245, 246, 247, 248, 249, 250, 251, 252, 253, 254, 255, 256, 257, 258, 259, 260, 261, 262, 263, 264, 265, 266, 267, 268, 269, 270, 271, 272, 273, 274, 275, 276]","[329, 330, 331, 332, 333, 334, 335, 336, 337, 338, 339, 340, 341, 342, 343, 344, 345, 346, 347, 348, 349, 350, 351, 352, 353, 354, 355, 356, 357, 358, 359, 360, 361, 362, 363, 364, 365, 366, 367, 368, 369, 370, 371, 372, 373, 374, 375, 376]",19,82,48,/media/bendico765/Crucial X9/Materiali Tesista/Roi masks/AMBL-584/ROI 0.npy,/media/bendico765/Crucial X9/Materiali Tesista/Cleaned Roi masks/AMBL-584/ROI 0.npy,0.6641,2.0,/media/bendico765/Crucial X9/MRI Lesions/manifest-1728494830954/Advanced-MRI-Breast-Lesions/AMBL-584/01-10-2006-NA-MRI BREASTS - Delayed contrast-74775/500.000000-Registered AX Sen Vibrant MultiPhase-53845,0.924975429732916,0.5306042771156796,28.382825054365945,53.491511995818435,56.98790149531741,69.18405273074136,60.7823851240637,74.889116059545,34581.95104971787,49.47833429539559,0.31114328867251345,16497.69794574654,0.4770609362678261,34675.44915744,127.0,370.0,3.8131144333429354,153.0,2.1726365208136484,628.0,80.79917888972375,261.90064102564105,284.0,1.0,627.0,63.04810894213913,278.24829917740016,-0.23022575492348912,2684646646.850067,0.08237202755733994,8830.170225474314,124.92089741798162,4550.844685027376,-63.82023304382814,47.29458647769537,9.066699641182604,0.6775759812211855,2.015273390040525,2.6756992208957024,4.812713178985648,0.5078324951222012,0.4508550389125705,0.9874931397184465,0.9333377127721104,-0.1672254234029811,0.8224495627237446,0.37829946381167956,10.739861633380949,0.015283655640133164,6.933388206194108,0.7221753303693335,0.05489571777187638,21.479723266761898,4.643365580588522,14.090321529719501,7.4522987122338185,3341.1540496540497,0.08499069112876602,19.519014345791156,14.201450642441943,135.11752136752136,57.35190272690273,8881.925468050467,0.6071025349646594,0.014583226136930876,0.13811365888580587,19.226253366398517,0.0022256035858203263,2407.881710968707,0.07630550728550602,14.581117480039833,132.492599677277,2.100038426091611,298.32055467969263,0.027671518719726743,0.01516303595682494,4.719252638020887,22386.990518022387,0.7019621633472468,0.8018905951598259,0.49494002556530275,0.8604751511183463,112.95922473711357,0.013308822433036964,404.78800069966763,0.07080426809509667,15.930812940816555,144.2814413153752,8472.491866363478,1275062.5425922687,84.04545522841721,0.016432336773640675,1767.905719783103,0.309236613570597,0.5737518838753256,84.24039497803913,0.00943589486688315,6.5109063650765755,0.14542633292633292,8425.20790063936,10.2510133472203,0.00027318598996590884,411.31653352431584,0.057954408860170704,0.07651608515491436
87,AMBL-585,0,1.0,-1,pos,pos,pos,,30,100,-1.0,50 to 60,/media/bendico765/Crucial X9/MRI Lesions/manifest-1728494830954/Advanced-MRI-Breast-Lesions/AMBL-585/01-12-2006-NA-MRI BREASTS - Delayed contrast-41589/600.000000-Registered Ax T2 FSE-29653,/media/bendico765/Crucial X9/MRI Lesions/manifest-1728494830954/Advanced-MRI-Breast-Lesions/AMBL-585/01-12-2006-NA-MRI BREASTS - Delayed contrast-41589/500.000000-ROI-05032/1-1.dcm,0.16,R,"[[[0 0 0 ... 0 0 0]
  [0 0 0 ... 0 0 0]
  [0 0 0 ... 0 0 0]
  ...
  [0 0 0 ... 0 0 0]
  [0 0 0 ... 0 0 0]
  [0 0 0 ... 0 0 0]]

 [[0 0 0 ... 0 0 0]
  [0 0 0 ... 0 0 0]
  [0 0 0 ... 0 0 0]
  ...
  [0 0 0 ... 0 0 0]
  [0 0 0 ... 0 0 0]
  [0 0 0 ... 0 0 0]]

 [[0 0 0 ... 0 0 0]
  [0 0 0 ... 0 0 0]
  [0 0 0 ... 0 0 0]
  ...
  [0 0 0 ... 0 0 0]
  [0 0 0 ... 0 0 0]
  [0 0 0 ... 0 0 0]]

 ...

 [[0 0 0 ... 0 0 0]
  [0 0 0 ... 0 0 0]
  [0 0 0 ... 0 0 0]
  ...
  [0 0 0 ... 0 0 0]
  [0 0 0 ... 0 0 0]
  [0 0 0 ... 0 0 0]]

 [[0 0 0 ... 0 0 0]
  [0 0 0 ... 0 0 0]
  [0 0 0 ... 0 0 0]
  ...
  [0 0 0 ... 0 0 0]
  [0 0 0 ... 0 0 0]
  [0 0 0 ... 0 0 0]]

 [[0 0 0 ... 0 0 0]
  [0 0 0 ... 0 0 0]
  [0 0 0 ... 0 0 0]
  ...
  [0 0 0 ... 0 0 0]
  [0 0 0 ... 0 0 0]
  [0 0 0 ... 0 0 0]]]","[56, 57, 58, 59, 60, 61, 62]","[186, 187, 188, 189, 190, 191, 192, 193, 194, 195, 196, 197, 198, 199, 200, 201, 202, 203, 204, 205, 206, 207, 208, 209, 210, 211]","[330, 331, 332, 333, 334, 335, 336, 337, 338, 339, 340, 341, 342, 343, 344, 345, 346, 347]",7,26,18,/media/bendico765/Crucial X9/Materiali Tesista/Roi masks/AMBL-585/ROI 0.npy,/media/bendico765/Crucial X9/Materiali Tesista/Cleaned Roi masks/AMBL-585/ROI 0.npy,0.6641,2.0,/media/bendico765/Crucial X9/MRI Lesions/manifest-1728494830954/Advanced-MRI-Breast-Lesions/AMBL-585/01-12-2006-NA-MRI BREASTS - Delayed contrast-41589/500.000000-Registered AX Sen Vibrant MultiPhase-27345,0.7670611305963123,0.5261221558569834,10.567358379452337,20.08537040649715,21.224836989008892,23.18313921883747,23.554495175655966,28.6691738020125,1264.2090838650017,15.406706932453417,0.3746745366022523,1509.0694134386524,1.193686576610454,1360.1328500400002,166.0,339.0,3.574246548729042,90.0,4.940040595942237,620.0,56.5868723725315,251.431906614786,249.0,10.0,610.0,37.701771579049016,262.30791996579785,0.413294042132178,93584545.83852953,0.10317508381824268,5587.441212836932,99.40520621662168,2149.483074463269,6.79488236909503,21.39709820209101,10.940177246738548,0.31448000845928753,2.511012032027469,2.8256411759385163,4.264450120663495,0.4206832241041586,0.3422116821043661,0.9834453575105606,0.9139401681819432,-0.09154175849833325,0.6320822785553529,0.3274940265810073,9.835739569655493,0.01474835222727396,6.683647297154243,0.4766342248525927,0.04094912424621819,19.671479139310982,4.169135556406812,8.084318862207391,6.227004314584053,240.5006485084306,0.15596669812479289,6.060650257973458,9.03071793500112,120.98962386511025,19.30609597924773,1813.7302204928665,0.27580565021301545,0.014093667961051205,0.2490638410494512,37.1053041155685,0.0034896017457291375,140.10038655915383,0.10111710437027187,9.364640554714239,123.4298389815054,1.45086141722991,169.20823638132885,0.020500987652791465,0.014042740430304738,4.067396856502885,1162.837893974704,0.8319772752549672,0.8984834879776515,0.18327080990360087,0.9265673646252377,116.0617262111631,0.01297924613792825,41.02242152466368,0.09197852359790062,12.990448229403366,149.86995515695068,123.2152466367713,11216.452914798207,1.5308110675712263,0.01373795472928071,144.48430493273543,0.32395584065635746,0.5861021328506496,94.13570010985075,0.008497486182734265,5.772911988871425,0.2892347600518807,111.26163807838485,0.6358841630896451,0.004634810572796019,475.28770167603506,0.051203925673185546,1.2749479688388314
88,AMBL-585,1,1.0,3,Moderate to strong,neg,-1,,80.0,0.0,-1.0,-1,/media/bendico765/Crucial X9/MRI Lesions/manifest-1728494830954/Advanced-MRI-Breast-Lesions/AMBL-585/01-12-2006-NA-MRI BREASTS - Delayed contrast-41589/600.000000-Registered Ax T2 FSE-29653,/media/bendico765/Crucial X9/MRI Lesions/manifest-1728494830954/Advanced-MRI-Breast-Lesions/AMBL-585/01-12-2006-NA-MRI BREASTS - Delayed contrast-41589/500.000000-ROI-05032/1-1.dcm,-15.84,R,"[[[0 0 0 ... 0 0 0]
  [0 0 0 ... 0 0 0]
  [0 0 0 ... 0 0 0]
  ...
  [0 0 0 ... 0 0 0]
  [0 0 0 ... 0 0 0]
  [0 0 0 ... 0 0 0]]

 [[0 0 0 ... 0 0 0]
  [0 0 0 ... 0 0 0]
  [0 0 0 ... 0 0 0]
  ...
  [0 0 0 ... 0 0 0]
  [0 0 0 ... 0 0 0]
  [0 0 0 ... 0 0 0]]

 [[0 0 0 ... 0 0 0]
  [0 0 0 ... 0 0 0]
  [0 0 0 ... 0 0 0]
  ...
  [0 0 0 ... 0 0 0]
  [0 0 0 ... 0 0 0]
  [0 0 0 ... 0 0 0]]

 ...

 [[0 0 0 ... 0 0 0]
  [0 0 0 ... 0 0 0]
  [0 0 0 ... 0 0 0]
  ...
  [0 0 0 ... 0 0 0]
  [0 0 0 ... 0 0 0]
  [0 0 0 ... 0 0 0]]

 [[0 0 0 ... 0 0 0]
  [0 0 0 ... 0 0 0]
  [0 0 0 ... 0 0 0]
  ...
  [0 0 0 ... 0 0 0]
  [0 0 0 ... 0 0 0]
  [0 0 0 ... 0 0 0]]

 [[0 0 0 ... 0 0 0]
  [0 0 0 ... 0 0 0]
  [0 0 0 ... 0 0 0]
  ...
  [0 0 0 ... 0 0 0]
  [0 0 0 ... 0 0 0]
  [0 0 0 ... 0 0 0]]]","[64, 65, 66, 67, 68, 69, 70, 71, 72, 73]","[126, 127, 128, 129, 130, 131, 132, 133, 134, 135, 136, 137, 138, 139, 140, 141, 142, 143, 144, 145, 146, 147, 148, 149, 150, 151, 152, 153, 154, 155, 156, 157, 158, 159, 160, 161, 162, 163, 164, 165, 166, 167, 168, 169, 170, 171, 172, 173, 174, 175, 176, 177, 178, 179, 180, 181, 182, 183, 184, 185, 186, 188]","[338, 339, 340, 341, 342, 343, 344, 345, 346, 347, 348, 349, 350, 351, 352, 353, 354, 355, 356, 357, 358, 359, 360, 361, 362, 363, 364, 365, 366, 367, 368, 369, 370, 371, 372, 373, 374, 375]",10,63,38,/media/bendico765/Crucial X9/Materiali Tesista/Roi masks/AMBL-585/ROI 1.npy,/media/bendico765/Crucial X9/Materiali Tesista/Cleaned Roi masks/AMBL-585/ROI 1.npy,0.6641,2.0,/media/bendico765/Crucial X9/MRI Lesions/manifest-1728494830954/Advanced-MRI-Breast-Lesions/AMBL-585/01-12-2006-NA-MRI BREASTS - Delayed contrast-41589/500.000000-Registered AX Sen Vibrant MultiPhase-27345,0.6096699597555947,0.46459365558374266,20.954420536593542,45.10268335512499,33.982419278356275,46.37287296351177,52.543699437706145,56.17608504497265,9041.715395814184,27.49775114598838,0.2305716677411217,9102.878347284543,1.00676452960449,9176.927478480002,208.0,491.0,4.084106023094838,133.0,2.8887904427054587,682.0,84.43089305476659,332.06930026912727,317.0,33.0,649.0,58.29862999676564,348.78650855030617,0.3548678657290528,1116391843.5831623,0.0709683644284922,11382.008365485,175.28157085236523,10222.374790084992,242.70887045819643,56.58067940478635,12.98217217791018,0.6242188356257642,2.6723229356656377,2.9449467991162246,5.39326125498659,0.41881855761793696,0.34200707031113503,0.9832519933003835,0.915532655890429,-0.13524342432274927,0.7775709119060628,0.32023341717889064,12.821127500453757,0.0082908850808888,7.5664321740119185,0.7471295856954541,0.02590623754838932,25.642255000907518,4.860672505492142,17.390712895674127,6.970601808558301,1587.3423683198769,0.15257039295654334,6.174727365824017,18.275232057037183,182.16887735486353,19.48558246828143,3631.008554402153,0.15032535709756176,0.010756887237400712,0.25563472581826263,44.35796314342519,0.0033919768399503824,650.2132712415646,0.0694823612199122,18.76514308852289,181.6836068993684,1.4665054719962733,267.2099984509472,0.014957113179624011,0.011030201712584812,4.591852202144167,7910.29854340086,0.8373333633998699,0.8981382900068022,0.1943222203195996,0.9283279134764995,168.14641541439386,0.010412608036910798,184.69093904448104,0.06085368667033972,22.22100469807219,173.4988467874794,153.47545304777594,26474.23294892916,1.0643024539212598,0.01379568821820628,1056.8266886326194,0.34821307697944626,0.6118405714957319,103.84997829390497,0.008548705721166625,6.460436307803593,0.29171472510572855,141.72422386816086,2.8701022815318953,0.0009911980376970018,481.68574121972864,0.08426363766471423,0.25777459288264015
89,AMBL-586,0,1.0,2,strong,moderate,neg,,100,40,0.0,15,/media/bendico765/Crucial X9/MRI Lesions/manifest-1728494830954/Advanced-MRI-Breast-Lesions/AMBL-586/01-17-2006-NA-MRI BREASTS - Delayed contrast-25061/600.000000-Registered Ax T2 FSE-09696,/media/bendico765/Crucial X9/MRI Lesions/manifest-1728494830954/Advanced-MRI-Breast-Lesions/AMBL-586/01-17-2006-NA-MRI BREASTS - Delayed contrast-25061/500.000000-ROI-63529/1-1.dcm,-2.12,L,"[[[0 0 0 ... 0 0 0]
  [0 0 0 ... 0 0 0]
  [0 0 0 ... 0 0 0]
  ...
  [0 0 0 ... 0 0 0]
  [0 0 0 ... 0 0 0]
  [0 0 0 ... 0 0 0]]

 [[0 0 0 ... 0 0 0]
  [0 0 0 ... 0 0 0]
  [0 0 0 ... 0 0 0]
  ...
  [0 0 0 ... 0 0 0]
  [0 0 0 ... 0 0 0]
  [0 0 0 ... 0 0 0]]

 [[0 0 0 ... 0 0 0]
  [0 0 0 ... 0 0 0]
  [0 0 0 ... 0 0 0]
  ...
  [0 0 0 ... 0 0 0]
  [0 0 0 ... 0 0 0]
  [0 0 0 ... 0 0 0]]

 ...

 [[0 0 0 ... 0 0 0]
  [0 0 0 ... 0 0 0]
  [0 0 0 ... 0 0 0]
  ...
  [0 0 0 ... 0 0 0]
  [0 0 0 ... 0 0 0]
  [0 0 0 ... 0 0 0]]

 [[0 0 0 ... 0 0 0]
  [0 0 0 ... 0 0 0]
  [0 0 0 ... 0 0 0]
  ...
  [0 0 0 ... 0 0 0]
  [0 0 0 ... 0 0 0]
  [0 0 0 ... 0 0 0]]

 [[0 0 0 ... 0 0 0]
  [0 0 0 ... 0 0 0]
  [0 0 0 ... 0 0 0]
  ...
  [0 0 0 ... 0 0 0]
  [0 0 0 ... 0 0 0]
  [0 0 0 ... 0 0 0]]]","[57, 58, 59, 60, 61, 62, 63, 64, 65, 66]","[191, 192, 193, 194, 195, 196, 197, 198, 199, 200, 201, 202, 203, 204, 205, 206, 207, 208, 209, 210, 211, 212, 213, 214, 215, 216]","[127, 128, 129, 130, 131, 132, 133, 134, 135, 136, 137, 138, 139, 140, 141, 142, 143, 144, 145, 146, 147, 148, 149, 150, 151, 152, 153, 154, 155]",10,26,29,/media/bendico765/Crucial X9/Materiali Tesista/Roi masks/AMBL-586/ROI 0.npy,/media/bendico765/Crucial X9/Materiali Tesista/Cleaned Roi masks/AMBL-586/ROI 0.npy,0.6641,2.0,/media/bendico765/Crucial X9/MRI Lesions/manifest-1728494830954/Advanced-MRI-Breast-Lesions/AMBL-586/01-17-2006-NA-MRI BREASTS - Delayed contrast-25061/500.000000-Registered AX Sen Vibrant MultiPhase-87932,0.6756750310495736,0.5045082560810719,14.87100231230276,29.47623182188929,31.62006777997163,30.130195591963886,27.709766477002294,35.36628449950602,2730.2256007058163,19.916353851479474,0.3804775890469256,2482.8704891705543,0.9094012189061168,2833.16907544,49.0,282.0,3.296134407763754,183.0,1.6434207859471441,389.0,86.40489644995651,187.7294520547945,234.0,-19.0,408.0,73.74567985756796,210.30409918614436,-0.4926186524898047,125304875.28016119,0.13382102296959256,8985.466965702246,95.89330394176328,4949.9435404853475,-230.05614263418164,54.99951046369256,3.0883587848962355,0.8933094996735718,1.1246744421141093,2.03404128442073,1.7978494128830451,0.628204707196171,0.5948324633507348,0.9900143822513384,0.9425554673273214,-0.2925579580440131,0.9148547700740385,0.42713357952998626,9.104630517135707,0.05287842921672908,5.411106470304507,0.9148769724627596,0.16684160268067358,18.209261034271414,3.9812441565723677,14.521967312147193,6.962411812625154,214.7590286425903,0.0668614659534839,30.857450423303646,14.405883273186321,95.98412204234123,86.66002490660026,8893.578767123288,2.6730649987945028,0.03258180732264584,0.13389829637252468,12.499519147277343,0.004147331420643411,269.9299219835236,0.11157978390344707,13.901359858014045,94.85709474580516,2.599703640153168,255.80995943728516,0.0828812983284907,0.03241074949932487,4.386622953144147,1582.76792671894,0.6467251372878928,0.7511495353961107,0.7497088680196732,0.8285232919662252,78.24338448631991,0.02642153797653934,42.890985324947586,0.08991820822840166,10.492552597690844,93.69601677148847,1684.2557651991615,204471.35220125786,33.1511059769612,0.030719299987544822,161.8343815513627,0.3392754330217247,0.6005655108604119,55.79932966288453,0.019456924176243243,5.643040957887893,0.14850560398505605,1638.9123408444639,1.3250436447496305,0.0038217922416536646,100.13190293619316,0.08866982829157732,0.4856662021906474
90,AMBL-587,0,1.0,3,neg,neg,neg,1.0,0,0,0.0,-1,/media/bendico765/Crucial X9/MRI Lesions/manifest-1728494830954/Advanced-MRI-Breast-Lesions/AMBL-587/01-21-2006-NA-MRI BREASTS - Delayed contrast-87561/600.000000-Registered Ax T2 FSE-60740,/media/bendico765/Crucial X9/MRI Lesions/manifest-1728494830954/Advanced-MRI-Breast-Lesions/AMBL-587/01-21-2006-NA-MRI BREASTS - Delayed contrast-87561/500.000000-ROI-08179/1-1.dcm,19.88,L,"[[[0 0 0 ... 0 0 0]
  [0 0 0 ... 0 0 0]
  [0 0 0 ... 0 0 0]
  ...
  [0 0 0 ... 0 0 0]
  [0 0 0 ... 0 0 0]
  [0 0 0 ... 0 0 0]]

 [[0 0 0 ... 0 0 0]
  [0 0 0 ... 0 0 0]
  [0 0 0 ... 0 0 0]
  ...
  [0 0 0 ... 0 0 0]
  [0 0 0 ... 0 0 0]
  [0 0 0 ... 0 0 0]]

 [[0 0 0 ... 0 0 0]
  [0 0 0 ... 0 0 0]
  [0 0 0 ... 0 0 0]
  ...
  [0 0 0 ... 0 0 0]
  [0 0 0 ... 0 0 0]
  [0 0 0 ... 0 0 0]]

 ...

 [[0 0 0 ... 0 0 0]
  [0 0 0 ... 0 0 0]
  [0 0 0 ... 0 0 0]
  ...
  [0 0 0 ... 0 0 0]
  [0 0 0 ... 0 0 0]
  [0 0 0 ... 0 0 0]]

 [[0 0 0 ... 0 0 0]
  [0 0 0 ... 0 0 0]
  [0 0 0 ... 0 0 0]
  ...
  [0 0 0 ... 0 0 0]
  [0 0 0 ... 0 0 0]
  [0 0 0 ... 0 0 0]]

 [[0 0 0 ... 0 0 0]
  [0 0 0 ... 0 0 0]
  [0 0 0 ... 0 0 0]
  ...
  [0 0 0 ... 0 0 0]
  [0 0 0 ... 0 0 0]
  [0 0 0 ... 0 0 0]]]","[44, 45, 46, 47, 48, 49, 50, 51, 52, 53, 54, 55, 56, 57, 58, 59, 60, 61, 62, 63, 64, 65, 66, 67, 68]","[138, 139, 140, 141, 142, 143, 144, 145, 146, 147, 148, 149, 150, 151, 152, 153, 154, 155, 156, 157, 158, 159, 160, 161, 162, 163, 164, 165, 166, 167, 168, 169, 170, 171, 172, 173, 174, 175, 176, 177, 178, 179, 180, 181, 182, 183, 184, 185, 186, 187, 188, 189, 190, 191, 192, 193, 194, 195, 196, 197, 198, 199, 200, 201, 202, 203, 204, 205, 206, 207, 208, 209, 210, 211, 212, 213, 214, 215, 216, 217, 218, 219, 220, 221, 222, 223, 224, 225, 226]","[146, 147, 148, 149, 150, 151, 152, 153, 154, 155, 156, 157, 158, 159, 160, 161, 162, 163, 164, 165, 166, 167, 168, 169, 170, 171, 172, 173, 174, 175, 176, 177, 178, 179, 180, 181, 182, 183, 184, 185, 186, 187, 188, 189, 190, 191, 192, 193, 194, 195, 196, 197, 198, 199, 200, 201, 202, 203, 204]",25,89,59,/media/bendico765/Crucial X9/Materiali Tesista/Roi masks/AMBL-587/ROI 0.npy,/media/bendico765/Crucial X9/Materiali Tesista/Cleaned Roi masks/AMBL-587/ROI 0.npy,0.6836,2.0,/media/bendico765/Crucial X9/MRI Lesions/manifest-1728494830954/Advanced-MRI-Breast-Lesions/AMBL-587/01-21-2006-NA-MRI BREASTS - Delayed contrast-87561/500.000000-Registered AX Sen Vibrant MultiPhase-25175,0.8452555350636453,0.5150872858074976,36.47416177271858,70.81161344438618,68.64645396697486,87.53102739394758,70.88704569157895,91.41288687444457,55507.698174650555,59.85390821065466,0.24297037680958594,28962.29299255176,0.5217707443285472,55988.2864976,124.0,307.0,3.48448339827106,97.0,2.9533555593065937,557.0,57.11889214178187,228.07892496452718,242.0,-13.0,570.0,40.57409800838225,238.86288998153947,-0.3000639304695216,3194438572.2742724,0.10893524211654682,5035.4841973586135,120.41292693305178,2072.956781969399,-46.15671158865227,26.852449063347482,5.376769596472751,0.6647257573290694,1.6286502673414915,2.396070678758856,2.619657118996808,0.5293809725757824,0.47468786992002987,0.9910816440332357,0.9400074749394314,-0.1520354791800624,0.7793681297838233,0.4106286499374996,10.72573933820157,0.01974588632149429,6.439489052797081,0.7027671161646661,0.06580832335516924,21.45147867640315,4.328155067061335,8.05730466495506,7.18623686567328,5155.72064101494,0.08606494684942727,16.136003674571374,8.147972807932177,121.4399298889909,54.404390284617314,6488.427894165762,0.651120982229239,0.013308009602129769,0.11486375595836769,14.084356958088225,0.0016896437036107714,4983.252824679566,0.10389736842938978,8.447479336052066,121.83483237856902,2.079866901181568,249.72811961622526,0.027488936375475163,0.013482922990143816,4.401274745463142,33841.66357185988,0.6963809391953124,0.8005328950325195,0.46604930746102,0.8567612471592986,104.46966601236517,0.01171012652561371,553.8261445605771,0.0815289481172644,12.110412020201865,123.17650522596792,19986.78948918004,2631109.11747387,173.5080979697587,0.015978398861622844,1929.916237303106,0.2841036710294577,0.5473287120972404,67.37690914021891,0.008535581517703006,6.470110155511362,0.11339621066688924,19909.02113360475,16.84975046429454,0.00017219442148098832,281.1459407025655,0.03171378160323633,0.04438738413356022
91,AMBL-587,1,0.0,-1,-1,-1,-1,,-1.0,-1.0,-1.0,-1,/media/bendico765/Crucial X9/MRI Lesions/manifest-1728494830954/Advanced-MRI-Breast-Lesions/AMBL-587/01-21-2006-NA-MRI BREASTS - Delayed contrast-87561/600.000000-Registered Ax T2 FSE-60740,/media/bendico765/Crucial X9/MRI Lesions/manifest-1728494830954/Advanced-MRI-Breast-Lesions/AMBL-587/01-21-2006-NA-MRI BREASTS - Delayed contrast-87561/500.000000-ROI-08179/1-1.dcm,-30.12,L,"[[[0 0 0 ... 0 0 0]
  [0 0 0 ... 0 0 0]
  [0 0 0 ... 0 0 0]
  ...
  [0 0 0 ... 0 0 0]
  [0 0 0 ... 0 0 0]
  [0 0 0 ... 0 0 0]]

 [[0 0 0 ... 0 0 0]
  [0 0 0 ... 0 0 0]
  [0 0 0 ... 0 0 0]
  ...
  [0 0 0 ... 0 0 0]
  [0 0 0 ... 0 0 0]
  [0 0 0 ... 0 0 0]]

 [[0 0 0 ... 0 0 0]
  [0 0 0 ... 0 0 0]
  [0 0 0 ... 0 0 0]
  ...
  [0 0 0 ... 0 0 0]
  [0 0 0 ... 0 0 0]
  [0 0 0 ... 0 0 0]]

 ...

 [[0 0 0 ... 0 0 0]
  [0 0 0 ... 0 0 0]
  [0 0 0 ... 0 0 0]
  ...
  [0 0 0 ... 0 0 0]
  [0 0 0 ... 0 0 0]
  [0 0 0 ... 0 0 0]]

 [[0 0 0 ... 0 0 0]
  [0 0 0 ... 0 0 0]
  [0 0 0 ... 0 0 0]
  ...
  [0 0 0 ... 0 0 0]
  [0 0 0 ... 0 0 0]
  [0 0 0 ... 0 0 0]]

 [[0 0 0 ... 0 0 0]
  [0 0 0 ... 0 0 0]
  [0 0 0 ... 0 0 0]
  ...
  [0 0 0 ... 0 0 0]
  [0 0 0 ... 0 0 0]
  [0 0 0 ... 0 0 0]]]","[73, 74, 75, 76]","[194, 195, 196, 197, 198, 199, 200, 201, 202, 203, 204, 205, 206, 207, 208, 209, 211]","[163, 164, 165, 166, 167, 168, 169, 170, 171, 172, 173, 174, 175, 176]",4,18,14,/media/bendico765/Crucial X9/Materiali Tesista/Roi masks/AMBL-587/ROI 1.npy,/media/bendico765/Crucial X9/Materiali Tesista/Cleaned Roi masks/AMBL-587/ROI 1.npy,0.6836,2.0,/media/bendico765/Crucial X9/MRI Lesions/manifest-1728494830954/Advanced-MRI-Breast-Lesions/AMBL-587/01-21-2006-NA-MRI BREASTS - Delayed contrast-87561/500.000000-Registered AX Sen Vibrant MultiPhase-25175,0.8723257841631643,0.629963273731697,9.919448317424624,15.746073987242218,16.23672053587177,18.869766824208508,18.163703525437757,20.48468009415817,388.17797610666656,13.735706338412271,0.3256445298064783,790.2434984381794,2.035776234304004,446.74736576,162.0,292.0,2.8777539340590765,47.75,4.9981936246495815,362.0,38.961502774811365,239.407949790795,252.0,47.0,315.0,22.17578125,245.5224001063343,-1.3560703517217134,26930489.17491104,0.18577230790777471,2965.082530943085,91.82661954186057,861.323971889082,-58.45502283348523,11.881586384534987,4.758471621248649,0.41263534252784795,1.6136812794837474,2.274103478917218,2.0439316097498277,0.512165068698837,0.45360237124463415,0.9778002463073108,0.9038530176990184,-0.17084990673780467,0.7854610228975024,0.4257753206118782,9.48789744986921,0.04301764694656707,5.21893788413195,0.6433264443568869,0.11534292578303704,18.975794899738425,3.4737190616692595,4.160014501445909,5.244417297403338,82.7949790794979,0.17321125330438894,3.601810192398592,4.762224050699392,87.73221757322176,14.610878661087867,1405.6861924686193,0.20693970062562372,0.02130187402162246,0.2570892121182891,19.16414620210396,0.008134440382531001,77.3352372785669,0.1772858056325261,4.918633426124068,86.93354647807983,1.3830942057171218,123.68940347311766,0.02766130476549196,0.021915908556479832,3.324591328132844,374.65557436353174,0.8515221131827115,0.9108464757000323,0.15036223455823602,0.934673533969712,80.76113999654065,0.020875935416806178,17.87837837837838,0.12079985390796201,6.528670562454346,74.70270270270271,57.33783783783784,5670.581081081081,0.6667624565030805,0.03151135004266247,47.04054054054054,0.31784149013878743,0.5795331611561825,39.67438461044216,0.021241081436992392,5.139070045472989,0.30962343096234307,46.90668371073777,0.3458986972940696,0.017037869117060896,76.56870095743598,0.04836710576420169,1.495781538134302
92,AMBL-588,0,0.0,-1,-1,-1,-1,,-1,-1,-1.0,-1,/media/bendico765/Crucial X9/MRI Lesions/manifest-1728494830954/Advanced-MRI-Breast-Lesions/AMBL-588/01-27-2006-NA-MRI BREASTS - Delayed contrast-20532/600.000000-Registered Ax T2 FSE-44336,/media/bendico765/Crucial X9/MRI Lesions/manifest-1728494830954/Advanced-MRI-Breast-Lesions/AMBL-588/01-27-2006-NA-MRI BREASTS - Delayed contrast-20532/500.000000-ROI-44526/1-1.dcm,46.22,L,"[[[0 0 0 ... 0 0 0]
  [0 0 0 ... 0 0 0]
  [0 0 0 ... 0 0 0]
  ...
  [0 0 0 ... 0 0 0]
  [0 0 0 ... 0 0 0]
  [0 0 0 ... 0 0 0]]

 [[0 0 0 ... 0 0 0]
  [0 0 0 ... 0 0 0]
  [0 0 0 ... 0 0 0]
  ...
  [0 0 0 ... 0 0 0]
  [0 0 0 ... 0 0 0]
  [0 0 0 ... 0 0 0]]

 [[0 0 0 ... 0 0 0]
  [0 0 0 ... 0 0 0]
  [0 0 0 ... 0 0 0]
  ...
  [0 0 0 ... 0 0 0]
  [0 0 0 ... 0 0 0]
  [0 0 0 ... 0 0 0]]

 ...

 [[0 0 0 ... 0 0 0]
  [0 0 0 ... 0 0 0]
  [0 0 0 ... 0 0 0]
  ...
  [0 0 0 ... 0 0 0]
  [0 0 0 ... 0 0 0]
  [0 0 0 ... 0 0 0]]

 [[0 0 0 ... 0 0 0]
  [0 0 0 ... 0 0 0]
  [0 0 0 ... 0 0 0]
  ...
  [0 0 0 ... 0 0 0]
  [0 0 0 ... 0 0 0]
  [0 0 0 ... 0 0 0]]

 [[0 0 0 ... 0 0 0]
  [0 0 0 ... 0 0 0]
  [0 0 0 ... 0 0 0]
  ...
  [0 0 0 ... 0 0 0]
  [0 0 0 ... 0 0 0]
  [0 0 0 ... 0 0 0]]]","[24, 25, 26, 27, 28, 29, 30, 31, 32, 33, 34]","[248, 249, 250, 251, 252, 253, 254, 255, 256, 257, 258, 259, 260, 261, 262, 263, 264, 265, 266, 267, 268, 269, 270, 271, 272, 273, 274, 275, 276, 277, 278, 279, 280, 281, 282, 283, 284, 285, 286, 287, 288, 289, 290]","[112, 113, 114, 115, 116, 117, 118, 119, 120, 121, 122, 123, 124, 125, 126, 127, 128, 129, 130, 131, 132, 133, 134, 135, 136, 137, 138, 139, 140, 141, 142, 143, 144, 145, 146, 147, 148, 149, 150, 151, 152, 153, 154, 155, 156, 157, 158, 159, 160, 161, 162, 163, 164, 165, 166, 167, 168, 169, 170, 171, 173]",11,43,62,/media/bendico765/Crucial X9/Materiali Tesista/Roi masks/AMBL-588/ROI 0.npy,/media/bendico765/Crucial X9/Materiali Tesista/Cleaned Roi masks/AMBL-588/ROI 0.npy,0.7227,2.0,/media/bendico765/Crucial X9/MRI Lesions/manifest-1728494830954/Advanced-MRI-Breast-Lesions/AMBL-588/01-27-2006-NA-MRI BREASTS - Delayed contrast-20532/500.000000-Registered AX Sen Vibrant MultiPhase-58212,0.6998631892036239,0.6604346813157094,28.036736426243973,42.45194448357792,55.82911925590444,38.441517862982465,55.652592659282284,64.60446555997503,13269.042416272658,29.710553254172034,0.3086855971869845,8780.666443344342,0.6617407773582863,13383.294510959999,77.0,313.0,3.747427050836169,150.0,2.0400726534676528,446.0,77.59743450981455,207.76311270683735,228.0,-28.0,474.0,61.11677052192007,226.42116082631154,-0.30780805566499514,686115231.0804534,0.08371689523042175,8101.031068300442,124.68863933329084,3604.834962673097,-67.29848162737018,43.228232237495725,7.868659161713523,0.6897320542130951,2.032376002344781,2.616310105976936,3.4571856956667633,0.47849785610609413,0.412613201345633,0.9817448723138779,0.9141307549839882,-0.15459010929830025,0.7834418682583397,0.37277206667977747,10.76327583369757,0.012905677387924504,6.863874939612937,0.7057092803051132,0.04084014095792742,21.526551667395147,4.591386131314963,12.774222849802312,7.039780073010759,1388.701373712145,0.10839067856011121,9.625716490423384,13.023213071300137,130.251326881049,34.03449890727443,5018.677021542304,0.40814467755091927,0.014478965251937974,0.15799636727042396,19.318941765618163,0.0026076879892363626,882.6798702270858,0.08110803389995161,12.991641816866327,128.2937761085363,1.770632223144307,239.664491658556,0.02447043647070433,0.014761444554562773,4.457449241578816,8385.287331773246,0.7591358334273415,0.8484413650664039,0.32388340077278355,0.8894774238884439,113.18624064600961,0.013277206591272434,164.23433874709977,0.0762108300450579,13.245519996124052,121.55034802784223,1919.3262180974477,336007.9684454756,14.698095687885521,0.017009685558076307,636.5480278422274,0.29538191547203124,0.5603820199877132,67.82363529720952,0.00985905565482516,6.367387664644795,0.1682016859194505,1883.9802964023665,5.312081536127019,0.0008081678491764913,205.8979350987741,0.08622289936687265,0.11511137521307709
93,AMBL-591,0,1.0,2,weak,neg,neg,,2 to 3,0,0.0,70,/media/bendico765/Crucial X9/MRI Lesions/manifest-1728494830954/Advanced-MRI-Breast-Lesions/AMBL-591/02-08-2006-NA-MRI BREASTS - Delayed contrast-86630/600.000000-Registered Ax T2 FSE-23168,/media/bendico765/Crucial X9/MRI Lesions/manifest-1728494830954/Advanced-MRI-Breast-Lesions/AMBL-591/02-08-2006-NA-MRI BREASTS - Delayed contrast-86630/500.000000-ROI-17032/1-1.dcm,22.3,R,"[[[0 0 0 ... 0 0 0]
  [0 0 0 ... 0 0 0]
  [0 0 0 ... 0 0 0]
  ...
  [0 0 0 ... 0 0 0]
  [0 0 0 ... 0 0 0]
  [0 0 0 ... 0 0 0]]

 [[0 0 0 ... 0 0 0]
  [0 0 0 ... 0 0 0]
  [0 0 0 ... 0 0 0]
  ...
  [0 0 0 ... 0 0 0]
  [0 0 0 ... 0 0 0]
  [0 0 0 ... 0 0 0]]

 [[0 0 0 ... 0 0 0]
  [0 0 0 ... 0 0 0]
  [0 0 0 ... 0 0 0]
  ...
  [0 0 0 ... 0 0 0]
  [0 0 0 ... 0 0 0]
  [0 0 0 ... 0 0 0]]

 ...

 [[0 0 0 ... 0 0 0]
  [0 0 0 ... 0 0 0]
  [0 0 0 ... 0 0 0]
  ...
  [0 0 0 ... 0 0 0]
  [0 0 0 ... 0 0 0]
  [0 0 0 ... 0 0 0]]

 [[0 0 0 ... 0 0 0]
  [0 0 0 ... 0 0 0]
  [0 0 0 ... 0 0 0]
  ...
  [0 0 0 ... 0 0 0]
  [0 0 0 ... 0 0 0]
  [0 0 0 ... 0 0 0]]

 [[0 0 0 ... 0 0 0]
  [0 0 0 ... 0 0 0]
  [0 0 0 ... 0 0 0]
  ...
  [0 0 0 ... 0 0 0]
  [0 0 0 ... 0 0 0]
  [0 0 0 ... 0 0 0]]]","[42, 43, 44, 45, 46, 47, 48, 49, 50, 51]","[185, 186, 187, 188, 189, 190, 191, 192, 193, 194, 195, 196, 197, 198, 199, 200, 201, 202, 203, 204, 205, 206, 207, 208, 209, 210, 211, 212, 213, 214, 215, 216, 217, 218, 219, 220, 221, 222, 223, 224, 225, 226, 227, 228, 229, 230, 231, 232, 233, 234]","[373, 374, 375, 376, 377, 378, 379, 380, 381, 382, 383, 384, 385, 386, 387, 388, 389, 390, 391, 392, 393, 394, 395, 396, 397, 398, 399, 400, 401, 402, 403, 404, 405, 406]",10,50,34,/media/bendico765/Crucial X9/Materiali Tesista/Roi masks/AMBL-591/ROI 0.npy,/media/bendico765/Crucial X9/Materiali Tesista/Cleaned Roi masks/AMBL-591/ROI 0.npy,0.6641,2.0,/media/bendico765/Crucial X9/MRI Lesions/manifest-1728494830954/Advanced-MRI-Breast-Lesions/AMBL-591/02-08-2006-NA-MRI BREASTS - Delayed contrast-86630/500.000000-Registered AX Sen Vibrant MultiPhase-07229,0.8708623844173717,0.6081629740879746,19.584719242800386,32.20307726258806,34.34775743611218,42.63932633438291,39.23251899763766,44.899432787619936,6975.127896955751,28.044448650474287,0.2941862219919782,6001.086853940307,0.8603550992318639,7094.389437660001,169.0,494.0,4.154081832699732,174.5,2.2832530543073983,667.0,98.67678639967147,307.8853661569066,283.0,16.0,651.0,74.31432882780909,329.8123613644812,0.40332620193037017,771700679.7166762,0.06372797376602317,13982.795015242655,155.86188339299204,13750.034497938674,363.3492380568333,68.31757040042459,11.11585380507211,0.7130436714882554,2.416877786453529,2.869472905489179,5.1137772518291476,0.4409149568050993,0.368482378358195,0.9856828923384036,0.9229374248176497,-0.1557602579901188,0.8297931848747755,0.3476435297746456,11.891478574867982,0.008488129909402928,7.507184002377789,0.7668528818278945,0.026760738484415184,23.782957149735974,4.938876085340642,19.858356051374184,7.159734706830392,1053.6611960711177,0.13100350566593533,8.354556802258111,22.439880637223318,187.2348626134527,25.658212109909236,3796.5373616809648,0.33536987632712445,0.010693039836433679,0.22396834384564962,49.8015850754704,0.0016979869698403238,441.8356749004067,0.06253344800998319,22.16641324577916,191.1478083587523,1.5104661424955714,271.1054253062216,0.01692578628043475,0.010403981828829848,4.737907408361602,5660.116309477753,0.7976367988679385,0.878470528601077,0.20172547199039198,0.9120157607504732,176.8149752846645,0.009294358947167734,129.65328109696375,0.06349328163416443,18.97860142684334,229.51273261508325,312.3364348677767,35904.902056807055,4.129875649037271,0.0077134800199364015,692.952987267385,0.33935014067942454,0.6011315329148621,141.2395218739753,0.003953030759362546,6.313441898504991,0.2538853661569066,296.8224036180465,2.1894212770182904,0.0014287389185963287,453.0630732326309,0.09758003790512876,0.3715110028339333
94,AMBL-593,0,1.0,2,strong,strong,neg,,100,80,10.0,10 to 20,/media/bendico765/Crucial X9/MRI Lesions/manifest-1728494830954/Advanced-MRI-Breast-Lesions/AMBL-593/03-29-2006-NA-MRI BREASTS - Delayed contrast-39811/600.000000-Registered Ax T2 FSE-88480,/media/bendico765/Crucial X9/MRI Lesions/manifest-1728494830954/Advanced-MRI-Breast-Lesions/AMBL-593/03-29-2006-NA-MRI BREASTS - Delayed contrast-39811/500.000000-ROI-81727/1-1.dcm,-3.06,R,"[[[0 0 0 ... 0 0 0]
  [0 0 0 ... 0 0 0]
  [0 0 0 ... 0 0 0]
  ...
  [0 0 0 ... 0 0 0]
  [0 0 0 ... 0 0 0]
  [0 0 0 ... 0 0 0]]

 [[0 0 0 ... 0 0 0]
  [0 0 0 ... 0 0 0]
  [0 0 0 ... 0 0 0]
  ...
  [0 0 0 ... 0 0 0]
  [0 0 0 ... 0 0 0]
  [0 0 0 ... 0 0 0]]

 [[0 0 0 ... 0 0 0]
  [0 0 0 ... 0 0 0]
  [0 0 0 ... 0 0 0]
  ...
  [0 0 0 ... 0 0 0]
  [0 0 0 ... 0 0 0]
  [0 0 0 ... 0 0 0]]

 ...

 [[0 0 0 ... 0 0 0]
  [0 0 0 ... 0 0 0]
  [0 0 0 ... 0 0 0]
  ...
  [0 0 0 ... 0 0 0]
  [0 0 0 ... 0 0 0]
  [0 0 0 ... 0 0 0]]

 [[0 0 0 ... 0 0 0]
  [0 0 0 ... 0 0 0]
  [0 0 0 ... 0 0 0]
  ...
  [0 0 0 ... 0 0 0]
  [0 0 0 ... 0 0 0]
  [0 0 0 ... 0 0 0]]

 [[0 0 0 ... 0 0 0]
  [0 0 0 ... 0 0 0]
  [0 0 0 ... 0 0 0]
  ...
  [0 0 0 ... 0 0 0]
  [0 0 0 ... 0 0 0]
  [0 0 0 ... 0 0 0]]]","[31, 32, 33, 34, 35, 36, 37, 38, 39, 41, 42, 43, 45, 46, 47]","[243, 244, 245, 246, 247, 248, 249, 250, 251, 252, 253, 254, 255, 256, 257, 258, 259, 260, 261, 262, 263, 264, 265, 266, 267, 268, 269, 270, 271, 272, 273, 274, 275, 276, 277, 278, 279, 280, 281]","[381, 382, 383, 384, 385, 386, 387, 388, 389, 390, 391, 392, 393, 394, 395, 396, 397, 398, 399, 400, 401, 402, 403, 404, 405, 406, 407, 408, 409, 410, 411, 412, 413, 414, 415, 416, 417, 418, 419]",17,39,39,/media/bendico765/Crucial X9/Materiali Tesista/Roi masks/AMBL-593/ROI 0.npy,/media/bendico765/Crucial X9/Materiali Tesista/Cleaned Roi masks/AMBL-593/ROI 0.npy,0.6641,2.0,/media/bendico765/Crucial X9/MRI Lesions/manifest-1728494830954/Advanced-MRI-Breast-Lesions/AMBL-593/03-29-2006-NA-MRI BREASTS - Delayed contrast-39811/500.000000-Registered AX Sen Vibrant MultiPhase-54210,0.7343616022655256,0.41080202687320283,18.335126153103214,44.63251141349039,42.8516078140599,42.60170453409112,38.60929134029787,53.35646769239883,7514.9104079950075,32.77640259474516,0.25778315374405913,7197.452324075767,0.9577562383735805,7722.414463100001,102.0,323.0,3.767695790598473,130.0,2.588774701447459,545.0,70.56702342888994,210.35671045117076,208.0,-5.0,550.0,52.824253798777576,226.85246780086914,0.27256756505373425,397411218.57931405,0.08155823823932218,7212.096515506683,102.62754158897596,2864.2499375243183,36.76315632811691,34.94513642972334,8.739042556329604,0.597165905915801,2.1565318381068574,2.721032123963955,3.983419132315042,0.45922474139975156,0.3892204101832422,0.9845539879527487,0.9196484314540695,-0.11384607436017954,0.7343835925641025,0.3672560449827214,9.801646777118215,0.01058389672774131,7.005389034971068,0.632118167124539,0.027015866159576764,19.603293554236437,4.542300652139585,10.921044746513239,6.884917306202017,1116.6036550542547,0.12753896688226782,7.929656852688566,11.59028814406779,110.27652769845803,25.345859508852083,2247.970416904626,0.45048821099372477,0.016041933040614402,0.22431104377789568,28.387494084758252,0.0036408404487729773,621.1421607107806,0.0808274036611253,11.7268180330573,112.30845981534557,1.5057945520028009,159.89523443966726,0.024622830856119833,0.015905384159606614,4.368186531726704,6135.432768698853,0.7944376379042748,0.8779510609322145,0.19494565952142232,0.9103010778616498,103.5228105757198,0.014397577321201227,158.62192289828147,0.07367483645995423,14.337910203824519,128.20157919182537,362.9033906177427,25322.008824895496,7.111643386773944,0.01641207225659429,791.6920575940549,0.36771577222204127,0.62946253989746,83.06934333542715,0.010581168690641948,6.093894958951536,0.24591661907481438,346.3676275383682,3.867377700804692,0.0010699030438669228,336.39231245047677,0.06730970771103986,0.2140531985681517
95,AMBL-594,0,1.0,2,moderate ,strong,neg,,90,2 to 3,10.0,30 to 40,/media/bendico765/Crucial X9/MRI Lesions/manifest-1728494830954/Advanced-MRI-Breast-Lesions/AMBL-594/04-06-2006-NA-MRI BREASTS - Delayed contrast-78882/600.000000-Registered Ax T2 FSE-82517,/media/bendico765/Crucial X9/MRI Lesions/manifest-1728494830954/Advanced-MRI-Breast-Lesions/AMBL-594/04-06-2006-NA-MRI BREASTS - Delayed contrast-78882/500.000000-ROI-49419/1-1.dcm,31.23,R,"[[[0 0 0 ... 0 0 0]
  [0 0 0 ... 0 0 0]
  [0 0 0 ... 0 0 0]
  ...
  [0 0 0 ... 0 0 0]
  [0 0 0 ... 0 0 0]
  [0 0 0 ... 0 0 0]]

 [[0 0 0 ... 0 0 0]
  [0 0 0 ... 0 0 0]
  [0 0 0 ... 0 0 0]
  ...
  [0 0 0 ... 0 0 0]
  [0 0 0 ... 0 0 0]
  [0 0 0 ... 0 0 0]]

 [[0 0 0 ... 0 0 0]
  [0 0 0 ... 0 0 0]
  [0 0 0 ... 0 0 0]
  ...
  [0 0 0 ... 0 0 0]
  [0 0 0 ... 0 0 0]
  [0 0 0 ... 0 0 0]]

 ...

 [[0 0 0 ... 0 0 0]
  [0 0 0 ... 0 0 0]
  [0 0 0 ... 0 0 0]
  ...
  [0 0 0 ... 0 0 0]
  [0 0 0 ... 0 0 0]
  [0 0 0 ... 0 0 0]]

 [[0 0 0 ... 0 0 0]
  [0 0 0 ... 0 0 0]
  [0 0 0 ... 0 0 0]
  ...
  [0 0 0 ... 0 0 0]
  [0 0 0 ... 0 0 0]
  [0 0 0 ... 0 0 0]]

 [[0 0 0 ... 0 0 0]
  [0 0 0 ... 0 0 0]
  [0 0 0 ... 0 0 0]
  ...
  [0 0 0 ... 0 0 0]
  [0 0 0 ... 0 0 0]
  [0 0 0 ... 0 0 0]]]","[40, 41, 42, 43, 44, 45, 46, 47, 48, 49, 50, 51, 52, 53]","[233, 234, 235, 236, 237, 238, 239, 240, 241, 242, 243, 244, 245, 246, 247, 248, 249, 250, 251, 252, 253, 254, 255, 256, 257, 258, 259, 260, 261, 262, 263, 264, 265, 266, 267, 268, 269, 270, 271]","[377, 378, 379, 380, 381, 382, 383, 384, 385, 386, 387, 388, 389, 390, 391, 392, 393, 394, 395, 396, 397, 398, 399, 400, 401, 402, 403, 404, 405, 406, 407]",14,39,31,/media/bendico765/Crucial X9/Materiali Tesista/Roi masks/AMBL-594/ROI 0.npy,/media/bendico765/Crucial X9/Materiali Tesista/Cleaned Roi masks/AMBL-594/ROI 0.npy,0.7031,2.0,/media/bendico765/Crucial X9/MRI Lesions/manifest-1728494830954/Advanced-MRI-Breast-Lesions/AMBL-594/04-06-2006-NA-MRI BREASTS - Delayed contrast-78882/500.000000-Registered AX Sen Vibrant MultiPhase-79560,0.7676654992054551,0.4909718297754725,17.205876348689916,35.044528637332164,37.20726898994335,43.06973060526383,34.34411404389404,43.803798854665565,6634.336549403466,26.902475570797463,0.30731009772712825,5556.128648331386,0.8374806745116016,6786.431446079999,166.0,290.0,3.057154383764883,63.0,3.6069569259215966,409.0,39.22463192644574,229.54560023310023,232.0,6.0,403.0,26.53612621746273,235.03020468736486,-0.16742677940551068,374877024.3600577,0.14579975555718563,2548.014529010349,90.18618380714412,509.00190753128476,-7.118016100438932,11.64536747143611,5.250933970934331,0.38017964068314475,1.6918016510315694,2.398899824008627,2.3062082734237643,0.5052560131905829,0.44492908011453147,0.9830134444411638,0.915208763437975,-0.062465764948890126,0.5131419223178526,0.41345558669528937,9.411798946971244,0.025059324792256366,5.952656245551852,0.4257763795205387,0.054957215010879586,18.823597893942488,3.7926101916493,4.224075360592611,6.320222893921434,752.0212703962704,0.10956020839106503,9.787283811759336,4.143078491171805,98.17147435897436,35.20862470862471,3102.4159382284383,0.4533271480060755,0.01299343165512769,0.14524140386697237,16.37564121102006,0.0019995839977895785,820.0346588290724,0.1414071420042543,4.383157349362727,99.50979551527453,1.709068692990399,163.67887366586112,0.022090636628379092,0.01301969181100389,3.8034797931440627,4355.599635634997,0.7462943481425082,0.8445400753093062,0.2851169338911201,0.885523017680012,89.01231893556238,0.011539510544056645,111.76331360946746,0.11022023038409019,7.622512633777996,116.88067061143984,2803.6429980276134,252122.77021696253,32.516749764709495,0.013957356792452427,304.3076923076923,0.30010620543164923,0.563688016338599,68.12707631184564,0.008095899367739382,5.773282632244126,0.14772727272727273,2757.820512820513,4.184572690080411,0.0011308994554159533,141.90024085678616,0.034588710123587996,0.1248970782534959
96,AMBL-594,1,0.0,-1,-1,-1,-1,,-1.0,-1.0,-1.0,-1,/media/bendico765/Crucial X9/MRI Lesions/manifest-1728494830954/Advanced-MRI-Breast-Lesions/AMBL-594/04-06-2006-NA-MRI BREASTS - Delayed contrast-78882/600.000000-Registered Ax T2 FSE-82517,/media/bendico765/Crucial X9/MRI Lesions/manifest-1728494830954/Advanced-MRI-Breast-Lesions/AMBL-594/04-06-2006-NA-MRI BREASTS - Delayed contrast-78882/500.000000-ROI-49419/1-1.dcm,1.23,R,"[[[0 0 0 ... 0 0 0]
  [0 0 0 ... 0 0 0]
  [0 0 0 ... 0 0 0]
  ...
  [0 0 0 ... 0 0 0]
  [0 0 0 ... 0 0 0]
  [0 0 0 ... 0 0 0]]

 [[0 0 0 ... 0 0 0]
  [0 0 0 ... 0 0 0]
  [0 0 0 ... 0 0 0]
  ...
  [0 0 0 ... 0 0 0]
  [0 0 0 ... 0 0 0]
  [0 0 0 ... 0 0 0]]

 [[0 0 0 ... 0 0 0]
  [0 0 0 ... 0 0 0]
  [0 0 0 ... 0 0 0]
  ...
  [0 0 0 ... 0 0 0]
  [0 0 0 ... 0 0 0]
  [0 0 0 ... 0 0 0]]

 ...

 [[0 0 0 ... 0 0 0]
  [0 0 0 ... 0 0 0]
  [0 0 0 ... 0 0 0]
  ...
  [0 0 0 ... 0 0 0]
  [0 0 0 ... 0 0 0]
  [0 0 0 ... 0 0 0]]

 [[0 0 0 ... 0 0 0]
  [0 0 0 ... 0 0 0]
  [0 0 0 ... 0 0 0]
  ...
  [0 0 0 ... 0 0 0]
  [0 0 0 ... 0 0 0]
  [0 0 0 ... 0 0 0]]

 [[0 0 0 ... 0 0 0]
  [0 0 0 ... 0 0 0]
  [0 0 0 ... 0 0 0]
  ...
  [0 0 0 ... 0 0 0]
  [0 0 0 ... 0 0 0]
  [0 0 0 ... 0 0 0]]]","[50, 51, 52, 53, 54, 55, 56, 57, 58, 59, 60, 61, 62]","[189, 190, 191, 192, 193, 194, 195, 196, 197, 198, 199, 200, 201, 202, 203, 204, 205, 206, 207, 208, 209, 210, 211, 212, 213, 214, 215, 216, 217, 218, 219, 220, 221, 222, 223, 224, 225, 226, 227, 228, 229, 230, 231, 232, 233, 234, 235, 236, 237, 238, 239, 240, 241, 242, 243, 244, 245, 246, 247, 248, 249, 250, 251, 252, 253, 254, 255, 256, 257, 258, 259, 260, 261, 262, 263, 264, 265, 266, 267, 268, 269, 270, 271, 272, 273, 274, 275, 276]","[367, 369, 370, 371, 372, 373, 374, 375, 376, 377, 378, 379, 380, 381, 382, 383, 384, 385, 386, 387, 388, 389, 390, 391, 392, 393, 394, 395, 396, 397, 398, 399, 400, 401, 402, 403]",13,88,37,/media/bendico765/Crucial X9/Materiali Tesista/Roi masks/AMBL-594/ROI 1.npy,/media/bendico765/Crucial X9/Materiali Tesista/Cleaned Roi masks/AMBL-594/ROI 1.npy,0.7031,2.0,/media/bendico765/Crucial X9/MRI Lesions/manifest-1728494830954/Advanced-MRI-Breast-Lesions/AMBL-594/04-06-2006-NA-MRI BREASTS - Delayed contrast-78882/500.000000-Registered AX Sen Vibrant MultiPhase-79560,0.5338999650649571,0.3429469377623032,20.867538116435153,60.84771671266085,38.820119711433136,71.77794336674741,69.93282985644151,73.70679462634362,22245.52647099398,32.48659382717203,0.3362657030623393,11375.312659209943,0.5113528184663219,22372.285950159996,124.0,279.0,3.301194449570384,91.0,2.55379613329413,441.0,49.77219387975913,205.35177656001414,208.0,-13.0,454.0,37.019554283167345,213.97150639897177,-0.07288033475937095,1024288389.6655573,0.11426990449773386,3614.4534142912453,93.60340157840716,773.5862097362891,-2.0674236281495415,17.413673739300332,5.5025509505661825,0.5185113520150887,1.763338666897719,2.429759258807377,2.2980228991128793,0.4913159618427842,0.42671387754730195,0.9855451211827794,0.9198124264560618,-0.0868937962783236,0.614829185048058,0.4014063938415218,9.519499319519092,0.01701015610320843,6.293259226459413,0.5265062856174569,0.03328916082670111,19.038998639038184,4.087624948568431,5.729056172466628,6.668977445615793,2419.84081668729,0.10694011033618923,8.377441362474789,5.866738671810318,100.59430793706912,35.77638324200106,3463.0946614813506,0.4759330910405908,0.01349845192545971,0.12240111200550242,13.630742701441848,0.001843029735239332,2136.6013079110608,0.1128030253734531,6.012829367051277,101.24656769320224,1.7471452873022812,175.20903993631293,0.02329624117791899,0.013538340797918337,4.07080176068799,14004.114832685678,0.7337237055528221,0.8371384669776044,0.2951887188185112,0.8787789430903495,89.53997764822705,0.011908407971801685,223.38218053927315,0.08729276300870385,10.228503984359122,116.0715123094959,9214.73700664322,836427.0590074247,111.94796961989564,0.01574018144285384,759.3032434544745,0.2967187352303534,0.5608900063598833,66.91292797037329,0.00939656013170485,6.1837663645126195,0.1130899770196217,9136.54690667958,11.355736594112413,0.0003896629905853221,180.56372723522674,0.03921882293643102,0.05279575158315714
97,AMBL-596,0,1.0,2,strong,moderate,neg,,100,15,0.0,30 to 40,/media/bendico765/Crucial X9/MRI Lesions/manifest-1728494830954/Advanced-MRI-Breast-Lesions/AMBL-596/04-28-2006-NA-MRI BREASTS - Delayed contrast-79133/600.000000-Registered Ax T2 FSE-28383,/media/bendico765/Crucial X9/MRI Lesions/manifest-1728494830954/Advanced-MRI-Breast-Lesions/AMBL-596/04-28-2006-NA-MRI BREASTS - Delayed contrast-79133/500.000000-ROI-31894/1-1.dcm,-20.61,R,"[[[0 0 0 ... 0 0 0]
  [0 0 0 ... 0 0 0]
  [0 0 0 ... 0 0 0]
  ...
  [0 0 0 ... 0 0 0]
  [0 0 0 ... 0 0 0]
  [0 0 0 ... 0 0 0]]

 [[0 0 0 ... 0 0 0]
  [0 0 0 ... 0 0 0]
  [0 0 0 ... 0 0 0]
  ...
  [0 0 0 ... 0 0 0]
  [0 0 0 ... 0 0 0]
  [0 0 0 ... 0 0 0]]

 [[0 0 0 ... 0 0 0]
  [0 0 0 ... 0 0 0]
  [0 0 0 ... 0 0 0]
  ...
  [0 0 0 ... 0 0 0]
  [0 0 0 ... 0 0 0]
  [0 0 0 ... 0 0 0]]

 ...

 [[0 0 0 ... 0 0 0]
  [0 0 0 ... 0 0 0]
  [0 0 0 ... 0 0 0]
  ...
  [0 0 0 ... 0 0 0]
  [0 0 0 ... 0 0 0]
  [0 0 0 ... 0 0 0]]

 [[0 0 0 ... 0 0 0]
  [0 0 0 ... 0 0 0]
  [0 0 0 ... 0 0 0]
  ...
  [0 0 0 ... 0 0 0]
  [0 0 0 ... 0 0 0]
  [0 0 0 ... 0 0 0]]

 [[0 0 0 ... 0 0 0]
  [0 0 0 ... 0 0 0]
  [0 0 0 ... 0 0 0]
  ...
  [0 0 0 ... 0 0 0]
  [0 0 0 ... 0 0 0]
  [0 0 0 ... 0 0 0]]]","[73, 74, 75, 76, 77, 78, 79, 80, 81, 82, 83, 84, 85, 86, 87, 88, 89]","[67, 68, 69, 70, 71, 72, 73, 74, 75, 76, 77, 78, 79, 80, 81, 82, 83, 84, 85, 86, 87, 88, 89, 90, 91, 92, 93, 94, 95, 96, 97, 98, 99, 100, 101, 102, 103, 104, 105, 106, 107, 108, 109, 110, 111, 112, 113, 114, 115, 116, 117, 118, 119, 120, 121, 122, 123, 124, 125, 126, 127, 128, 129, 130, 131, 132, 133, 134, 135, 136, 137, 138, 139, 140, 141, 142, 143, 144, 145, 146, 147, 148]","[359, 360, 361, 362, 363, 364, 365, 366, 367, 368, 369, 370, 371, 372, 373, 374, 375, 376, 377, 378, 379, 380, 381, 382, 383, 384, 385, 386, 387, 388, 389, 390, 391, 392, 393, 394, 395, 396, 397, 398, 399, 400, 401, 402, 403, 404, 405, 406, 407, 408, 409, 410, 411, 412, 413, 414, 415, 416, 417, 418, 419, 420, 421, 422, 423, 424, 427]",17,82,69,/media/bendico765/Crucial X9/Materiali Tesista/Roi masks/AMBL-596/ROI 0.npy,/media/bendico765/Crucial X9/Materiali Tesista/Cleaned Roi masks/AMBL-596/ROI 0.npy,0.6836,2.0,/media/bendico765/Crucial X9/MRI Lesions/manifest-1728494830954/Advanced-MRI-Breast-Lesions/AMBL-596/04-28-2006-NA-MRI BREASTS - Delayed contrast-79133/500.000000-Registered AX Sen Vibrant MultiPhase-29958,0.7610501332791605,0.5050128456437332,29.528718199880867,58.47122197899937,57.94909404089075,68.2882964016529,72.03794833835843,80.4996190172351,42159.32927155529,44.49953128011285,0.40310927641576255,14531.94662658314,0.34469112478000874,42387.72652576,61.0,162.0,2.524210286923645,54.0,3.7174363253774207,323.0,32.29712290135134,101.29717989989636,88.0,7.0,316.0,23.050932400193457,108.8629774639865,1.03737939256258,502343214.6045533,0.2130403361857419,1590.0292066524642,20.56454311530909,229.56189888993885,23.14047350474497,7.542945606978505,0.9479403835459587,0.7672176327954067,0.5925180066181898,1.4282569854667146,0.582762001697446,0.7509228930914548,0.7374996649339496,0.9945790183775174,0.9592676574021456,-0.2771871539764742,0.833989355761098,0.3829765673796424,4.347365056084832,0.10669236728694322,4.050317720502726,0.7796278537759158,0.20800540634926237,8.694730112169665,3.184734430847924,2.1227214976311157,6.89808884088321,1811.8464710162502,0.03994987037277028,50.67806594168578,2.615727263058814,23.52457389808833,218.94963949463101,3622.4998566798226,17.299137584547783,0.06630989895577778,0.03503175016017032,1.2556844426956182,0.002209760607798247,4230.7093330704665,0.1724718260517276,3.0533649022447245,27.603665022500742,7.716996987572234,139.87501424892992,0.5969338497963332,0.05992407208298727,4.448230719520534,11312.228311359462,0.44317900503288765,0.5395402560088468,3.7298153150234463,0.682980241434904,20.55191041242235,0.03903726390432844,155.9481592787378,0.11716616023947242,5.964649255656451,41.22915101427498,292832.003756574,4531759.795642374,22432.79140031628,0.06687277138415376,328.90833959429,0.24711370367715252,0.5065405354593772,20.23845149029395,0.03577073563416277,5.986521037464341,0.029347562454523406,291670.94037292537,55.19519294039295,0.000256157590262834,39.99573602600171,0.015863305972403624,0.02727762471795398
98,AMBL-597,0,1.0,2,strong,neg,pos,,100,0,10.0,15 to 20,/media/bendico765/Crucial X9/MRI Lesions/manifest-1728494830954/Advanced-MRI-Breast-Lesions/AMBL-597/05-02-2006-NA-MRI BREASTS - Delayed contrast-37196/600.000000-Registered Ax T2 FSE-64771,/media/bendico765/Crucial X9/MRI Lesions/manifest-1728494830954/Advanced-MRI-Breast-Lesions/AMBL-597/05-02-2006-NA-MRI BREASTS - Delayed contrast-37196/500.000000-ROI-09357/1-1.dcm,-20.41,L,"[[[0 0 0 ... 0 0 0]
  [0 0 0 ... 0 0 0]
  [0 0 0 ... 0 0 0]
  ...
  [0 0 0 ... 0 0 0]
  [0 0 0 ... 0 0 0]
  [0 0 0 ... 0 0 0]]

 [[0 0 0 ... 0 0 0]
  [0 0 0 ... 0 0 0]
  [0 0 0 ... 0 0 0]
  ...
  [0 0 0 ... 0 0 0]
  [0 0 0 ... 0 0 0]
  [0 0 0 ... 0 0 0]]

 [[0 0 0 ... 0 0 0]
  [0 0 0 ... 0 0 0]
  [0 0 0 ... 0 0 0]
  ...
  [0 0 0 ... 0 0 0]
  [0 0 0 ... 0 0 0]
  [0 0 0 ... 0 0 0]]

 ...

 [[0 0 0 ... 0 0 0]
  [0 0 0 ... 0 0 0]
  [0 0 0 ... 0 0 0]
  ...
  [0 0 0 ... 0 0 0]
  [0 0 0 ... 0 0 0]
  [0 0 0 ... 0 0 0]]

 [[0 0 0 ... 0 0 0]
  [0 0 0 ... 0 0 0]
  [0 0 0 ... 0 0 0]
  ...
  [0 0 0 ... 0 0 0]
  [0 0 0 ... 0 0 0]
  [0 0 0 ... 0 0 0]]

 [[0 0 0 ... 0 0 0]
  [0 0 0 ... 0 0 0]
  [0 0 0 ... 0 0 0]
  ...
  [0 0 0 ... 0 0 0]
  [0 0 0 ... 0 0 0]
  [0 0 0 ... 0 0 0]]]","[68, 69, 70, 71, 72, 73, 74, 75, 76, 77, 78, 79, 80, 81, 82, 83, 84, 85, 86, 87, 88, 89]","[70, 71, 72, 73, 74, 75, 76, 77, 78, 79, 80, 84, 85, 86, 87, 88, 89, 90, 91, 92, 93, 94, 95, 96, 97, 98, 99, 100, 101, 102, 103, 104, 105, 106, 107, 108, 109, 110, 111, 112, 113, 114, 115, 116, 117, 118, 119, 120, 121, 122, 123, 124, 125, 126, 127, 128, 129, 130, 131, 132, 133, 134, 135, 136, 137, 138, 139, 140, 141, 142, 143, 144, 145, 146, 147, 148, 149, 150, 151, 152, 153, 154, 155, 156, 157, 158, 159, 160, 161, 162, 163, 164, 165, 166, 167, 168, 169, 170, 171, 172]","[122, 123, 124, 125, 126, 127, 128, 129, 130, 131, 132, 133, 134, 135, 136, 137, 138, 139, 140, 141, 142, 143, 144, 145, 146, 147, 148, 149, 150, 151, 152, 153, 154, 155, 156, 157, 158, 159, 160, 161, 162, 163, 164, 165, 166, 167, 168, 169, 170, 171, 172, 173, 174, 175, 176, 177, 178, 179, 180, 181, 182, 183, 184, 185, 186, 187, 188]",22,103,67,/media/bendico765/Crucial X9/Materiali Tesista/Roi masks/AMBL-597/ROI 0.npy,/media/bendico765/Crucial X9/Materiali Tesista/Cleaned Roi masks/AMBL-597/ROI 0.npy,0.625,2.0,/media/bendico765/Crucial X9/MRI Lesions/manifest-1728494830954/Advanced-MRI-Breast-Lesions/AMBL-597/05-02-2006-NA-MRI BREASTS - Delayed contrast-37196/500.000000-Registered AX Sen Vibrant MultiPhase-64547,0.8839971429071807,0.7019103159781768,36.85786789424649,52.51079383679046,62.048871867262825,75.38246231717295,58.9789422166929,75.42390619027896,48242.220052083336,46.41939172351076,0.3101212736341625,20665.09577774035,0.42836121047973885,48468.75,48.0,249.0,3.4349379388899512,94.0,4.467774007298591,578.0,63.04142257589684,125.66168600902644,100.0,-9.0,587.0,41.56143600297262,149.63522565751606,1.3168274891526837,1085249277.34375,0.12015651857893306,6599.841426944607,44.94637681658362,5729.067353723107,280.5465127264699,32.07876549690076,3.0225612525482415,0.8177552579590116,1.157266381946568,2.0141815370971994,1.5935885040160924,0.6110652256819442,0.574305598919145,0.9953097597616792,0.9579219024316804,-0.2417199872186958,0.8607965359743764,0.43762969620462455,6.1347076243344185,0.034643494931687537,5.764853864936954,0.8603216871610985,0.09924607728235373,12.269415248668833,4.169963825480341,8.77533168736225,7.439006603111819,3830.5034171502257,0.06174247932221511,24.15099823183479,10.649740521963118,53.49714700193424,95.04229529335912,3570.821905222437,4.842569397778486,0.04296018434121564,0.06626114696195957,5.57629317895721,0.0021012359939309192,4824.562588331638,0.10865076835804602,11.36123401062383,58.186807655111735,3.0843631291132216,145.8761246827056,0.14242079078864106,0.0406763978515167,4.6981882384820945,26855.071330723084,0.588065677492235,0.7146270396270396,0.9397598395589164,0.78849237328863,48.70227364849125,0.030741989884401185,293.4558164072804,0.0774085508855923,14.813898527249526,95.60511738327618,88773.17330519651,2116920.874439462,4520.318295068036,0.03218026600641195,911.6183065154313,0.2404690863928861,0.49668177702237293,49.323989563818074,0.013893808420210298,6.752659608792725,0.06110573823339781,88505.35761961318,26.39502647688291,0.0002016663945970639,278.87513581238807,0.02812823667630143,0.10609256975909097
99,AMBL-598,0,1.0,1,Moderate to strong,weak to moderate,neg,,100,90,0.0,3 to 5,/media/bendico765/Crucial X9/MRI Lesions/manifest-1728494830954/Advanced-MRI-Breast-Lesions/AMBL-598/05-02-2006-NA-MRI BREASTS - Delayed contrast-78155/600.000000-Registered Ax T2 FSE-38166,/media/bendico765/Crucial X9/MRI Lesions/manifest-1728494830954/Advanced-MRI-Breast-Lesions/AMBL-598/05-02-2006-NA-MRI BREASTS - Delayed contrast-78155/500.000000-ROI-20504/1-1.dcm,-29.29,L,"[[[0 0 0 ... 0 0 0]
  [0 0 0 ... 0 0 0]
  [0 0 0 ... 0 0 0]
  ...
  [0 0 0 ... 0 0 0]
  [0 0 0 ... 0 0 0]
  [0 0 0 ... 0 0 0]]

 [[0 0 0 ... 0 0 0]
  [0 0 0 ... 0 0 0]
  [0 0 0 ... 0 0 0]
  ...
  [0 0 0 ... 0 0 0]
  [0 0 0 ... 0 0 0]
  [0 0 0 ... 0 0 0]]

 [[0 0 0 ... 0 0 0]
  [0 0 0 ... 0 0 0]
  [0 0 0 ... 0 0 0]
  ...
  [0 0 0 ... 0 0 0]
  [0 0 0 ... 0 0 0]
  [0 0 0 ... 0 0 0]]

 ...

 [[0 0 0 ... 0 0 0]
  [0 0 0 ... 0 0 0]
  [0 0 0 ... 0 0 0]
  ...
  [0 0 0 ... 0 0 0]
  [0 0 0 ... 0 0 0]
  [0 0 0 ... 0 0 0]]

 [[0 0 0 ... 0 0 0]
  [0 0 0 ... 0 0 0]
  [0 0 0 ... 0 0 0]
  ...
  [0 0 0 ... 0 0 0]
  [0 0 0 ... 0 0 0]
  [0 0 0 ... 0 0 0]]

 [[0 0 0 ... 0 0 0]
  [0 0 0 ... 0 0 0]
  [0 0 0 ... 0 0 0]
  ...
  [0 0 0 ... 0 0 0]
  [0 0 0 ... 0 0 0]
  [0 0 0 ... 0 0 0]]]","[76, 77, 78, 79, 80]","[205, 206, 207, 208, 209, 210, 211, 212, 213, 214, 215, 216, 217, 218]","[163, 164, 165, 166, 167, 168, 169, 170, 171, 172, 173, 174, 175, 176, 177, 178, 179]",5,14,17,/media/bendico765/Crucial X9/Materiali Tesista/Roi masks/AMBL-598/ROI 0.npy,/media/bendico765/Crucial X9/Materiali Tesista/Cleaned Roi masks/AMBL-598/ROI 0.npy,0.6641,2.0,/media/bendico765/Crucial X9/MRI Lesions/manifest-1728494830954/Advanced-MRI-Breast-Lesions/AMBL-598/05-02-2006-NA-MRI BREASTS - Delayed contrast-78155/500.000000-Registered AX Sen Vibrant MultiPhase-23208,0.9094391866123327,0.5013572182948829,8.392410728947121,16.739383462932338,18.398198422943484,16.80600032012376,18.74833223436154,20.921882980745306,783.1569093574958,15.223451280921116,0.40597888495376133,1012.0761732342104,1.2923031912781318,812.3750680200001,114.0,345.0,3.796663617217103,125.0,3.027437095541221,505.0,72.25904430462569,216.98697068403908,204.0,42.0,463.0,51.532202337472604,234.64757457992874,0.6668684500228561,44728952.26781171,0.08341615177761981,7976.138809607176,71.12482200939371,4156.7363599517785,132.57105847961017,37.05134007156927,14.850565953970097,0.42978772231407864,2.904417755808052,3.0408873816227606,6.108611228092619,0.3910063366965893,0.3085396724155961,0.9670629797871164,0.882865611777391,-0.1174829738967055,0.7570942684742371,0.3053679978449388,8.097614247177788,0.009855145176727968,7.141266574066705,0.48897102582862045,0.030483997486194167,16.19522849435558,4.527224135232746,12.975476506384839,6.171270277415726,173.4169381107492,0.18829200663490683,3.0021491533656115,12.857327103971631,79.9869706840391,12.450597176981542,694.0738327904452,0.4152319111282543,0.031745466838123716,0.28067183966319864,28.677047109842043,0.00956621748998905,69.3513274929353,0.08178956612955364,13.105267605401094,81.73680683825843,1.2987936363519554,99.35425287516465,0.04137283226644524,0.03164748404344661,4.208826523458982,730.8666761175798,0.8592646900811073,0.9202372003674936,0.1094703517109237,0.9409091760661228,78.06908220988386,0.02968557315066711,22.183279742765272,0.07132887377094943,15.806577682199316,102.69774919614147,39.71382636655949,1795.974276527331,1.3342245867749787,0.032699001609307964,98.7749196141479,0.3176042431323084,0.5811987132355494,64.15462808063337,0.021315177119502374,5.943553438995388,0.33767643865363733,30.943848802224956,0.847324633786604,0.008861491745241248,282.2236204082521,0.12061805233800701,1.2531055042368278
100,AMBL-599,0,1.0,2,strong,weak to moderate,neg,,100,40,5.0,10,/media/bendico765/Crucial X9/MRI Lesions/manifest-1728494830954/Advanced-MRI-Breast-Lesions/AMBL-599/05-04-2006-NA-MRI BREASTS - Delayed contrast-94577/600.000000-Registered Ax T2 FSE-44286,/media/bendico765/Crucial X9/MRI Lesions/manifest-1728494830954/Advanced-MRI-Breast-Lesions/AMBL-599/05-04-2006-NA-MRI BREASTS - Delayed contrast-94577/500.000000-ROI-09097/1-1.dcm,-12.46,L,"[[[0 0 0 ... 0 0 0]
  [0 0 0 ... 0 0 0]
  [0 0 0 ... 0 0 0]
  ...
  [0 0 0 ... 0 0 0]
  [0 0 0 ... 0 0 0]
  [0 0 0 ... 0 0 0]]

 [[0 0 0 ... 0 0 0]
  [0 0 0 ... 0 0 0]
  [0 0 0 ... 0 0 0]
  ...
  [0 0 0 ... 0 0 0]
  [0 0 0 ... 0 0 0]
  [0 0 0 ... 0 0 0]]

 [[0 0 0 ... 0 0 0]
  [0 0 0 ... 0 0 0]
  [0 0 0 ... 0 0 0]
  ...
  [0 0 0 ... 0 0 0]
  [0 0 0 ... 0 0 0]
  [0 0 0 ... 0 0 0]]

 ...

 [[0 0 0 ... 0 0 0]
  [0 0 0 ... 0 0 0]
  [0 0 0 ... 0 0 0]
  ...
  [0 0 0 ... 0 0 0]
  [0 0 0 ... 0 0 0]
  [0 0 0 ... 0 0 0]]

 [[0 0 0 ... 0 0 0]
  [0 0 0 ... 0 0 0]
  [0 0 0 ... 0 0 0]
  ...
  [0 0 0 ... 0 0 0]
  [0 0 0 ... 0 0 0]
  [0 0 0 ... 0 0 0]]

 [[0 0 0 ... 0 0 0]
  [0 0 0 ... 0 0 0]
  [0 0 0 ... 0 0 0]
  ...
  [0 0 0 ... 0 0 0]
  [0 0 0 ... 0 0 0]
  [0 0 0 ... 0 0 0]]]","[70, 71, 72, 73, 74, 75]","[199, 200, 201, 202, 203, 204, 205, 206, 207, 208, 209, 210, 211, 212, 213, 214, 215, 216, 217, 218, 219]","[113, 114, 115, 116, 117, 118, 119, 120, 121, 122, 123, 124, 125]",6,21,13,/media/bendico765/Crucial X9/Materiali Tesista/Roi masks/AMBL-599/ROI 0.npy,/media/bendico765/Crucial X9/Materiali Tesista/Cleaned Roi masks/AMBL-599/ROI 0.npy,0.7422,2.0,/media/bendico765/Crucial X9/MRI Lesions/manifest-1728494830954/Advanced-MRI-Breast-Lesions/AMBL-599/05-04-2006-NA-MRI BREASTS - Delayed contrast-94577/500.000000-Registered AX Sen Vibrant MultiPhase-37372,0.6379758809483158,0.5124641164344425,10.112240207310105,19.7325820150448,18.684097033573767,22.07725943952283,16.744795237923935,22.680334334396395,1206.3852396000068,12.5889113944331,0.5108724989991164,1072.742803584656,0.8892207632947651,1247.1489417599998,75.0,228.89999999999998,3.282479178169639,108.0,3.8338865479885977,471.0,54.07262545418222,153.30388692579504,145.0,17.0,454.0,41.238775373157104,166.57026128172728,0.5816746148336533,34602960.459731035,0.11763475633357891,4243.570196905942,38.73361321532044,2131.9796029372596,102.5865582699865,20.46836947512299,4.350338889483834,0.6321434777405561,1.4887683190326761,2.247843508888153,1.9951340396052606,0.5440406117932765,0.4915798839352283,0.9885543808240077,0.9316729669804182,-0.17436190253001993,0.7693686852813386,0.41825698812088424,5.8756922937119604,0.027479389801909258,5.790073374337242,0.7450191283863156,0.06990140663806997,11.751384587423926,3.9710581434944645,6.204677091151707,6.506096976873179,105.59363957597174,0.09328060033213051,10.092081933848593,6.815520077663599,51.052120141342755,42.35689045936396,1616.4549469964663,2.0454245342710458,0.04036315504112157,0.12269144088020095,8.6263554313945,0.0036880278302780637,107.96340091131643,0.11603629160191417,6.958915851685355,52.86386319650098,2.075944634522432,104.1253140575278,0.08287650491964159,0.039431221423687615,4.044194909950779,687.8302170409936,0.722933635603186,0.81999184561022,0.47782627259097976,0.8685385250648154,47.45399902976814,0.033282922168884205,18.958333333333332,0.1316550925925926,8.198881172839506,77.875,686.625,25963.270833333332,28.719985027322007,0.030107034264965256,41.125,0.2855902777777778,0.5507703133533944,45.54388039815631,0.012923433239423196,5.287508680316796,0.127208480565371,624.8279320987654,0.7454817248427484,0.009700400039002046,140.24822146890324,0.04037960316572966,1.5143815108302623
101,AMBL-599,1,0.0,-1,-1,-1,-1,,-1.0,-1.0,-1.0,-1,/media/bendico765/Crucial X9/MRI Lesions/manifest-1728494830954/Advanced-MRI-Breast-Lesions/AMBL-599/05-04-2006-NA-MRI BREASTS - Delayed contrast-94577/600.000000-Registered Ax T2 FSE-44286,/media/bendico765/Crucial X9/MRI Lesions/manifest-1728494830954/Advanced-MRI-Breast-Lesions/AMBL-599/05-04-2006-NA-MRI BREASTS - Delayed contrast-94577/500.000000-ROI-09097/1-1.dcm,-2.46,L,"[[[0 0 0 ... 0 0 0]
  [0 0 0 ... 0 0 0]
  [0 0 0 ... 0 0 0]
  ...
  [0 0 0 ... 0 0 0]
  [0 0 0 ... 0 0 0]
  [0 0 0 ... 0 0 0]]

 [[0 0 0 ... 0 0 0]
  [0 0 0 ... 0 0 0]
  [0 0 0 ... 0 0 0]
  ...
  [0 0 0 ... 0 0 0]
  [0 0 0 ... 0 0 0]
  [0 0 0 ... 0 0 0]]

 [[0 0 0 ... 0 0 0]
  [0 0 0 ... 0 0 0]
  [0 0 0 ... 0 0 0]
  ...
  [0 0 0 ... 0 0 0]
  [0 0 0 ... 0 0 0]
  [0 0 0 ... 0 0 0]]

 ...

 [[0 0 0 ... 0 0 0]
  [0 0 0 ... 0 0 0]
  [0 0 0 ... 0 0 0]
  ...
  [0 0 0 ... 0 0 0]
  [0 0 0 ... 0 0 0]
  [0 0 0 ... 0 0 0]]

 [[0 0 0 ... 0 0 0]
  [0 0 0 ... 0 0 0]
  [0 0 0 ... 0 0 0]
  ...
  [0 0 0 ... 0 0 0]
  [0 0 0 ... 0 0 0]
  [0 0 0 ... 0 0 0]]

 [[0 0 0 ... 0 0 0]
  [0 0 0 ... 0 0 0]
  [0 0 0 ... 0 0 0]
  ...
  [0 0 0 ... 0 0 0]
  [0 0 0 ... 0 0 0]
  [0 0 0 ... 0 0 0]]]","[67, 68, 69]","[145, 146, 147, 148, 149, 150, 151, 152, 153, 154, 155, 156, 157]","[123, 124, 125, 126, 127, 128, 129]",3,13,7,/media/bendico765/Crucial X9/Materiali Tesista/Roi masks/AMBL-599/ROI 1.npy,/media/bendico765/Crucial X9/Materiali Tesista/Cleaned Roi masks/AMBL-599/ROI 1.npy,0.7422,2.0,/media/bendico765/Crucial X9/MRI Lesions/manifest-1728494830954/Advanced-MRI-Breast-Lesions/AMBL-599/05-04-2006-NA-MRI BREASTS - Delayed contrast-94577/500.000000-Registered AX Sen Vibrant MultiPhase-37372,0.9395274216944495,0.5356759553143015,5.725104857126171,10.687627100542592,12.025794278965527,12.025794278965527,12.352669860398601,14.202647992539982,280.3422624900006,10.041318733804507,0.5946769497611,348.33362708792,1.2425298418940474,299.66829695999996,46.1,176.8,3.0454415305839535,75.25,3.275437891306071,275.0,41.917982266435985,108.3345588235294,101.0,17.0,258.0,29.84413580246913,120.29490417548134,0.7161958903771745,4336459.161605999,0.13875973183391002,2734.487335099481,20.588542447842713,670.530367362571,45.19586609691454,12.192486209432126,4.785589809446887,0.43027574861623435,1.6763099076085448,2.301727483880023,1.8742717136631613,0.49739658407260284,0.4335767747415635,0.9697889726242356,0.8861085762071114,-0.1429756559804354,0.7429642547372902,0.4087918552989939,4.325835435478623,0.029249662901456457,5.476822812331661,0.6693379796645493,0.06320889022701032,8.651670870957245,3.5891948470449035,4.244519004719753,5.55750901268863,35.76470588235294,0.1314878892733564,6.238105536332181,4.547091262975779,27.74264705882353,24.051470588235293,385.6617647058824,2.8099801692993163,0.09108711052621996,0.18806202340657854,8.225002827394789,0.013240167192063442,32.35339403685737,0.1356980204221126,4.631570867779994,29.057098592551338,1.4824886958334922,37.872499991645746,0.14090782085412937,0.08853289827548297,3.5958634857079206,186.69875493972467,0.779377641455326,0.8761312217194571,0.16607085955492143,0.9029987448115145,27.19375010116045,0.07799324636544853,8.709677419354838,0.1404786680541103,4.634755463059314,46.25806451612903,90.29032258064517,1315.774193548387,9.836374572579755,0.06397312448854657,16.806451612903224,0.27107180020811655,0.5240487032975357,27.34318119367262,0.029703125080449276,4.614540664806839,0.22794117647058823,71.04370447450572,0.696583148615926,0.029306321928063032,65.06292107123781,0.076308010476396,1.5374365082750086
102,AMBL-600,0,0.0,-1,-1,-1,-1,,-1,-1,-1.0,-1,/media/bendico765/Crucial X9/MRI Lesions/manifest-1728494830954/Advanced-MRI-Breast-Lesions/AMBL-600/05-05-2006-NA-MRI BREASTS - Delayed contrast-73303/600.000000-Registered Ax T2 FSE-73650,/media/bendico765/Crucial X9/MRI Lesions/manifest-1728494830954/Advanced-MRI-Breast-Lesions/AMBL-600/05-05-2006-NA-MRI BREASTS - Delayed contrast-73303/500.000000-ROI-74961/1-1.dcm,-10.19,R,"[[[0 0 0 ... 0 0 0]
  [0 0 0 ... 0 0 0]
  [0 0 0 ... 0 0 0]
  ...
  [0 0 0 ... 0 0 0]
  [0 0 0 ... 0 0 0]
  [0 0 0 ... 0 0 0]]

 [[0 0 0 ... 0 0 0]
  [0 0 0 ... 0 0 0]
  [0 0 0 ... 0 0 0]
  ...
  [0 0 0 ... 0 0 0]
  [0 0 0 ... 0 0 0]
  [0 0 0 ... 0 0 0]]

 [[0 0 0 ... 0 0 0]
  [0 0 0 ... 0 0 0]
  [0 0 0 ... 0 0 0]
  ...
  [0 0 0 ... 0 0 0]
  [0 0 0 ... 0 0 0]
  [0 0 0 ... 0 0 0]]

 ...

 [[0 0 0 ... 0 0 0]
  [0 0 0 ... 0 0 0]
  [0 0 0 ... 0 0 0]
  ...
  [0 0 0 ... 0 0 0]
  [0 0 0 ... 0 0 0]
  [0 0 0 ... 0 0 0]]

 [[0 0 0 ... 0 0 0]
  [0 0 0 ... 0 0 0]
  [0 0 0 ... 0 0 0]
  ...
  [0 0 0 ... 0 0 0]
  [0 0 0 ... 0 0 0]
  [0 0 0 ... 0 0 0]]

 [[0 0 0 ... 0 0 0]
  [0 0 0 ... 0 0 0]
  [0 0 0 ... 0 0 0]
  ...
  [0 0 0 ... 0 0 0]
  [0 0 0 ... 0 0 0]
  [0 0 0 ... 0 0 0]]]","[59, 60, 61, 62, 63, 64, 65, 66]","[184, 185, 186, 187, 188, 189, 190, 191, 192, 193, 194, 195, 196, 197, 198, 199, 200, 201, 202, 203, 204, 205, 206, 207, 208, 209, 210]","[409, 410, 411, 412, 413, 414, 415, 416, 417, 418, 419, 420, 421, 422]",8,27,14,/media/bendico765/Crucial X9/Materiali Tesista/Roi masks/AMBL-600/ROI 0.npy,/media/bendico765/Crucial X9/Materiali Tesista/Cleaned Roi masks/AMBL-600/ROI 0.npy,0.7227,2.0,/media/bendico765/Crucial X9/MRI Lesions/manifest-1728494830954/Advanced-MRI-Breast-Lesions/AMBL-600/05-05-2006-NA-MRI BREASTS - Delayed contrast-73303/500.000000-Registered AX Sen Vibrant MultiPhase-50437,0.8470419571696115,0.4722379551924957,10.752277486021477,22.7687702095834,22.74898767527909,28.45135334847887,23.40700235421016,29.34143074425649,2248.9599941324673,19.28610368067067,0.46390124637236624,1789.423233415805,0.7956669918915441,2317.9464970199997,131.0,260.0,2.993991205900664,83.0,2.152140461741434,343.0,42.219394507795656,194.13925191527716,192.0,66.0,277.0,33.04876901948309,200.4345718070724,0.04393221301975302,93121223.31031409,0.13704231207355216,2483.9684412610095,35.99318967578952,331.43674761654256,10.188944795648219,11.490078823263945,3.5531793338486115,0.5200561682750915,1.3906399269979441,2.15874337947909,1.539093526109307,0.5496241232018063,0.497830190753463,0.977280665620009,0.9036463619755568,-0.1121599533387855,0.6443005007650995,0.42864335708989043,5.829555064997193,0.028194524263754874,5.569474240669649,0.5402204897528219,0.06123956638003315,11.659110129994385,3.7455155031894347,3.7608145392781385,6.47148070269617,199.38035150968904,0.08985144277137858,12.055371681457267,4.139850010997244,43.56511942316359,47.96349707075259,1735.798557908968,2.0973537633409025,0.038829879949655,0.10724743570658686,5.948230574216911,0.0036232550219175313,243.72104762766398,0.13597724071517733,4.152098458381668,44.77139746304144,1.9872218482707578,83.46609373862815,0.07897149465543052,0.038047144867281425,3.8353117907836096,1266.156212974457,0.696626742655202,0.8079869657156723,0.3983923751364414,0.8571192514698371,39.25875386102065,0.0319909474706826,32.142857142857146,0.1434948979591837,4.890864158163266,60.473214285714285,1524.5669642857142,49279.513392857145,60.751423243701495,0.03442125211813484,59.82142857142857,0.26705994897959184,0.5324767208126936,33.156424478369566,0.018376333080535785,5.414049024827132,0.10094637223974763,1426.4331752232142,3.3919862999565376,0.003975720849955493,53.26976933656772,0.05715553884823093,0.19116448184607182
103,AMBL-600,1,0.0,-1,-1,-1,-1,,-1.0,-1.0,-1.0,-1,/media/bendico765/Crucial X9/MRI Lesions/manifest-1728494830954/Advanced-MRI-Breast-Lesions/AMBL-600/05-05-2006-NA-MRI BREASTS - Delayed contrast-73303/600.000000-Registered Ax T2 FSE-73650,/media/bendico765/Crucial X9/MRI Lesions/manifest-1728494830954/Advanced-MRI-Breast-Lesions/AMBL-600/05-05-2006-NA-MRI BREASTS - Delayed contrast-73303/500.000000-ROI-74961/1-1.dcm,-17.19,R,"[[[0 0 0 ... 0 0 0]
  [0 0 0 ... 0 0 0]
  [0 0 0 ... 0 0 0]
  ...
  [0 0 0 ... 0 0 0]
  [0 0 0 ... 0 0 0]
  [0 0 0 ... 0 0 0]]

 [[0 0 0 ... 0 0 0]
  [0 0 0 ... 0 0 0]
  [0 0 0 ... 0 0 0]
  ...
  [0 0 0 ... 0 0 0]
  [0 0 0 ... 0 0 0]
  [0 0 0 ... 0 0 0]]

 [[0 0 0 ... 0 0 0]
  [0 0 0 ... 0 0 0]
  [0 0 0 ... 0 0 0]
  ...
  [0 0 0 ... 0 0 0]
  [0 0 0 ... 0 0 0]
  [0 0 0 ... 0 0 0]]

 ...

 [[0 0 0 ... 0 0 0]
  [0 0 0 ... 0 0 0]
  [0 0 0 ... 0 0 0]
  ...
  [0 0 0 ... 0 0 0]
  [0 0 0 ... 0 0 0]
  [0 0 0 ... 0 0 0]]

 [[0 0 0 ... 0 0 0]
  [0 0 0 ... 0 0 0]
  [0 0 0 ... 0 0 0]
  ...
  [0 0 0 ... 0 0 0]
  [0 0 0 ... 0 0 0]
  [0 0 0 ... 0 0 0]]

 [[0 0 0 ... 0 0 0]
  [0 0 0 ... 0 0 0]
  [0 0 0 ... 0 0 0]
  ...
  [0 0 0 ... 0 0 0]
  [0 0 0 ... 0 0 0]
  [0 0 0 ... 0 0 0]]]","[68, 69, 70, 71, 72]","[217, 218, 219, 220, 221, 222, 223, 224, 225, 226, 227, 228, 229, 230, 231, 232, 233, 234, 235, 236, 237, 238, 239]","[404, 405, 406, 407, 408, 409, 410, 411, 412, 413, 414, 415, 416, 417, 418, 419, 420, 421, 422, 423, 424]",5,23,21,/media/bendico765/Crucial X9/Materiali Tesista/Roi masks/AMBL-600/ROI 1.npy,/media/bendico765/Crucial X9/Materiali Tesista/Cleaned Roi masks/AMBL-600/ROI 1.npy,0.7227,2.0,/media/bendico765/Crucial X9/MRI Lesions/manifest-1728494830954/Advanced-MRI-Breast-Lesions/AMBL-600/05-05-2006-NA-MRI BREASTS - Delayed contrast-73303/500.000000-Registered AX Sen Vibrant MultiPhase-50437,0.8944937121048708,0.6402284025637939,12.000879786250673,18.744685081438377,20.122577270320022,20.64781399785459,23.04721913658999,24.79679057015242,1432.3513082175105,16.767002940732606,0.3679530374556009,1670.031892057118,1.165937352433035,1476.0064895399998,134.0,265.79999999999995,2.9839246374268784,91.0,2.167321206925028,324.0,45.40072394192237,206.10757254069355,212.0,47.0,277.0,35.78030846932787,212.73230755574033,-0.33779760285453364,66796724.86907112,0.14464263443938077,2774.703219372834,56.06144871121406,462.18307360644604,-6.54122912548249,14.85442334550271,5.139542513188621,0.4950086971870854,1.6364615458236356,2.3433611512788195,2.2186937335526737,0.530745793049668,0.47200914782458303,0.9683235573526047,0.8906086956792834,-0.13231866271235693,0.6903005292711003,0.3738737774646636,7.32132670885182,0.0278158655005632,5.74912495311605,0.5478297536978064,0.08678801853988644,14.64265341770364,3.8424906703436976,4.998491464672833,6.213526520967609,151.89738145789102,0.10749991610607998,9.869808656750655,4.494534373718113,64.97735314932767,35.79830148619958,2400.5286624203823,0.7752892757903894,0.02346277734549288,0.14432999647067601,9.959504665378406,0.0039262012145363555,167.78231455460684,0.14037408336743365,4.475571209697952,64.82955196826613,1.879446801906617,125.3414811680905,0.04197393746492874,0.023717899771312962,3.6908855629842665,919.1399441382104,0.7526067537934915,0.8426152757362947,0.3729259274576711,0.8829140135527784,57.3988198563331,0.02096309632215977,30.662337662337663,0.1327373924776522,4.83739060362437,70.16017316017316,376.4805194805195,27899.839826839827,6.928553937430762,0.026895978210491618,56.108225108225106,0.24289274938625588,0.5049209387990876,36.435306986256485,0.01567126034877105,5.561245301258401,0.16348195329087048,339.06426041490977,1.664097330461313,0.005924980726250151,57.33007466571463,0.06420491898941377,0.3250340431602677
104,AMBL-600,2,0.0,-1.0,-1,-1,-1,,-1.0,-1.0,-1.0,-1,/media/bendico765/Crucial X9/MRI Lesions/manifest-1728494830954/Advanced-MRI-Breast-Lesions/AMBL-600/05-05-2006-NA-MRI BREASTS - Delayed contrast-73303/600.000000-Registered Ax T2 FSE-73650,/media/bendico765/Crucial X9/MRI Lesions/manifest-1728494830954/Advanced-MRI-Breast-Lesions/AMBL-600/05-05-2006-NA-MRI BREASTS - Delayed contrast-73303/500.000000-ROI-74961/1-1.dcm,-57.19,L,"[[[0 0 0 ... 0 0 0]
  [0 0 0 ... 0 0 0]
  [0 0 0 ... 0 0 0]
  ...
  [0 0 0 ... 0 0 0]
  [0 0 0 ... 0 0 0]
  [0 0 0 ... 0 0 0]]

 [[0 0 0 ... 0 0 0]
  [0 0 0 ... 0 0 0]
  [0 0 0 ... 0 0 0]
  ...
  [0 0 0 ... 0 0 0]
  [0 0 0 ... 0 0 0]
  [0 0 0 ... 0 0 0]]

 [[0 0 0 ... 0 0 0]
  [0 0 0 ... 0 0 0]
  [0 0 0 ... 0 0 0]
  ...
  [0 0 0 ... 0 0 0]
  [0 0 0 ... 0 0 0]
  [0 0 0 ... 0 0 0]]

 ...

 [[0 0 0 ... 0 0 0]
  [0 0 0 ... 0 0 0]
  [0 0 0 ... 0 0 0]
  ...
  [0 0 0 ... 0 0 0]
  [0 0 0 ... 0 0 0]
  [0 0 0 ... 0 0 0]]

 [[0 0 0 ... 0 0 0]
  [0 0 0 ... 0 0 0]
  [0 0 0 ... 0 0 0]
  ...
  [0 0 0 ... 0 0 0]
  [0 0 0 ... 0 0 0]
  [0 0 0 ... 0 0 0]]

 [[0 0 0 ... 0 0 0]
  [0 0 0 ... 0 0 0]
  [0 0 0 ... 0 0 0]
  ...
  [0 0 0 ... 0 0 0]
  [0 0 0 ... 0 0 0]
  [0 0 0 ... 0 0 0]]]","[88, 89, 90, 91]","[160, 161, 162, 163, 164, 165, 166, 167, 168, 169, 170, 171, 172, 173, 174, 175]","[127, 128, 129, 130, 131, 132, 133, 134, 135, 136, 137, 139, 140, 141, 142, 143]",4,16,17,/media/bendico765/Crucial X9/Materiali Tesista/Roi masks/AMBL-600/ROI 2.npy,/media/bendico765/Crucial X9/Materiali Tesista/Cleaned Roi masks/AMBL-600/ROI 2.npy,0.7227,2.0,/media/bendico765/Crucial X9/MRI Lesions/manifest-1728494830954/Advanced-MRI-Breast-Lesions/AMBL-600/05-05-2006-NA-MRI BREASTS - Delayed contrast-73303/500.000000-Registered AX Sen Vibrant MultiPhase-50437,0.9814278307717981,0.6799178887199757,9.680752636339195,14.238120215610643,17.1739144870935,16.171469947101283,18.0675,19.66570909502121,985.9194090899914,13.973687437474839,0.5577804822071619,858.8455873466045,0.8711113499016347,1020.5649966599999,97.60000000000001,189.0,2.503914848646975,58.0,2.097285842679946,229.0,29.464793631204504,143.11156601842376,144.0,61.0,168.0,22.789404154518948,147.27622547990208,-0.07082670513967818,22136347.262917798,0.19177311532703561,1209.366263361302,16.67929785545286,68.06301364667311,0.8654297547032306,5.383423362756844,2.254327148464157,0.40113081148677343,1.1226361244634429,1.8622338136419998,0.9261803303026643,0.5913690736293504,0.5488044745356857,0.9680372483594055,0.8869009722708335,-0.09727413145337775,0.5417150030016239,0.45040337129962277,3.9843827664200338,0.049094678852593325,4.690965683827856,0.4210911904659358,0.10287368866282467,7.9687655328400675,3.1916000934143076,1.9094376278052503,6.001555381251144,83.22927328556807,0.08518861134653845,12.317390042628352,2.0516485093695427,19.903787103377688,54.7338792221085,935.1729785056294,5.150386666863947,0.09656397163095877,0.08850572246553051,2.0072997897265035,0.011708854695117723,145.88682706979162,0.1894676694044001,2.099061672884394,20.273497127292487,2.2176777487758215,44.10659462353725,0.20228872437896414,0.09842336074736911,3.4077846747283926,530.2085993963457,0.6719782550249038,0.7879694512243132,0.4943578265031968,0.8398895957635939,17.399962224266385,0.083220442179213,12.358024691358025,0.15256820606614846,3.767108672458467,22.97530864197531,1486.8024691358025,25023.135802469136,115.75664393843955,0.16763173273424598,21.271604938271604,0.2626124066453285,0.5210791763205119,12.650645003149831,0.08598592251425317,4.830728633038594,0.08290685772773797,1341.317177259564,3.965316156410394,0.007942824206959385,18.719937479042486,0.054563599885881886,0.1622398060077225
105,AMBL-603,0,1.0,-1,neg,neg,neg,1.0,0,0,0.0,95,/media/bendico765/Crucial X9/MRI Lesions/manifest-1728494830954/Advanced-MRI-Breast-Lesions/AMBL-603/05-19-2006-NA-MRI BREASTS - Delayed contrast-39175/600.000000-Registered Ax T2 FSE-05564,/media/bendico765/Crucial X9/MRI Lesions/manifest-1728494830954/Advanced-MRI-Breast-Lesions/AMBL-603/05-19-2006-NA-MRI BREASTS - Delayed contrast-39175/500.000000-ROI-00642/1-1.dcm,14.99,R,"[[[0 0 0 ... 0 0 0]
  [0 0 0 ... 0 0 0]
  [0 0 0 ... 0 0 0]
  ...
  [0 0 0 ... 0 0 0]
  [0 0 0 ... 0 0 0]
  [0 0 0 ... 0 0 0]]

 [[0 0 0 ... 0 0 0]
  [0 0 0 ... 0 0 0]
  [0 0 0 ... 0 0 0]
  ...
  [0 0 0 ... 0 0 0]
  [0 0 0 ... 0 0 0]
  [0 0 0 ... 0 0 0]]

 [[0 0 0 ... 0 0 0]
  [0 0 0 ... 0 0 0]
  [0 0 0 ... 0 0 0]
  ...
  [0 0 0 ... 0 0 0]
  [0 0 0 ... 0 0 0]
  [0 0 0 ... 0 0 0]]

 ...

 [[0 0 0 ... 0 0 0]
  [0 0 0 ... 0 0 0]
  [0 0 0 ... 0 0 0]
  ...
  [0 0 0 ... 0 0 0]
  [0 0 0 ... 0 0 0]
  [0 0 0 ... 0 0 0]]

 [[0 0 0 ... 0 0 0]
  [0 0 0 ... 0 0 0]
  [0 0 0 ... 0 0 0]
  ...
  [0 0 0 ... 0 0 0]
  [0 0 0 ... 0 0 0]
  [0 0 0 ... 0 0 0]]

 [[0 0 0 ... 0 0 0]
  [0 0 0 ... 0 0 0]
  [0 0 0 ... 0 0 0]
  ...
  [0 0 0 ... 0 0 0]
  [0 0 0 ... 0 0 0]
  [0 0 0 ... 0 0 0]]]","[50, 51, 52, 53, 54, 55, 56, 57, 58, 59, 60, 61, 62, 63]","[174, 175, 176, 177, 178, 179, 180, 181, 182, 183, 184, 185, 186, 187, 188, 189, 190, 191, 192, 193, 194, 195, 196, 197, 198, 199, 200, 201, 202, 203, 204, 205, 206, 207, 208, 209, 210, 211, 212, 213, 214, 215, 216, 217, 218, 219, 220, 221, 222, 223, 224, 225, 226, 227, 228, 229, 230, 231, 232, 233, 234, 235, 236, 237, 238, 239, 240, 241, 242]","[371, 372, 373, 374, 375, 376, 377, 378, 379, 380, 381, 382, 383, 384, 385, 386, 387, 388, 389, 390, 391, 392, 393, 394, 395, 396, 397, 398, 399, 400, 401, 402, 403, 404, 405, 406, 407, 408, 409, 410, 411, 412, 413, 414, 415, 416, 417, 418, 419, 420, 421, 422, 423]",14,69,53,/media/bendico765/Crucial X9/Materiali Tesista/Roi masks/AMBL-603/ROI 0.npy,/media/bendico765/Crucial X9/Materiali Tesista/Cleaned Roi masks/AMBL-603/ROI 0.npy,0.625,2.0,/media/bendico765/Crucial X9/MRI Lesions/manifest-1728494830954/Advanced-MRI-Breast-Lesions/AMBL-603/05-19-2006-NA-MRI BREASTS - Delayed contrast-39175/500.000000-Registered AX Sen Vibrant MultiPhase-10789,0.7814003304955407,0.6142857211189058,26.640791429570534,43.3687297517595,43.86342439892262,49.50142043416532,54.950261600833166,61.84658438426491,21432.584635416668,33.88833976119666,0.33561816722612553,11117.872638723504,0.5187369058770248,21585.15625,214.0,540.0,4.254000497848478,178.0,2.6999462389174704,845.0,102.70311479536343,351.47638351008,324.0,45.0,800.0,74.58954441379498,373.0336521680861,0.6108529844535918,3003663113.28125,0.06183044636375696,15618.457484535831,204.8659240269307,17151.003026954037,431.60915655530556,79.62107613655151,15.099208552291541,0.6789980298926052,2.8139143748539417,3.050043176068433,6.884811587882875,0.4081044663672957,0.3300556359828718,0.9869446674587112,0.9261116915726311,-0.12357202371931882,0.7744205924931317,0.3211418000360919,13.738012523410678,0.006501489584826005,7.921413768503006,0.6962924910278651,0.02184628790353111,27.476025046821366,5.0858309733495,23.680071172210756,7.354809927559185,3570.315791378624,0.1292234894993892,6.3991270213694165,25.095391836698273,209.47363277715445,23.492887907633285,4547.565275616201,0.18518201147777436,0.008519068899356708,0.2073655984278792,47.61310945773118,0.0019882721294436907,1465.9834479661508,0.060313748485838085,25.598133947774727,211.2038770861304,1.4916818055402312,307.6658202059544,0.012509604884980118,0.008589665659435662,4.864763177963891,19411.77713980973,0.7952117689123759,0.8794438396667938,0.18585952239598916,0.9107707972353883,193.51204392351136,0.007869502856623623,301.775431242947,0.04864991636997371,32.391687973002405,235.72190875382879,1135.8905368370145,154293.71320328873,9.650293397068062,0.0097493668902911,2161.8985974528455,0.348524681195042,0.6118793541132922,145.78173434194449,0.006221902753624282,6.780994057193942,0.2245104781208151,1116.051217384296,5.9448851432178165,0.0003742104470201525,869.5404956449894,0.08624290462290607,0.16780962477759281
106,AMBL-603,1,0.0,-1,-1,-1,-1,,-1.0,-1.0,-1.0,-1,/media/bendico765/Crucial X9/MRI Lesions/manifest-1728494830954/Advanced-MRI-Breast-Lesions/AMBL-603/05-19-2006-NA-MRI BREASTS - Delayed contrast-39175/600.000000-Registered Ax T2 FSE-05564,/media/bendico765/Crucial X9/MRI Lesions/manifest-1728494830954/Advanced-MRI-Breast-Lesions/AMBL-603/05-19-2006-NA-MRI BREASTS - Delayed contrast-39175/500.000000-ROI-00642/1-1.dcm,24.99,R,"[[[0 0 0 ... 0 0 0]
  [0 0 0 ... 0 0 0]
  [0 0 0 ... 0 0 0]
  ...
  [0 0 0 ... 0 0 0]
  [0 0 0 ... 0 0 0]
  [0 0 0 ... 0 0 0]]

 [[0 0 0 ... 0 0 0]
  [0 0 0 ... 0 0 0]
  [0 0 0 ... 0 0 0]
  ...
  [0 0 0 ... 0 0 0]
  [0 0 0 ... 0 0 0]
  [0 0 0 ... 0 0 0]]

 [[0 0 0 ... 0 0 0]
  [0 0 0 ... 0 0 0]
  [0 0 0 ... 0 0 0]
  ...
  [0 0 0 ... 0 0 0]
  [0 0 0 ... 0 0 0]
  [0 0 0 ... 0 0 0]]

 ...

 [[0 0 0 ... 0 0 0]
  [0 0 0 ... 0 0 0]
  [0 0 0 ... 0 0 0]
  ...
  [0 0 0 ... 0 0 0]
  [0 0 0 ... 0 0 0]
  [0 0 0 ... 0 0 0]]

 [[0 0 0 ... 0 0 0]
  [0 0 0 ... 0 0 0]
  [0 0 0 ... 0 0 0]
  ...
  [0 0 0 ... 0 0 0]
  [0 0 0 ... 0 0 0]
  [0 0 0 ... 0 0 0]]

 [[0 0 0 ... 0 0 0]
  [0 0 0 ... 0 0 0]
  [0 0 0 ... 0 0 0]
  ...
  [0 0 0 ... 0 0 0]
  [0 0 0 ... 0 0 0]
  [0 0 0 ... 0 0 0]]]","[50, 51, 52]","[196, 197, 198, 199, 200, 201, 202, 203, 204, 205, 206, 207, 208, 209, 210, 211, 212, 213, 214]","[342, 343, 344, 345, 346, 347, 348, 349, 350, 351, 352, 353]",3,19,12,/media/bendico765/Crucial X9/Materiali Tesista/Roi masks/AMBL-603/ROI 1.npy,/media/bendico765/Crucial X9/Materiali Tesista/Cleaned Roi masks/AMBL-603/ROI 1.npy,0.625,2.0,/media/bendico765/Crucial X9/MRI Lesions/manifest-1728494830954/Advanced-MRI-Breast-Lesions/AMBL-603/05-19-2006-NA-MRI BREASTS - Delayed contrast-39175/500.000000-Registered AX Sen Vibrant MultiPhase-10789,0.704139121411871,0.4863746601044684,6.777033895700533,13.933772565875232,14.59077191241094,13.894693231590253,14.100642715848098,15.324102746980001,293.9778645833333,9.811314372488216,0.498728369416786,428.70953087335033,1.4583054798393669,318.75,174.0,407.0,3.7687994539245255,141.5,2.3482104956205125,498.0,73.39711889657822,281.46813725490193,267.0,70.0,428.0,54.52710440214158,295.2768267435911,0.20155296689744243,27791303.90625,0.08465494040753557,7964.092122020376,124.79653554209527,3552.92679085818,-41.127557581575424,41.617498653642194,12.854755615373278,0.5310615088193699,2.7202675724131202,2.925467697576607,5.208480621400567,0.4028027123172767,0.32138911397527176,0.964885412585095,0.8787813654115515,-0.20223052472122188,0.8818037335947522,0.3135245020949164,10.841293365078634,0.012341498121214736,6.771950563662101,0.6252927132044412,0.037331213140444866,21.682586730157272,4.479711421620113,13.618063567253872,5.789337861197275,74.34803921568627,0.18222558631295654,3.52960399846213,12.930357314494424,108.61519607843137,12.946078431372548,1936.4142156862745,0.1425220921351308,0.021221074007565698,0.3073517512714962,22.746051029207983,0.01096216992884314,31.51926172373765,0.0839137824994583,12.848179418867298,105.85768603430867,1.2973685130441481,147.21361452569593,0.025560267556954654,0.022045487723618216,4.131100260799548,323.9519737753225,0.8587915501310074,0.9204374057315234,0.1068803208592315,0.9403179755071979,97.51250439269064,0.02131392676717236,13.868421052631579,0.09123961218836565,11.6838209833795,80.07236842105263,24.223684210526315,3544.1644736842104,0.260697546734251,0.03329417563106288,53.578947368421055,0.3524930747922438,0.6144925493130873,38.396892002798175,0.02566796539302556,5.158757486831052,0.37254901960784315,17.018698060941826,0.3305319721087586,0.01974303094168897,203.00582330582483,0.14394693712331708,2.06833045072367
107,AMBL-604,0,1.0,-1,neg,neg,neg,1.0,0,0,0.0,50,/media/bendico765/Crucial X9/MRI Lesions/manifest-1728494830954/Advanced-MRI-Breast-Lesions/AMBL-604/05-24-2006-NA-MRI BREASTS - Delayed contrast-13928/600.000000-Registered Ax T2 FSE-16656,/media/bendico765/Crucial X9/MRI Lesions/manifest-1728494830954/Advanced-MRI-Breast-Lesions/AMBL-604/05-24-2006-NA-MRI BREASTS - Delayed contrast-13928/500.000000-ROI-13482/1-1.dcm,-1.24,R,"[[[0 0 0 ... 0 0 0]
  [0 0 0 ... 0 0 0]
  [0 0 0 ... 0 0 0]
  ...
  [0 0 0 ... 0 0 0]
  [0 0 0 ... 0 0 0]
  [0 0 0 ... 0 0 0]]

 [[0 0 0 ... 0 0 0]
  [0 0 0 ... 0 0 0]
  [0 0 0 ... 0 0 0]
  ...
  [0 0 0 ... 0 0 0]
  [0 0 0 ... 0 0 0]
  [0 0 0 ... 0 0 0]]

 [[0 0 0 ... 0 0 0]
  [0 0 0 ... 0 0 0]
  [0 0 0 ... 0 0 0]
  ...
  [0 0 0 ... 0 0 0]
  [0 0 0 ... 0 0 0]
  [0 0 0 ... 0 0 0]]

 ...

 [[0 0 0 ... 0 0 0]
  [0 0 0 ... 0 0 0]
  [0 0 0 ... 0 0 0]
  ...
  [0 0 0 ... 0 0 0]
  [0 0 0 ... 0 0 0]
  [0 0 0 ... 0 0 0]]

 [[0 0 0 ... 0 0 0]
  [0 0 0 ... 0 0 0]
  [0 0 0 ... 0 0 0]
  ...
  [0 0 0 ... 0 0 0]
  [0 0 0 ... 0 0 0]
  [0 0 0 ... 0 0 0]]

 [[0 0 0 ... 0 0 0]
  [0 0 0 ... 0 0 0]
  [0 0 0 ... 0 0 0]
  ...
  [0 0 0 ... 0 0 0]
  [0 0 0 ... 0 0 0]
  [0 0 0 ... 0 0 0]]]","[59, 60, 61, 62, 63, 64, 65, 66, 67, 68, 69]","[207, 208, 209, 210, 211, 212, 213, 214, 215, 216, 217, 218, 219, 220, 221, 222, 223, 224, 225, 226, 227, 228, 229, 230, 231, 232, 233, 234, 235, 236, 237, 238, 239, 240, 241, 242, 243, 244, 245, 246, 247]","[345, 346, 347, 348, 349, 350, 351, 352, 353, 354, 355, 356, 357, 358, 359, 360, 361, 362, 363, 364, 365, 366, 367, 368, 369, 370, 371, 372, 373, 374, 375, 376, 377, 378, 379]",11,41,35,/media/bendico765/Crucial X9/Materiali Tesista/Roi masks/AMBL-604/ROI 0.npy,/media/bendico765/Crucial X9/Materiali Tesista/Cleaned Roi masks/AMBL-604/ROI 0.npy,0.6641,2.0,/media/bendico765/Crucial X9/MRI Lesions/manifest-1728494830954/Advanced-MRI-Breast-Lesions/AMBL-604/05-24-2006-NA-MRI BREASTS - Delayed contrast-13928/500.000000-Registered AX Sen Vibrant MultiPhase-31344,0.8398737525150389,0.6448295461225569,19.77053076763418,30.660088214811072,35.31012347769404,34.43587234788746,36.640028624988815,43.69674031229332,6875.896414705629,25.750603341415495,0.37060320470777397,4718.397274079758,0.6862228558284298,6955.906391320001,69.0,222.0,3.155514089496453,66.0,4.559819069632419,392.0,46.490561063246616,134.48148617803702,121.0,-1.0,393.0,29.247851420088484,148.14679326962855,1.217864220909745,152664563.23493457,0.14277114234164515,3862.2022314204914,50.797339967292594,1954.0976383757663,114.52507000008698,19.321800241842993,4.3477764798331675,0.6290208024811701,1.3406767164291629,2.1870423689004728,2.464594190591179,0.5890154040664818,0.5494228128381022,0.9863380632264265,0.9329517802019995,-0.1606642378058054,0.7586875231864589,0.4356966683204942,6.859549794983615,0.03782522789642103,5.669563811738759,0.6522275795440214,0.10054521830922172,13.719099589967225,3.924991482030479,5.917394180419038,6.973056301018582,563.6089272127822,0.07146955709013215,19.18763499574748,6.2459334927999155,53.73281765153436,68.64316510271367,3013.1708090286584,2.1093779130120507,0.0298850398750586,0.10626589111327432,7.069618333138579,0.0031568079383865024,798.328574235214,0.13151730523736013,6.700296780804525,55.888647859466296,2.4112352505025076,120.28225914155541,0.07290845168140297,0.029704832412999187,4.213842557153223,4027.6082822694757,0.6501058352516462,0.7679822080024972,0.6045599187241497,0.8281732239844468,47.50879098679889,0.02450852417609684,80.11627906976744,0.09315846403461331,9.009057598702,69.90348837209302,5930.062790697674,224370.2965116279,173.14054518674902,0.03047932854242544,259.9186046511628,0.302230935640887,0.5673590807691499,39.60059658931822,0.017472285863366254,5.956799932144034,0.10905401978189196,5845.978155759871,6.527521831152085,0.0012110219064932841,115.74569579608675,0.041577638492038854,0.16522242095112727
108,AMBL-605,0,1.0,2,weak to moderate,strong,neg,,80,100,0.0,20,/media/bendico765/Crucial X9/MRI Lesions/manifest-1728494830954/Advanced-MRI-Breast-Lesions/AMBL-605/05-26-2006-NA-MRI BREASTS - Delayed contrast-56659/600.000000-Registered Ax T2 FSE-03305,/media/bendico765/Crucial X9/MRI Lesions/manifest-1728494830954/Advanced-MRI-Breast-Lesions/AMBL-605/05-26-2006-NA-MRI BREASTS - Delayed contrast-56659/500.000000-ROI-37136/1-1.dcm,-24.02,R,"[[[0 0 0 ... 0 0 0]
  [0 0 0 ... 0 0 0]
  [0 0 0 ... 0 0 0]
  ...
  [0 0 0 ... 0 0 0]
  [0 0 0 ... 0 0 0]
  [0 0 0 ... 0 0 0]]

 [[0 0 0 ... 0 0 0]
  [0 0 0 ... 0 0 0]
  [0 0 0 ... 0 0 0]
  ...
  [0 0 0 ... 0 0 0]
  [0 0 0 ... 0 0 0]
  [0 0 0 ... 0 0 0]]

 [[0 0 0 ... 0 0 0]
  [0 0 0 ... 0 0 0]
  [0 0 0 ... 0 0 0]
  ...
  [0 0 0 ... 0 0 0]
  [0 0 0 ... 0 0 0]
  [0 0 0 ... 0 0 0]]

 ...

 [[0 0 0 ... 0 0 0]
  [0 0 0 ... 0 0 0]
  [0 0 0 ... 0 0 0]
  ...
  [0 0 0 ... 0 0 0]
  [0 0 0 ... 0 0 0]
  [0 0 0 ... 0 0 0]]

 [[0 0 0 ... 0 0 0]
  [0 0 0 ... 0 0 0]
  [0 0 0 ... 0 0 0]
  ...
  [0 0 0 ... 0 0 0]
  [0 0 0 ... 0 0 0]
  [0 0 0 ... 0 0 0]]

 [[0 0 0 ... 0 0 0]
  [0 0 0 ... 0 0 0]
  [0 0 0 ... 0 0 0]
  ...
  [0 0 0 ... 0 0 0]
  [0 0 0 ... 0 0 0]
  [0 0 0 ... 0 0 0]]]","[67, 68, 69, 70, 71, 72, 73, 74, 75]","[114, 115, 116, 117, 118, 119, 120, 121, 122, 123, 124, 125, 126, 127, 128, 129, 130, 131, 132, 133, 134, 135, 136, 137, 138, 139, 140, 141, 142, 143, 144, 145, 146, 147, 148, 149, 150, 151, 152, 153, 154, 155, 156, 157, 158, 159, 160, 161, 162, 163, 164, 165, 166, 168]","[374, 375, 376, 377, 378, 379, 380, 381, 382, 383, 384, 385, 386, 387, 388, 389, 390, 391, 392, 393, 394, 395, 396, 397, 398, 399, 400]",9,55,27,/media/bendico765/Crucial X9/Materiali Tesista/Roi masks/AMBL-605/ROI 0.npy,/media/bendico765/Crucial X9/Materiali Tesista/Cleaned Roi masks/AMBL-605/ROI 0.npy,0.6836,2.0,/media/bendico765/Crucial X9/MRI Lesions/manifest-1728494830954/Advanced-MRI-Breast-Lesions/AMBL-605/05-26-2006-NA-MRI BREASTS - Delayed contrast-56659/500.000000-Registered AX Sen Vibrant MultiPhase-83906,0.6124895361767261,0.45464825164036177,17.15132371927456,37.72438067757421,30.546422221923144,42.58649555903843,43.23466016982208,45.743605458249576,6238.496731173068,23.105788423761677,0.32688202306223374,5013.561983856167,0.8036490519909966,6372.22497856,105.0,248.0,3.053457878664889,95.0,2.1060929520496794,367.0,47.578219087895725,183.87782340862424,196.0,11.0,356.0,37.638261904468855,192.00820917536421,-0.3263643956664596,234925789.3525904,0.1355557532771129,3056.098449237222,63.73726461427322,544.4080194965763,-17.443433344373258,16.536630090265575,3.3693933991480387,0.6610121850452503,1.2276212931184227,2.117399812313592,1.7759444385216765,0.609748587506447,0.5683958343567983,0.9860126022592544,0.9302751092172905,-0.180017263452027,0.7827814685559148,0.3919898409479108,7.774613624334942,0.03440080934158803,5.526362255897336,0.6834928713627086,0.09492796232504379,15.549227248669885,3.884994053848552,4.976505872353403,6.9356488829230685,476.0897623936638,0.06982836057401934,25.574765380856036,4.942177222115186,66.93297154590789,80.906717512467,5612.471839249047,1.747640365011546,0.023921356862811608,0.09804541752090086,6.445382536979537,0.0026796685785330683,662.433932497021,0.12886414670765142,4.929046411809958,66.34452951396965,2.8225055402558876,194.46659246083624,0.06348898894931874,0.02452287540167333,4.105862985610365,3334.24379520891,0.6359455080777069,0.7523636527743303,0.9120709147221681,0.8214893390462401,54.166243833905384,0.0205189539930111,74.85163204747775,0.11105583389833493,6.238753533094418,66.95845697329376,3559.8189910979227,245946.46735905044,70.57534735126887,0.029250949189376863,173.41839762611275,0.2572973258547667,0.519764805292814,34.381787123342946,0.015003529648787317,5.959768147859404,0.0988559694925198,3457.4910582993602,4.600684964179601,0.0015166170415167998,78.67397370995666,0.037888194634907925,0.1291393830972473
109,AMBL-606,0,0.0,-1,-1,-1,-1,,-1,-1,-1.0,-1,/media/bendico765/Crucial X9/MRI Lesions/manifest-1728494830954/Advanced-MRI-Breast-Lesions/AMBL-606/05-31-2006-NA-MRI BREASTS - Delayed contrast-21991/600.000000-Registered Ax T2 FSE-37560,/media/bendico765/Crucial X9/MRI Lesions/manifest-1728494830954/Advanced-MRI-Breast-Lesions/AMBL-606/05-31-2006-NA-MRI BREASTS - Delayed contrast-21991/500.000000-ROI-05790/1-1.dcm,-12.5,L,"[[[0 0 0 ... 0 0 0]
  [0 0 0 ... 0 0 0]
  [0 0 0 ... 0 0 0]
  ...
  [0 0 0 ... 0 0 0]
  [0 0 0 ... 0 0 0]
  [0 0 0 ... 0 0 0]]

 [[0 0 0 ... 0 0 0]
  [0 0 0 ... 0 0 0]
  [0 0 0 ... 0 0 0]
  ...
  [0 0 0 ... 0 0 0]
  [0 0 0 ... 0 0 0]
  [0 0 0 ... 0 0 0]]

 [[0 0 0 ... 0 0 0]
  [0 0 0 ... 0 0 0]
  [0 0 0 ... 0 0 0]
  ...
  [0 0 0 ... 0 0 0]
  [0 0 0 ... 0 0 0]
  [0 0 0 ... 0 0 0]]

 ...

 [[0 0 0 ... 0 0 0]
  [0 0 0 ... 0 0 0]
  [0 0 0 ... 0 0 0]
  ...
  [0 0 0 ... 0 0 0]
  [0 0 0 ... 0 0 0]
  [0 0 0 ... 0 0 0]]

 [[0 0 0 ... 0 0 0]
  [0 0 0 ... 0 0 0]
  [0 0 0 ... 0 0 0]
  ...
  [0 0 0 ... 0 0 0]
  [0 0 0 ... 0 0 0]
  [0 0 0 ... 0 0 0]]

 [[0 0 0 ... 0 0 0]
  [0 0 0 ... 0 0 0]
  [0 0 0 ... 0 0 0]
  ...
  [0 0 0 ... 0 0 0]
  [0 0 0 ... 0 0 0]
  [0 0 0 ... 0 0 0]]]","[72, 73, 74, 75]","[113, 114, 115, 116, 117, 118, 119, 120, 121, 122, 123, 124]","[113, 114, 115, 116, 117, 118, 119, 120, 121, 122]",4,12,10,/media/bendico765/Crucial X9/Materiali Tesista/Roi masks/AMBL-606/ROI 0.npy,/media/bendico765/Crucial X9/Materiali Tesista/Cleaned Roi masks/AMBL-606/ROI 0.npy,0.6641,2.0,/media/bendico765/Crucial X9/MRI Lesions/manifest-1728494830954/Advanced-MRI-Breast-Lesions/AMBL-606/05-31-2006-NA-MRI BREASTS - Delayed contrast-21991/500.000000-Registered AX Sen Vibrant MultiPhase-87468,0.6617156325870943,0.5825085381998362,7.8947257705515455,13.552978630921235,14.04864712383367,14.78289108699648,11.309215485611723,15.87614746876584,529.3815816033343,8.968217828199416,0.6136051584181691,515.7521027405121,0.9742539609679227,547.75778202,107.0,205.0,2.705685186834823,47.0,4.177896783375237,320.0,30.64676733023719,156.58454106280195,154.0,22.0,298.0,20.43785482926363,161.6610686814057,0.34707787832040826,14315266.820085622,0.18578159479930814,1615.582627365866,50.68834646129584,211.40299810833145,4.649664641704636,6.982884567554593,3.039488068899731,0.3837516521127892,1.3048305945473393,2.0326233704384014,1.2440726741457633,0.5577612805031991,0.5080597566331804,0.9830228153937495,0.9143821946797284,-0.1176631298046836,0.6327212568971887,0.4421076779777002,7.049143548517955,0.04676188956613652,4.998266285321155,0.5277513456154306,0.09530991726888338,14.098287097035913,3.3507413905285905,2.505593159113581,5.874642067353988,61.186795491143315,0.09852946133839503,12.56191639374444,2.6377330211258663,48.925925925925924,47.051529790660226,2498.903381642512,1.0046612510636077,0.02770770942918408,0.10226358595833665,4.726590324380096,0.005011148855473455,90.68063995406926,0.1794369777011415,2.8448253627832063,48.47723797896147,2.0197218012387257,99.74238796921362,0.05228080050516492,0.02884959763294269,3.530202909784142,363.6654950651846,0.7065745071254733,0.8125851604112473,0.4244458060547735,0.8605786757199692,41.37381510021702,0.025572592032924276,9.0,0.13636363636363635,6.15633608815427,46.07575757575758,824.0454545454545,38666.56060606061,18.785585065575752,0.05220131831499313,13.484848484848484,0.20431588613406795,0.44592108180099677,18.85671121205561,0.03310790697700927,5.038628355606867,0.10628019323671498,735.5144628099174,0.8264527721305288,0.011222356446970654,64.55138417480248,0.03013000925757965,0.7836446225694397
110,AMBL-606,1,0.0,-1,-1,-1,-1,,-1.0,-1.0,-1.0,-1,/media/bendico765/Crucial X9/MRI Lesions/manifest-1728494830954/Advanced-MRI-Breast-Lesions/AMBL-606/05-31-2006-NA-MRI BREASTS - Delayed contrast-21991/600.000000-Registered Ax T2 FSE-37560,/media/bendico765/Crucial X9/MRI Lesions/manifest-1728494830954/Advanced-MRI-Breast-Lesions/AMBL-606/05-31-2006-NA-MRI BREASTS - Delayed contrast-21991/500.000000-ROI-05790/1-1.dcm,27.49,L,"[[[0 0 0 ... 0 0 0]
  [0 0 0 ... 0 0 0]
  [0 0 0 ... 0 0 0]
  ...
  [0 0 0 ... 0 0 0]
  [0 0 0 ... 0 0 0]
  [0 0 0 ... 0 0 0]]

 [[0 0 0 ... 0 0 0]
  [0 0 0 ... 0 0 0]
  [0 0 0 ... 0 0 0]
  ...
  [0 0 0 ... 0 0 0]
  [0 0 0 ... 0 0 0]
  [0 0 0 ... 0 0 0]]

 [[0 0 0 ... 0 0 0]
  [0 0 0 ... 0 0 0]
  [0 0 0 ... 0 0 0]
  ...
  [0 0 0 ... 0 0 0]
  [0 0 0 ... 0 0 0]
  [0 0 0 ... 0 0 0]]

 ...

 [[0 0 0 ... 0 0 0]
  [0 0 0 ... 0 0 0]
  [0 0 0 ... 0 0 0]
  ...
  [0 0 0 ... 0 0 0]
  [0 0 0 ... 0 0 0]
  [0 0 0 ... 0 0 0]]

 [[0 0 0 ... 0 0 0]
  [0 0 0 ... 0 0 0]
  [0 0 0 ... 0 0 0]
  ...
  [0 0 0 ... 0 0 0]
  [0 0 0 ... 0 0 0]
  [0 0 0 ... 0 0 0]]

 [[0 0 0 ... 0 0 0]
  [0 0 0 ... 0 0 0]
  [0 0 0 ... 0 0 0]
  ...
  [0 0 0 ... 0 0 0]
  [0 0 0 ... 0 0 0]
  [0 0 0 ... 0 0 0]]]","[53, 54, 55]","[126, 127, 128, 129, 130, 131, 132, 133, 134, 135, 136, 137, 138]","[116, 117, 118, 119]",3,13,4,/media/bendico765/Crucial X9/Materiali Tesista/Roi masks/AMBL-606/ROI 1.npy,/media/bendico765/Crucial X9/Materiali Tesista/Cleaned Roi masks/AMBL-606/ROI 1.npy,0.6641,2.0,/media/bendico765/Crucial X9/MRI Lesions/manifest-1728494830954/Advanced-MRI-Breast-Lesions/AMBL-606/05-31-2006-NA-MRI BREASTS - Delayed contrast-21991/500.000000-Registered AX Sen Vibrant MultiPhase-87468,0.838913846332706,0.34486016322440577,3.7778396001099503,10.95469991311131,10.764619694164768,12.787030485613148,11.132344569316924,12.80426403390683,212.31861961416655,9.19004943952877,0.6221686053542809,276.6313649617701,1.3029067609071456,223.16057786000002,98.4,173.8,2.30482018560658,39.0,3.3632755485139185,230.0,23.400271836772955,133.01581027667984,131.0,63.0,167.0,15.723670206183016,136.410954899527,0.5064982558490121,4152560.5660698204,0.2450436657345061,914.7428330391039,15.237137787136401,37.589636143109836,1.9951857412320861,3.209652349402874,1.9674581585445372,0.2353174469737684,1.0153281148579192,1.8037015373718346,0.8979069114941696,0.619478505481198,0.5843993092645845,0.9720872001671539,0.8969336802617747,-0.0939680683885644,0.5460591056241649,0.4580888300310394,3.8626322975672385,0.08212606025867301,4.158935426966968,0.3972198497001157,0.1736954816612445,7.725264595134477,2.805439571714402,1.2942776269868526,5.757758408062693,18.992094861660078,0.07506756862316237,19.41014544829633,1.5105063350466341,16.42292490118577,63.76679841897233,903.695652173913,5.2785337010298194,0.10126980205784554,0.13100558968645365,3.056359954518903,0.01608029711717327,43.96919228771166,0.2216499865206637,1.735251220908399,17.043279091049424,2.139683712046667,33.249460935601945,0.20495767360082293,0.10492560231802003,3.257228630335495,131.40500065788814,0.6532430153120016,0.7823046518698692,0.4284560046255739,0.8311748917637923,14.59357496189011,0.0896760562459913,6.142857142857143,0.17551020408163265,3.4448979591836735,24.34285714285714,348.0857142857143,4845.457142857143,28.818112447359894,0.12888990119857466,11.228571428571428,0.32081632653061226,0.584490037300323,15.751637053140582,0.07221056053899584,4.2401568604088515,0.1383399209486166,295.8334693877551,1.1096928791848986,0.02849175327617868,19.0337449925197,0.04125040099850965,0.5928336478369004
111,AMBL-607,0,1.0,2,strong,strong,neg,,100,100,0.0,5 to 10,/media/bendico765/Crucial X9/MRI Lesions/manifest-1728494830954/Advanced-MRI-Breast-Lesions/AMBL-607/05-31-2006-NA-MRI BREASTS - Delayed contrast-08485/600.000000-Registered Ax T2 FSE-39711,/media/bendico765/Crucial X9/MRI Lesions/manifest-1728494830954/Advanced-MRI-Breast-Lesions/AMBL-607/05-31-2006-NA-MRI BREASTS - Delayed contrast-08485/500.000000-ROI-53343/1-1.dcm,-52.07,L,"[[[0 0 0 ... 0 0 0]
  [0 0 0 ... 0 0 0]
  [0 0 0 ... 0 0 0]
  ...
  [0 0 0 ... 0 0 0]
  [0 0 0 ... 0 0 0]
  [0 0 0 ... 0 0 0]]

 [[0 0 0 ... 0 0 0]
  [0 0 0 ... 0 0 0]
  [0 0 0 ... 0 0 0]
  ...
  [0 0 0 ... 0 0 0]
  [0 0 0 ... 0 0 0]
  [0 0 0 ... 0 0 0]]

 [[0 0 0 ... 0 0 0]
  [0 0 0 ... 0 0 0]
  [0 0 0 ... 0 0 0]
  ...
  [0 0 0 ... 0 0 0]
  [0 0 0 ... 0 0 0]
  [0 0 0 ... 0 0 0]]

 ...

 [[0 0 0 ... 0 0 0]
  [0 0 0 ... 0 0 0]
  [0 0 0 ... 0 0 0]
  ...
  [0 0 0 ... 0 0 0]
  [0 0 0 ... 0 0 0]
  [0 0 0 ... 0 0 0]]

 [[0 0 0 ... 0 0 0]
  [0 0 0 ... 0 0 0]
  [0 0 0 ... 0 0 0]
  ...
  [0 0 0 ... 0 0 0]
  [0 0 0 ... 0 0 0]
  [0 0 0 ... 0 0 0]]

 [[0 0 0 ... 0 0 0]
  [0 0 0 ... 0 0 0]
  [0 0 0 ... 0 0 0]
  ...
  [0 0 0 ... 0 0 0]
  [0 0 0 ... 0 0 0]
  [0 0 0 ... 0 0 0]]]","[83, 84, 85, 86, 87, 88, 89, 90]","[219, 220, 221, 222, 223, 224, 225, 226, 227, 228, 229, 230, 231, 232, 233, 234, 235, 236, 237, 238, 239, 240, 241, 242, 243, 244, 245, 246, 247, 248]","[131, 132, 133, 134, 135, 136, 137, 138, 139, 140, 141, 142, 143, 144, 145, 146]",8,30,16,/media/bendico765/Crucial X9/Materiali Tesista/Roi masks/AMBL-607/ROI 0.npy,/media/bendico765/Crucial X9/Materiali Tesista/Cleaned Roi masks/AMBL-607/ROI 0.npy,0.7031,2.0,/media/bendico765/Crucial X9/MRI Lesions/manifest-1728494830954/Advanced-MRI-Breast-Lesions/AMBL-607/05-31-2006-NA-MRI BREASTS - Delayed contrast-08485/500.000000-Registered AX Sen Vibrant MultiPhase-52084,0.8334068772774862,0.4103502098737517,10.000763886919318,24.371289806324583,24.05119974575073,28.267825795593122,25.350631017787308,29.30676164334777,2151.945048130811,20.311200532713602,0.4374369244851335,1842.7063666839622,0.8562980584864587,2216.6636512399996,65.0,202.9000000000001,3.0214845568575055,75.0,2.355552573332274,295.0,42.24808358154795,127.72881355932203,123.0,11.0,284.0,31.652488888888886,137.39278359810228,0.28048184234425666,41843465.394847475,0.13639416507976426,2562.127171562921,31.674824682136567,413.38142496508056,18.60456706259183,12.997223951229158,3.8372266697443695,0.5423856128236044,1.4203805782818437,2.1598403655971574,1.653161253642325,0.5503863368108145,0.4993810512492199,0.9757677699930891,0.9024134068835366,-0.13585077945279161,0.6686827244720426,0.4262479247496669,5.420140377195208,0.030021191594060474,5.577060297367249,0.5618055676806295,0.08152496438218257,10.840280754390413,3.7956869423185493,4.208612655243383,6.411502341622876,209.33630686886707,0.0933703420467739,13.21976045664593,4.175303248899249,35.824710080285456,48.11507582515611,1481.2957181088314,2.733620876938241,0.054286308960198766,0.10887298174157382,4.946147694604174,0.005330420161771108,244.36045276449235,0.13458638668097103,4.153191623853117,36.801481130791885,2.143441082079386,73.44188784742849,0.11875347831161841,0.05370745264446322,3.8310418004290705,1329.7432348288853,0.7097779143731967,0.8112605503328071,0.48308065448466214,0.859593100851765,32.253726905395794,0.045886930713276416,35.01673640167364,0.14651354142959683,4.64806288405315,49.12970711297071,1327.6569037656905,35031.719665271965,68.352107452136,0.054633592891417705,57.46861924686193,0.24045447383624236,0.49509268231763087,25.502760549433823,0.02378179687790926,5.418720100183853,0.10660124888492417,1239.6583743281806,4.21179803505702,0.003961909401484225,53.802752308798894,0.05839948798362812,0.19546595196490618
112,AMBL-608,0,1.0,-1,strong,weak ,strong,,50,20,-1.0,10,/media/bendico765/Crucial X9/MRI Lesions/manifest-1728494830954/Advanced-MRI-Breast-Lesions/AMBL-608/06-07-2006-NA-MRI BREASTS - Delayed contrast-57426/600.000000-Registered Ax T2 FSE-98977,/media/bendico765/Crucial X9/MRI Lesions/manifest-1728494830954/Advanced-MRI-Breast-Lesions/AMBL-608/06-07-2006-NA-MRI BREASTS - Delayed contrast-57426/500.000000-ROI-92345/1-1.dcm,8.01,L,"[[[0 0 0 ... 0 0 0]
  [0 0 0 ... 0 0 0]
  [0 0 0 ... 0 0 0]
  ...
  [0 0 0 ... 0 0 0]
  [0 0 0 ... 0 0 0]
  [0 0 0 ... 0 0 0]]

 [[0 0 0 ... 0 0 0]
  [0 0 0 ... 0 0 0]
  [0 0 0 ... 0 0 0]
  ...
  [0 0 0 ... 0 0 0]
  [0 0 0 ... 0 0 0]
  [0 0 0 ... 0 0 0]]

 [[0 0 0 ... 0 0 0]
  [0 0 0 ... 0 0 0]
  [0 0 0 ... 0 0 0]
  ...
  [0 0 0 ... 0 0 0]
  [0 0 0 ... 0 0 0]
  [0 0 0 ... 0 0 0]]

 ...

 [[0 0 0 ... 0 0 0]
  [0 0 0 ... 0 0 0]
  [0 0 0 ... 0 0 0]
  ...
  [0 0 0 ... 0 0 0]
  [0 0 0 ... 0 0 0]
  [0 0 0 ... 0 0 0]]

 [[0 0 0 ... 0 0 0]
  [0 0 0 ... 0 0 0]
  [0 0 0 ... 0 0 0]
  ...
  [0 0 0 ... 0 0 0]
  [0 0 0 ... 0 0 0]
  [0 0 0 ... 0 0 0]]

 [[0 0 0 ... 0 0 0]
  [0 0 0 ... 0 0 0]
  [0 0 0 ... 0 0 0]
  ...
  [0 0 0 ... 0 0 0]
  [0 0 0 ... 0 0 0]
  [0 0 0 ... 0 0 0]]]","[56, 57, 58, 59, 60]","[114, 115, 116, 117, 118, 119, 122, 123, 124, 125, 126, 127, 128, 129, 130, 131, 132, 133]","[121, 123, 124, 125, 126, 127, 128, 129, 130, 131]",5,20,11,/media/bendico765/Crucial X9/Materiali Tesista/Roi masks/AMBL-608/ROI 0.npy,/media/bendico765/Crucial X9/Materiali Tesista/Cleaned Roi masks/AMBL-608/ROI 0.npy,0.6836,2.0,/media/bendico765/Crucial X9/MRI Lesions/manifest-1728494830954/Advanced-MRI-Breast-Lesions/AMBL-608/06-07-2006-NA-MRI BREASTS - Delayed contrast-57426/500.000000-Registered AX Sen Vibrant MultiPhase-49996,0.8033110668870771,0.6843880809059695,7.238788882951593,10.577023599489243,12.511769825248544,11.741040233301307,9.859019407628733,13.255340490534373,308.3460287733329,8.496640112195497,0.6159071825322053,358.3667945028815,1.1622228310464773,326.18165408,56.0,135.2,2.3142595176526295,36.0,3.1324804727230093,188.0,23.235736980812963,92.8567335243553,90.0,31.0,157.0,15.596352040816328,97.47674764977658,0.44106915099425764,3099285.54989408,0.236672933719756,879.3433715650938,10.341014034883111,33.50294319066435,1.4388040386448633,3.353106465886102,2.133293533300766,0.22328902085156033,1.0668262585053128,1.840058298261802,0.9316715354808696,0.6078553204324044,0.5699617572553403,0.9616523795249876,0.8801542190224995,-0.08834696689655311,0.5208460121929667,0.4552499402717168,3.167852053822939,0.07304393058657113,4.275027899812207,0.3694610600363663,0.17506317176094802,6.335704107645878,2.8484292311609343,1.371599999796717,5.659332726151101,29.595988538681947,0.08480225942315744,16.39631858523329,1.521826585988621,11.931232091690545,57.11461318051576,565.432664756447,8.25492869162947,0.1821509138516916,0.10883179787831268,2.18311159877567,0.015536313565249232,60.242165350172804,0.2175183066610223,1.6983094532877605,12.427825490785086,2.1387488486199855,24.01749577436795,0.376797781894153,0.18620090932275765,3.2122230938201763,191.61762903366588,0.6765785699144173,0.7930350451840423,0.4455019700310725,0.8428640612163457,10.815926611787509,0.1599056439800427,6.081081081081081,0.1643535427319211,3.288531775018262,20.83783783783784,570.4054054054054,5494.864864864865,77.05760066188637,0.17767573696145125,10.72972972972973,0.2899926953981008,0.5484183968697941,14.513756550158153,0.04372018819702868,4.196373812781266,0.10601719197707736,481.4346238130022,2.4181391404611694,0.020500831737461263,14.803392775631728,0.05800874066998021,0.30671206848797594
113,AMBL-608,1,0.0,-1,-1,-1,-1,,-1.0,-1.0,-1.0,-1,/media/bendico765/Crucial X9/MRI Lesions/manifest-1728494830954/Advanced-MRI-Breast-Lesions/AMBL-608/06-07-2006-NA-MRI BREASTS - Delayed contrast-57426/600.000000-Registered Ax T2 FSE-98977,/media/bendico765/Crucial X9/MRI Lesions/manifest-1728494830954/Advanced-MRI-Breast-Lesions/AMBL-608/06-07-2006-NA-MRI BREASTS - Delayed contrast-57426/500.000000-ROI-92345/1-1.dcm,4.01,L,"[[[0 0 0 ... 0 0 0]
  [0 0 0 ... 0 0 0]
  [0 0 0 ... 0 0 0]
  ...
  [0 0 0 ... 0 0 0]
  [0 0 0 ... 0 0 0]
  [0 0 0 ... 0 0 0]]

 [[0 0 0 ... 0 0 0]
  [0 0 0 ... 0 0 0]
  [0 0 0 ... 0 0 0]
  ...
  [0 0 0 ... 0 0 0]
  [0 0 0 ... 0 0 0]
  [0 0 0 ... 0 0 0]]

 [[0 0 0 ... 0 0 0]
  [0 0 0 ... 0 0 0]
  [0 0 0 ... 0 0 0]
  ...
  [0 0 0 ... 0 0 0]
  [0 0 0 ... 0 0 0]
  [0 0 0 ... 0 0 0]]

 ...

 [[0 0 0 ... 0 0 0]
  [0 0 0 ... 0 0 0]
  [0 0 0 ... 0 0 0]
  ...
  [0 0 0 ... 0 0 0]
  [0 0 0 ... 0 0 0]
  [0 0 0 ... 0 0 0]]

 [[0 0 0 ... 0 0 0]
  [0 0 0 ... 0 0 0]
  [0 0 0 ... 0 0 0]
  ...
  [0 0 0 ... 0 0 0]
  [0 0 0 ... 0 0 0]
  [0 0 0 ... 0 0 0]]

 [[0 0 0 ... 0 0 0]
  [0 0 0 ... 0 0 0]
  [0 0 0 ... 0 0 0]
  ...
  [0 0 0 ... 0 0 0]
  [0 0 0 ... 0 0 0]
  [0 0 0 ... 0 0 0]]]","[61, 62]","[122, 123, 124, 125]","[157, 160]",2,4,4,/media/bendico765/Crucial X9/Materiali Tesista/Roi masks/AMBL-608/ROI 1.npy,/media/bendico765/Crucial X9/Materiali Tesista/Cleaned Roi masks/AMBL-608/ROI 1.npy,0.6836,2.0,/media/bendico765/Crucial X9/MRI Lesions/manifest-1728494830954/Advanced-MRI-Breast-Lesions/AMBL-608/06-07-2006-NA-MRI BREASTS - Delayed contrast-57426/500.000000-Registered AX Sen Vibrant MultiPhase-49996,0.6176869316646486,0.5337873871198516,4.689822748677,8.785937738210347,9.321917133293987,9.321917133293987,6.449069501873894,9.544837331248763,133.10516877333313,5.426958923311791,0.7394230320840083,170.49870993130648,1.2809322996438357,142.06192384,38.1,127.70000000000002,2.2959076177479716,39.25,5.0899544434605595,223.0,27.26644736842105,75.625,65.5,25.0,198.0,16.4,83.98476522247165,1.4295876526407068,1002025.36824416,0.25415512465373963,1334.3001644736842,5.299074106400871,77.11263931666369,10.26872167787853,3.676654476772737,2.9123091317774508,0.10671874797963797,1.1284742627914208,1.9659425446731558,1.5870772147209289,0.6213085139308719,0.5872999531700794,0.9626044875406934,0.8910556747083936,-0.1285697879868618,0.6250980554814062,0.43707085083107267,2.2585483741138916,0.11147518825158009,3.81814215663727,0.45994384037887603,0.23945327854367213,4.517096748227784,2.6100308340615124,1.647240902137547,5.173069454359602,11.355263157894736,0.07470567867036011,20.85231994459834,2.168282548476454,8.68421052631579,65.35526315789474,249.80263157894737,25.423765822666788,0.35219784021064565,0.15534318775287542,3.6504012760116487,0.018637921590835323,26.154275831559254,0.2185963455061256,2.4882771834696467,10.050639406087727,2.211190645417428,14.907902967711912,0.832625757505123,0.3329504081231717,3.1914064023365336,80.41870034822757,0.663752758790041,0.7818825910931172,0.4824661808060865,0.8369775111578902,9.343809099500875,0.2633655967217918,4.777777777777778,0.17695473251028807,2.7681755829903976,23.185185185185187,188.44444444444446,722.8148148148148,77.3687310510624,0.10007878768791467,9.962962962962964,0.36899862825788754,0.6148814972612139,17.85362572334671,0.030121351735239405,3.7080481500712263,0.17763157894736842,156.7517146776406,1.4262505708472404,0.04515810964601905,25.396262665355472,0.07144697258992569,1.27901727118505
114,AMBL-608,2,0.0,-1.0,-1,-1,-1,,-1.0,-1.0,-1.0,-1,/media/bendico765/Crucial X9/MRI Lesions/manifest-1728494830954/Advanced-MRI-Breast-Lesions/AMBL-608/06-07-2006-NA-MRI BREASTS - Delayed contrast-57426/600.000000-Registered Ax T2 FSE-98977,/media/bendico765/Crucial X9/MRI Lesions/manifest-1728494830954/Advanced-MRI-Breast-Lesions/AMBL-608/06-07-2006-NA-MRI BREASTS - Delayed contrast-57426/500.000000-ROI-92345/1-1.dcm,4.01,R,"[[[0 0 0 ... 0 0 0]
  [0 0 0 ... 0 0 0]
  [0 0 0 ... 0 0 0]
  ...
  [0 0 0 ... 0 0 0]
  [0 0 0 ... 0 0 0]
  [0 0 0 ... 0 0 0]]

 [[0 0 0 ... 0 0 0]
  [0 0 0 ... 0 0 0]
  [0 0 0 ... 0 0 0]
  ...
  [0 0 0 ... 0 0 0]
  [0 0 0 ... 0 0 0]
  [0 0 0 ... 0 0 0]]

 [[0 0 0 ... 0 0 0]
  [0 0 0 ... 0 0 0]
  [0 0 0 ... 0 0 0]
  ...
  [0 0 0 ... 0 0 0]
  [0 0 0 ... 0 0 0]
  [0 0 0 ... 0 0 0]]

 ...

 [[0 0 0 ... 0 0 0]
  [0 0 0 ... 0 0 0]
  [0 0 0 ... 0 0 0]
  ...
  [0 0 0 ... 0 0 0]
  [0 0 0 ... 0 0 0]
  [0 0 0 ... 0 0 0]]

 [[0 0 0 ... 0 0 0]
  [0 0 0 ... 0 0 0]
  [0 0 0 ... 0 0 0]
  ...
  [0 0 0 ... 0 0 0]
  [0 0 0 ... 0 0 0]
  [0 0 0 ... 0 0 0]]

 [[0 0 0 ... 0 0 0]
  [0 0 0 ... 0 0 0]
  [0 0 0 ... 0 0 0]
  ...
  [0 0 0 ... 0 0 0]
  [0 0 0 ... 0 0 0]
  [0 0 0 ... 0 0 0]]]","[53, 54]","[88, 89, 90, 91, 92]","[338, 339, 340, 341]",2,5,4,/media/bendico765/Crucial X9/Materiali Tesista/Roi masks/AMBL-608/ROI 2.npy,/media/bendico765/Crucial X9/Materiali Tesista/Cleaned Roi masks/AMBL-608/ROI 2.npy,0.6836,2.0,/media/bendico765/Crucial X9/MRI Lesions/manifest-1728494830954/Advanced-MRI-Breast-Lesions/AMBL-608/06-07-2006-NA-MRI BREASTS - Delayed contrast-57426/500.000000-Registered AX Sen Vibrant MultiPhase-49996,0.5484837876300018,0.3835634502832326,3.3981762421236916,8.859489191721464,8.454403785010507,8.699581829030635,6.114304277675425,9.928789605989241,65.15065750666666,4.859286188342452,0.6383270745896011,122.66482994948412,1.8827872909330532,73.83481568,78.60000000000001,231.00000000000003,3.0996591179010506,93.0,1.9663101105801337,274.0,50.00737061368371,157.58227848101265,157.0,47.0,227.0,38.86167800453515,167.89851515842855,-0.08606705021488993,2081396.91169376,0.1277038936067938,3357.736901137638,30.94812280976394,277.72093989243047,1.4646634931713687,10.476548763749744,8.72313801612262,0.07009412392603258,2.378879857702032,2.4580980658385743,2.661256407911913,0.41095982951599347,0.3244780512634829,0.9275647371326751,0.8233915646813367,-0.2948836713307399,0.9069233067299893,0.30910702459802875,5.520875401676768,0.03261453471980596,5.140074780457481,0.6686127150608212,0.06389219566624768,11.041750803353539,3.3413483719437522,4.7999216949680905,4.941138463471464,15.658227848101266,0.1982054157987502,2.525877263259093,5.353629226085563,38.379746835443036,11.075949367088608,422.5822784810127,0.5456299254347777,0.06939212839378603,0.3156159942880105,14.414962201125174,0.027706011956867845,9.214450844531827,0.12598875366079543,5.472909029083488,38.53317401020562,1.2756925396607781,48.832887986435416,0.08477437960520207,0.07072600757319568,3.4071779156479254,63.89968301033865,0.8688566435060733,0.925998052580331,0.0972846181855412,0.9443789244436611,36.56221881471544,0.0675641233020106,3.838709677419355,0.12382934443288242,6.797086368366285,41.645161290322584,13.32258064516129,532.8387096774194,0.635745332780663,0.08802210071603313,10.67741935483871,0.34443288241415193,0.6025139047952323,29.405490922780004,0.05758625139530507,4.195816471537612,0.3924050632911392,6.828303850156088,0.3502569536355763,0.06422229453461209,60.460259048009924,0.19795587329388672,2.079054358551318
115,AMBL-610,0,1.0,2,strong,strong,neg,,100,90,0.0,20,/media/bendico765/Crucial X9/MRI Lesions/manifest-1728494830954/Advanced-MRI-Breast-Lesions/AMBL-610/06-22-2006-NA-MRI BREASTS - Delayed contrast-91740/600.000000-Registered Ax T2 FSE-93781,/media/bendico765/Crucial X9/MRI Lesions/manifest-1728494830954/Advanced-MRI-Breast-Lesions/AMBL-610/06-22-2006-NA-MRI BREASTS - Delayed contrast-91740/500.000000-ROI-69655/1-1.dcm,53.44,R,"[[[0 0 0 ... 0 0 0]
  [0 0 0 ... 0 0 0]
  [0 0 0 ... 0 0 0]
  ...
  [0 0 0 ... 0 0 0]
  [0 0 0 ... 0 0 0]
  [0 0 0 ... 0 0 0]]

 [[0 0 0 ... 0 0 0]
  [0 0 0 ... 0 0 0]
  [0 0 0 ... 0 0 0]
  ...
  [0 0 0 ... 0 0 0]
  [0 0 0 ... 0 0 0]
  [0 0 0 ... 0 0 0]]

 [[0 0 0 ... 0 0 0]
  [0 0 0 ... 0 0 0]
  [0 0 0 ... 0 0 0]
  ...
  [0 0 0 ... 0 0 0]
  [0 0 0 ... 0 0 0]
  [0 0 0 ... 0 0 0]]

 ...

 [[0 0 0 ... 0 0 0]
  [0 0 0 ... 0 0 0]
  [0 0 0 ... 0 0 0]
  ...
  [0 0 0 ... 0 0 0]
  [0 0 0 ... 0 0 0]
  [0 0 0 ... 0 0 0]]

 [[0 0 0 ... 0 0 0]
  [0 0 0 ... 0 0 0]
  [0 0 0 ... 0 0 0]
  ...
  [0 0 0 ... 0 0 0]
  [0 0 0 ... 0 0 0]
  [0 0 0 ... 0 0 0]]

 [[0 0 0 ... 0 0 0]
  [0 0 0 ... 0 0 0]
  [0 0 0 ... 0 0 0]
  ...
  [0 0 0 ... 0 0 0]
  [0 0 0 ... 0 0 0]
  [0 0 0 ... 0 0 0]]]","[40, 41, 42, 43]","[227, 228, 229, 230, 231, 232, 233, 234, 235, 236, 237, 238, 239, 240]","[378, 379, 380, 381, 382, 383, 384, 385, 386, 387, 388, 389]",4,14,12,/media/bendico765/Crucial X9/Materiali Tesista/Roi masks/AMBL-610/ROI 0.npy,/media/bendico765/Crucial X9/Materiali Tesista/Cleaned Roi masks/AMBL-610/ROI 0.npy,0.7422,2.0,/media/bendico765/Crucial X9/MRI Lesions/manifest-1728494830954/Advanced-MRI-Breast-Lesions/AMBL-610/06-22-2006-NA-MRI BREASTS - Delayed contrast-91740/500.000000-Registered AX Sen Vibrant MultiPhase-72866,0.6381671220286697,0.5926017947512694,9.024067931113347,15.22787816547364,14.513929917152005,16.21298131868411,15.744439589899665,18.051397297716317,609.4816143900007,9.71793118346353,0.5233735068126988,664.2212961880339,1.0898135079149507,641.2020177599999,167.1,394.0,3.7831365020470757,91.75,4.702521153547431,676.0,69.40260507079509,272.23883161512026,257.0,90.0,586.0,42.97825875823794,288.06245444908336,1.090029994513628,53206929.11134295,0.09199230051605438,8865.996224064429,78.10455727513873,11211.017077466844,392.8005721266572,55.79442820939429,12.987280554495138,0.6242993734860751,2.671907233596431,2.9353311433302163,5.621419415559749,0.4063111275000647,0.3251304584204156,0.9808674128908657,0.9096504917405084,-0.20119117533256364,0.8846983883739601,0.3222273262647305,8.209619792351202,0.011038640415962864,6.985584586467596,0.7004636383630275,0.03149969706278667,16.419239584702407,4.682070283322327,17.195427190972353,6.102452428143024,97.27835051546391,0.1671449321571545,3.2760359466704454,14.441763795892822,84.92096219931271,14.06872852233677,864.8591065292096,0.5174767404862124,0.02953519402361535,0.26658579442911623,30.187036757355017,0.006716921206981459,48.63876055044311,0.09159184667834946,14.677761250709315,86.82475782003497,1.3231623171739326,107.8703649170159,0.04021886973762348,0.029020324107046212,4.203190050409253,448.32284862817346,0.8424170511260675,0.9121067935500927,0.11509807515108425,0.9337783923879174,82.44642700143953,0.026725704068943205,17.455555555555556,0.0969753086419753,16.967746913580246,113.11666666666666,35.94444444444444,1834.8111111111111,1.5218879558838023,0.02427680739677312,60.96666666666667,0.33870370370370373,0.6034645717838858,74.88964056087137,0.014955602500182397,5.447660256894365,0.30927835051546393,25.490000000000002,0.3477816762291164,0.013964149443000323,427.12922631874665,0.08660209948561622,4.135194199064281
116,AMBL-610,1,1.0,2,strong,strong,neg,,95.0,95.0,0.0,10,/media/bendico765/Crucial X9/MRI Lesions/manifest-1728494830954/Advanced-MRI-Breast-Lesions/AMBL-610/06-22-2006-NA-MRI BREASTS - Delayed contrast-91740/600.000000-Registered Ax T2 FSE-93781,/media/bendico765/Crucial X9/MRI Lesions/manifest-1728494830954/Advanced-MRI-Breast-Lesions/AMBL-610/06-22-2006-NA-MRI BREASTS - Delayed contrast-91740/500.000000-ROI-69655/1-1.dcm,-8.56,R,"[[[0 0 0 ... 0 0 0]
  [0 0 0 ... 0 0 0]
  [0 0 0 ... 0 0 0]
  ...
  [0 0 0 ... 0 0 0]
  [0 0 0 ... 0 0 0]
  [0 0 0 ... 0 0 0]]

 [[0 0 0 ... 0 0 0]
  [0 0 0 ... 0 0 0]
  [0 0 0 ... 0 0 0]
  ...
  [0 0 0 ... 0 0 0]
  [0 0 0 ... 0 0 0]
  [0 0 0 ... 0 0 0]]

 [[0 0 0 ... 0 0 0]
  [0 0 0 ... 0 0 0]
  [0 0 0 ... 0 0 0]
  ...
  [0 0 0 ... 0 0 0]
  [0 0 0 ... 0 0 0]
  [0 0 0 ... 0 0 0]]

 ...

 [[0 0 0 ... 0 0 0]
  [0 0 0 ... 0 0 0]
  [0 0 0 ... 0 0 0]
  ...
  [0 0 0 ... 0 0 0]
  [0 0 0 ... 0 0 0]
  [0 0 0 ... 0 0 0]]

 [[0 0 0 ... 0 0 0]
  [0 0 0 ... 0 0 0]
  [0 0 0 ... 0 0 0]
  ...
  [0 0 0 ... 0 0 0]
  [0 0 0 ... 0 0 0]
  [0 0 0 ... 0 0 0]]

 [[0 0 0 ... 0 0 0]
  [0 0 0 ... 0 0 0]
  [0 0 0 ... 0 0 0]
  ...
  [0 0 0 ... 0 0 0]
  [0 0 0 ... 0 0 0]
  [0 0 0 ... 0 0 0]]]","[72, 73, 74, 75, 76]","[147, 148, 149, 150, 151, 152, 153, 154, 155, 156, 157, 158, 159, 160, 161, 162, 163, 164, 165, 166, 167, 168, 169, 170, 171, 172, 173, 174, 175, 176, 177, 178, 179, 180, 181, 182, 183]","[379, 380, 381, 382, 383, 384, 385, 386, 387, 388, 389, 390, 391, 392, 393, 394, 395, 396, 397, 398, 399, 400, 401]",5,37,23,/media/bendico765/Crucial X9/Materiali Tesista/Roi masks/AMBL-610/ROI 1.npy,/media/bendico765/Crucial X9/Materiali Tesista/Cleaned Roi masks/AMBL-610/ROI 1.npy,0.7422,2.0,/media/bendico765/Crucial X9/MRI Lesions/manifest-1728494830954/Advanced-MRI-Breast-Lesions/AMBL-610/06-22-2006-NA-MRI BREASTS - Delayed contrast-91740/500.000000-Registered AX Sen Vibrant MultiPhase-72866,0.6217910967426085,0.5111999940652521,14.568575708989046,28.49877910430774,24.359336346460672,31.977205837283528,33.73541900495679,35.110113940003096,2796.720484679972,17.720287115092844,0.3543770534126419,2708.8476110135175,0.9685800300216596,2889.8159666399997,159.0,273.0,2.7948892536048473,51.0,4.834139808714962,485.0,36.310869752587486,230.01982462828823,243.0,47.0,438.0,23.235292815423097,234.96891042797284,-0.6250290325126115,159547863.27430797,0.19466480933715052,2301.2691456802627,73.82092903153703,614.7752238202913,-28.031359217284336,12.584027563183518,4.9956831496282295,0.43741935364175205,1.5889358702342329,2.3636247515274373,2.3781974583920875,0.5332965652821119,0.4772823431490301,0.9869875685987103,0.9277276283454235,-0.08866333572450252,0.6000953419064646,0.39890992163512734,8.480277552652497,0.03956875666589111,5.587347707435546,0.4859534740112978,0.11974723960319847,16.96055510530499,3.6973341469810395,4.3949276782029365,6.066733167129776,274.83987800228743,0.10478073884951866,11.255291579561954,3.7942782758869784,79.8688524590164,39.44681662218834,3405.4403354937094,0.5468867477014561,0.01757187624131787,0.1310792823122233,10.816982312509332,0.002816246951593845,395.77055058479925,0.18028465741792304,4.018680980453122,79.17250411728845,1.789667255593637,145.68570307717502,0.029599728078058163,0.018094923145636096,3.603877987498272,1616.565230437775,0.7300896538956836,0.8342473386316315,0.31235600253470575,0.8754162654114274,68.93532801102461,0.016150174928304173,42.26519337016575,0.11675467781813742,7.182572265803852,83.91436464088397,1996.5055248618785,181884.2541436464,23.053052957021077,0.022999746925837034,94.18232044198895,0.2601721559170965,0.5118794273245064,45.39948769132879,0.011720534720796028,5.654373649975227,0.1380099123141441,1944.0030905650008,1.49694327830725,0.002665810743015019,163.76827541019628,0.021766102290922486,0.5232107540044234
117,AMBL-610,2,1.0,3.0,strong,strong,neg,,100.0,90.0,0.0,25,/media/bendico765/Crucial X9/MRI Lesions/manifest-1728494830954/Advanced-MRI-Breast-Lesions/AMBL-610/06-22-2006-NA-MRI BREASTS - Delayed contrast-91740/600.000000-Registered Ax T2 FSE-93781,/media/bendico765/Crucial X9/MRI Lesions/manifest-1728494830954/Advanced-MRI-Breast-Lesions/AMBL-610/06-22-2006-NA-MRI BREASTS - Delayed contrast-91740/500.000000-ROI-69655/1-1.dcm,-20.56,R,"[[[0 0 0 ... 0 0 0]
  [0 0 0 ... 0 0 0]
  [0 0 0 ... 0 0 0]
  ...
  [0 0 0 ... 0 0 0]
  [0 0 0 ... 0 0 0]
  [0 0 0 ... 0 0 0]]

 [[0 0 0 ... 0 0 0]
  [0 0 0 ... 0 0 0]
  [0 0 0 ... 0 0 0]
  ...
  [0 0 0 ... 0 0 0]
  [0 0 0 ... 0 0 0]
  [0 0 0 ... 0 0 0]]

 [[0 0 0 ... 0 0 0]
  [0 0 0 ... 0 0 0]
  [0 0 0 ... 0 0 0]
  ...
  [0 0 0 ... 0 0 0]
  [0 0 0 ... 0 0 0]
  [0 0 0 ... 0 0 0]]

 ...

 [[0 0 0 ... 0 0 0]
  [0 0 0 ... 0 0 0]
  [0 0 0 ... 0 0 0]
  ...
  [0 0 0 ... 0 0 0]
  [0 0 0 ... 0 0 0]
  [0 0 0 ... 0 0 0]]

 [[0 0 0 ... 0 0 0]
  [0 0 0 ... 0 0 0]
  [0 0 0 ... 0 0 0]
  ...
  [0 0 0 ... 0 0 0]
  [0 0 0 ... 0 0 0]
  [0 0 0 ... 0 0 0]]

 [[0 0 0 ... 0 0 0]
  [0 0 0 ... 0 0 0]
  [0 0 0 ... 0 0 0]
  ...
  [0 0 0 ... 0 0 0]
  [0 0 0 ... 0 0 0]
  [0 0 0 ... 0 0 0]]]","[73, 74, 75, 76, 77, 78, 79, 80, 81, 82, 83, 84, 85, 86, 87]","[95, 96, 97, 98, 99, 100, 101, 102, 103, 104, 105, 106, 107, 108, 109, 110, 111, 112, 113, 114, 115, 116, 117, 118, 119, 120, 121, 122, 123, 124, 125, 126, 127, 128, 129, 130, 131, 132, 133, 134, 135, 136, 137, 138, 139, 140, 141, 142, 143, 144, 145, 146, 147, 148, 149, 150, 151, 152, 153, 154, 155, 156, 157, 158]","[352, 353, 354, 355, 356, 357, 358, 359, 360, 361, 362, 363, 364, 365, 366, 367, 368, 369, 370, 371, 372, 373, 374, 375, 376, 377, 378, 379, 380, 381, 382, 383, 384, 385, 386, 387, 388, 389, 390, 391, 392, 393, 394, 395, 396, 397, 398, 399, 400, 401, 402, 403, 404, 405, 406, 407]",15,64,56,/media/bendico765/Crucial X9/Materiali Tesista/Roi masks/AMBL-610/ROI 2.npy,/media/bendico765/Crucial X9/Materiali Tesista/Cleaned Roi masks/AMBL-610/ROI 2.npy,0.7422,2.0,/media/bendico765/Crucial X9/MRI Lesions/manifest-1728494830954/Advanced-MRI-Breast-Lesions/AMBL-610/06-22-2006-NA-MRI BREASTS - Delayed contrast-91740/500.000000-Registered AX Sen Vibrant MultiPhase-72866,0.8695742024169213,0.562336224593304,26.45374574278329,47.04257806246666,48.71192457253152,58.51110850975223,59.911678606428644,64.73715292751142,26628.42938531817,40.90701229830521,0.36325612190939094,11871.389377313679,0.4458163568542679,26783.955762479996,84.0,237.0,3.104480907703872,110.0,1.8115990000369937,326.0,51.40001529648368,161.80235284439144,166.0,-11.0,337.0,41.90090743415748,172.21869804285382,-0.1436884491685651,794392842.2771482,0.12637792015471386,3479.2785695947227,65.99466870511809,778.3859537564612,-6.119282025121298,21.054375740648844,1.87774239336424,0.8371006223169576,0.8571361617038957,1.7792666936608066,1.1058629631501984,0.6895677980993147,0.663326833792124,0.9920401718180123,0.949860920520803,-0.3086795366864428,0.9122878095738783,0.38428469275186655,7.822505571000516,0.04406411100385546,5.200104796557072,0.8459546921044185,0.11971880258796265,15.645011142001032,3.9677650481508837,5.733029533503272,7.42303101079535,1170.3584797005472,0.0481411081280304,44.484727720890035,5.6430066146082565,69.50289992184608,157.2378347250216,10158.468964666201,3.9519035694484814,0.022230404361568402,0.05234808746977732,3.8372339752006384,0.0011414269194106603,1868.0040257491455,0.12175246669089862,5.213967975003516,71.03391419325956,5.032805318454683,333.74386167030127,0.11985131627403156,0.02130007456599676,4.543357946844176,8384.894233316967,0.5311541856977684,0.6300566695038334,2.2195301758608887,0.75196951103951,53.94661886653378,0.01566714617748187,120.21097445600756,0.11372845265469023,6.271991292898896,75.06622516556291,50908.67265846736,3672902.105014191,1057.6303309449388,0.023215091878716766,287.41059602649005,0.27191163294842957,0.5369204413837716,40.5089306936601,0.01202497386115748,5.92132577826722,0.043478260869565216,50379.67265846736,12.416544917463481,0.0005820094872315385,57.87721630240932,0.031744750675409925,0.050786497727924915
118,AMBL-612,0,1.0,1,strong,weak to moderate,neg,,100,30,10.0,3 to 5,/media/bendico765/Crucial X9/MRI Lesions/manifest-1728494830954/Advanced-MRI-Breast-Lesions/AMBL-612/07-12-2006-NA-MRI BREASTS - Delayed contrast-66769/600.000000-Registered Ax T2 FSE-86475,/media/bendico765/Crucial X9/MRI Lesions/manifest-1728494830954/Advanced-MRI-Breast-Lesions/AMBL-612/07-12-2006-NA-MRI BREASTS - Delayed contrast-66769/500.000000-ROI-13439/1-1.dcm,18.41,R,"[[[0 0 0 ... 0 0 0]
  [0 0 0 ... 0 0 0]
  [0 0 0 ... 0 0 0]
  ...
  [0 0 0 ... 0 0 0]
  [0 0 0 ... 0 0 0]
  [0 0 0 ... 0 0 0]]

 [[0 0 0 ... 0 0 0]
  [0 0 0 ... 0 0 0]
  [0 0 0 ... 0 0 0]
  ...
  [0 0 0 ... 0 0 0]
  [0 0 0 ... 0 0 0]
  [0 0 0 ... 0 0 0]]

 [[0 0 0 ... 0 0 0]
  [0 0 0 ... 0 0 0]
  [0 0 0 ... 0 0 0]
  ...
  [0 0 0 ... 0 0 0]
  [0 0 0 ... 0 0 0]
  [0 0 0 ... 0 0 0]]

 ...

 [[0 0 0 ... 0 0 0]
  [0 0 0 ... 0 0 0]
  [0 0 0 ... 0 0 0]
  ...
  [0 0 0 ... 0 0 0]
  [0 0 0 ... 0 0 0]
  [0 0 0 ... 0 0 0]]

 [[0 0 0 ... 0 0 0]
  [0 0 0 ... 0 0 0]
  [0 0 0 ... 0 0 0]
  ...
  [0 0 0 ... 0 0 0]
  [0 0 0 ... 0 0 0]
  [0 0 0 ... 0 0 0]]

 [[0 0 0 ... 0 0 0]
  [0 0 0 ... 0 0 0]
  [0 0 0 ... 0 0 0]
  ...
  [0 0 0 ... 0 0 0]
  [0 0 0 ... 0 0 0]
  [0 0 0 ... 0 0 0]]]","[55, 56, 57, 58, 59, 60, 61, 62, 63, 64]","[173, 174, 175, 176, 177, 178, 179, 180, 181, 182, 183, 184, 185, 186, 187, 188, 189, 190, 191, 192, 193, 194, 195, 196, 197]","[330, 331, 332, 333, 334, 335, 336, 337, 338, 339, 340, 341, 342, 343, 344, 345, 346, 347, 348, 349]",10,25,20,/media/bendico765/Crucial X9/Materiali Tesista/Roi masks/AMBL-612/ROI 0.npy,/media/bendico765/Crucial X9/Materiali Tesista/Cleaned Roi masks/AMBL-612/ROI 0.npy,0.6641,2.0,/media/bendico765/Crucial X9/MRI Lesions/manifest-1728494830954/Advanced-MRI-Breast-Lesions/AMBL-612/07-12-2006-NA-MRI BREASTS - Delayed contrast-66769/500.000000-Registered AX Sen Vibrant MultiPhase-27760,0.6172692186112371,0.5231065833525703,14.094855150080937,26.94451876278739,27.114781953945343,30.771825249893773,21.68263617413713,31.30467041768688,2098.047553971663,16.632022042561587,0.2969162317404057,2669.277563817433,1.2722674272870582,2214.84668382,106.0,286.0,3.3865362087924047,109.0,2.154122450777546,374.0,58.511488042814726,207.07048984468338,223.0,42.0,332.0,44.826435880046866,218.16513900561588,-0.339541841700061,105417904.50713013,0.10834764313008426,4717.840112822578,55.805066425091496,1277.6008192487336,-13.129841210369266,25.006355422026125,6.369441940632478,0.5942282229339738,1.8769436996652855,2.4940029101958956,2.6601228762234497,0.4843504813138501,0.41874376010058445,0.9707846173465143,0.8908787282359623,-0.12701397233424871,0.7177905114243891,0.3883683028805502,7.147170990195483,0.015791171269709706,6.376498024900692,0.6061622781803824,0.04617541002992725,14.294341980390966,4.248174316374016,7.843949340664651,6.341065771151213,333.1545201115094,0.13267802473576637,5.52357869103543,7.6874683293151715,68.55356431700518,22.919553962564716,1445.8868976503386,0.8787972580751793,0.03301061533901009,0.18186574721954757,13.402192610898666,0.005563609691850685,237.85440998470582,0.10788516094733704,7.558229214779903,69.05609561607514,1.565280373494675,107.24885777115509,0.05214317434954632,0.03251756977801952,3.9521037318378047,1784.3701110667525,0.7989290521103292,0.878044297399136,0.22469704193881906,0.9098635508815125,63.34545066607849,0.02912298457710869,57.66276803118908,0.11240305659101187,6.567969631681542,75.42884990253411,266.02534113060426,18626.666666666668,8.092767828417172,0.03005440916644885,143.7953216374269,0.2803027712230544,0.5426798817551316,41.12780640964624,0.016963455045994617,5.729150233376923,0.20430107526881722,242.0668923771417,2.6588207628323888,0.003464938499946236,87.2155612360729,0.09698418300669039,0.23338801893601757
119,AMBL-613,0,1.0,3,neg,neg,pos,,0,0,10.0,60 to 70,/media/bendico765/Crucial X9/MRI Lesions/manifest-1728494830954/Advanced-MRI-Breast-Lesions/AMBL-613/08-18-2006-NA-MRI BREASTS - Delayed contrast-59944/600.000000-Registered Ax T2 FSE-26348,/media/bendico765/Crucial X9/MRI Lesions/manifest-1728494830954/Advanced-MRI-Breast-Lesions/AMBL-613/08-18-2006-NA-MRI BREASTS - Delayed contrast-59944/500.000000-ROI-32992/1-1.dcm,3.0,L,"[[[0 0 0 ... 0 0 0]
  [0 0 0 ... 0 0 0]
  [0 0 0 ... 0 0 0]
  ...
  [0 0 0 ... 0 0 0]
  [0 0 0 ... 0 0 0]
  [0 0 0 ... 0 0 0]]

 [[0 0 0 ... 0 0 0]
  [0 0 0 ... 0 0 0]
  [0 0 0 ... 0 0 0]
  ...
  [0 0 0 ... 0 0 0]
  [0 0 0 ... 0 0 0]
  [0 0 0 ... 0 0 0]]

 [[0 0 0 ... 0 0 0]
  [0 0 0 ... 0 0 0]
  [0 0 0 ... 0 0 0]
  ...
  [0 0 0 ... 0 0 0]
  [0 0 0 ... 0 0 0]
  [0 0 0 ... 0 0 0]]

 ...

 [[0 0 0 ... 0 0 0]
  [0 0 0 ... 0 0 0]
  [0 0 0 ... 0 0 0]
  ...
  [0 0 0 ... 0 0 0]
  [0 0 0 ... 0 0 0]
  [0 0 0 ... 0 0 0]]

 [[0 0 0 ... 0 0 0]
  [0 0 0 ... 0 0 0]
  [0 0 0 ... 0 0 0]
  ...
  [0 0 0 ... 0 0 0]
  [0 0 0 ... 0 0 0]
  [0 0 0 ... 0 0 0]]

 [[0 0 0 ... 0 0 0]
  [0 0 0 ... 0 0 0]
  [0 0 0 ... 0 0 0]
  ...
  [0 0 0 ... 0 0 0]
  [0 0 0 ... 0 0 0]
  [0 0 0 ... 0 0 0]]]","[52, 53, 54, 55, 56, 57, 58, 59, 60, 61]","[197, 198, 199, 200, 201, 202, 203, 204, 205, 206, 207, 208, 209, 210, 211, 212, 213, 214, 215, 216, 217, 218, 219, 220, 221, 222, 223, 224, 225, 226, 227, 229]","[114, 115, 116, 117, 118, 119, 120, 121, 122, 123, 124, 125, 126, 127, 128, 129, 130, 131, 132, 133, 134, 135, 136, 137, 138, 139, 140, 141, 142, 143, 144]",10,33,31,/media/bendico765/Crucial X9/Materiali Tesista/Roi masks/AMBL-613/ROI 0.npy,/media/bendico765/Crucial X9/Materiali Tesista/Cleaned Roi masks/AMBL-613/ROI 0.npy,0.7227,2.0,/media/bendico765/Crucial X9/MRI Lesions/manifest-1728494830954/Advanced-MRI-Breast-Lesions/AMBL-613/08-18-2006-NA-MRI BREASTS - Delayed contrast-59944/500.000000-Registered AX Sen Vibrant MultiPhase-26477,0.8661793683441064,0.7741389510939409,19.789780097255548,25.56360207594577,31.86299325063482,30.57499594374462,35.830180334740156,39.424263986788645,5012.032652055106,22.14266469874279,0.3634870998494448,3896.4674254962474,0.7774225939846106,5135.2072912799995,87.0,264.0,3.414080858286917,124.0,2.1568065398406135,449.0,61.98932331683263,173.87978030919447,166.0,-17.0,466.0,49.76405876951331,187.9233419919384,0.02729448281227954,181350782.48930344,0.10661422723562192,5081.004465045307,66.31974197732552,1665.388978281961,43.59249893120485,25.343739292039302,4.431373318590387,0.6933550786012846,1.459781660440045,2.2533173470993964,2.1775801627629146,0.5538481252004377,0.5039574023813796,0.9885410055226777,0.9332163352121463,-0.19251904992094301,0.8207634821555843,0.42018994775071583,7.810457991002252,0.023317718008121005,6.053569772447691,0.7446437737007321,0.054881227108187054,15.620915982004504,4.2032504110179865,7.443778152657421,6.938057423689382,418.9556550040684,0.0852228753059537,15.872024627244627,8.218752793058453,80.1613100081367,54.077298616761595,3490.61737184703,1.7095567507319016,0.023938156673487365,0.1164370474413319,11.335842468757162,0.002247683977441087,408.19286557346175,0.10361578301076736,8.13751478052876,82.78046176927154,2.0892566025726724,158.64535022007223,0.05422409086557479,0.022741813221583015,4.2787329680108055,2777.6206637746386,0.6929390677862094,0.8007291731864554,0.45298675051122916,0.8537842349369219,72.31557582048127,0.01864180201585288,71.35392320534224,0.11912174157820073,7.052076220523354,105.68781302170284,2072.9382303839734,107598.05175292154,53.490321051985944,0.01941031419600027,161.3338898163606,0.2693387142176304,0.526032697764765,54.699782807680556,0.00968314569566229,5.757682370468763,0.12184703010577705,2005.5831895674762,2.310101672578887,0.002282349981715638,148.2523536971637,0.0447832323268103,0.3361800169213578
120,AMBL-615,0,0.0,-1,-1,-1,-1,,-1,-1,-1.0,-1,/media/bendico765/Crucial X9/MRI Lesions/manifest-1728494830954/Advanced-MRI-Breast-Lesions/AMBL-615/09-29-2006-NA-MRI BREASTS - Delayed contrast-50493/600.000000-Registered Ax T2 FSE-38288,/media/bendico765/Crucial X9/MRI Lesions/manifest-1728494830954/Advanced-MRI-Breast-Lesions/AMBL-615/09-29-2006-NA-MRI BREASTS - Delayed contrast-50493/500.000000-ROI-42272/1-1.dcm,-65.5,R,"[[[0 0 0 ... 0 0 0]
  [0 0 0 ... 0 0 0]
  [0 0 0 ... 0 0 0]
  ...
  [0 0 0 ... 0 0 0]
  [0 0 0 ... 0 0 0]
  [0 0 0 ... 0 0 0]]

 [[0 0 0 ... 0 0 0]
  [0 0 0 ... 0 0 0]
  [0 0 0 ... 0 0 0]
  ...
  [0 0 0 ... 0 0 0]
  [0 0 0 ... 0 0 0]
  [0 0 0 ... 0 0 0]]

 [[0 0 0 ... 0 0 0]
  [0 0 0 ... 0 0 0]
  [0 0 0 ... 0 0 0]
  ...
  [0 0 0 ... 0 0 0]
  [0 0 0 ... 0 0 0]
  [0 0 0 ... 0 0 0]]

 ...

 [[0 0 0 ... 0 0 0]
  [0 0 0 ... 0 0 0]
  [0 0 0 ... 0 0 0]
  ...
  [0 0 0 ... 0 0 0]
  [0 0 0 ... 0 0 0]
  [0 0 0 ... 0 0 0]]

 [[0 0 0 ... 0 0 0]
  [0 0 0 ... 0 0 0]
  [0 0 0 ... 0 0 0]
  ...
  [0 0 0 ... 0 0 0]
  [0 0 0 ... 0 0 0]
  [0 0 0 ... 0 0 0]]

 [[0 0 0 ... 0 0 0]
  [0 0 0 ... 0 0 0]
  [0 0 0 ... 0 0 0]
  ...
  [0 0 0 ... 0 0 0]
  [0 0 0 ... 0 0 0]
  [0 0 0 ... 0 0 0]]]","[80, 81, 82, 83, 84, 85, 86, 87, 88, 89, 90]","[55, 56, 57, 58, 59, 60, 61, 62, 63, 64, 65, 66, 67, 68, 69, 70, 71, 72, 73, 74, 75, 76, 77, 78, 79, 80, 81, 82, 83, 84, 85, 86, 87, 88, 89, 90, 91, 92, 93, 94, 95, 96, 97, 98, 99, 100, 101, 102, 103, 104, 105, 106, 107, 108, 109, 110, 111, 112, 113, 114, 115, 116, 117, 118, 119, 120, 121, 122, 123, 124, 125, 126, 127, 128, 129, 130, 131, 132, 133, 134, 135, 136, 137, 138, 139, 140, 141, 142, 143, 144, 145, 146, 147, 148, 149, 150, 151, 152, 153, 154, 155, 156, 157, 158, 159, 160, 161, 162, 163, 164, 165, 166, 167, 168, 169, 170, 171, 172, 173, 174, 175, 176, 177, 178, 179, 180, 181, 182, 183, 184, 185, 187]","[380, 381, 382, 383, 384, 385, 386, 387, 388, 389, 390, 391, 392, 393, 394, 395, 396, 397, 398, 399, 400, 401, 402, 403, 404, 405, 406, 407, 408, 409, 410, 411, 412, 413, 414, 415, 416, 417, 418, 419, 420, 421, 422, 423, 424, 425, 426, 427, 428, 429, 430, 431, 432, 433, 434, 435, 436, 437, 438, 439, 440, 441, 442, 443, 444, 445, 446, 447, 448]",11,133,69,/media/bendico765/Crucial X9/Materiali Tesista/Roi masks/AMBL-615/ROI 0.npy,/media/bendico765/Crucial X9/Materiali Tesista/Cleaned Roi masks/AMBL-615/ROI 0.npy,0.6641,2.0,/media/bendico765/Crucial X9/MRI Lesions/manifest-1728494830954/Advanced-MRI-Breast-Lesions/AMBL-615/09-29-2006-NA-MRI BREASTS - Delayed contrast-50493/500.000000-Registered AX Sen Vibrant MultiPhase-49829,0.49936823031784233,0.3437971553536654,27.54557162324561,80.12158097966046,51.727537776410735,102.46535133887944,97.92942087774236,102.54279722223303,39447.08686242243,40.01017210408074,0.2780226023561264,20156.4468627155,0.5109742813965984,39534.70458602,119.0,266.0,3.3512893546472755,84.0,6.93726244457281,616.0,52.46906928928457,201.40933937216928,199.0,33.0,583.0,34.35124523760256,214.115064584853,1.4262875683957021,1812478845.6458378,0.11997116865721122,5279.5388958421,57.97620986139502,5110.216236534455,180.94375851614603,24.254572120292927,3.8481540610796907,0.7145618829306529,1.3356755173345742,2.1915928135775684,1.9590132616108684,0.5855532763963788,0.5408372006438706,0.9935268183907286,0.9501148140203165,-0.1821653445274443,0.7952621794190974,0.4043720135696655,7.270227198545812,0.02644775415802318,5.9225138549469785,0.9302157002470791,0.07299170689519341,14.54045439709162,4.095724311232315,7.0256815453431525,7.340771588429806,3080.781441734901,0.06873522325996521,23.868351170128857,8.526087500873807,65.88708417929095,82.19042413154548,4832.404029361237,2.1575349487934403,0.027484362465586422,0.08226259656545955,6.899762801312972,0.0023391532261051624,3809.123174053174,0.11395292807681213,9.254795767709364,67.92364388439695,2.735877332975415,172.91335392941647,0.07290147769992611,0.02763017642721869,4.486571651305896,21572.626768516766,0.6319308677113844,0.7447350400653541,0.8045646545222963,0.8177430157276177,56.91375766174797,0.022533228855540613,276.19988084599345,0.08227580603097809,14.203933839178827,91.9871909442955,40889.7417336908,2230866.674709562,961.3066289938826,0.029670753368140255,900.692582663092,0.2683028247432505,0.529342124522664,50.203500035406364,0.0161983233002666,6.495477732876191,0.07489792731085874,40711.47906610163,17.339067628508992,0.00024378729354640604,270.86316437792266,0.027366406290111316,0.09756996053423762
121,AMBL-618,0,1.0,2,moderate,strong,neg,,100,100,0.0,10,/media/bendico765/Crucial X9/MRI Lesions/manifest-1728494830954/Advanced-MRI-Breast-Lesions/AMBL-618/10-28-2006-NA-MRI BREASTS - Delayed contrast-33369/600.000000-Registered Ax T2 FSE-54545,/media/bendico765/Crucial X9/MRI Lesions/manifest-1728494830954/Advanced-MRI-Breast-Lesions/AMBL-618/10-28-2006-NA-MRI BREASTS - Delayed contrast-33369/500.000000-ROI-84811/1-1.dcm,2.78,R,"[[[0 0 0 ... 0 0 0]
  [0 0 0 ... 0 0 0]
  [0 0 0 ... 0 0 0]
  ...
  [0 0 0 ... 0 0 0]
  [0 0 0 ... 0 0 0]
  [0 0 0 ... 0 0 0]]

 [[0 0 0 ... 0 0 0]
  [0 0 0 ... 0 0 0]
  [0 0 0 ... 0 0 0]
  ...
  [0 0 0 ... 0 0 0]
  [0 0 0 ... 0 0 0]
  [0 0 0 ... 0 0 0]]

 [[0 0 0 ... 0 0 0]
  [0 0 0 ... 0 0 0]
  [0 0 0 ... 0 0 0]
  ...
  [0 0 0 ... 0 0 0]
  [0 0 0 ... 0 0 0]
  [0 0 0 ... 0 0 0]]

 ...

 [[0 0 0 ... 0 0 0]
  [0 0 0 ... 0 0 0]
  [0 0 0 ... 0 0 0]
  ...
  [0 0 0 ... 0 0 0]
  [0 0 0 ... 0 0 0]
  [0 0 0 ... 0 0 0]]

 [[0 0 0 ... 0 0 0]
  [0 0 0 ... 0 0 0]
  [0 0 0 ... 0 0 0]
  ...
  [0 0 0 ... 0 0 0]
  [0 0 0 ... 0 0 0]
  [0 0 0 ... 0 0 0]]

 [[0 0 0 ... 0 0 0]
  [0 0 0 ... 0 0 0]
  [0 0 0 ... 0 0 0]
  ...
  [0 0 0 ... 0 0 0]
  [0 0 0 ... 0 0 0]
  [0 0 0 ... 0 0 0]]]","[60, 61, 62, 63, 64]","[140, 142, 143, 144, 145, 146, 147, 148, 149, 150, 151]","[387, 388, 389, 390, 391, 392, 393, 394, 395]",5,12,9,/media/bendico765/Crucial X9/Materiali Tesista/Roi masks/AMBL-618/ROI 0.npy,/media/bendico765/Crucial X9/Materiali Tesista/Cleaned Roi masks/AMBL-618/ROI 0.npy,0.7031,2.2,/media/bendico765/Crucial X9/MRI Lesions/manifest-1728494830954/Advanced-MRI-Breast-Lesions/AMBL-618/10-28-2006-NA-MRI BREASTS - Delayed contrast-33369/500.000000-Registered AX Sen Vibrant MultiPhase-42529,0.5474692581829677,0.41816911781364224,7.013309141462932,16.77146599952516,16.395071669254758,17.233000400684727,13.52439853376112,19.532283177345143,444.67983293524975,9.181862049400902,0.4889216841532069,576.24846468546,1.2958727201135927,475.267715054,90.0,276.0,3.2778403109372842,140.0,1.6377687135779264,326.0,64.00581246170844,181.14645308924486,173.0,38.0,288.0,53.568234024074485,195.06028523034072,0.06921462336102881,18083230.725431543,0.11335347621865328,5234.477407327891,47.485212662360176,1167.3685629832487,43.266830763851445,24.789890261299863,6.678620660151546,0.5687149117650845,1.8522256682500873,2.4584070483556815,2.857139008833442,0.5169443414170456,0.4549380961041949,0.9651216499947772,0.8870993416952143,-0.20809918926392953,0.8174852179806062,0.33943599063581303,6.553640243014955,0.02786841172061461,5.701886448450159,0.6357396762670049,0.07327746531475109,13.107280486029914,3.9815794911117965,7.867127730362853,6.297188973427324,44.41876430205949,0.1016447695699302,12.194984526284372,8.50629159706549,54.23112128146453,39.91990846681922,2183.8604118993135,1.6493370258790387,0.04723043265811091,0.16568717603931044,10.198351367435475,0.008008804567947884,39.57778524978493,0.10807004129169395,8.409890257303264,54.349822633751145,1.9281135350167575,101.70128180978612,0.09074359554185801,0.047802776789134166,3.95969010594781,276.94756155318123,0.7383925659359013,0.8359443759901425,0.3694281138478482,0.8760376079912878,47.37775745066853,0.04245446031149077,9.209302325581396,0.10708491076257437,7.532855597620336,61.7093023255814,140.98837209302326,7589.825581395349,5.94230630755606,0.0485808179154392,25.023255813953487,0.2909680908599243,0.5329818429367313,36.171095538414505,0.025804814405577654,5.069486402514864,0.19679633867276888,115.16779340183884,0.6875355188962102,0.017515529263441253,82.28565355950892,0.13197645758252996,1.1092682572878971
122,AMBL-619,0,1.0,3,pos,pos,pos,,90,80,30.0,40,/media/bendico765/Crucial X9/MRI Lesions/manifest-1728494830954/Advanced-MRI-Breast-Lesions/AMBL-619/11-01-2006-NA-MRI BREASTS - Delayed contrast-03702/600.000000-Registered Ax T2 FSE-91148,/media/bendico765/Crucial X9/MRI Lesions/manifest-1728494830954/Advanced-MRI-Breast-Lesions/AMBL-619/11-01-2006-NA-MRI BREASTS - Delayed contrast-03702/500.000000-ROI-41700/1-1.dcm,16.02,R,"[[[0 0 0 ... 0 0 0]
  [0 0 0 ... 0 0 0]
  [0 0 0 ... 0 0 0]
  ...
  [0 0 0 ... 0 0 0]
  [0 0 0 ... 0 0 0]
  [0 0 0 ... 0 0 0]]

 [[0 0 0 ... 0 0 0]
  [0 0 0 ... 0 0 0]
  [0 0 0 ... 0 0 0]
  ...
  [0 0 0 ... 0 0 0]
  [0 0 0 ... 0 0 0]
  [0 0 0 ... 0 0 0]]

 [[0 0 0 ... 0 0 0]
  [0 0 0 ... 0 0 0]
  [0 0 0 ... 0 0 0]
  ...
  [0 0 0 ... 0 0 0]
  [0 0 0 ... 0 0 0]
  [0 0 0 ... 0 0 0]]

 ...

 [[0 0 0 ... 0 0 0]
  [0 0 0 ... 0 0 0]
  [0 0 0 ... 0 0 0]
  ...
  [0 0 0 ... 0 0 0]
  [0 0 0 ... 0 0 0]
  [0 0 0 ... 0 0 0]]

 [[0 0 0 ... 0 0 0]
  [0 0 0 ... 0 0 0]
  [0 0 0 ... 0 0 0]
  ...
  [0 0 0 ... 0 0 0]
  [0 0 0 ... 0 0 0]
  [0 0 0 ... 0 0 0]]

 [[0 0 0 ... 0 0 0]
  [0 0 0 ... 0 0 0]
  [0 0 0 ... 0 0 0]
  ...
  [0 0 0 ... 0 0 0]
  [0 0 0 ... 0 0 0]
  [0 0 0 ... 0 0 0]]]","[64, 65, 66, 67, 68, 69, 70, 71, 72, 73, 76, 77]","[106, 107, 108, 109, 110, 111, 112, 113, 114, 115, 116, 117, 118, 119, 120, 121, 122, 123, 124, 125, 126, 127, 128, 129, 130, 131, 132, 133, 134, 135, 136, 137, 138, 139, 140, 143, 144, 145, 146, 147, 148, 149, 150, 151, 152, 153, 154, 155, 156, 157, 158, 159, 160, 161, 162, 163, 164, 165, 166, 167, 168, 169, 170, 171, 172, 173, 174, 175, 176, 177, 178, 179, 180, 181, 182, 183, 184, 185, 186, 187, 188, 189, 190, 191, 192, 193, 194, 195, 196, 197, 198, 199, 200, 201, 202, 203, 204, 205, 206, 207, 208, 209, 210, 211, 212, 213, 214, 215, 216, 217, 218]","[324, 325, 326, 327, 328, 329, 330, 331, 332, 333, 334, 335, 336, 337, 338, 339, 340, 341, 342, 343, 344, 345, 346, 347, 348, 349, 350, 351, 352, 353, 354, 375, 376, 377, 378, 379, 380, 381, 382, 383, 384, 385, 386]",14,113,63,/media/bendico765/Crucial X9/Materiali Tesista/Roi masks/AMBL-619/ROI 0.npy,/media/bendico765/Crucial X9/Materiali Tesista/Cleaned Roi masks/AMBL-619/ROI 0.npy,0.6641,2.0,/media/bendico765/Crucial X9/MRI Lesions/manifest-1728494830954/Advanced-MRI-Breast-Lesions/AMBL-619/11-01-2006-NA-MRI BREASTS - Delayed contrast-03702/500.000000-Registered AX Sen Vibrant MultiPhase-43673,0.5233639037315789,0.29866924122536487,12.549654579943113,42.018570537947035,26.04791172455097,44.935746211785556,42.83316296516053,50.07875007515663,3300.475852035815,21.991003105960672,0.28710352302199554,3733.905386488106,1.1313233466577073,3410.0347589200005,170.0,305.5,3.082665111800925,76.0,2.5491083463635413,370.0,42.57934333541461,242.13554061045008,247.0,69.0,301.0,31.115091850007566,247.61408402878746,-0.29067798120025723,209078556.18254387,0.1325973393739417,2683.114582700498,64.76736849134937,477.38963522159105,-9.954979695242526,14.07892778007746,4.636348621684673,0.5066921564916551,1.5665651112693082,2.3087950753000195,2.044448943698626,0.5336472241668319,0.477490438330418,0.974975048840361,0.9009035676476643,-0.1149564037298278,0.6615403978430809,0.3990771760660915,7.898507307089965,0.02388160059001693,5.896981297971378,0.5352597930998201,0.060417308763722276,15.79701461417993,3.895081463448858,4.678819100440535,6.43950807459955,416.78789446456284,0.10780856038917819,11.081854382550034,4.378406841288706,71.80858768753234,36.96378685980341,2573.463010863942,0.6982671693067655,0.02009413309189909,0.15041245144909485,11.45109601074268,0.0032262549852866197,428.7892604004362,0.1315013071708762,4.463796795759863,71.9030816517742,2.0730915686442017,153.86263304074765,0.03884634348993399,0.020344592367562524,3.7844546276840654,2544.9927631501732,0.7608400341590837,0.8427911974213061,0.5307707800700502,0.8878684269907199,64.25349963654668,0.018092327880929807,83.82477341389728,0.12662352479440678,5.391081224158232,77.12839879154079,422.58308157099697,32218.728096676736,6.763276451659653,0.022189991990234866,164.42900302114805,0.24838217979025384,0.508680282251179,40.4153187690302,0.011240536207783054,5.820522801251482,0.1712364200724263,388.4788930367557,4.129579074725156,0.0021673076999326386,73.1871333840827,0.05755982448098947,0.1301650100168465
123,AMBL-620,0,0.0,-1,-1,-1,-1,,-1,-1,-1.0,-1,/media/bendico765/Crucial X9/MRI Lesions/manifest-1728494830954/Advanced-MRI-Breast-Lesions/AMBL-620/11-07-2006-NA-MRI BREASTS - Delayed contrast-68442/600.000000-Registered Ax T2 FSE-42683,/media/bendico765/Crucial X9/MRI Lesions/manifest-1728494830954/Advanced-MRI-Breast-Lesions/AMBL-620/11-07-2006-NA-MRI BREASTS - Delayed contrast-68442/500.000000-ROI-30061/1-1.dcm,9.34,R,"[[[0 0 0 ... 0 0 0]
  [0 0 0 ... 0 0 0]
  [0 0 0 ... 0 0 0]
  ...
  [0 0 0 ... 0 0 0]
  [0 0 0 ... 0 0 0]
  [0 0 0 ... 0 0 0]]

 [[0 0 0 ... 0 0 0]
  [0 0 0 ... 0 0 0]
  [0 0 0 ... 0 0 0]
  ...
  [0 0 0 ... 0 0 0]
  [0 0 0 ... 0 0 0]
  [0 0 0 ... 0 0 0]]

 [[0 0 0 ... 0 0 0]
  [0 0 0 ... 0 0 0]
  [0 0 0 ... 0 0 0]
  ...
  [0 0 0 ... 0 0 0]
  [0 0 0 ... 0 0 0]
  [0 0 0 ... 0 0 0]]

 ...

 [[0 0 0 ... 0 0 0]
  [0 0 0 ... 0 0 0]
  [0 0 0 ... 0 0 0]
  ...
  [0 0 0 ... 0 0 0]
  [0 0 0 ... 0 0 0]
  [0 0 0 ... 0 0 0]]

 [[0 0 0 ... 0 0 0]
  [0 0 0 ... 0 0 0]
  [0 0 0 ... 0 0 0]
  ...
  [0 0 0 ... 0 0 0]
  [0 0 0 ... 0 0 0]
  [0 0 0 ... 0 0 0]]

 [[0 0 0 ... 0 0 0]
  [0 0 0 ... 0 0 0]
  [0 0 0 ... 0 0 0]
  ...
  [0 0 0 ... 0 0 0]
  [0 0 0 ... 0 0 0]
  [0 0 0 ... 0 0 0]]]","[66, 67, 68, 69]","[122, 123, 124, 125, 126, 133, 134, 135, 136, 137, 138, 139, 142, 143, 144]","[345, 346, 347, 348, 349, 350, 351, 352, 354]",4,23,10,/media/bendico765/Crucial X9/Materiali Tesista/Roi masks/AMBL-620/ROI 0.npy,/media/bendico765/Crucial X9/Materiali Tesista/Cleaned Roi masks/AMBL-620/ROI 0.npy,0.7422,2.0,/media/bendico765/Crucial X9/MRI Lesions/manifest-1728494830954/Advanced-MRI-Breast-Lesions/AMBL-620/11-07-2006-NA-MRI BREASTS - Delayed contrast-68442/500.000000-Registered AX Sen Vibrant MultiPhase-61697,0.6126839254166755,0.5023881169884482,5.769376374438052,11.483902941459725,10.666373376176178,11.269080759316617,8.29804826450172,11.864387980844187,192.25043315999997,7.036002733277649,0.5607198228569639,287.2873032930721,1.4943389129010594,208.22539751999997,168.4,304.20000000000005,3.1226031154220295,74.0,2.9956452665816595,354.0,43.72548360908149,244.64550264550263,255.0,88.0,266.0,30.26779527213719,250.6816316032757,-0.5959003881194664,13085150.596803358,0.1346826796562246,2989.858458609782,55.36953402026727,492.7894233813835,-24.55241972610431,12.815148202334656,7.481762361192708,0.26522790299469395,2.145528970537528,2.53675303858624,2.6938879944568033,0.434272168843458,0.3568915346610618,0.9545997776682845,0.8597075014213897,-0.18602983547483418,0.82173937996856,0.3685537825273241,7.350398264130465,0.026447102686135315,5.601741231346912,0.5424164224838107,0.06610154687829375,14.700796528260932,3.63486712280529,5.074227640881842,5.328108693580186,35.48677248677249,0.1877607009882142,3.2431342907533383,5.065143752974441,58.68783068783069,13.02116402116402,771.3015873015873,0.3405731407206189,0.043807450700645685,0.2826645798923136,15.51590327351791,0.016762600463630727,22.7675733757611,0.13120967687800122,5.226982899544149,58.54210581547929,1.3390720680439316,79.5199764986427,0.054693060221653614,0.04514086980428705,3.4936454140641895,150.28244828766594,0.8610408695017688,0.9181929181929183,0.13422291188169538,0.9409453559466632,55.0657417763011,0.043311539358441634,6.936507936507937,0.11010330057949105,6.816326530612244,54.492063492063494,29.793650793650794,1932.7619047619048,0.6706304925417823,0.06327311198965668,21.349206349206348,0.3388762912572436,0.5976449804507757,31.5827440198787,0.03836930297041801,4.7482970351630716,0.3333333333333333,20.79365079365079,0.33871952250450454,0.03269180814371064,82.77559021994077,0.11699256805037743,1.470951906973481
124,AMBL-620,1,0.0,-1,-1,-1,-1,,-1.0,-1.0,-1.0,-1,/media/bendico765/Crucial X9/MRI Lesions/manifest-1728494830954/Advanced-MRI-Breast-Lesions/AMBL-620/11-07-2006-NA-MRI BREASTS - Delayed contrast-68442/600.000000-Registered Ax T2 FSE-42683,/media/bendico765/Crucial X9/MRI Lesions/manifest-1728494830954/Advanced-MRI-Breast-Lesions/AMBL-620/11-07-2006-NA-MRI BREASTS - Delayed contrast-68442/500.000000-ROI-30061/1-1.dcm,19.34,R,"[[[0 0 0 ... 0 0 0]
  [0 0 0 ... 0 0 0]
  [0 0 0 ... 0 0 0]
  ...
  [0 0 0 ... 0 0 0]
  [0 0 0 ... 0 0 0]
  [0 0 0 ... 0 0 0]]

 [[0 0 0 ... 0 0 0]
  [0 0 0 ... 0 0 0]
  [0 0 0 ... 0 0 0]
  ...
  [0 0 0 ... 0 0 0]
  [0 0 0 ... 0 0 0]
  [0 0 0 ... 0 0 0]]

 [[0 0 0 ... 0 0 0]
  [0 0 0 ... 0 0 0]
  [0 0 0 ... 0 0 0]
  ...
  [0 0 0 ... 0 0 0]
  [0 0 0 ... 0 0 0]
  [0 0 0 ... 0 0 0]]

 ...

 [[0 0 0 ... 0 0 0]
  [0 0 0 ... 0 0 0]
  [0 0 0 ... 0 0 0]
  ...
  [0 0 0 ... 0 0 0]
  [0 0 0 ... 0 0 0]
  [0 0 0 ... 0 0 0]]

 [[0 0 0 ... 0 0 0]
  [0 0 0 ... 0 0 0]
  [0 0 0 ... 0 0 0]
  ...
  [0 0 0 ... 0 0 0]
  [0 0 0 ... 0 0 0]
  [0 0 0 ... 0 0 0]]

 [[0 0 0 ... 0 0 0]
  [0 0 0 ... 0 0 0]
  [0 0 0 ... 0 0 0]
  ...
  [0 0 0 ... 0 0 0]
  [0 0 0 ... 0 0 0]
  [0 0 0 ... 0 0 0]]]","[61, 62]","[113, 114, 115, 116, 117]","[362, 363, 364, 365]",2,5,4,/media/bendico765/Crucial X9/Materiali Tesista/Roi masks/AMBL-620/ROI 1.npy,/media/bendico765/Crucial X9/Materiali Tesista/Cleaned Roi masks/AMBL-620/ROI 1.npy,0.7422,2.0,/media/bendico765/Crucial X9/MRI Lesions/manifest-1728494830954/Advanced-MRI-Breast-Lesions/AMBL-620/11-07-2006-NA-MRI BREASTS - Delayed contrast-68442/500.000000-Registered AX Sen Vibrant MultiPhase-61697,0.47482833485206244,0.4110097017325198,4.0597761744130905,9.877567749131003,8.818816303790435,9.538982186795403,5.796767309457919,10.23541411766031,93.46272251999994,4.690149046708308,0.7178337101574117,138.7456024068195,1.4845020417325159,102.46011623999998,69.60000000000001,251.2,3.233421849505076,138.0,1.7754344774554558,305.0,65.04035148572089,176.20430107526883,194.0,33.0,272.0,52.47776318258585,190.9513533726292,-0.3272830027459437,3735943.725488399,0.13677881836050412,5414.46363741473,50.668320995206685,833.8974297125872,-34.862059084211786,17.632133094279116,12.392194444752958,0.09458648754722541,2.672663231573782,2.676917607948561,4.398090948609111,0.41911010409169347,0.33972087900952863,0.9308276359988586,0.8362243421454264,-0.40220926157687464,0.9545557040429414,0.2937662436647208,7.014560396834328,0.04581369982464152,5.170827680945548,0.7580527532411241,0.1279344824622868,14.02912079366866,3.4413693780222894,7.506081884758018,4.972871145272019,14.526881720430108,0.15620302925193663,6.8417158052954115,8.850734188923575,51.59139784946237,20.763440860215052,1505.9354838709678,0.8862956974246133,0.09362235175180297,0.27796984703465993,10.47838317731044,0.023966446758402274,10.399930655889877,0.12302140940189989,8.951373610410986,49.4021593211075,1.5680872125364864,89.14623485844832,0.12999203029148976,0.09759265746005155,3.594043300412985,71.70644558996142,0.8435060961980264,0.8949545078577337,0.2447874234855087,0.9274232040065572,44.73816077799844,0.09233386655471268,3.625,0.11328125,8.49609375,39.4375,28.84375,2037.4375,1.2653163735602522,0.09490982993815447,10.9375,0.341796875,0.5968365923939842,21.193034817246055,0.041625752455777446,4.051108500731234,0.34408602150537637,20.3974609375,0.21258049896469064,0.06168659513993799,83.0188007486673,0.21087757237469293,3.408356596154846
125,AMBL-621,0,1.0,3,moderate,moderate to strong,pos,,80,70,-1.0,-1,/media/bendico765/Crucial X9/MRI Lesions/manifest-1728494830954/Advanced-MRI-Breast-Lesions/AMBL-621/11-09-2006-NA-MRI BREASTS - Delayed contrast-02751/600.000000-Registered Ax T2 FSE-99598,/media/bendico765/Crucial X9/MRI Lesions/manifest-1728494830954/Advanced-MRI-Breast-Lesions/AMBL-621/11-09-2006-NA-MRI BREASTS - Delayed contrast-02751/500.000000-ROI-78149/1-1.dcm,28.89,R,"[[[0 0 0 ... 0 0 0]
  [0 0 0 ... 0 0 0]
  [0 0 0 ... 0 0 0]
  ...
  [0 0 0 ... 0 0 0]
  [0 0 0 ... 0 0 0]
  [0 0 0 ... 0 0 0]]

 [[0 0 0 ... 0 0 0]
  [0 0 0 ... 0 0 0]
  [0 0 0 ... 0 0 0]
  ...
  [0 0 0 ... 0 0 0]
  [0 0 0 ... 0 0 0]
  [0 0 0 ... 0 0 0]]

 [[0 0 0 ... 0 0 0]
  [0 0 0 ... 0 0 0]
  [0 0 0 ... 0 0 0]
  ...
  [0 0 0 ... 0 0 0]
  [0 0 0 ... 0 0 0]
  [0 0 0 ... 0 0 0]]

 ...

 [[0 0 0 ... 0 0 0]
  [0 0 0 ... 0 0 0]
  [0 0 0 ... 0 0 0]
  ...
  [0 0 0 ... 0 0 0]
  [0 0 0 ... 0 0 0]
  [0 0 0 ... 0 0 0]]

 [[0 0 0 ... 0 0 0]
  [0 0 0 ... 0 0 0]
  [0 0 0 ... 0 0 0]
  ...
  [0 0 0 ... 0 0 0]
  [0 0 0 ... 0 0 0]
  [0 0 0 ... 0 0 0]]

 [[0 0 0 ... 0 0 0]
  [0 0 0 ... 0 0 0]
  [0 0 0 ... 0 0 0]
  ...
  [0 0 0 ... 0 0 0]
  [0 0 0 ... 0 0 0]
  [0 0 0 ... 0 0 0]]]","[48, 49, 50, 51, 52, 53, 54, 55, 56, 57, 58, 59, 60, 61]","[135, 136, 137, 138, 139, 140, 141, 142, 143, 144, 145, 146, 147, 148, 149, 150, 151, 152, 153, 154, 155, 156, 157, 158, 159, 160, 161, 162, 163, 164, 165, 166, 167, 168, 169, 170, 171, 172, 173, 174, 175, 176, 177, 178, 179, 180, 181, 182, 183, 184, 185, 186, 187, 188, 189, 190, 191, 192, 193, 194, 195, 196, 197, 198, 199, 200, 201, 202, 203, 204, 205, 206, 207, 208, 209, 210, 211, 212, 214, 216]","[339, 340, 341, 342, 343, 344, 345, 346, 347, 348, 349, 350, 351, 352, 353, 354, 355, 356, 357, 358, 359, 360, 361, 362, 363, 364, 365, 366, 367, 368, 369, 370, 371, 372, 373, 374, 375, 376, 377, 378, 379, 380, 381, 382, 383, 384, 385, 386, 387, 388, 389, 390, 391, 392, 393, 394, 395, 396, 397, 398, 399, 400, 401, 402, 403, 404, 405, 406]",14,82,68,/media/bendico765/Crucial X9/Materiali Tesista/Roi masks/AMBL-621/ROI 0.npy,/media/bendico765/Crucial X9/Materiali Tesista/Cleaned Roi masks/AMBL-621/ROI 0.npy,0.6641,2.0,/media/bendico765/Crucial X9/MRI Lesions/manifest-1728494830954/Advanced-MRI-Breast-Lesions/AMBL-621/11-09-2006-NA-MRI BREASTS - Delayed contrast-02751/500.000000-Registered AX Sen Vibrant MultiPhase-06320,0.9279579712644879,0.5936752519956103,29.604455723705982,49.86641370714384,58.71441395909526,62.75545770759703,62.18472968567123,68.82922765947617,24813.897956236968,46.27393609791685,0.24654146429414953,16687.482170362022,0.6725054725296646,25115.708671880002,104.0,274.0,3.536089638929011,108.0,6.070191684401747,695.0,62.38219856929943,198.16976891198988,195.0,1.0,694.0,43.402739023951995,214.5458195552368,1.2265299432991532,1156073776.8168244,0.10281678420442578,6758.65137799675,70.43817293116129,7801.404267838709,264.5055173443294,32.26538495302508,5.485478544982233,0.7032208196613499,1.7108844123501585,2.4045935410043624,2.393338267213074,0.5084047971901825,0.4478704599898578,0.9932013777038459,0.9449819987277474,-0.15087825987404063,0.7620578169390745,0.4009089946383157,7.982005443188858,0.017433222352323873,6.39341628451486,0.8846407443223945,0.03948949544531174,15.96401088637772,4.293642211520392,9.437715874501825,6.931054243091982,2922.3667205169627,0.10263281311080154,9.772229883237374,10.923684536870292,82.25598791880311,38.81491887335815,2684.655791248156,0.9687218821886363,0.02276731132024232,0.1200395522497544,12.679834041312164,0.002603407070563413,2392.338373105714,0.10095385749690997,11.276074633944258,84.29229769909888,1.9150998456432413,151.01377844470056,0.04427674411751152,0.022491382446604417,4.325834103159883,17694.174363188646,0.7337883861696833,0.8311874260458935,0.3916296744179257,0.8757714517888905,75.10113425900643,0.01950914667654469,268.6665693430657,0.0784427939687783,17.613067163940542,114.95649635036496,4586.472408759124,217271.48291970804,135.08016914007572,0.022471770809943573,842.3991240875912,0.24595594863871278,0.5052381636695353,61.442721323203365,0.011213801266210813,6.785010414116947,0.12028517243801362,4517.356852171134,9.081625333345304,0.00034979264108724137,460.83164920354875,0.031253343545226846,0.20517829828928769
126,AMBL-621,1,0.0,-1,-1,-1,-1,,-1.0,-1.0,-1.0,-1,/media/bendico765/Crucial X9/MRI Lesions/manifest-1728494830954/Advanced-MRI-Breast-Lesions/AMBL-621/11-09-2006-NA-MRI BREASTS - Delayed contrast-02751/600.000000-Registered Ax T2 FSE-99598,/media/bendico765/Crucial X9/MRI Lesions/manifest-1728494830954/Advanced-MRI-Breast-Lesions/AMBL-621/11-09-2006-NA-MRI BREASTS - Delayed contrast-02751/500.000000-ROI-78149/1-1.dcm,20.89,R,"[[[0 0 0 ... 0 0 0]
  [0 0 0 ... 0 0 0]
  [0 0 0 ... 0 0 0]
  ...
  [0 0 0 ... 0 0 0]
  [0 0 0 ... 0 0 0]
  [0 0 0 ... 0 0 0]]

 [[0 0 0 ... 0 0 0]
  [0 0 0 ... 0 0 0]
  [0 0 0 ... 0 0 0]
  ...
  [0 0 0 ... 0 0 0]
  [0 0 0 ... 0 0 0]
  [0 0 0 ... 0 0 0]]

 [[0 0 0 ... 0 0 0]
  [0 0 0 ... 0 0 0]
  [0 0 0 ... 0 0 0]
  ...
  [0 0 0 ... 0 0 0]
  [0 0 0 ... 0 0 0]
  [0 0 0 ... 0 0 0]]

 ...

 [[0 0 0 ... 0 0 0]
  [0 0 0 ... 0 0 0]
  [0 0 0 ... 0 0 0]
  ...
  [0 0 0 ... 0 0 0]
  [0 0 0 ... 0 0 0]
  [0 0 0 ... 0 0 0]]

 [[0 0 0 ... 0 0 0]
  [0 0 0 ... 0 0 0]
  [0 0 0 ... 0 0 0]
  ...
  [0 0 0 ... 0 0 0]
  [0 0 0 ... 0 0 0]
  [0 0 0 ... 0 0 0]]

 [[0 0 0 ... 0 0 0]
  [0 0 0 ... 0 0 0]
  [0 0 0 ... 0 0 0]
  ...
  [0 0 0 ... 0 0 0]
  [0 0 0 ... 0 0 0]
  [0 0 0 ... 0 0 0]]]","[53, 54, 55, 56, 57, 58]","[205, 206, 207, 208, 209, 210, 211, 212, 213, 214, 215, 216, 217, 218, 219, 220, 221, 222, 223, 224, 225, 226, 227, 228, 229, 230, 231, 232, 233, 234, 235, 236, 237, 238, 239, 240, 241, 242, 243, 244, 245, 246, 247, 248, 249, 250, 251, 252, 253, 254, 255, 256, 257, 258, 259, 260, 261, 262, 263, 264, 265, 266, 267, 268, 269, 270, 271, 272, 274]","[390, 391, 392, 393, 394, 395, 396, 397, 398, 399, 400, 401, 402, 403, 404, 405, 406, 407, 408, 409, 410, 411, 412, 413, 414, 415, 416, 417, 418, 419]",6,70,30,/media/bendico765/Crucial X9/Materiali Tesista/Roi masks/AMBL-621/ROI 1.npy,/media/bendico765/Crucial X9/Materiali Tesista/Cleaned Roi masks/AMBL-621/ROI 1.npy,0.6641,2.0,/media/bendico765/Crucial X9/MRI Lesions/manifest-1728494830954/Advanced-MRI-Breast-Lesions/AMBL-621/11-09-2006-NA-MRI BREASTS - Delayed contrast-02751/500.000000-Registered AX Sen Vibrant MultiPhase-06320,0.3322558041150696,0.25586467956184605,13.179783683441388,51.5107583665359,20.719658310165254,45.33560650790944,56.85719987213581,58.53925756490255,4090.395203146756,17.114748441650438,0.33266581900355296,3718.086233632459,0.9089797070884793,4163.3119664000005,128.0,282.0,3.31871128463236,85.0,3.2277346848285218,478.0,48.57768995978167,205.34597457627117,206.0,40.0,438.0,34.506655888692926,214.10522767309806,0.26312781894335624,190850585.8429374,0.11561198290721057,3674.07924227054,56.899712424670675,811.6479860148429,12.587830105534234,15.954043381698426,7.993366819851251,0.3386241767268786,2.121688307731166,2.631266947686859,3.2823930468470164,0.45116053643726545,0.3779537304823545,0.9795700638659466,0.9059704998494186,-0.06319368039865868,0.5036074884550059,0.3675103803205567,7.409843145965719,0.015954712274628913,6.42122951864876,0.39277925213256204,0.03180755170102686,14.819686291931438,4.020979241062062,5.986852550387421,6.25511720913283,630.7788135593221,0.13363957914392416,5.489290254237289,5.967676269390979,65.79724576271187,22.09491525423729,1211.3794491525423,0.5849509425419713,0.0258084210543752,0.1968574828983647,16.900485592819432,0.005399297265244859,474.1360939484131,0.11390459163816903,6.142711763999115,67.11675964507388,1.5131814828155385,95.94196295646408,0.03930051154226753,0.025737947725834178,3.9052369369898736,3359.2223465693833,0.8003307512428623,0.8817307692307691,0.1985215244897843,0.9121188277279112,62.114822059312694,0.023436595873068525,101.49950248756218,0.10099452983837033,8.501696492661074,88.55522388059701,303.3492537313433,14047.698507462686,7.938697419834424,0.02680631311419394,320.59601990049754,0.31900101482636567,0.585035136819837,56.29296101659816,0.01728406968842176,5.859236695132603,0.2129237288135593,281.29197792133857,3.475324812009645,0.0016297626825526126,226.83814755857077,0.04919624559000349,0.23471478940501195
127,AMBL-622,0,1.0,1 to 2,moderate,moderate,neg,,70,70,0.0,5,/media/bendico765/Crucial X9/MRI Lesions/manifest-1728494830954/Advanced-MRI-Breast-Lesions/AMBL-622/11-15-2006-NA-MRI BREASTS - Delayed contrast-04921/600.000000-Registered Ax T2 FSE-56993,/media/bendico765/Crucial X9/MRI Lesions/manifest-1728494830954/Advanced-MRI-Breast-Lesions/AMBL-622/11-15-2006-NA-MRI BREASTS - Delayed contrast-04921/500.000000-ROI-29079/1-1.dcm,20.61,L,"[[[0 0 0 ... 0 0 0]
  [0 0 0 ... 0 0 0]
  [0 0 0 ... 0 0 0]
  ...
  [0 0 0 ... 0 0 0]
  [0 0 0 ... 0 0 0]
  [0 0 0 ... 0 0 0]]

 [[0 0 0 ... 0 0 0]
  [0 0 0 ... 0 0 0]
  [0 0 0 ... 0 0 0]
  ...
  [0 0 0 ... 0 0 0]
  [0 0 0 ... 0 0 0]
  [0 0 0 ... 0 0 0]]

 [[0 0 0 ... 0 0 0]
  [0 0 0 ... 0 0 0]
  [0 0 0 ... 0 0 0]
  ...
  [0 0 0 ... 0 0 0]
  [0 0 0 ... 0 0 0]
  [0 0 0 ... 0 0 0]]

 ...

 [[0 0 0 ... 0 0 0]
  [0 0 0 ... 0 0 0]
  [0 0 0 ... 0 0 0]
  ...
  [0 0 0 ... 0 0 0]
  [0 0 0 ... 0 0 0]
  [0 0 0 ... 0 0 0]]

 [[0 0 0 ... 0 0 0]
  [0 0 0 ... 0 0 0]
  [0 0 0 ... 0 0 0]
  ...
  [0 0 0 ... 0 0 0]
  [0 0 0 ... 0 0 0]
  [0 0 0 ... 0 0 0]]

 [[0 0 0 ... 0 0 0]
  [0 0 0 ... 0 0 0]
  [0 0 0 ... 0 0 0]
  ...
  [0 0 0 ... 0 0 0]
  [0 0 0 ... 0 0 0]
  [0 0 0 ... 0 0 0]]]","[52, 53, 54, 55, 56, 57, 58, 59, 60, 61, 62, 63]","[156, 157, 158, 159, 160, 161, 162, 163, 164, 165, 166, 167, 174, 175, 176, 179, 180, 181, 182, 183, 184, 185, 186, 187, 188, 189, 190, 191, 192, 193, 194, 195, 196, 197, 198, 199, 200, 201, 202, 203, 204, 205, 206, 207, 208, 209, 210, 211, 212, 213, 214, 215, 216, 217, 218, 219, 220, 221, 222, 223, 224, 225, 226, 227, 228, 229]","[111, 112, 113, 114, 115, 116, 117, 118, 119, 120, 121, 122, 123, 124, 125, 126, 127, 128, 129, 130, 131, 132, 133, 134, 135, 136, 137, 138, 139, 140, 141, 142, 143, 144, 145]",12,74,35,/media/bendico765/Crucial X9/Materiali Tesista/Roi masks/AMBL-622/ROI 0.npy,/media/bendico765/Crucial X9/Materiali Tesista/Cleaned Roi masks/AMBL-622/ROI 0.npy,0.6836,2.0,/media/bendico765/Crucial X9/MRI Lesions/manifest-1728494830954/Advanced-MRI-Breast-Lesions/AMBL-622/11-15-2006-NA-MRI BREASTS - Delayed contrast-04921/500.000000-Registered AX Sen Vibrant MultiPhase-14355,0.8438332302465418,0.6859490343097207,25.521538983017972,37.20617379205238,35.36656808682459,48.11295709224283,44.76927662404207,53.647101037800724,8108.394592200017,31.395805816061788,0.27156811799257113,7187.236329086604,0.8863944949103078,8348.00726144,216.0,334.0,2.9316367791577806,60.0,3.919460820937218,398.0,36.61609555723706,277.07758620689657,280.0,57.0,341.0,24.819861614319066,281.1218531267513,-0.7116532984609124,659738809.0255811,0.15638684400362673,2257.507527178529,99.13154153911336,610.6911845183781,-34.122541151189914,12.795487605684277,1.6976726640559658,0.7649335118947627,0.7984476913227769,1.7050920785894115,1.0459802159956733,0.6996413667720749,0.6785157502650485,0.9918583440055607,0.9501161537707605,-0.2967163774259666,0.8988949305362687,0.40902503047908656,9.815667877449938,0.05885280628289444,4.9021892281360495,0.8170172274252946,0.140687822104621,19.631335754899876,3.7768410681874744,3.6232900674350614,7.006488140097202,489.3360949395432,0.054784605344776444,37.15812501040354,3.6893800554881597,95.93495297805643,118.52127183161666,13120.42263770712,1.1637856127689812,0.013724824081332892,0.08537671273881718,6.957708668369924,0.001904292263367903,913.1155070592293,0.14753286073817,4.061130728477297,90.76972353576403,3.5875622011792574,372.6493063322639,0.04147859991605688,0.01518298346871642,4.19767126403797,3664.510781197889,0.578261750842025,0.6915326053257087,1.29654209337729,0.7842278735578065,68.49590224924204,0.012700852070292583,93.23225806451613,0.1202996878251821,5.9893044745057225,78.11870967741936,8264.247741935484,911186.2541935483,78.5331343748499,0.02490184369226322,214.68774193548387,0.27701644120707597,0.5391762467042982,44.594117866812645,0.014185242899848285,5.762337371656167,0.0867666815942678,8131.4183991675345,4.517293512656766,0.0013447056548600265,53.52132009126715,0.024827305487958685,0.12474227533701972
128,AMBL-623,0,1.0,-1,-1,-1,-1,,-1,-1,-1.0,-1,/media/bendico765/Crucial X9/MRI Lesions/manifest-1728494830954/Advanced-MRI-Breast-Lesions/AMBL-623/11-22-2006-NA-MRI BREASTS - Delayed contrast-48785/600.000000-Registered Ax T2 FSE-03637,/media/bendico765/Crucial X9/MRI Lesions/manifest-1728494830954/Advanced-MRI-Breast-Lesions/AMBL-623/11-22-2006-NA-MRI BREASTS - Delayed contrast-48785/500.000000-ROI-06575/1-1.dcm,90.94,L,"[[[0 0 0 ... 0 0 0]
  [0 0 0 ... 0 0 0]
  [0 0 0 ... 0 0 0]
  ...
  [0 0 0 ... 0 0 0]
  [0 0 0 ... 0 0 0]
  [0 0 0 ... 0 0 0]]

 [[0 0 0 ... 0 0 0]
  [0 0 0 ... 0 0 0]
  [0 0 0 ... 0 0 0]
  ...
  [0 0 0 ... 0 0 0]
  [0 0 0 ... 0 0 0]
  [0 0 0 ... 0 0 0]]

 [[0 0 0 ... 0 0 0]
  [0 0 0 ... 0 0 0]
  [0 0 0 ... 0 0 0]
  ...
  [0 0 0 ... 0 0 0]
  [0 0 0 ... 0 0 0]
  [0 0 0 ... 0 0 0]]

 ...

 [[0 0 0 ... 0 0 0]
  [0 0 0 ... 0 0 0]
  [0 0 0 ... 0 0 0]
  ...
  [0 0 0 ... 0 0 0]
  [0 0 0 ... 0 0 0]
  [0 0 0 ... 0 0 0]]

 [[0 0 0 ... 0 0 0]
  [0 0 0 ... 0 0 0]
  [0 0 0 ... 0 0 0]
  ...
  [0 0 0 ... 0 0 0]
  [0 0 0 ... 0 0 0]
  [0 0 0 ... 0 0 0]]

 [[0 0 0 ... 0 0 0]
  [0 0 0 ... 0 0 0]
  [0 0 0 ... 0 0 0]
  ...
  [0 0 0 ... 0 0 0]
  [0 0 0 ... 0 0 0]
  [0 0 0 ... 0 0 0]]]","[12, 13, 14, 15, 16, 17, 18, 19, 20, 21, 22, 23]","[241, 242, 243, 244, 245, 246, 247, 248, 249, 250, 251, 252, 253, 254, 255, 256, 257, 258, 259, 260, 261, 262, 263, 264, 265, 266, 267, 268, 269, 270, 271, 272, 273, 274, 275, 276, 277, 278, 279, 280, 281, 282, 283, 284, 285, 286, 287, 288, 289, 290, 291, 292, 293, 294, 295, 296, 297, 298, 299, 300, 301, 302, 303, 304, 305, 306, 307, 308, 309, 310, 311, 312]","[96, 97, 98, 99, 100, 101, 102, 103, 104, 105, 106, 107, 108, 109, 110, 111, 112, 113, 114, 115, 116, 117, 118, 119, 120, 121, 122, 123, 124, 125, 126, 127, 128, 129, 130, 131, 132, 133, 134, 135, 136, 137, 138, 139, 140, 141, 142, 143, 144, 145, 146, 147, 148, 149, 150, 151, 152, 153, 154, 155]",12,72,60,/media/bendico765/Crucial X9/Materiali Tesista/Roi masks/AMBL-623/ROI 0.npy,/media/bendico765/Crucial X9/Materiali Tesista/Cleaned Roi masks/AMBL-623/ROI 0.npy,0.6836,2.0,/media/bendico765/Crucial X9/MRI Lesions/manifest-1728494830954/Advanced-MRI-Breast-Lesions/AMBL-623/11-22-2006-NA-MRI BREASTS - Delayed contrast-48785/500.000000-Registered AX Sen Vibrant MultiPhase-03225,0.7152753502496512,0.5404356695357888,27.493751653170854,50.873310558473705,48.53892604333145,56.8769185606956,63.17662405795359,64.22777774265587,26271.447710171793,36.38842502807155,0.39015695466004147,10953.866461573216,0.4169494799988541,26330.05604224,112.0,336.0,3.541557035128087,94.0,3.2401362108605727,545.0,64.79907071324243,251.1095768848502,274.0,-12.0,557.0,42.82221504955201,264.38182722709934,-0.9056202391099045,1840411689.6803677,0.10935791746725135,6841.730964651303,142.40506365160167,4385.310068269343,-195.98134855639793,36.69107827025949,7.9030840407065694,0.6460625489727516,1.7882146700031154,2.5488105561831964,4.563205689589687,0.5529427862615379,0.5047515204387576,0.9862365540477718,0.9340993321776426,-0.1708909237453085,0.8163081133530707,0.3773807689175268,11.627872527274674,0.02447703154974057,6.456195691712584,0.6837500735898983,0.08065485087579574,23.255745054549344,4.441806817782839,11.14854057774152,7.4304301411884355,1947.529816839415,0.06912998071984293,31.803035188862058,11.03904367884839,144.77580576458897,87.46251597330684,15523.267428652563,0.7031490744103711,0.013412491429632363,0.12369088056363055,14.966829653333455,0.0021140457279041603,2085.5872991360043,0.0982458206970377,11.623480218577994,137.17166831261935,2.658731052116487,424.06079765419565,0.029062494258353104,0.01463135906486063,4.623610662708565,14117.472753908874,0.6598887510428677,0.7515181467687503,0.8334489471555016,0.8367806429817031,111.17865298487692,0.012793860007458847,280.0901098901099,0.07694783238739283,13.047611927907258,116.7684065934066,11270.154395604395,1984459.15,68.71996127555377,0.018700861523411237,1140.9637362637363,0.31345157589663086,0.5781655417193051,68.91124630416591,0.010148106504222775,6.322666316583859,0.12920630413176204,11210.253599806787,8.46179087084891,0.0003260503974906885,291.5736579233222,0.05418692229717683,0.07261422647989499
129,AMBL-625,0,1.0,2 to 3,strong,moderate,pos,,100,60,20.0,10,/media/bendico765/Crucial X9/MRI Lesions/manifest-1728494830954/Advanced-MRI-Breast-Lesions/AMBL-625/12-01-2006-NA-MRI BREASTS - Delayed contrast-07578/600.000000-Registered Ax T2 FSE-90790,/media/bendico765/Crucial X9/MRI Lesions/manifest-1728494830954/Advanced-MRI-Breast-Lesions/AMBL-625/12-01-2006-NA-MRI BREASTS - Delayed contrast-07578/500.000000-ROI-27927/1-1.dcm,2.9,R,"[[[0 0 0 ... 0 0 0]
  [0 0 0 ... 0 0 0]
  [0 0 0 ... 0 0 0]
  ...
  [0 0 0 ... 0 0 0]
  [0 0 0 ... 0 0 0]
  [0 0 0 ... 0 0 0]]

 [[0 0 0 ... 0 0 0]
  [0 0 0 ... 0 0 0]
  [0 0 0 ... 0 0 0]
  ...
  [0 0 0 ... 0 0 0]
  [0 0 0 ... 0 0 0]
  [0 0 0 ... 0 0 0]]

 [[0 0 0 ... 0 0 0]
  [0 0 0 ... 0 0 0]
  [0 0 0 ... 0 0 0]
  ...
  [0 0 0 ... 0 0 0]
  [0 0 0 ... 0 0 0]
  [0 0 0 ... 0 0 0]]

 ...

 [[0 0 0 ... 0 0 0]
  [0 0 0 ... 0 0 0]
  [0 0 0 ... 0 0 0]
  ...
  [0 0 0 ... 0 0 0]
  [0 0 0 ... 0 0 0]
  [0 0 0 ... 0 0 0]]

 [[0 0 0 ... 0 0 0]
  [0 0 0 ... 0 0 0]
  [0 0 0 ... 0 0 0]
  ...
  [0 0 0 ... 0 0 0]
  [0 0 0 ... 0 0 0]
  [0 0 0 ... 0 0 0]]

 [[0 0 0 ... 0 0 0]
  [0 0 0 ... 0 0 0]
  [0 0 0 ... 0 0 0]
  ...
  [0 0 0 ... 0 0 0]
  [0 0 0 ... 0 0 0]
  [0 0 0 ... 0 0 0]]]","[51, 52, 53, 54, 55, 56, 57, 58, 59, 60, 61, 62, 63, 64]","[174, 175, 176, 177, 178, 179, 180, 181, 182, 183, 184, 185, 186, 187, 188, 189, 190, 191, 192, 193, 194, 195, 196, 197, 198, 199, 200, 201, 202, 203, 204, 205, 206, 207, 208, 209, 210, 211, 212, 213, 214, 215, 216, 217, 218, 219, 220, 221]","[375, 376, 377, 378, 379, 380, 381, 382, 383, 384, 385, 386, 387, 388, 389, 390, 391, 392, 393, 394, 395, 396, 397, 398, 399, 400, 401, 402, 403, 404, 405, 406, 407, 408, 409, 410, 411]",14,48,37,/media/bendico765/Crucial X9/Materiali Tesista/Roi masks/AMBL-625/ROI 0.npy,/media/bendico765/Crucial X9/Materiali Tesista/Cleaned Roi masks/AMBL-625/ROI 0.npy,0.6836,2.0,/media/bendico765/Crucial X9/MRI Lesions/manifest-1728494830954/Advanced-MRI-Breast-Lesions/AMBL-625/12-01-2006-NA-MRI BREASTS - Delayed contrast-07578/500.000000-Registered AX Sen Vibrant MultiPhase-54740,0.8744042506605474,0.708945258598107,24.393815138585392,34.408601852874476,39.15225992762104,46.27613746370801,45.617176577249936,50.31119727456304,10479.052946279891,30.087027719439828,0.28282188454493284,8188.150235495018,0.7813826571419172,10560.24787808,132.0,342.0,3.7432210933926555,116.0,3.7561441132639386,641.0,67.66347341871555,231.2958668908753,224.0,-1.0,642.0,47.85821634603738,246.5306082956472,0.7381665105575619,641823784.499678,0.08764227134223561,7279.5627858203225,111.66055788090813,4064.740477093913,128.09898861367975,32.452645395864856,9.849143286573659,0.5264475594471298,2.311521447613558,2.800358112984398,4.359635611507106,0.4441210561849453,0.37107462102234595,0.9871874458761014,0.9255916781637641,-0.09073684356466145,0.6565577976691099,0.35159824292967784,10.295103094912061,0.011908189888121569,6.993580627591825,0.554356838904219,0.03341102010588364,20.590206189824112,4.47685114961623,10.575447170609632,6.735190456078827,1465.902026728029,0.1297373242524143,8.538716520124035,11.728704933846034,127.72307283830428,26.175148243207364,2246.721391273564,0.405125278385606,0.011906117046308885,0.2197290796471268,37.70173256123188,0.0021035186113570344,850.6080124422671,0.0858227544701632,11.972438862589126,132.1412193487533,1.52938383072669,181.40571492056884,0.019331434751300933,0.011564954047407445,4.345482737494401,7937.848769695144,0.7967580349465014,0.8769394160136704,0.2129377591298439,0.9111588492896944,123.11502972619039,0.010334886087172757,205.95514705882354,0.07571880406574394,14.69266530601211,177.58345588235295,679.3621323529412,44774.44007352941,11.366794823573759,0.009336530509762606,971.2338235294118,0.35707125865051903,0.6203334973444867,117.54117383989238,0.0055537576146716585,6.168953700491691,0.24072926807682096,662.1060498215832,3.6436600665545438,0.0007984512945568105,498.97563424996696,0.05039623002615865,0.26246713848693587
130,AMBL-625,1,0.0,-1,-1,-1,-1,,-1.0,-1.0,-1.0,-1,/media/bendico765/Crucial X9/MRI Lesions/manifest-1728494830954/Advanced-MRI-Breast-Lesions/AMBL-625/12-01-2006-NA-MRI BREASTS - Delayed contrast-07578/600.000000-Registered Ax T2 FSE-90790,/media/bendico765/Crucial X9/MRI Lesions/manifest-1728494830954/Advanced-MRI-Breast-Lesions/AMBL-625/12-01-2006-NA-MRI BREASTS - Delayed contrast-07578/500.000000-ROI-27927/1-1.dcm,-49.1,L,"[[[0 0 0 ... 0 0 0]
  [0 0 0 ... 0 0 0]
  [0 0 0 ... 0 0 0]
  ...
  [0 0 0 ... 0 0 0]
  [0 0 0 ... 0 0 0]
  [0 0 0 ... 0 0 0]]

 [[0 0 0 ... 0 0 0]
  [0 0 0 ... 0 0 0]
  [0 0 0 ... 0 0 0]
  ...
  [0 0 0 ... 0 0 0]
  [0 0 0 ... 0 0 0]
  [0 0 0 ... 0 0 0]]

 [[0 0 0 ... 0 0 0]
  [0 0 0 ... 0 0 0]
  [0 0 0 ... 0 0 0]
  ...
  [0 0 0 ... 0 0 0]
  [0 0 0 ... 0 0 0]
  [0 0 0 ... 0 0 0]]

 ...

 [[0 0 0 ... 0 0 0]
  [0 0 0 ... 0 0 0]
  [0 0 0 ... 0 0 0]
  ...
  [0 0 0 ... 0 0 0]
  [0 0 0 ... 0 0 0]
  [0 0 0 ... 0 0 0]]

 [[0 0 0 ... 0 0 0]
  [0 0 0 ... 0 0 0]
  [0 0 0 ... 0 0 0]
  ...
  [0 0 0 ... 0 0 0]
  [0 0 0 ... 0 0 0]
  [0 0 0 ... 0 0 0]]

 [[0 0 0 ... 0 0 0]
  [0 0 0 ... 0 0 0]
  [0 0 0 ... 0 0 0]
  ...
  [0 0 0 ... 0 0 0]
  [0 0 0 ... 0 0 0]
  [0 0 0 ... 0 0 0]]]",[84],"[145, 146, 147]","[144, 145, 146, 147]",1,3,4,/media/bendico765/Crucial X9/Materiali Tesista/Roi masks/AMBL-625/ROI 1.npy,/media/bendico765/Crucial X9/Materiali Tesista/Cleaned Roi masks/AMBL-625/ROI 1.npy,0.6836,2.0,/media/bendico765/Crucial X9/MRI Lesions/manifest-1728494830954/Advanced-MRI-Breast-Lesions/AMBL-625/12-01-2006-NA-MRI BREASTS - Delayed contrast-07578/500.000000-Registered AX Sen Vibrant MultiPhase-54740,0.6372418910573263,0.4070523608817007,2.6405931657531,6.487109324297767,6.340802838757881,6.340802838757881,4.833781956191237,7.203367590231668,26.247186586666654,4.133857813311123,0.5922323376675138,72.1185820633708,2.747669043508321,33.64624512,192.0,270.5,2.100862314124589,42.5,2.2651927560499523,287.0,24.625000000000007,238.41666666666666,244.5,178.0,109.0,17.591836734693878,240.29721180238442,-0.5707981221528176,1942826.7204028799,0.25925925925925924,900.2430555555555,9.828824216420124,37.94217311002905,-3.766116826119284,3.8386578630528096,2.9720618682255515,0.11564768038046212,1.2912484929108972,1.704787324034716,1.1352604126466845,0.5690442987437871,0.5154853155469976,0.9089673774245572,0.8198215229415753,-0.3775036143341058,0.8590437895355507,0.3897959281963971,3.0941590236986656,0.12673926460202095,3.244210406846715,0.746302473196068,0.20995955948001985,6.188318047397331,2.2741072428564446,1.70267993281959,3.6870339462963586,6.055555555555555,0.16820987654320987,4.987654320987653,1.5524691358024691,10.88888888888889,20.11111111111111,225.11111111111111,6.7385879629629635,0.27204475308641973,0.210581144494835,2.233981638951877,0.03873881249387615,8.086081271669507,0.25199718602891485,1.521903206662373,10.889544524384787,1.452749451359999,15.795352810925833,0.4143450717577598,0.26341515008699756,2.517956220086873,26.223864816724856,0.8076265281418907,0.8888888888888888,0.14876853415461028,0.9118052690491839,9.922921512578586,0.23352233957794247,2.4,0.24,1.6,10.6,26.4,323.2,6.473472222222222,0.22258333333333336,2.4,0.24,0.46774364341397306,4.697508271947831,0.08653458869850814,2.8464393446710132,0.2777777777777778,13.439999999999998,0.4818184170901562,0.16242814053862428,7.043269241602309,0.12960641798283262,1.1830454649077458
131,AMBL-627,0,1.0,2,strong,strong,neg,,100,90,0.0,-1,/media/bendico765/Crucial X9/MRI Lesions/manifest-1728494830954/Advanced-MRI-Breast-Lesions/AMBL-627/01-09-2007-NA-MRI BREASTS - Delayed contrast-72729/600.000000-Registered Ax T2 FSE-12583,/media/bendico765/Crucial X9/MRI Lesions/manifest-1728494830954/Advanced-MRI-Breast-Lesions/AMBL-627/01-09-2007-NA-MRI BREASTS - Delayed contrast-72729/500.000000-ROI-92818/1-1.dcm,-48.17,L,"[[[0 0 0 ... 0 0 0]
  [0 0 0 ... 0 0 0]
  [0 0 0 ... 0 0 0]
  ...
  [0 0 0 ... 0 0 0]
  [0 0 0 ... 0 0 0]
  [0 0 0 ... 0 0 0]]

 [[0 0 0 ... 0 0 0]
  [0 0 0 ... 0 0 0]
  [0 0 0 ... 0 0 0]
  ...
  [0 0 0 ... 0 0 0]
  [0 0 0 ... 0 0 0]
  [0 0 0 ... 0 0 0]]

 [[0 0 0 ... 0 0 0]
  [0 0 0 ... 0 0 0]
  [0 0 0 ... 0 0 0]
  ...
  [0 0 0 ... 0 0 0]
  [0 0 0 ... 0 0 0]
  [0 0 0 ... 0 0 0]]

 ...

 [[0 0 0 ... 0 0 0]
  [0 0 0 ... 0 0 0]
  [0 0 0 ... 0 0 0]
  ...
  [0 0 0 ... 0 0 0]
  [0 0 0 ... 0 0 0]
  [0 0 0 ... 0 0 0]]

 [[0 0 0 ... 0 0 0]
  [0 0 0 ... 0 0 0]
  [0 0 0 ... 0 0 0]
  ...
  [0 0 0 ... 0 0 0]
  [0 0 0 ... 0 0 0]
  [0 0 0 ... 0 0 0]]

 [[0 0 0 ... 0 0 0]
  [0 0 0 ... 0 0 0]
  [0 0 0 ... 0 0 0]
  ...
  [0 0 0 ... 0 0 0]
  [0 0 0 ... 0 0 0]
  [0 0 0 ... 0 0 0]]]","[81, 82, 83, 84, 85, 86, 87, 88]","[164, 165, 166, 167, 168, 169, 170, 171, 172, 173, 174, 175, 176, 177, 178, 179, 180, 181, 182, 183, 184, 185, 186, 187, 188, 189, 190, 191, 192, 193, 194]","[120, 121, 122, 123, 124, 125, 126, 127, 128, 129, 130, 131, 132, 133, 134, 135, 136, 137, 138, 139, 140, 141, 142, 143, 144, 145, 146, 147, 148, 149, 150]",8,31,31,/media/bendico765/Crucial X9/Materiali Tesista/Roi masks/AMBL-627/ROI 0.npy,/media/bendico765/Crucial X9/Materiali Tesista/Cleaned Roi masks/AMBL-627/ROI 0.npy,0.6445,2.0,/media/bendico765/Crucial X9/MRI Lesions/manifest-1728494830954/Advanced-MRI-Breast-Lesions/AMBL-627/01-09-2007-NA-MRI BREASTS - Delayed contrast-72729/500.000000-Registered AX Sen Vibrant MultiPhase-18878,0.7888387390570729,0.763084068152535,17.25340136983343,22.610092504754796,30.632218398281243,28.728894444443906,26.984469204525773,30.7069466489262,2997.4531140416634,17.83571686141455,0.35632625182702515,2821.442717097285,0.9412800166515192,3095.4136229999995,145.0,318.0,3.5098877634569363,80.0,5.177896943196271,569.0,54.22374522764263,227.0829307568438,220.0,7.0,562.0,33.914499938299755,238.7653522842509,0.8819243485086804,176466105.42168847,0.11257044188189994,5442.236010304921,86.9019508374216,2029.1514096039755,50.724885519859896,19.419210843571214,7.966679899598675,0.3901349174180708,2.0649067954270404,2.6477702519368718,3.5718687069878317,0.4656159279053767,0.3966112821330545,0.9858449898376587,0.9225494691196329,-0.07686720107088041,0.572507784355084,0.3761406062002394,9.165611975304158,0.019364026805787145,6.4586577933186184,0.48443418542405553,0.05322376031989409,18.33122395060832,4.0887567553676485,6.846472685792474,6.5368127163673675,461.1164787976382,0.12375643553345095,9.253632264204272,8.75256261652677,101.01771336553945,27.89210950080515,2196.296833064949,0.44423549476365937,0.015651839029260553,0.23003186957989716,29.22985340853045,0.0036217061633473215,348.57386214740296,0.10714833716490421,9.281786596508379,103.75374140848142,1.5785537460953045,150.96259338795582,0.024801758201666413,0.015626443796511496,4.143194549858098,2604.3460392957886,0.7952609097239066,0.8724142202403073,0.24139791624538873,0.9097128446191388,96.09095309362725,0.014205542764853587,78.50682056663169,0.08237861549489159,13.726485863936603,131.8352570828961,571.9139559286464,44082.00209863589,7.840839874517608,0.01577602139216672,357.26442812172087,0.37488397494409326,0.6341314423632899,86.33949226159736,0.009998668316751148,5.83424098053234,0.25577026301663985,556.6277431736528,1.650176152150965,0.0022479508692931365,325.340568409845,0.049004873331674796,0.509735235269067
132,AMBL-627,1,0.0,-1,-1,-1,-1,,-1.0,-1.0,-1.0,-1,/media/bendico765/Crucial X9/MRI Lesions/manifest-1728494830954/Advanced-MRI-Breast-Lesions/AMBL-627/01-09-2007-NA-MRI BREASTS - Delayed contrast-72729/600.000000-Registered Ax T2 FSE-12583,/media/bendico765/Crucial X9/MRI Lesions/manifest-1728494830954/Advanced-MRI-Breast-Lesions/AMBL-627/01-09-2007-NA-MRI BREASTS - Delayed contrast-72729/500.000000-ROI-92818/1-1.dcm,35.83,R,"[[[0 0 0 ... 0 0 0]
  [0 0 0 ... 0 0 0]
  [0 0 0 ... 0 0 0]
  ...
  [0 0 0 ... 0 0 0]
  [0 0 0 ... 0 0 0]
  [0 0 0 ... 0 0 0]]

 [[0 0 0 ... 0 0 0]
  [0 0 0 ... 0 0 0]
  [0 0 0 ... 0 0 0]
  ...
  [0 0 0 ... 0 0 0]
  [0 0 0 ... 0 0 0]
  [0 0 0 ... 0 0 0]]

 [[0 0 0 ... 0 0 0]
  [0 0 0 ... 0 0 0]
  [0 0 0 ... 0 0 0]
  ...
  [0 0 0 ... 0 0 0]
  [0 0 0 ... 0 0 0]
  [0 0 0 ... 0 0 0]]

 ...

 [[0 0 0 ... 0 0 0]
  [0 0 0 ... 0 0 0]
  [0 0 0 ... 0 0 0]
  ...
  [0 0 0 ... 0 0 0]
  [0 0 0 ... 0 0 0]
  [0 0 0 ... 0 0 0]]

 [[0 0 0 ... 0 0 0]
  [0 0 0 ... 0 0 0]
  [0 0 0 ... 0 0 0]
  ...
  [0 0 0 ... 0 0 0]
  [0 0 0 ... 0 0 0]
  [0 0 0 ... 0 0 0]]

 [[0 0 0 ... 0 0 0]
  [0 0 0 ... 0 0 0]
  [0 0 0 ... 0 0 0]
  ...
  [0 0 0 ... 0 0 0]
  [0 0 0 ... 0 0 0]
  [0 0 0 ... 0 0 0]]]","[41, 42, 43, 44]","[148, 149, 150, 151, 152, 153, 154, 155, 156, 157, 158, 159, 160, 161, 162, 163, 164, 165, 166, 167, 168, 169, 170, 171, 172, 173, 174, 175, 176, 177, 178, 179, 180]","[340, 341, 342, 343, 344, 345, 346, 347, 348, 349, 350, 351, 352, 353, 354, 355, 356]",4,33,17,/media/bendico765/Crucial X9/Materiali Tesista/Roi masks/AMBL-627/ROI 1.npy,/media/bendico765/Crucial X9/Materiali Tesista/Cleaned Roi masks/AMBL-627/ROI 1.npy,0.6445,2.0,/media/bendico765/Crucial X9/MRI Lesions/manifest-1728494830954/Advanced-MRI-Breast-Lesions/AMBL-627/01-09-2007-NA-MRI BREASTS - Delayed contrast-72729/500.000000-Registered AX Sen Vibrant MultiPhase-18878,0.6589209831879309,0.48896237352228417,10.74156092964538,21.96807261930521,16.828032869292834,27.0971253133981,26.495143375720765,29.784480308543237,1201.3142980208358,14.475224009056454,0.4146650328009317,1317.9263488467614,1.0970703928339518,1250.2945524999998,143.0,306.0,3.3808710393758448,86.0,2.746909788877715,442.0,50.75187249588858,225.2172757475083,227.0,52.0,390.0,36.0709490139335,233.91054598199432,-0.0036426135497031357,68408795.58975299,0.10965486032163001,3991.3222264654914,52.02872396049642,882.7455040722323,7.487821228461586,17.472052078184035,8.55819529172721,0.34548236085579515,2.2883947230488997,2.686393904395985,3.1506203011302705,0.42582196328952626,0.3453285021908423,0.9694946806361634,0.8830341296082515,-0.06602248658639648,0.5605552196623854,0.3384504495548764,7.055912648872961,0.013988769734757945,6.542483077395109,0.3898055088115812,0.031125865886319843,14.111825297745924,4.083066260222067,6.507561842477811,5.970316414940389,244.6717607973422,0.16257259853644,3.303533515082615,6.453996755002705,63.08837209302325,15.273754152823921,797.4843853820598,0.50933760780334,0.034865750720751515,0.23188671889919174,18.002352606685054,0.008330696254329362,147.5266204440906,0.10827043099810564,6.583590924721024,64.07227876380249,1.3730226508345365,84.31382509718826,0.04771854771713819,0.034901996091827855,3.8566217727389995,1142.1231651981755,0.833263206074217,0.9053922821364684,0.1366745484436901,0.928466981834511,60.19085814522449,0.032435706038291,41.61764705882353,0.1020040369088812,8.24718858131488,78.26470588235294,112.19362745098039,5000.382352941177,3.206317948973269,0.03715909155525108,125.51470588235294,0.3076340830449827,0.5683960883710929,47.651812944243765,0.020917998601056705,5.602459996489259,0.27109634551495015,98.5869317089581,1.765594175683921,0.005148363583671912,127.75345838699441,0.08865788984415761,0.36497123499564876
133,AMBL-627,2,0.0,-1.0,-1,-1,-1,,-1.0,-1.0,-1.0,-1,/media/bendico765/Crucial X9/MRI Lesions/manifest-1728494830954/Advanced-MRI-Breast-Lesions/AMBL-627/01-09-2007-NA-MRI BREASTS - Delayed contrast-72729/600.000000-Registered Ax T2 FSE-12583,/media/bendico765/Crucial X9/MRI Lesions/manifest-1728494830954/Advanced-MRI-Breast-Lesions/AMBL-627/01-09-2007-NA-MRI BREASTS - Delayed contrast-72729/500.000000-ROI-92818/1-1.dcm,-36.17,R,"[[[0 0 0 ... 0 0 0]
  [0 0 0 ... 0 0 0]
  [0 0 0 ... 0 0 0]
  ...
  [0 0 0 ... 0 0 0]
  [0 0 0 ... 0 0 0]
  [0 0 0 ... 0 0 0]]

 [[0 0 0 ... 0 0 0]
  [0 0 0 ... 0 0 0]
  [0 0 0 ... 0 0 0]
  ...
  [0 0 0 ... 0 0 0]
  [0 0 0 ... 0 0 0]
  [0 0 0 ... 0 0 0]]

 [[0 0 0 ... 0 0 0]
  [0 0 0 ... 0 0 0]
  [0 0 0 ... 0 0 0]
  ...
  [0 0 0 ... 0 0 0]
  [0 0 0 ... 0 0 0]
  [0 0 0 ... 0 0 0]]

 ...

 [[0 0 0 ... 0 0 0]
  [0 0 0 ... 0 0 0]
  [0 0 0 ... 0 0 0]
  ...
  [0 0 0 ... 0 0 0]
  [0 0 0 ... 0 0 0]
  [0 0 0 ... 0 0 0]]

 [[0 0 0 ... 0 0 0]
  [0 0 0 ... 0 0 0]
  [0 0 0 ... 0 0 0]
  ...
  [0 0 0 ... 0 0 0]
  [0 0 0 ... 0 0 0]
  [0 0 0 ... 0 0 0]]

 [[0 0 0 ... 0 0 0]
  [0 0 0 ... 0 0 0]
  [0 0 0 ... 0 0 0]
  ...
  [0 0 0 ... 0 0 0]
  [0 0 0 ... 0 0 0]
  [0 0 0 ... 0 0 0]]]","[78, 79, 80]","[167, 168, 169, 170, 171, 172, 173, 174, 175, 176, 177, 178, 179, 180, 181, 182, 183, 184, 185, 186, 187, 188, 189]","[297, 298, 299, 300, 301, 302, 303, 304, 305, 306, 307, 308, 309]",3,23,13,/media/bendico765/Crucial X9/Materiali Tesista/Roi masks/AMBL-627/ROI 2.npy,/media/bendico765/Crucial X9/Materiali Tesista/Cleaned Roi masks/AMBL-627/ROI 2.npy,0.6445,2.0,/media/bendico765/Crucial X9/MRI Lesions/manifest-1728494830954/Advanced-MRI-Breast-Lesions/AMBL-627/01-09-2007-NA-MRI BREASTS - Delayed contrast-72729/500.000000-Registered AX Sen Vibrant MultiPhase-18878,0.6664505209101014,0.5255423057344143,8.352184708622415,15.89250687811085,12.258099781369053,19.979499999999998,21.2000337381807,21.900008818491372,463.0797487083325,10.591569487484346,0.43237304116594627,669.4673115014749,1.4456847084520947,496.79477899999995,158.7,416.30000000000007,3.896887781022825,132.5,2.577489769419942,515.0,76.03000525721188,280.2157190635451,269.0,55.0,460.0,53.67684389278899,295.64706259107174,0.3619030276379142,43423433.4624685,0.07627431460498205,8886.336408429437,86.30229903215499,6279.177221859553,233.50518673111407,41.923166259835774,12.40796213534474,0.5285091177474643,2.797767468870182,2.8806514978094575,4.221980079368704,0.38084516569253685,0.29239404017467713,0.9685429164794936,0.8796057534200714,-0.19139602457370886,0.8693138256059139,0.29220987321928044,8.875508959461467,0.01096966740877124,6.889297078960459,0.7674718719589019,0.028810912601397065,17.75101791892293,4.468597084332627,13.582782098795121,6.061131213823111,122.12709030100335,0.20422590351338352,2.371192715965146,14.355893670093176,109.23913043478261,10.076923076923077,983.3996655518395,0.216084704089289,0.021946534541028986,0.3319725716063708,40.8482034231536,0.006725296164695065,42.26435973977023,0.07589624351550779,14.273515430903206,110.01263420954696,1.2637322447046815,135.57721607864144,0.027812352787487855,0.021936094238257195,4.2203698820521875,493.5727715756179,0.8806447938366886,0.9316953949060973,0.09701825740839597,0.9493801650028804,104.8490696113968,0.020836001476443874,17.702479338842974,0.07315074106959907,14.372874120620176,123.9297520661157,18.462809917355372,1516.6487603305786,0.3536632750278688,0.021798878604347885,86.30578512396694,0.35663547571887166,0.6172658915950516,80.15988182789827,0.011798048068504863,5.592635046173469,0.40468227424749165,12.356601325046103,0.5328569728130823,0.013757813573950324,235.03618971773142,0.14870261952752337,1.5936999257494517
134,AMBL-628,0,1.0,1,strong,moderate,neg,,100,20,10.0,5 to 10,/media/bendico765/Crucial X9/MRI Lesions/manifest-1728494830954/Advanced-MRI-Breast-Lesions/AMBL-628/01-30-2007-NA-MRI BREASTS - Delayed contrast-47081/600.000000-Registered Ax T2 FSE-80392,/media/bendico765/Crucial X9/MRI Lesions/manifest-1728494830954/Advanced-MRI-Breast-Lesions/AMBL-628/01-30-2007-NA-MRI BREASTS - Delayed contrast-47081/500.000000-ROI-98535/1-1.dcm,12.81,L,"[[[0 0 0 ... 0 0 0]
  [0 0 0 ... 0 0 0]
  [0 0 0 ... 0 0 0]
  ...
  [0 0 0 ... 0 0 0]
  [0 0 0 ... 0 0 0]
  [0 0 0 ... 0 0 0]]

 [[0 0 0 ... 0 0 0]
  [0 0 0 ... 0 0 0]
  [0 0 0 ... 0 0 0]
  ...
  [0 0 0 ... 0 0 0]
  [0 0 0 ... 0 0 0]
  [0 0 0 ... 0 0 0]]

 [[0 0 0 ... 0 0 0]
  [0 0 0 ... 0 0 0]
  [0 0 0 ... 0 0 0]
  ...
  [0 0 0 ... 0 0 0]
  [0 0 0 ... 0 0 0]
  [0 0 0 ... 0 0 0]]

 ...

 [[0 0 0 ... 0 0 0]
  [0 0 0 ... 0 0 0]
  [0 0 0 ... 0 0 0]
  ...
  [0 0 0 ... 0 0 0]
  [0 0 0 ... 0 0 0]
  [0 0 0 ... 0 0 0]]

 [[0 0 0 ... 0 0 0]
  [0 0 0 ... 0 0 0]
  [0 0 0 ... 0 0 0]
  ...
  [0 0 0 ... 0 0 0]
  [0 0 0 ... 0 0 0]
  [0 0 0 ... 0 0 0]]

 [[0 0 0 ... 0 0 0]
  [0 0 0 ... 0 0 0]
  [0 0 0 ... 0 0 0]
  ...
  [0 0 0 ... 0 0 0]
  [0 0 0 ... 0 0 0]
  [0 0 0 ... 0 0 0]]]","[52, 53, 54, 55, 56, 57, 58, 59]","[216, 217, 218, 219, 220, 221, 222, 223, 224, 225, 226, 227, 228, 229, 230, 231, 232, 233, 234, 235, 236, 237, 238, 239, 240]","[115, 116, 117, 118, 119, 120, 121, 122, 123, 124, 125, 126, 127, 128, 129, 130, 131, 132, 133, 134, 135, 136, 137, 138, 139, 140, 141]",8,25,27,/media/bendico765/Crucial X9/Materiali Tesista/Roi masks/AMBL-628/ROI 0.npy,/media/bendico765/Crucial X9/Materiali Tesista/Cleaned Roi masks/AMBL-628/ROI 0.npy,0.6445,2.0,/media/bendico765/Crucial X9/MRI Lesions/manifest-1728494830954/Advanced-MRI-Breast-Lesions/AMBL-628/01-30-2007-NA-MRI BREASTS - Delayed contrast-47081/500.000000-Registered AX Sen Vibrant MultiPhase-12976,0.8316269021419865,0.4408743730492948,9.932428129571752,22.528930545167327,22.804492808435796,23.31815070390446,26.984469204525773,29.884292571516564,1858.7573887083483,18.73566471784948,0.4047775127799574,1806.1322702951816,0.9716880111773296,1898.2877424999997,99.0,312.0,3.690068523714917,121.0,2.3871604126967467,445.0,66.58538829489248,204.35536105032824,207.0,21.0,424.0,49.67264275694823,219.61876257568142,0.14892586029266855,91558975.37287799,0.08547017222969705,6471.2872852635155,73.60556913488898,2767.836993203127,57.97686416496109,34.106314445124504,9.277807708662854,0.5770648423978433,2.2168802069125517,2.7001299288998935,4.033622203073755,0.4547346522292038,0.38443261859906686,0.974347210048294,0.8988240073522084,-0.13144076907537477,0.7373069259242088,0.36522332731811835,8.208157973313877,0.011570652182492128,6.886815820130494,0.6082010056135514,0.03366381042266979,16.416315946627755,4.509577641316242,10.846030538446842,6.691542025003016,292.019693654267,0.12779855302156104,7.826133905357459,10.393716034072463,86.04945295404814,26.382056892778994,1577.51466083151,0.8615511194431613,0.023873129545603135,0.19702499441352048,20.792260339139478,0.003895765340565915,170.51751281829482,0.08553623500076629,10.302358569870202,88.70015699917225,1.5601715906522626,125.80086529329697,0.03999684002876347,0.023024669580723325,4.273106896192939,1590.6309316763009,0.7902612043675266,0.8727823598720754,0.2198894531009106,0.9067228333964662,82.03922144140346,0.020364764052811256,43.69815195071869,0.08972926478587,10.178303235245751,109.80903490759754,236.65913757700204,11074.289527720739,8.096411888996846,0.019263663340319523,159.36960985626283,0.3272476588424288,0.592992045672495,66.3640919024609,0.011555097354759285,5.830975659902015,0.21312910284463896,214.64435065290996,1.8508323164666245,0.0038467377181884235,190.33365001239102,0.10173748378741465,0.39927027813457305
135,AMBL-632,0,1.0,-1,-1,-1,-1,,-1,-1,-1.0,-1,/media/bendico765/Crucial X9/MRI Lesions/manifest-1728494830954/Advanced-MRI-Breast-Lesions/AMBL-632/02-21-2007-NA-MRI BREASTS - Delayed contrast-23190/600.000000-Registered Ax T2 FSE-85388,/media/bendico765/Crucial X9/MRI Lesions/manifest-1728494830954/Advanced-MRI-Breast-Lesions/AMBL-632/02-21-2007-NA-MRI BREASTS - Delayed contrast-23190/500.000000-ROI-80200/1-1.dcm,20.22,L,"[[[0 0 0 ... 0 0 0]
  [0 0 0 ... 0 0 0]
  [0 0 0 ... 0 0 0]
  ...
  [0 0 0 ... 0 0 0]
  [0 0 0 ... 0 0 0]
  [0 0 0 ... 0 0 0]]

 [[0 0 0 ... 0 0 0]
  [0 0 0 ... 0 0 0]
  [0 0 0 ... 0 0 0]
  ...
  [0 0 0 ... 0 0 0]
  [0 0 0 ... 0 0 0]
  [0 0 0 ... 0 0 0]]

 [[0 0 0 ... 0 0 0]
  [0 0 0 ... 0 0 0]
  [0 0 0 ... 0 0 0]
  ...
  [0 0 0 ... 0 0 0]
  [0 0 0 ... 0 0 0]
  [0 0 0 ... 0 0 0]]

 ...

 [[0 0 0 ... 0 0 0]
  [0 0 0 ... 0 0 0]
  [0 0 0 ... 0 0 0]
  ...
  [0 0 0 ... 0 0 0]
  [0 0 0 ... 0 0 0]
  [0 0 0 ... 0 0 0]]

 [[0 0 0 ... 0 0 0]
  [0 0 0 ... 0 0 0]
  [0 0 0 ... 0 0 0]
  ...
  [0 0 0 ... 0 0 0]
  [0 0 0 ... 0 0 0]
  [0 0 0 ... 0 0 0]]

 [[0 0 0 ... 0 0 0]
  [0 0 0 ... 0 0 0]
  [0 0 0 ... 0 0 0]
  ...
  [0 0 0 ... 0 0 0]
  [0 0 0 ... 0 0 0]
  [0 0 0 ... 0 0 0]]]","[60, 61, 62, 63, 64, 65, 66, 67]","[193, 194, 195, 196, 197, 198, 199, 200, 201, 202, 203, 204, 205, 206, 207, 208, 209, 210, 211, 212, 213, 214, 215, 216, 217]","[160, 161, 162, 163, 164, 165, 166, 167, 168, 169, 170, 171, 172, 173, 174, 175, 176, 177, 178, 179, 180, 181, 182, 183, 184, 185, 186, 187, 188, 189]",8,25,30,/media/bendico765/Crucial X9/Materiali Tesista/Roi masks/AMBL-632/ROI 0.npy,/media/bendico765/Crucial X9/Materiali Tesista/Cleaned Roi masks/AMBL-632/ROI 0.npy,0.6641,2.0,/media/bendico765/Crucial X9/MRI Lesions/manifest-1728494830954/Advanced-MRI-Breast-Lesions/AMBL-632/02-21-2007-NA-MRI BREASTS - Delayed contrast-23190/500.000000-Registered AX Sen Vibrant MultiPhase-11369,0.9020600754268882,0.5538613165640445,13.271590228130146,23.961937458391745,28.70241603785298,26.42225341563433,25.788979147690206,31.290107502691647,2997.9300883758333,21.615107111091234,0.41608014092427276,2416.5074435210436,0.8060586378884563,3049.27319234,81.0,317.0,3.8050146594299794,146.0,2.256530220689358,522.0,76.18924195260102,193.74168354064219,190.0,2.0,520.0,58.953479550634164,213.52409444033802,0.26217609296858063,139024106.65851134,0.0781866627216192,8056.698965404049,66.10048045677146,3669.884199585919,104.2909810803871,39.18713543850768,9.265258339844975,0.6153174697307847,2.2664750645028344,2.752557568877534,3.954395077305585,0.4448577010583727,0.37156500751674987,0.9804897033911527,0.9089076790166312,-0.11812503713274537,0.7359062040131996,0.35460027381177395,7.653061150895142,0.010927500412836523,7.012778566338486,0.6282689516261786,0.03475523820033703,15.306122301790284,4.560401690407111,12.11309844458816,6.760010751060113,453.18166039919004,0.13109102123204802,7.3958517926215945,13.015185113626655,81.36794908880532,25.102979461961237,1333.6421752964998,1.059686641236899,0.03441784570611195,0.19948494959177937,20.15466043969988,0.0068145541932124465,232.5622584007313,0.07674716539967999,13.02976395662454,84.05019946403723,1.5174945736157592,115.9193742016188,0.054008828609022196,0.033779254651163035,4.396688100979332,2414.7301886803893,0.7932461101397319,0.8766160076544802,0.2016090138192084,0.9098224642740109,78.21941134639317,0.030311066470908594,60.241379310344826,0.07693662747170477,13.43979422237228,106.09578544061303,316.3742017879949,10137.352490421456,14.312177574315687,0.03432443492319708,236.49169859514686,0.30203282068345705,0.5634756940084337,60.231762246928724,0.0209181259686337,6.140221884635446,0.22649696268440844,296.88135654040445,2.4451014221056613,0.0028138616203899672,248.0362275413498,0.09983127893293726,0.42551830473328883
136,AMBL-572,0,1.0,-1,-1,-1,-1,,-1,-1,-1.0,-1,/media/bendico765/Crucial X9/MRI Lesions/manifest-1728494830954/Advanced-MRI-Breast-Lesions/AMBL-572/11-25-2005-NA-MRI BREASTS - Delayed contrast-51529/600.000000-Registered Ax T2 FSE-43029,/media/bendico765/Crucial X9/MRI Lesions/manifest-1728494830954/Advanced-MRI-Breast-Lesions/AMBL-572/11-25-2005-NA-MRI BREASTS - Delayed contrast-51529/500.000000-ROI-99161/1-1.dcm,-11.0,R,"[[[0 0 0 ... 0 0 0]
  [0 0 0 ... 0 0 0]
  [0 0 0 ... 0 0 0]
  ...
  [0 0 0 ... 0 0 0]
  [0 0 0 ... 0 0 0]
  [0 0 0 ... 0 0 0]]

 [[0 0 0 ... 0 0 0]
  [0 0 0 ... 0 0 0]
  [0 0 0 ... 0 0 0]
  ...
  [0 0 0 ... 0 0 0]
  [0 0 0 ... 0 0 0]
  [0 0 0 ... 0 0 0]]

 [[0 0 0 ... 0 0 0]
  [0 0 0 ... 0 0 0]
  [0 0 0 ... 0 0 0]
  ...
  [0 0 0 ... 0 0 0]
  [0 0 0 ... 0 0 0]
  [0 0 0 ... 0 0 0]]

 ...

 [[0 0 0 ... 0 0 0]
  [0 0 0 ... 0 0 0]
  [0 0 0 ... 0 0 0]
  ...
  [0 0 0 ... 0 0 0]
  [0 0 0 ... 0 0 0]
  [0 0 0 ... 0 0 0]]

 [[0 0 0 ... 0 0 0]
  [0 0 0 ... 0 0 0]
  [0 0 0 ... 0 0 0]
  ...
  [0 0 0 ... 0 0 0]
  [0 0 0 ... 0 0 0]
  [0 0 0 ... 0 0 0]]

 [[0 0 0 ... 0 0 0]
  [0 0 0 ... 0 0 0]
  [0 0 0 ... 0 0 0]
  ...
  [0 0 0 ... 0 0 0]
  [0 0 0 ... 0 0 0]
  [0 0 0 ... 0 0 0]]]","[60, 61, 62, 63]","[191, 192, 193, 194, 195, 196, 197, 198, 199, 200, 201, 202, 203, 204, 205, 206, 207]","[330, 331, 332, 333, 334, 335, 336, 337, 338, 339, 340, 341, 342, 343]",4,17,14,/media/bendico765/Crucial X9/Materiali Tesista/Roi masks/AMBL-572/ROI 0.npy,/media/bendico765/Crucial X9/Materiali Tesista/Cleaned Roi masks/AMBL-572/ROI 0.npy,0.625,2.0,/media/bendico765/Crucial X9/MRI Lesions/manifest-1728494830954/Advanced-MRI-Breast-Lesions/AMBL-572/11-25-2005-NA-MRI BREASTS - Delayed contrast-51529/500.000000-Registered AX Sen Vibrant MultiPhase-79470,0.6981948441773138,0.6217583041670428,9.239109991823529,14.859648725079724,16.027807866330317,18.725400529761707,14.85608040500589,19.066495482914526,604.296875,10.37493012613666,0.47727591662342017,724.2383251417565,1.1984810034666429,635.15625,147.2,312.80000000000007,3.3767319546620684,82.0,3.0447354638508255,448.0,50.01602193143704,232.25830258302582,236.0,59.0,389.0,34.30795748348176,240.72354034914986,0.06905098281390872,36805921.875,0.11377084250547304,4003.9037594803985,54.710664463318835,917.8715288294766,20.115200664687073,17.129946328193462,9.92738216733294,0.2749394182708235,2.46133599677539,2.7218077215678926,3.414588704228805,0.41356000401369286,0.33234816032205394,0.9649972291170242,0.8759358188456634,-0.0998881743274025,0.6529343037960079,0.32915692057973395,7.273078028880598,0.01563923645444588,6.444113004873027,0.43149951067312275,0.035869924621300016,14.546156057761193,4.019659705324186,6.764332123881602,5.805890208328546,128.97785977859778,0.15864435397121499,4.2070354282878615,6.5189048200445106,67.23616236162361,16.694956949569494,804.2152521525215,0.5608328400420354,0.03255262143590566,0.2361924878463007,20.88775269966771,0.006237464145249278,82.91981562544711,0.1129916872448576,6.60958489485852,68.92611443552958,1.3999685378054265,89.796854104525,0.04548747634344944,0.03249695839236448,3.8317847587646434,617.6537236014673,0.8328666718175172,0.9025451792979469,0.14535950594003422,0.926308794327588,64.99724519766593,0.030012793671266906,24.789473684210527,0.10872576177285319,7.933267928593413,88.38157894736842,57.3640350877193,2809.25,1.7052626232655168,0.03349336276772898,68.70175438596492,0.3013234841489689,0.5628701599885746,55.132929113650015,0.012234696807668923,5.31195566867172,0.28044280442804426,44.64918051708217,0.8953402931992214,0.008581098103275028,160.09056492362478,0.08706044742635538,0.6943166046130711
137,AMBL-572,1,1.0,2,strong,strong,neg,,100.0,100.0,0.0,3,/media/bendico765/Crucial X9/MRI Lesions/manifest-1728494830954/Advanced-MRI-Breast-Lesions/AMBL-572/11-25-2005-NA-MRI BREASTS - Delayed contrast-51529/600.000000-Registered Ax T2 FSE-43029,/media/bendico765/Crucial X9/MRI Lesions/manifest-1728494830954/Advanced-MRI-Breast-Lesions/AMBL-572/11-25-2005-NA-MRI BREASTS - Delayed contrast-51529/500.000000-ROI-99161/1-1.dcm,-21.0,L,"[[[0 0 0 ... 0 0 0]
  [0 0 0 ... 0 0 0]
  [0 0 0 ... 0 0 0]
  ...
  [0 0 0 ... 0 0 0]
  [0 0 0 ... 0 0 0]
  [0 0 0 ... 0 0 0]]

 [[0 0 0 ... 0 0 0]
  [0 0 0 ... 0 0 0]
  [0 0 0 ... 0 0 0]
  ...
  [0 0 0 ... 0 0 0]
  [0 0 0 ... 0 0 0]
  [0 0 0 ... 0 0 0]]

 [[0 0 0 ... 0 0 0]
  [0 0 0 ... 0 0 0]
  [0 0 0 ... 0 0 0]
  ...
  [0 0 0 ... 0 0 0]
  [0 0 0 ... 0 0 0]
  [0 0 0 ... 0 0 0]]

 ...

 [[0 0 0 ... 0 0 0]
  [0 0 0 ... 0 0 0]
  [0 0 0 ... 0 0 0]
  ...
  [0 0 0 ... 0 0 0]
  [0 0 0 ... 0 0 0]
  [0 0 0 ... 0 0 0]]

 [[0 0 0 ... 0 0 0]
  [0 0 0 ... 0 0 0]
  [0 0 0 ... 0 0 0]
  ...
  [0 0 0 ... 0 0 0]
  [0 0 0 ... 0 0 0]
  [0 0 0 ... 0 0 0]]

 [[0 0 0 ... 0 0 0]
  [0 0 0 ... 0 0 0]
  [0 0 0 ... 0 0 0]
  ...
  [0 0 0 ... 0 0 0]
  [0 0 0 ... 0 0 0]
  [0 0 0 ... 0 0 0]]]","[65, 66, 67]","[193, 194, 195, 196, 197, 198, 199, 200, 201, 202, 203]","[121, 122, 123, 124, 125, 126, 127, 128]",3,11,8,/media/bendico765/Crucial X9/Materiali Tesista/Roi masks/AMBL-572/ROI 1.npy,/media/bendico765/Crucial X9/Materiali Tesista/Cleaned Roi masks/AMBL-572/ROI 1.npy,0.625,2.0,/media/bendico765/Crucial X9/MRI Lesions/manifest-1728494830954/Advanced-MRI-Breast-Lesions/AMBL-572/11-25-2005-NA-MRI BREASTS - Delayed contrast-51529/500.000000-Registered AX Sen Vibrant MultiPhase-79470,0.7313773766426067,0.4979388284348536,5.912024429575084,11.872993411978047,10.915155747858114,11.473474844178638,10.174262872562316,13.947446002763373,200.42317708333334,8.683638774547456,0.45041030299705703,367.71197180282945,1.834677890820679,221.09375,167.0,372.8,3.586410139778984,127.5,2.2089159231443607,434.0,66.6066501017618,270.9363957597173,268.0,79.0,355.0,51.30934293993265,282.1111288941583,-0.24006143612280006,17596119.53125,0.09118605551324153,6180.158498670229,72.1294867733143,1683.0089069059609,-23.896779883346163,26.924529556278628,10.865843757502384,0.4165129153407946,2.5744847999639964,2.768556533148789,3.8672297716663473,0.40559173541704563,0.32145247274462285,0.957532672412913,0.8644315688172799,-0.22486791251908295,0.8862652590673713,0.3068088370752674,8.247570983717985,0.016043289047846323,6.300132901318469,0.5910929468496866,0.04263813861278009,16.49514196743597,4.19709347888873,9.447593328445254,5.7076369167616425,54.187279151943464,0.19147448463584263,2.8185393749453733,9.930627177265292,79.65017667844523,11.607773851590107,982.0035335689046,0.39122261952693516,0.0433940714841344,0.3199844911135505,24.6493715117247,0.01583310456391114,23.618700667100253,0.09021726022656545,10.027313065219854,79.15845154719308,1.3249820299776545,107.61488454075003,0.054971346036655884,0.04390587652982862,3.923219593964368,230.1720981234623,0.8724014982130959,0.9244359880402283,0.12807841180353158,0.945070465807959,74.6559579576659,0.041581976287973076,8.847619047619048,0.08426303854875283,11.638095238095238,75.63809523809523,19.8,1817.647619047619,0.5082473643114174,0.0535245426610054,41.628571428571426,0.3964625850340136,0.6497636193982308,50.548662061515905,0.03462455055127081,5.158300195120442,0.3710247349823322,12.535691609977327,0.3182636939998715,0.027815307776218347,132.11920961583584,0.15053970888485627,1.9127163677592856
138,AMBL-572,2,0.0,-1.0,-1,-1,-1,,-1.0,-1.0,-1.0,-1,/media/bendico765/Crucial X9/MRI Lesions/manifest-1728494830954/Advanced-MRI-Breast-Lesions/AMBL-572/11-25-2005-NA-MRI BREASTS - Delayed contrast-51529/600.000000-Registered Ax T2 FSE-43029,/media/bendico765/Crucial X9/MRI Lesions/manifest-1728494830954/Advanced-MRI-Breast-Lesions/AMBL-572/11-25-2005-NA-MRI BREASTS - Delayed contrast-51529/500.000000-ROI-99161/1-1.dcm,-51.0,R,"[[[0 0 0 ... 0 0 0]
  [0 0 0 ... 0 0 0]
  [0 0 0 ... 0 0 0]
  ...
  [0 0 0 ... 0 0 0]
  [0 0 0 ... 0 0 0]
  [0 0 0 ... 0 0 0]]

 [[0 0 0 ... 0 0 0]
  [0 0 0 ... 0 0 0]
  [0 0 0 ... 0 0 0]
  ...
  [0 0 0 ... 0 0 0]
  [0 0 0 ... 0 0 0]
  [0 0 0 ... 0 0 0]]

 [[0 0 0 ... 0 0 0]
  [0 0 0 ... 0 0 0]
  [0 0 0 ... 0 0 0]
  ...
  [0 0 0 ... 0 0 0]
  [0 0 0 ... 0 0 0]
  [0 0 0 ... 0 0 0]]

 ...

 [[0 0 0 ... 0 0 0]
  [0 0 0 ... 0 0 0]
  [0 0 0 ... 0 0 0]
  ...
  [0 0 0 ... 0 0 0]
  [0 0 0 ... 0 0 0]
  [0 0 0 ... 0 0 0]]

 [[0 0 0 ... 0 0 0]
  [0 0 0 ... 0 0 0]
  [0 0 0 ... 0 0 0]
  ...
  [0 0 0 ... 0 0 0]
  [0 0 0 ... 0 0 0]
  [0 0 0 ... 0 0 0]]

 [[0 0 0 ... 0 0 0]
  [0 0 0 ... 0 0 0]
  [0 0 0 ... 0 0 0]
  ...
  [0 0 0 ... 0 0 0]
  [0 0 0 ... 0 0 0]
  [0 0 0 ... 0 0 0]]]","[77, 78, 79, 80, 81, 82, 83, 84, 85]","[162, 163, 164, 165, 166, 167, 168, 169, 170, 171, 172, 173, 174, 175, 176, 177, 178, 179, 180, 181, 182, 183, 184, 185, 186, 187, 188, 189, 190, 191, 192, 193, 194, 195, 196, 197, 198, 199, 200, 201, 202, 203, 204, 205, 206, 207, 208, 209, 210, 211, 212, 213, 214, 215, 216, 217, 218, 219]","[355, 356, 357, 358, 359, 360, 361, 362, 363, 364, 365, 366, 367, 368, 369, 370, 371, 372, 373, 374, 375, 376, 377, 378, 379, 380, 381, 382, 383, 384, 385, 386, 387, 388, 389, 390, 391, 392, 393, 394, 395, 396, 397, 398, 399, 400, 401, 402, 403]",9,58,49,/media/bendico765/Crucial X9/Materiali Tesista/Roi masks/AMBL-572/ROI 2.npy,/media/bendico765/Crucial X9/Materiali Tesista/Cleaned Roi masks/AMBL-572/ROI 2.npy,0.625,2.0,/media/bendico765/Crucial X9/MRI Lesions/manifest-1728494830954/Advanced-MRI-Breast-Lesions/AMBL-572/11-25-2005-NA-MRI BREASTS - Delayed contrast-51529/500.000000-Registered AX Sen Vibrant MultiPhase-79470,0.8339684052968603,0.676249868929319,23.614424722688025,34.91967364086273,38.73003517943148,44.16322706732378,43.10234912391667,48.99378149316503,11876.985677083334,29.121904539757104,0.34650711713347865,7265.119915750122,0.6116972869444631,11975.0,117.0,325.0,3.663374623472393,117.0,2.4790739984188486,563.0,64.93058930114387,216.3268528183716,212.0,8.0,555.0,48.41283042240718,230.05698327422255,0.23194187529266908,633791431.25,0.08722122462855376,6128.9083029344965,80.31054883626267,2181.177124834779,49.2068380911805,27.28405653380562,10.17690366816309,0.44790559448277406,2.397815250841813,2.780819522072828,4.037231404618067,0.432474829906604,0.3561204108767257,0.9819777806013698,0.9113509812421401,-0.082704771184086,0.5535588529911233,0.3365772140395192,8.716968683204852,0.010920319620982982,6.933536251630713,0.470671362032,0.022215880291762816,17.433937366409715,4.389365068591216,9.365240050492174,6.772228991746205,1946.7019832985386,0.1270029999542366,6.197614800754878,9.89923769550233,94.06980688935282,25.386221294363256,2233.5930323590815,0.5171874729893946,0.019040308733484626,0.16797391002310416,18.1230602894097,0.0029598005562413627,1163.4045597434554,0.08738286520264377,9.83804567573256,94.80011226736626,1.6177718237028849,154.0030826015613,0.030609554151671402,0.01890098548611312,4.272376899421373,10634.28934263299,0.7877336247625971,0.8699815320378994,0.2560763562475422,0.9047438697670546,86.61726983354478,0.01695266689381583,230.7330350484713,0.08603021441031741,11.085182043295791,112.75503355704699,1062.0596569724087,70343.9187173751,21.082233976209167,0.018193580749198957,796.2043251304997,0.29686962159973884,0.5625255185490846,65.53445243068919,0.009657999103815094,6.272645097678899,0.17497390396659707,1029.396855107739,7.81932661243084,0.0005430125891088351,376.8931328220141,0.06015950730025565,0.12078704991462619
139,AMBL-572,3,0.0,,,,,,,,,,/media/bendico765/Crucial X9/MRI Lesions/manifest-1728494830954/Advanced-MRI-Breast-Lesions/AMBL-572/11-25-2005-NA-MRI BREASTS - Delayed contrast-51529/600.000000-Registered Ax T2 FSE-43029,/media/bendico765/Crucial X9/MRI Lesions/manifest-1728494830954/Advanced-MRI-Breast-Lesions/AMBL-572/11-25-2005-NA-MRI BREASTS - Delayed contrast-51529/500.000000-ROI-99161/1-1.dcm,-11.0,L,"[[[0 0 0 ... 0 0 0]
  [0 0 0 ... 0 0 0]
  [0 0 0 ... 0 0 0]
  ...
  [0 0 0 ... 0 0 0]
  [0 0 0 ... 0 0 0]
  [0 0 0 ... 0 0 0]]

 [[0 0 0 ... 0 0 0]
  [0 0 0 ... 0 0 0]
  [0 0 0 ... 0 0 0]
  ...
  [0 0 0 ... 0 0 0]
  [0 0 0 ... 0 0 0]
  [0 0 0 ... 0 0 0]]

 [[0 0 0 ... 0 0 0]
  [0 0 0 ... 0 0 0]
  [0 0 0 ... 0 0 0]
  ...
  [0 0 0 ... 0 0 0]
  [0 0 0 ... 0 0 0]
  [0 0 0 ... 0 0 0]]

 ...

 [[0 0 0 ... 0 0 0]
  [0 0 0 ... 0 0 0]
  [0 0 0 ... 0 0 0]
  ...
  [0 0 0 ... 0 0 0]
  [0 0 0 ... 0 0 0]
  [0 0 0 ... 0 0 0]]

 [[0 0 0 ... 0 0 0]
  [0 0 0 ... 0 0 0]
  [0 0 0 ... 0 0 0]
  ...
  [0 0 0 ... 0 0 0]
  [0 0 0 ... 0 0 0]
  [0 0 0 ... 0 0 0]]

 [[0 0 0 ... 0 0 0]
  [0 0 0 ... 0 0 0]
  [0 0 0 ... 0 0 0]
  ...
  [0 0 0 ... 0 0 0]
  [0 0 0 ... 0 0 0]
  [0 0 0 ... 0 0 0]]]","[59, 60, 61]","[179, 180, 181, 182, 183, 184, 185, 186, 187, 188, 189]","[164, 165, 166, 167, 168, 169, 170, 171, 172, 173, 174, 175]",3,11,12,/media/bendico765/Crucial X9/Materiali Tesista/Roi masks/AMBL-572/ROI 3.npy,/media/bendico765/Crucial X9/Materiali Tesista/Cleaned Roi masks/AMBL-572/ROI 3.npy,0.625,2.0,/media/bendico765/Crucial X9/MRI Lesions/manifest-1728494830954/Advanced-MRI-Breast-Lesions/AMBL-572/11-25-2005-NA-MRI BREASTS - Delayed contrast-51529/500.000000-Registered AX Sen Vibrant MultiPhase-79470,0.8517072786662135,0.686099209530941,7.470014442891649,10.887659305129654,13.707320124663317,12.324391465707343,12.13530489934225,14.604151806934903,379.5247395833333,9.273098677816854,0.5499634060740576,460.93928672754174,1.2145171016613845,396.09375,107.0,266.40000000000003,3.271456181565834,109.5,1.996291631623301,336.0,55.038922540060454,186.30374753451676,185.0,45.0,291.0,43.7322672231794,196.70372398504762,-0.015783702265436655,15325800.0,0.11339861271586353,3983.268684180837,44.169391380810936,678.6107868438236,12.301948969754125,17.21514405709403,6.922690359303908,0.4113844371019043,2.0061854545619244,2.521219288753634,2.643877348358838,0.4673216275490678,0.39621429984326784,0.9634009062911558,0.876742323016197,-0.1261299085320522,0.7093262474198814,0.3613890064886284,6.446138324194918,0.02030749723725048,6.021658700273241,0.5216641879890159,0.06036104244541312,12.892276648389837,3.9501189208027894,6.034458604099486,5.994993657713497,65.99408284023669,0.13016584386634455,7.324681286447331,6.4850670494730585,55.319526627218934,25.86390532544379,947.7061143984221,1.1832518998587669,0.03645701076166486,0.18857141305512418,11.968299922677842,0.006756288646215645,49.611567194451474,0.11214792858576444,6.450608416247041,57.13142861648089,1.5555661126581088,80.7774346680818,0.05921329705388874,0.03557383812881904,3.8201547405529124,352.5579287173253,0.7880771932856813,0.872856926111364,0.21024430363010232,0.9049383331006176,52.85192339626789,0.03161367385744366,13.444444444444445,0.11490978157644824,6.2754036087369425,66.76923076923077,87.85470085470085,3053.324786324786,3.9103242143856662,0.035261491600327266,29.085470085470085,0.24859376141427422,0.5078700594675567,32.13447007333935,0.02001397363236363,5.218667609769525,0.23076923076923078,69.0769230769231,0.929209569235838,0.013482876123818592,90.79083446104512,0.11319620513625353,0.7716027165682404
140,AMBL-572,4,0.0,,,,,,,,,,/media/bendico765/Crucial X9/MRI Lesions/manifest-1728494830954/Advanced-MRI-Breast-Lesions/AMBL-572/11-25-2005-NA-MRI BREASTS - Delayed contrast-51529/600.000000-Registered Ax T2 FSE-43029,/media/bendico765/Crucial X9/MRI Lesions/manifest-1728494830954/Advanced-MRI-Breast-Lesions/AMBL-572/11-25-2005-NA-MRI BREASTS - Delayed contrast-51529/500.000000-ROI-99161/1-1.dcm,-27.0,L,"[[[0 0 0 ... 0 0 0]
  [0 0 0 ... 0 0 0]
  [0 0 0 ... 0 0 0]
  ...
  [0 0 0 ... 0 0 0]
  [0 0 0 ... 0 0 0]
  [0 0 0 ... 0 0 0]]

 [[0 0 0 ... 0 0 0]
  [0 0 0 ... 0 0 0]
  [0 0 0 ... 0 0 0]
  ...
  [0 0 0 ... 0 0 0]
  [0 0 0 ... 0 0 0]
  [0 0 0 ... 0 0 0]]

 [[0 0 0 ... 0 0 0]
  [0 0 0 ... 0 0 0]
  [0 0 0 ... 0 0 0]
  ...
  [0 0 0 ... 0 0 0]
  [0 0 0 ... 0 0 0]
  [0 0 0 ... 0 0 0]]

 ...

 [[0 0 0 ... 0 0 0]
  [0 0 0 ... 0 0 0]
  [0 0 0 ... 0 0 0]
  ...
  [0 0 0 ... 0 0 0]
  [0 0 0 ... 0 0 0]
  [0 0 0 ... 0 0 0]]

 [[0 0 0 ... 0 0 0]
  [0 0 0 ... 0 0 0]
  [0 0 0 ... 0 0 0]
  ...
  [0 0 0 ... 0 0 0]
  [0 0 0 ... 0 0 0]
  [0 0 0 ... 0 0 0]]

 [[0 0 0 ... 0 0 0]
  [0 0 0 ... 0 0 0]
  [0 0 0 ... 0 0 0]
  ...
  [0 0 0 ... 0 0 0]
  [0 0 0 ... 0 0 0]
  [0 0 0 ... 0 0 0]]]","[67, 68, 69]","[148, 149, 150, 151, 152, 153, 154, 155, 156, 157, 158, 159, 160, 161, 162, 163, 164, 165]","[173, 174, 175, 176, 177, 178, 179, 180, 181]",3,18,9,/media/bendico765/Crucial X9/Materiali Tesista/Roi masks/AMBL-572/ROI 4.npy,/media/bendico765/Crucial X9/Materiali Tesista/Cleaned Roi masks/AMBL-572/ROI 4.npy,0.625,2.0,/media/bendico765/Crucial X9/MRI Lesions/manifest-1728494830954/Advanced-MRI-Breast-Lesions/AMBL-572/11-25-2005-NA-MRI BREASTS - Delayed contrast-51529/500.000000-Registered AX Sen Vibrant MultiPhase-79470,0.6850057105073432,0.4177536181744638,5.992050060949499,14.343502486307795,11.473474844178638,16.451158773776392,13.258252147247767,16.793786053180504,253.02734375,9.825381111797114,0.4164729970786441,464.5248094077239,1.8358680232864117,277.34375,158.4,333.0,3.1923443826459676,107.0,2.2885552155052236,362.0,55.889831382662166,258.84788732394367,264.0,97.0,265.0,43.21129240230113,267.25657345767576,-0.5392602087751235,19809575.78125,0.126030549494148,4423.847284268994,61.49749503293718,711.4305906625461,-14.254435849847802,17.040966930070724,9.114202648451636,0.27587672509566996,2.2702699424231962,2.624034365193182,3.5015404187552823,0.44922132035516893,0.37479015646316655,0.9469366118320443,0.8558657357283241,-0.19711045942146643,0.8320683407305711,0.33240901254953786,7.697782076587019,0.027087969189611833,5.7266487426815615,0.5738102916469728,0.07351081694777115,15.395564153174035,3.7940981094301236,6.5387923946305895,5.588001724220732,54.988732394366195,0.154897837730609,4.030263836540369,7.111398532037294,69.14366197183098,16.250704225352113,1418.9971830985914,0.31656764819315125,0.03507119679245617,0.25927226232172573,15.694485495424043,0.011136094085208914,39.16136284611421,0.12149917349229367,7.118311439467555,67.51356355769454,1.505042135737707,110.85963191921618,0.047530353313304685,0.0365180596263284,3.611001820936016,278.70154817224125,0.8526084631674281,0.9040086673889494,0.21736291910083905,0.9329967262861172,62.233051034777034,0.03485333591182985,12.267857142857142,0.10953443877551021,7.156170280612244,57.794642857142854,54.080357142857146,5603.892857142857,0.7472530531757446,0.047257908857659556,35.94642857142857,0.32095025510204084,0.5842374060669757,35.3679660874366,0.024613277022305303,5.0682105613298045,0.3154929577464789,44.03372130102041,0.4851338155639303,0.020638449487702222,70.49552543823222,0.1397131837534691,1.0908157452625622
141,AMBL-574,0,1.0,2,strong,strong,neg,,100,20,0.0,20,/media/bendico765/Crucial X9/MRI Lesions/manifest-1728494830954/Advanced-MRI-Breast-Lesions/AMBL-574/12-01-2005-NA-MRI BREASTS - Delayed contrast-93585/600.000000-Registered Ax T2 FSE-56269,/media/bendico765/Crucial X9/MRI Lesions/manifest-1728494830954/Advanced-MRI-Breast-Lesions/AMBL-574/12-01-2005-NA-MRI BREASTS - Delayed contrast-93585/500.000000-ROI-73859/1-1.dcm,16.76,L,"[[[0 0 0 ... 0 0 0]
  [0 0 0 ... 0 0 0]
  [0 0 0 ... 0 0 0]
  ...
  [0 0 0 ... 0 0 0]
  [0 0 0 ... 0 0 0]
  [0 0 0 ... 0 0 0]]

 [[0 0 0 ... 0 0 0]
  [0 0 0 ... 0 0 0]
  [0 0 0 ... 0 0 0]
  ...
  [0 0 0 ... 0 0 0]
  [0 0 0 ... 0 0 0]
  [0 0 0 ... 0 0 0]]

 [[0 0 0 ... 0 0 0]
  [0 0 0 ... 0 0 0]
  [0 0 0 ... 0 0 0]
  ...
  [0 0 0 ... 0 0 0]
  [0 0 0 ... 0 0 0]
  [0 0 0 ... 0 0 0]]

 ...

 [[0 0 0 ... 0 0 0]
  [0 0 0 ... 0 0 0]
  [0 0 0 ... 0 0 0]
  ...
  [0 0 0 ... 0 0 0]
  [0 0 0 ... 0 0 0]
  [0 0 0 ... 0 0 0]]

 [[0 0 0 ... 0 0 0]
  [0 0 0 ... 0 0 0]
  [0 0 0 ... 0 0 0]
  ...
  [0 0 0 ... 0 0 0]
  [0 0 0 ... 0 0 0]
  [0 0 0 ... 0 0 0]]

 [[0 0 0 ... 0 0 0]
  [0 0 0 ... 0 0 0]
  [0 0 0 ... 0 0 0]
  ...
  [0 0 0 ... 0 0 0]
  [0 0 0 ... 0 0 0]
  [0 0 0 ... 0 0 0]]]","[46, 47, 48, 49, 50, 51]","[150, 151, 152, 153, 154, 155, 156, 157, 158, 159, 160, 161, 162, 163, 164, 165, 166, 167, 168, 169, 170, 171, 172, 173, 174, 175, 176, 177, 178, 179, 180, 181, 182, 183, 184, 185, 186, 187, 188, 189, 190, 191, 192, 193, 194, 195, 196, 197, 198, 199, 200, 201, 202, 203, 204, 205]","[121, 122, 123, 124, 125, 126, 127, 128, 129, 130, 131, 132, 133, 134, 135, 136, 137, 138, 139, 140, 141, 142, 143, 144, 145, 146, 147, 148, 149, 150, 151, 152, 153, 154, 155, 156, 157, 158, 159, 160, 161, 162, 163, 164, 165, 166, 167, 168, 169, 170, 171, 172]",6,56,52,/media/bendico765/Crucial X9/Materiali Tesista/Roi masks/AMBL-574/ROI 0.npy,/media/bendico765/Crucial X9/Materiali Tesista/Cleaned Roi masks/AMBL-574/ROI 0.npy,0.625,2.0,/media/bendico765/Crucial X9/MRI Lesions/manifest-1728494830954/Advanced-MRI-Breast-Lesions/AMBL-574/12-01-2005-NA-MRI BREASTS - Delayed contrast-93585/500.000000-Registered AX Sen Vibrant MultiPhase-07548,0.9441623053398585,0.49476833647121443,17.740034815702675,35.855234678573225,37.73281893789543,41.40520045839653,45.774583559001385,46.220429736210804,12271.256510416666,33.85316103262334,0.3831750227569543,6714.488828109776,0.5471720701470193,12314.84375,182.0,455.0,4.026767197870005,173.0,2.545795916507775,751.0,91.95140065767285,298.31580282941064,270.0,-18.0,769.0,69.38919289024656,317.7627866919438,0.3971255839292978,1243469040.625,0.07448808884507302,11980.870388473968,180.97916888234172,10582.759799221301,226.78586083019738,60.68292041613567,11.769706500302748,0.6710912745748374,2.368074366800705,2.8621800344042048,5.933092497074298,0.4637114393321332,0.39788358481116504,0.9891521803670145,0.9354786641588227,-0.14633376168696458,0.799119095011151,0.3567155080940836,12.988522937671952,0.011994870701988118,7.3438834821448005,0.6975574443040122,0.04274384628573104,25.977045875343894,4.84068793202545,18.1131567291096,7.348947928710256,1600.1868299181629,0.10151537333744609,12.382034432194297,19.25408176398219,200.2771680517668,38.380194125483726,6339.054304383683,0.36316463901526624,0.008764118899378419,0.1812362048566528,43.51289691047164,0.0012735460883987362,929.3858934120975,0.06994089724609383,19.67469706753605,205.39804902634762,1.7630456502888678,338.55158310938054,0.016072453297258323,0.008594248002844595,4.77830920617072,10031.688444235055,0.7486494905438245,0.8423523440969358,0.3197577327433957,0.8862770712523222,185.3801328596671,0.007527075562975971,198.31380753138075,0.06382806808219528,19.743246377538224,247.78532346314773,2283.018023817187,273299.49243643385,21.168530507329386,0.006784176906323765,1074.127132281944,0.3457119833543431,0.6092478926133067,153.50636737553862,0.003991996269704082,6.421594538569724,0.19710714965425363,2257.2788119562247,3.273597965879571,0.0006396059020547384,661.142770656744,0.06465834733066463,0.2692573289056019
142,AMBL-574,1,0.0,-1,-1,-1,-1,,-1.0,-1.0,-1.0,-1,/media/bendico765/Crucial X9/MRI Lesions/manifest-1728494830954/Advanced-MRI-Breast-Lesions/AMBL-574/12-01-2005-NA-MRI BREASTS - Delayed contrast-93585/600.000000-Registered Ax T2 FSE-56269,/media/bendico765/Crucial X9/MRI Lesions/manifest-1728494830954/Advanced-MRI-Breast-Lesions/AMBL-574/12-01-2005-NA-MRI BREASTS - Delayed contrast-93585/500.000000-ROI-73859/1-1.dcm,-27.24,R,"[[[0 0 0 ... 0 0 0]
  [0 0 0 ... 0 0 0]
  [0 0 0 ... 0 0 0]
  ...
  [0 0 0 ... 0 0 0]
  [0 0 0 ... 0 0 0]
  [0 0 0 ... 0 0 0]]

 [[0 0 0 ... 0 0 0]
  [0 0 0 ... 0 0 0]
  [0 0 0 ... 0 0 0]
  ...
  [0 0 0 ... 0 0 0]
  [0 0 0 ... 0 0 0]
  [0 0 0 ... 0 0 0]]

 [[0 0 0 ... 0 0 0]
  [0 0 0 ... 0 0 0]
  [0 0 0 ... 0 0 0]
  ...
  [0 0 0 ... 0 0 0]
  [0 0 0 ... 0 0 0]
  [0 0 0 ... 0 0 0]]

 ...

 [[0 0 0 ... 0 0 0]
  [0 0 0 ... 0 0 0]
  [0 0 0 ... 0 0 0]
  ...
  [0 0 0 ... 0 0 0]
  [0 0 0 ... 0 0 0]
  [0 0 0 ... 0 0 0]]

 [[0 0 0 ... 0 0 0]
  [0 0 0 ... 0 0 0]
  [0 0 0 ... 0 0 0]
  ...
  [0 0 0 ... 0 0 0]
  [0 0 0 ... 0 0 0]
  [0 0 0 ... 0 0 0]]

 [[0 0 0 ... 0 0 0]
  [0 0 0 ... 0 0 0]
  [0 0 0 ... 0 0 0]
  ...
  [0 0 0 ... 0 0 0]
  [0 0 0 ... 0 0 0]
  [0 0 0 ... 0 0 0]]]","[71, 72, 73]","[175, 176, 177, 178, 179, 180, 181, 182, 183, 184, 185, 186, 187, 188, 189, 190, 191, 192, 193, 194]","[351, 352, 353, 354, 355, 356, 357, 358, 359, 360, 361, 362, 363, 364, 365, 366, 367, 368]",3,20,18,/media/bendico765/Crucial X9/Materiali Tesista/Roi masks/AMBL-574/ROI 1.npy,/media/bendico765/Crucial X9/Materiali Tesista/Cleaned Roi masks/AMBL-574/ROI 1.npy,0.625,2.0,/media/bendico765/Crucial X9/MRI Lesions/manifest-1728494830954/Advanced-MRI-Breast-Lesions/AMBL-574/12-01-2005-NA-MRI BREASTS - Delayed contrast-93585/500.000000-Registered AX Sen Vibrant MultiPhase-07548,0.711743216047545,0.5162495123007715,9.49667693904094,18.395517502219143,14.59077191241094,20.961646524068666,19.294186300541416,21.70325436426528,392.96875,13.092884787888355,0.30027683391724874,864.0409120982501,2.19875222164167,452.34375,210.0,370.20000000000005,3.039829460358563,55.5,4.453509834665275,548.0,45.80908659740305,269.68911917098444,253.0,137.0,411.0,26.660746907156895,276.7235828007176,1.262132844635027,34638648.4375,0.16370610993285428,3843.7202788441746,44.82053237061004,947.6007296153579,52.573517329437514,16.171101089784635,11.136937581867526,0.208459920051563,2.438552534622522,2.679260965267809,4.410786357756871,0.4440475358819821,0.37493227861001854,0.9657881123278843,0.8855256466271719,-0.16238022547718375,0.7803281771324665,0.3569219320117946,6.5944069786402,0.029319462137361155,5.691352581170441,0.5445821682197101,0.07281644614585646,13.188813957280406,3.716418348029893,6.827009667913042,5.378857210599939,109.01381692573402,0.1882794765556719,2.4939610608487626,6.19415882902151,46.04317789291883,11.849740932642487,464.685664939551,0.45565541150177685,0.04043987811947643,0.2731687093215077,14.593903394115276,0.012517908455986448,85.18806007023188,0.15922579094248857,6.299135394019867,46.59917861411009,1.3745764170460175,61.14751937568354,0.05506500815149111,0.04062581750205253,3.422282522648414,472.1013558431225,0.8725232924279697,0.9208183871396307,0.15388346865907063,0.9426222633219882,44.206860161649715,0.038413965269973295,22.632653061224488,0.11547271970012495,7.408163265306122,54.42857142857143,29.301020408163264,1022.1989795918367,1.1140848620499144,0.04383230279906174,59.673469387755105,0.3044564764681383,0.5660793129245272,32.31883852855164,0.027514698350474376,5.243682474861219,0.3385146804835924,20.57442211578509,0.9863069825923666,0.010250721624940633,129.4414708300142,0.0771539827168612,1.2000436437033153
143,AMBL-574,2,0.0,-1.0,-1,-1,-1,,-1.0,-1.0,-1.0,-1,/media/bendico765/Crucial X9/MRI Lesions/manifest-1728494830954/Advanced-MRI-Breast-Lesions/AMBL-574/12-01-2005-NA-MRI BREASTS - Delayed contrast-93585/600.000000-Registered Ax T2 FSE-56269,/media/bendico765/Crucial X9/MRI Lesions/manifest-1728494830954/Advanced-MRI-Breast-Lesions/AMBL-574/12-01-2005-NA-MRI BREASTS - Delayed contrast-93585/500.000000-ROI-73859/1-1.dcm,-27.4,R,"[[[0 0 0 ... 0 0 0]
  [0 0 0 ... 0 0 0]
  [0 0 0 ... 0 0 0]
  ...
  [0 0 0 ... 0 0 0]
  [0 0 0 ... 0 0 0]
  [0 0 0 ... 0 0 0]]

 [[0 0 0 ... 0 0 0]
  [0 0 0 ... 0 0 0]
  [0 0 0 ... 0 0 0]
  ...
  [0 0 0 ... 0 0 0]
  [0 0 0 ... 0 0 0]
  [0 0 0 ... 0 0 0]]

 [[0 0 0 ... 0 0 0]
  [0 0 0 ... 0 0 0]
  [0 0 0 ... 0 0 0]
  ...
  [0 0 0 ... 0 0 0]
  [0 0 0 ... 0 0 0]
  [0 0 0 ... 0 0 0]]

 ...

 [[0 0 0 ... 0 0 0]
  [0 0 0 ... 0 0 0]
  [0 0 0 ... 0 0 0]
  ...
  [0 0 0 ... 0 0 0]
  [0 0 0 ... 0 0 0]
  [0 0 0 ... 0 0 0]]

 [[0 0 0 ... 0 0 0]
  [0 0 0 ... 0 0 0]
  [0 0 0 ... 0 0 0]
  ...
  [0 0 0 ... 0 0 0]
  [0 0 0 ... 0 0 0]
  [0 0 0 ... 0 0 0]]

 [[0 0 0 ... 0 0 0]
  [0 0 0 ... 0 0 0]
  [0 0 0 ... 0 0 0]
  ...
  [0 0 0 ... 0 0 0]
  [0 0 0 ... 0 0 0]
  [0 0 0 ... 0 0 0]]]","[71, 72, 73]","[207, 208, 209, 210, 211, 212, 213, 214, 215, 216, 217, 218, 219, 220, 221, 222, 223, 224, 225, 226, 227, 228, 229]","[390, 391, 392, 393, 394, 395, 396, 397, 398, 399, 400, 401, 402, 403, 404, 405, 406, 407, 408, 409]",3,23,20,/media/bendico765/Crucial X9/Materiali Tesista/Roi masks/AMBL-574/ROI 2.npy,/media/bendico765/Crucial X9/Materiali Tesista/Cleaned Roi masks/AMBL-574/ROI 2.npy,0.625,2.0,/media/bendico765/Crucial X9/MRI Lesions/manifest-1728494830954/Advanced-MRI-Breast-Lesions/AMBL-574/12-01-2005-NA-MRI BREASTS - Delayed contrast-93585/500.000000-Registered AX Sen Vibrant MultiPhase-07548,0.8468822753438261,0.5727031679464571,8.97861004518797,15.677598008375945,15.576926044634096,19.171919570037844,19.008632907181937,21.440688538384208,834.08203125,13.277079873259257,0.43427992150939543,986.7039890563184,1.1829819515205129,867.96875,270.0,661.0,4.320235930076901,165.5,3.2077161754831756,840.0,107.42043601299824,435.3609360936094,411.0,182.0,658.0,70.6860524436282,456.9405242088585,0.8290224083481296,181227225.0,0.05924633867527167,19255.49798796261,111.8276629315286,17817.234136252966,463.3078515188869,67.55913390639577,23.89547458687897,0.43150662042945337,3.651265417513408,3.305010192112744,9.528091847531268,0.3533590452472409,0.2677828138863838,0.9706262441890409,0.8898392582651334,-0.15156716538024384,0.8158805902867008,0.2626023527482443,10.031973330070317,0.007013716759354937,7.6306137340230435,0.5171997850568439,0.020531923388659834,20.063946660140637,4.862941093000503,22.863652123318687,6.601844898262301,216.5931593159316,0.19495333871821025,3.2921063483486064,30.967560302384875,150.64446444644466,11.45904590459046,1108.8496849684968,0.30873192158860685,0.02389876904266335,0.3577387856381995,69.98270955987547,0.009048460199013758,59.77535173300722,0.057916299925261865,31.514971455601234,154.23643001146323,1.2757781924960854,182.76945738780537,0.03102904425013732,0.0237961853719118,4.681919651723442,907.3006169740404,0.8740960482748569,0.9285467008239284,0.10182038841283293,0.9465426008974058,148.41886767362587,0.022504219965375775,22.528662420382165,0.047831555032658526,37.27616626322456,195.41613588110403,24.953290870488324,2008.3949044585988,0.6819602019367996,0.024734695750607764,198.0615711252654,0.42051288986255925,0.6722450968737242,140.89184559061695,0.017516966848617366,6.096233568205616,0.4239423942394239,19.389301346459852,0.5962197701717588,0.007689225235427844,655.3222685485213,0.2051988385295488,2.1106915029511626
144,AMBL-574,3,0.0,,,,,,,,,,/media/bendico765/Crucial X9/MRI Lesions/manifest-1728494830954/Advanced-MRI-Breast-Lesions/AMBL-574/12-01-2005-NA-MRI BREASTS - Delayed contrast-93585/600.000000-Registered Ax T2 FSE-56269,/media/bendico765/Crucial X9/MRI Lesions/manifest-1728494830954/Advanced-MRI-Breast-Lesions/AMBL-574/12-01-2005-NA-MRI BREASTS - Delayed contrast-93585/500.000000-ROI-73859/1-1.dcm,-31.24,R,"[[[0 0 0 ... 0 0 0]
  [0 0 0 ... 0 0 0]
  [0 0 0 ... 0 0 0]
  ...
  [0 0 0 ... 0 0 0]
  [0 0 0 ... 0 0 0]
  [0 0 0 ... 0 0 0]]

 [[0 0 0 ... 0 0 0]
  [0 0 0 ... 0 0 0]
  [0 0 0 ... 0 0 0]
  ...
  [0 0 0 ... 0 0 0]
  [0 0 0 ... 0 0 0]
  [0 0 0 ... 0 0 0]]

 [[0 0 0 ... 0 0 0]
  [0 0 0 ... 0 0 0]
  [0 0 0 ... 0 0 0]
  ...
  [0 0 0 ... 0 0 0]
  [0 0 0 ... 0 0 0]
  [0 0 0 ... 0 0 0]]

 ...

 [[0 0 0 ... 0 0 0]
  [0 0 0 ... 0 0 0]
  [0 0 0 ... 0 0 0]
  ...
  [0 0 0 ... 0 0 0]
  [0 0 0 ... 0 0 0]
  [0 0 0 ... 0 0 0]]

 [[0 0 0 ... 0 0 0]
  [0 0 0 ... 0 0 0]
  [0 0 0 ... 0 0 0]
  ...
  [0 0 0 ... 0 0 0]
  [0 0 0 ... 0 0 0]
  [0 0 0 ... 0 0 0]]

 [[0 0 0 ... 0 0 0]
  [0 0 0 ... 0 0 0]
  [0 0 0 ... 0 0 0]
  ...
  [0 0 0 ... 0 0 0]
  [0 0 0 ... 0 0 0]
  [0 0 0 ... 0 0 0]]]","[73, 74, 75, 76]","[167, 168, 169, 170, 171, 172, 173, 174, 175, 176, 177, 178, 179, 180, 181, 182, 183, 184, 185, 186, 187, 188, 189, 190, 191, 192, 193, 194, 195, 196, 197, 198, 199, 200, 201, 202, 203, 204]","[373, 374, 375, 376, 377, 378, 379, 380, 381, 382, 383, 384, 385, 386, 387, 388, 389, 390, 391, 392, 393, 394, 395, 396, 397, 398, 399, 400, 401, 402, 403, 404, 405]",4,38,33,/media/bendico765/Crucial X9/Materiali Tesista/Roi masks/AMBL-574/ROI 3.npy,/media/bendico765/Crucial X9/Materiali Tesista/Cleaned Roi masks/AMBL-574/ROI 3.npy,0.625,2.0,/media/bendico765/Crucial X9/MRI Lesions/manifest-1728494830954/Advanced-MRI-Breast-Lesions/AMBL-574/12-01-2005-NA-MRI BREASTS - Delayed contrast-93585/500.000000-Registered AX Sen Vibrant MultiPhase-07548,0.8901057391704513,0.5783376308879797,13.43038235181094,23.222390580377635,25.10260195676934,30.444878469128433,28.919338253148187,31.34136643479349,2698.0143229166665,20.670383132851956,0.3437435855388088,2726.5430276228494,1.0105739634011068,2777.34375,242.0,576.5999999999999,4.272411395575822,191.0,2.314509771805978,791.0,104.53660884513205,416.97777777777776,418.0,125.0,666.0,78.86886606273639,435.48649485503586,0.11978551090693623,526719040.625,0.0571181810449022,15778.02004063135,140.12590402397717,10944.32359395743,31.98557737286452,63.73061388416514,18.27000424393534,0.5129392519903622,3.111454609195919,3.0846419934170517,7.432173642729944,0.3999553470783667,0.3234683114961052,0.9770200527301734,0.9044268700135297,-0.1376019226972442,0.7155152182651653,0.30313655933181904,11.333018890407955,0.006852305617964326,7.654747892303484,0.5606947696655924,0.020225864428190264,22.666037780815905,4.919313017059999,20.50015453202512,7.052258514415727,554.8092827004219,0.1560644958369682,5.208641065356335,25.19425653929313,174.08917018284106,18.431223628691985,2468.666947960619,0.36742179168928485,0.014690526877873273,0.23617982788846045,46.43374592158068,0.0031329536133250587,180.786679192515,0.05659153177259724,25.105238555612818,176.93008478145373,1.4501259431140583,245.65440671572418,0.022116315327336798,0.014378343587615743,4.756880018591866,2690.8140084151387,0.8315540598619832,0.8986043492372604,0.17618719688774614,0.9249778937331233,165.68053382836948,0.013090018838839082,53.22044088176353,0.05332709507190734,27.005037128364947,200.2254509018036,98.06312625250501,11441.315631262525,1.7638627214082883,0.013579713138869354,296.47895791583164,0.29707310412407983,0.558677900513393,113.8755399159204,0.00730681705854265,6.595538218249779,0.2807313642756681,85.37439709077472,1.2437840532970394,0.0026826599346159194,570.0102960995824,0.1365600429123226,0.7113243581942839
145,AMBL-579,0,1.0,3,neg,neg,neg,1.0,0,0,0.0,60,/media/bendico765/Crucial X9/MRI Lesions/manifest-1728494830954/Advanced-MRI-Breast-Lesions/AMBL-579/12-21-2005-NA-MRI BREASTS - Delayed contrast-84296/600.000000-Registered Ax T2 FSE-17158,/media/bendico765/Crucial X9/MRI Lesions/manifest-1728494830954/Advanced-MRI-Breast-Lesions/AMBL-579/12-21-2005-NA-MRI BREASTS - Delayed contrast-84296/500.000000-ROI-89400/1-1.dcm,-42.57,R,"[[[0 0 0 ... 0 0 0]
  [0 0 0 ... 0 0 0]
  [0 0 0 ... 0 0 0]
  ...
  [0 0 0 ... 0 0 0]
  [0 0 0 ... 0 0 0]
  [0 0 0 ... 0 0 0]]

 [[0 0 0 ... 0 0 0]
  [0 0 0 ... 0 0 0]
  [0 0 0 ... 0 0 0]
  ...
  [0 0 0 ... 0 0 0]
  [0 0 0 ... 0 0 0]
  [0 0 0 ... 0 0 0]]

 [[0 0 0 ... 0 0 0]
  [0 0 0 ... 0 0 0]
  [0 0 0 ... 0 0 0]
  ...
  [0 0 0 ... 0 0 0]
  [0 0 0 ... 0 0 0]
  [0 0 0 ... 0 0 0]]

 ...

 [[0 0 0 ... 0 0 0]
  [0 0 0 ... 0 0 0]
  [0 0 0 ... 0 0 0]
  ...
  [0 0 0 ... 0 0 0]
  [0 0 0 ... 0 0 0]
  [0 0 0 ... 0 0 0]]

 [[0 0 0 ... 0 0 0]
  [0 0 0 ... 0 0 0]
  [0 0 0 ... 0 0 0]
  ...
  [0 0 0 ... 0 0 0]
  [0 0 0 ... 0 0 0]
  [0 0 0 ... 0 0 0]]

 [[0 0 0 ... 0 0 0]
  [0 0 0 ... 0 0 0]
  [0 0 0 ... 0 0 0]
  ...
  [0 0 0 ... 0 0 0]
  [0 0 0 ... 0 0 0]
  [0 0 0 ... 0 0 0]]]","[74, 75, 76, 77, 78, 79, 80, 81, 82, 83, 84]","[169, 170, 171, 172, 173, 174, 175, 176, 177, 178, 179, 180, 181, 182, 183, 184, 185, 186, 187, 188, 189, 190, 191, 192, 193, 194, 195, 196, 197, 198, 199, 200, 201, 202, 203, 204, 205, 206, 207, 208, 209, 210, 211, 212, 213, 214, 215, 216, 217, 218, 219, 220, 221, 222, 223, 224, 225, 226, 227, 228, 229, 230, 231, 232, 233, 234, 235, 236, 237, 238, 239, 240, 241, 242, 243, 244, 245, 246, 247, 248, 249, 250, 251, 252, 253, 254, 255, 256, 257, 258, 259, 260, 261, 262, 263, 264, 265, 267, 268, 270, 272]","[372, 373, 374, 375, 376, 377, 378, 379, 380, 381, 382, 383, 384, 385, 386, 387, 388, 389, 390, 391, 392, 393, 394, 395, 396, 397, 398, 399, 400, 401, 402, 403, 404, 405, 406, 407, 408, 409, 410, 411, 412, 413, 414, 415, 416]",11,104,45,/media/bendico765/Crucial X9/Materiali Tesista/Roi masks/AMBL-579/ROI 0.npy,/media/bendico765/Crucial X9/Materiali Tesista/Cleaned Roi masks/AMBL-579/ROI 0.npy,0.7617,2.0,/media/bendico765/Crucial X9/MRI Lesions/manifest-1728494830954/Advanced-MRI-Breast-Lesions/AMBL-579/12-21-2005-NA-MRI BREASTS - Delayed contrast-84296/500.000000-Registered AX Sen Vibrant MultiPhase-77776,0.5310332249020624,0.41987140245721016,30.821141157947892,73.40614525679426,46.3122591822079,80.81646739520356,85.50739843884857,86.21654786901411,19911.240482280708,38.98110204334469,0.18851232917458302,18845.597451367743,0.9464803294470129,20426.059649340004,196.0,510.0,4.125571144961729,199.0,1.9498947152908097,631.0,100.64644949352866,345.8434357779924,338.0,50.0,581.0,79.85551989092183,365.1988564300671,0.03826922368590736,2724227757.4195795,0.06219536612080111,13762.522667102434,156.45210716144334,12901.799194416108,253.66058049149945,79.13083175757136,11.379361018038468,0.7487026813265198,2.4524790100080502,2.8773109216813877,5.052260814443492,0.4456958179468427,0.373241791715659,0.9816434990363168,0.9136550604265034,-0.18464108944011534,0.863812913735252,0.327516252189263,11.808904409289218,0.008993717790582565,7.444307610374104,0.86252919042695,0.04534511665421616,23.617808818578446,4.920090068558924,22.627548193902445,7.117921944051753,2395.5379764812815,0.13608691566672054,8.900280773010858,22.0707573004657,174.79952280861218,25.59342157586775,6175.85411577572,0.24336924369957288,0.013729912057138619,0.22754427581627945,35.16914167900983,0.0035152258850339926,954.9701845004834,0.06161546504351105,21.277716271349593,169.29590414954023,1.596634196746629,302.9132072307629,0.020094338214695702,0.014105450876310629,4.670457800323256,12784.627842385813,0.8144748612544652,0.8813183067571525,0.2681256049563744,0.9175779569060403,152.73278528471172,0.013102207705669425,299.9958812052894,0.06503270782685658,18.088446166873332,152.46845870366357,515.1482766095817,160551.76284413613,2.748020617758373,0.016324698814578424,1507.1595491003686,0.3267200409929262,0.5916776201819981,91.08132466499704,0.009272148807557308,6.476031226693166,0.2620576038175311,500.5867647341472,5.380247025362544,0.0006781172582290699,334.86061445244206,0.1182553058616512,0.1290882068585353
146,AMBL-579,1,1.0,2,weak,neg,-1,,40.0,0.0,-1.0,-1,/media/bendico765/Crucial X9/MRI Lesions/manifest-1728494830954/Advanced-MRI-Breast-Lesions/AMBL-579/12-21-2005-NA-MRI BREASTS - Delayed contrast-84296/600.000000-Registered Ax T2 FSE-17158,/media/bendico765/Crucial X9/MRI Lesions/manifest-1728494830954/Advanced-MRI-Breast-Lesions/AMBL-579/12-21-2005-NA-MRI BREASTS - Delayed contrast-84296/500.000000-ROI-89400/1-1.dcm,-40.57,R,"[[[0 0 0 ... 0 0 0]
  [0 0 0 ... 0 0 0]
  [0 0 0 ... 0 0 0]
  ...
  [0 0 0 ... 0 0 0]
  [0 0 0 ... 0 0 0]
  [0 0 0 ... 0 0 0]]

 [[0 0 0 ... 0 0 0]
  [0 0 0 ... 0 0 0]
  [0 0 0 ... 0 0 0]
  ...
  [0 0 0 ... 0 0 0]
  [0 0 0 ... 0 0 0]
  [0 0 0 ... 0 0 0]]

 [[0 0 0 ... 0 0 0]
  [0 0 0 ... 0 0 0]
  [0 0 0 ... 0 0 0]
  ...
  [0 0 0 ... 0 0 0]
  [0 0 0 ... 0 0 0]
  [0 0 0 ... 0 0 0]]

 ...

 [[0 0 0 ... 0 0 0]
  [0 0 0 ... 0 0 0]
  [0 0 0 ... 0 0 0]
  ...
  [0 0 0 ... 0 0 0]
  [0 0 0 ... 0 0 0]
  [0 0 0 ... 0 0 0]]

 [[0 0 0 ... 0 0 0]
  [0 0 0 ... 0 0 0]
  [0 0 0 ... 0 0 0]
  ...
  [0 0 0 ... 0 0 0]
  [0 0 0 ... 0 0 0]
  [0 0 0 ... 0 0 0]]

 [[0 0 0 ... 0 0 0]
  [0 0 0 ... 0 0 0]
  [0 0 0 ... 0 0 0]
  ...
  [0 0 0 ... 0 0 0]
  [0 0 0 ... 0 0 0]
  [0 0 0 ... 0 0 0]]]","[71, 72, 73, 74, 75, 76, 77, 78]","[237, 238, 239, 240, 241, 242, 243, 244, 245, 246, 247, 248, 249, 250, 251, 252, 253, 254, 255, 256, 257, 258, 259, 260, 261, 262, 263, 264, 265, 266, 267, 268, 269]","[370, 371, 372, 373, 374, 375, 376, 377, 378, 379, 380, 381, 382, 383, 384, 385, 386, 387, 388, 389, 390, 391, 392, 393, 394, 395, 396, 397, 398]",8,33,29,/media/bendico765/Crucial X9/Materiali Tesista/Roi masks/AMBL-579/ROI 1.npy,/media/bendico765/Crucial X9/Materiali Tesista/Cleaned Roi masks/AMBL-579/ROI 1.npy,0.7617,2.0,/media/bendico765/Crucial X9/MRI Lesions/manifest-1728494830954/Advanced-MRI-Breast-Lesions/AMBL-579/12-21-2005-NA-MRI BREASTS - Delayed contrast-84296/500.000000-Registered AX Sen Vibrant MultiPhase-77776,0.8352046028315392,0.5604004469823826,14.859686347993202,26.516192890296445,29.691069386096554,31.747790622970914,36.877609333578015,37.531752699414405,3590.389870950013,22.146446351544526,0.35232272498675626,3218.384106592463,0.8963884765363607,3695.790489300001,164.0,381.0,3.7246644800657207,106.0,3.6535715512818028,631.0,67.76112221485624,260.2794348508634,244.0,56.0,575.0,45.68531313296078,274.34134852443236,0.8840384194101208,278156928.245129,0.09111676840764081,7517.791303919226,78.35577590419103,4359.754359527606,180.2766112950329,32.0915881582915,14.593581949134224,0.3755710000998093,2.831962626966582,3.034937366874365,6.280601185383286,0.39914079393503676,0.3179264684034418,0.976977752296741,0.9017974445105019,-0.06635148133688246,0.5771234441797548,0.3109790209435354,8.601076746741262,0.01136459995912164,7.101968510814829,0.4172355425563937,0.029261016870308427,17.202153493482527,4.4056818892616025,11.671292526856433,6.364514721328482,509.930612244898,0.16010380290263673,4.8837869822485205,12.125665982369283,91.8646781789639,16.593720565149138,1015.3259026687598,0.39009714953218727,0.020876747880825653,0.28078827539277906,34.32359946859814,0.005852135035716019,255.43540603500136,0.08837508298029882,12.471083427183935,94.50704043803884,1.36760341339399,118.41946680525565,0.029087793398863918,0.02069356699627289,4.211332825297552,2436.3927862866917,0.8396839339976688,0.9068469991546914,0.1400590440354579,0.9316776704086175,89.78781465674557,0.01916394914936807,73.50341463414634,0.07171064842355741,15.501121713265912,124.92292682926829,220.11024390243904,10087.068292682927,5.462313937726,0.020045606831097545,388.34439024390247,0.37887257584770967,0.6381431170915418,84.6450956298809,0.01370207406801185,5.872484727710636,0.3218210361067504,210.45482450922069,2.0832942416290052,0.0023058977975667257,437.91904971419285,0.09059443911199978,0.5105469030433737
147,AMBL-590,0,1.0,3,neg,neg,pos,,0,0,-1.0,40,/media/bendico765/Crucial X9/MRI Lesions/manifest-1728494830954/Advanced-MRI-Breast-Lesions/AMBL-590/02-08-2006-NA-MRI BREASTS - Delayed contrast-70942/600.000000-Registered Ax T2 FSE-54767,/media/bendico765/Crucial X9/MRI Lesions/manifest-1728494830954/Advanced-MRI-Breast-Lesions/AMBL-590/02-08-2006-NA-MRI BREASTS - Delayed contrast-70942/500.000000-ROI-91209/1-1.dcm,37.31,L,"[[[0 0 0 ... 0 0 0]
  [0 0 0 ... 0 0 0]
  [0 0 0 ... 0 0 0]
  ...
  [0 0 0 ... 0 0 0]
  [0 0 0 ... 0 0 0]
  [0 0 0 ... 0 0 0]]

 [[0 0 0 ... 0 0 0]
  [0 0 0 ... 0 0 0]
  [0 0 0 ... 0 0 0]
  ...
  [0 0 0 ... 0 0 0]
  [0 0 0 ... 0 0 0]
  [0 0 0 ... 0 0 0]]

 [[0 0 0 ... 0 0 0]
  [0 0 0 ... 0 0 0]
  [0 0 0 ... 0 0 0]
  ...
  [0 0 0 ... 0 0 0]
  [0 0 0 ... 0 0 0]
  [0 0 0 ... 0 0 0]]

 ...

 [[0 0 0 ... 0 0 0]
  [0 0 0 ... 0 0 0]
  [0 0 0 ... 0 0 0]
  ...
  [0 0 0 ... 0 0 0]
  [0 0 0 ... 0 0 0]
  [0 0 0 ... 0 0 0]]

 [[0 0 0 ... 0 0 0]
  [0 0 0 ... 0 0 0]
  [0 0 0 ... 0 0 0]
  ...
  [0 0 0 ... 0 0 0]
  [0 0 0 ... 0 0 0]
  [0 0 0 ... 0 0 0]]

 [[0 0 0 ... 0 0 0]
  [0 0 0 ... 0 0 0]
  [0 0 0 ... 0 0 0]
  ...
  [0 0 0 ... 0 0 0]
  [0 0 0 ... 0 0 0]
  [0 0 0 ... 0 0 0]]]","[37, 38, 39, 40, 41, 42, 43, 44, 45, 46, 47, 48, 49, 50, 51, 52, 53, 54, 55]","[126, 127, 129, 130, 131, 132, 133, 134, 135, 136, 137, 138, 139, 140, 141, 142, 143, 144, 145, 146, 147, 148, 149, 150, 151, 152, 153, 154, 155, 156, 157, 158, 159, 160, 161, 162, 163, 164, 165, 166, 167, 168, 169, 170, 171, 172, 173, 174, 175, 176, 177, 178, 179, 180, 181, 182, 183, 184, 185, 186, 187, 188, 189, 190, 191, 192, 193, 194, 195, 196, 197, 198, 199, 200, 201, 202, 203, 204, 205, 206, 207, 208, 209, 210, 211, 212, 213, 214, 215, 216, 217, 218, 219, 220, 221, 222, 223, 224, 225, 226, 227, 228, 229, 230, 231, 232, 233, 234, 235, 236, 237, 238, 239, 240, 241, 242, 243, 244, 245, 246, 247, 248, 249, 250, 251, 252, 253, 254, 255, 256, 257, 258, 259, 260, 261, 262, 263, 264, 265, 266, 267]","[75, 76, 77, 78, 79, 80, 81, 82, 83, 84, 85, 86, 87, 88, 89, 90, 91, 92, 93, 94, 95, 96, 97, 98, 99, 100, 101, 102, 103, 104, 105, 106, 107, 108, 109, 110, 111, 112, 113, 114, 115, 116, 117, 118, 119, 120, 121, 122, 123, 124, 125, 126, 127, 128, 129, 130, 131, 132, 133, 134, 135, 136, 137, 138, 139, 140, 141, 142, 143, 144]",19,142,70,/media/bendico765/Crucial X9/Materiali Tesista/Roi masks/AMBL-590/ROI 0.npy,/media/bendico765/Crucial X9/Materiali Tesista/Cleaned Roi masks/AMBL-590/ROI 0.npy,0.6445,2.2,/media/bendico765/Crucial X9/MRI Lesions/manifest-1728494830954/Advanced-MRI-Breast-Lesions/AMBL-590/02-08-2006-NA-MRI BREASTS - Delayed contrast-70942/500.000000-Registered AX Sen Vibrant MultiPhase-77116,0.6353366295640146,0.4779004903711559,41.20475796040143,86.22037179413697,73.60393935789035,106.66897630637504,109.52897790196893,109.52897790196893,62304.95713724863,54.778960415443215,0.20481949737917582,37107.46012882558,0.5955779737892014,62814.38293734999,135.0,374.0,3.8769208638711405,121.0,3.2478994343552814,710.0,72.35508811742149,253.65910644921948,250.0,-4.0,714.0,50.42829009553038,269.8701743321756,0.49749704284849067,4574765918.475187,0.07947329334603519,8486.968709462417,147.47737802153566,7256.03580056534,162.8529692394983,47.08047630576133,6.428966894137502,0.7583903100449791,1.792070537746055,2.5062196731703876,3.04603324589506,0.5128665050873746,0.45371280779368767,0.9930812178830746,0.9464286637323632,-0.19247812789897842,0.8547607675593335,0.3857467800715997,11.717913571242288,0.011943367091741866,6.988360677142607,0.7917628637067382,0.03230346498429517,23.43582714248458,4.764837950602622,13.377360799974706,7.528328705226277,6489.7009034435605,0.09441350223960254,14.931777843078146,13.662231073666566,149.77141859551625,48.866127413183584,6640.937981000044,0.5539339372306,0.010385662950524859,0.12007556441471844,19.11470438950171,0.0012243694735203396,4419.166769413511,0.07897951946229617,13.788152331797233,151.66909811033415,2.02174614828542,292.45453063950146,0.021755788087107927,0.010253788045208516,4.7131798058059635,40550.062791786855,0.7138609665934437,0.8144107808917156,0.4516816399421144,0.8663641674051311,132.21778055508963,0.00883439370129859,610.4491404011461,0.07288074742134028,16.922346012484848,160.7504775549188,6159.061485195797,848239.500477555,63.49867170026334,0.01050558276896408,2152.2077363896847,0.25694934770650485,0.5182869459226875,85.23142975748492,0.005354787559750667,6.856223138468866,0.12185576909088264,6091.716104875415,13.233877900540612,0.00017667708622788277,488.35437916741523,0.035733087771265125,0.07923433004594518
148,AMBL-590,1,1.0,3,neg,neg,strong,,0.0,0.0,100.0,70,/media/bendico765/Crucial X9/MRI Lesions/manifest-1728494830954/Advanced-MRI-Breast-Lesions/AMBL-590/02-08-2006-NA-MRI BREASTS - Delayed contrast-70942/600.000000-Registered Ax T2 FSE-54767,/media/bendico765/Crucial X9/MRI Lesions/manifest-1728494830954/Advanced-MRI-Breast-Lesions/AMBL-590/02-08-2006-NA-MRI BREASTS - Delayed contrast-70942/500.000000-ROI-91209/1-1.dcm,-13.27,L,"[[[0 0 0 ... 0 0 0]
  [0 0 0 ... 0 0 0]
  [0 0 0 ... 0 0 0]
  ...
  [0 0 0 ... 0 0 0]
  [0 0 0 ... 0 0 0]
  [0 0 0 ... 0 0 0]]

 [[0 0 0 ... 0 0 0]
  [0 0 0 ... 0 0 0]
  [0 0 0 ... 0 0 0]
  ...
  [0 0 0 ... 0 0 0]
  [0 0 0 ... 0 0 0]
  [0 0 0 ... 0 0 0]]

 [[0 0 0 ... 0 0 0]
  [0 0 0 ... 0 0 0]
  [0 0 0 ... 0 0 0]
  ...
  [0 0 0 ... 0 0 0]
  [0 0 0 ... 0 0 0]
  [0 0 0 ... 0 0 0]]

 ...

 [[0 0 0 ... 0 0 0]
  [0 0 0 ... 0 0 0]
  [0 0 0 ... 0 0 0]
  ...
  [0 0 0 ... 0 0 0]
  [0 0 0 ... 0 0 0]
  [0 0 0 ... 0 0 0]]

 [[0 0 0 ... 0 0 0]
  [0 0 0 ... 0 0 0]
  [0 0 0 ... 0 0 0]
  ...
  [0 0 0 ... 0 0 0]
  [0 0 0 ... 0 0 0]
  [0 0 0 ... 0 0 0]]

 [[0 0 0 ... 0 0 0]
  [0 0 0 ... 0 0 0]
  [0 0 0 ... 0 0 0]
  ...
  [0 0 0 ... 0 0 0]
  [0 0 0 ... 0 0 0]
  [0 0 0 ... 0 0 0]]]","[60, 61, 62, 63, 64, 65, 66, 67, 68]","[176, 177, 178, 179, 180, 181, 182, 183, 184, 185, 186, 187, 188, 189, 190, 191, 192, 193, 194, 195, 196, 197, 198, 199, 200, 201, 202, 203, 204, 205, 206, 207, 208, 209, 210, 211, 212, 213, 214, 215, 216, 217, 218, 219, 220, 221, 222, 223, 224, 225, 226, 227, 228, 229, 230, 231, 232, 233, 234, 235, 236, 237, 238, 239, 240, 241, 242, 243, 244, 245, 246, 247, 248, 249, 250, 251, 252, 253, 255]","[80, 81, 82, 83, 84, 85, 86, 87, 88, 89, 90, 91, 92, 93, 94, 95, 96, 97, 98, 99, 100, 101, 102, 103, 104, 105, 106, 107, 108, 109, 110, 111, 112, 113, 114, 115, 116, 117, 118, 119, 120, 121, 122, 123, 124, 125, 126, 127, 128, 129, 130, 131, 132, 133, 134, 135, 136]",9,80,57,/media/bendico765/Crucial X9/Materiali Tesista/Roi masks/AMBL-590/ROI 1.npy,/media/bendico765/Crucial X9/Materiali Tesista/Cleaned Roi masks/AMBL-590/ROI 1.npy,0.6445,2.2,/media/bendico765/Crucial X9/MRI Lesions/manifest-1728494830954/Advanced-MRI-Breast-Lesions/AMBL-590/02-08-2006-NA-MRI BREASTS - Delayed contrast-70942/500.000000-Registered AX Sen Vibrant MultiPhase-77116,0.5536168032908074,0.4187881999170755,22.600725951294898,53.9669598039536,37.85430221256232,56.45859644243735,66.54286937756741,70.40078828038787,8298.54971054994,29.87701576998829,0.21168785638986112,9363.890200529195,1.1283767076342133,8691.49942705,138.0,298.0,3.358967052044424,97.0,3.213900734589249,529.0,52.833384927540905,218.86909893807172,218.0,75.0,454.0,39.23411138816473,228.12872362124355,0.4224216676249176,452329223.61572987,0.11038392690108056,4139.032071094302,43.592184586633735,1326.534745423864,40.027764444011304,20.390634424960066,5.572663154591278,0.5686952175528046,1.6836940830051066,2.401477008055423,2.583614177770682,0.516450405391203,0.4584827758162612,0.9856064094869157,0.9239034952224833,-0.12523539087714292,0.6989914194042959,0.40730715983830135,6.314434260655458,0.01894526214554686,6.255166834643076,0.5920095245055546,0.041057218929884426,12.628868521310917,4.159813154782955,6.4908243948878335,6.5331744766547555,1122.934391756913,0.11806691112994565,6.735476901218176,6.709387459115373,46.12259489012722,27.660498370308066,1084.5761749553149,1.5218486414768009,0.055292436596095826,0.16429860596153326,9.58374469576703,0.008126442134158807,896.3884684821164,0.10928061807228465,6.855330087601798,47.16923808901106,1.7277253934803622,75.48204504950148,0.09797717916835157,0.0548613175458678,4.005120738714127,6536.000020635717,0.780831956749616,0.8625235557209063,0.31034080986038803,0.8990749883230382,42.96175700350542,0.04922711610558429,170.06246418338108,0.09745699953202355,8.8934035024343,60.38739255014327,761.7575931232092,18727.006303724927,41.740874291511176,0.05269880141263791,481.480229226361,0.2759199021354504,0.5396832041193441,34.64632020775003,0.025770437513322277,6.209033904561563,0.18347176953001787,732.0504081247279,6.678381906861535,0.0010731047538222662,177.85612228340673,0.039433793139234626,0.20100461315580728
149,AMBL-590,2,0.0,-1.0,-1,-1,-1,,-1.0,-1.0,-1.0,-1,/media/bendico765/Crucial X9/MRI Lesions/manifest-1728494830954/Advanced-MRI-Breast-Lesions/AMBL-590/02-08-2006-NA-MRI BREASTS - Delayed contrast-70942/600.000000-Registered Ax T2 FSE-54767,/media/bendico765/Crucial X9/MRI Lesions/manifest-1728494830954/Advanced-MRI-Breast-Lesions/AMBL-590/02-08-2006-NA-MRI BREASTS - Delayed contrast-70942/500.000000-ROI-91209/1-1.dcm,-22.09,R,"[[[0 0 0 ... 0 0 0]
  [0 0 0 ... 0 0 0]
  [0 0 0 ... 0 0 0]
  ...
  [0 0 0 ... 0 0 0]
  [0 0 0 ... 0 0 0]
  [0 0 0 ... 0 0 0]]

 [[0 0 0 ... 0 0 0]
  [0 0 0 ... 0 0 0]
  [0 0 0 ... 0 0 0]
  ...
  [0 0 0 ... 0 0 0]
  [0 0 0 ... 0 0 0]
  [0 0 0 ... 0 0 0]]

 [[0 0 0 ... 0 0 0]
  [0 0 0 ... 0 0 0]
  [0 0 0 ... 0 0 0]
  ...
  [0 0 0 ... 0 0 0]
  [0 0 0 ... 0 0 0]
  [0 0 0 ... 0 0 0]]

 ...

 [[0 0 0 ... 0 0 0]
  [0 0 0 ... 0 0 0]
  [0 0 0 ... 0 0 0]
  ...
  [0 0 0 ... 0 0 0]
  [0 0 0 ... 0 0 0]
  [0 0 0 ... 0 0 0]]

 [[0 0 0 ... 0 0 0]
  [0 0 0 ... 0 0 0]
  [0 0 0 ... 0 0 0]
  ...
  [0 0 0 ... 0 0 0]
  [0 0 0 ... 0 0 0]
  [0 0 0 ... 0 0 0]]

 [[0 0 0 ... 0 0 0]
  [0 0 0 ... 0 0 0]
  [0 0 0 ... 0 0 0]
  ...
  [0 0 0 ... 0 0 0]
  [0 0 0 ... 0 0 0]
  [0 0 0 ... 0 0 0]]]","[65, 66, 67, 68, 69, 70, 71, 72, 73]","[55, 56, 57, 58, 59, 60, 61, 62, 63, 64, 65, 66, 67, 68, 69, 70, 71, 72, 73, 74, 75, 76, 77, 78, 79, 80, 81, 82]","[354, 355, 356, 357, 358, 359, 360, 361, 362, 363, 364, 365, 366, 367, 368, 369, 370, 371, 372, 373, 374, 375, 376, 377, 378, 379, 380, 381, 382, 383, 384, 385, 386, 387, 388, 389, 390, 391]",9,28,38,/media/bendico765/Crucial X9/Materiali Tesista/Roi masks/AMBL-590/ROI 2.npy,/media/bendico765/Crucial X9/Materiali Tesista/Cleaned Roi masks/AMBL-590/ROI 2.npy,0.6445,2.2,/media/bendico765/Crucial X9/MRI Lesions/manifest-1728494830954/Advanced-MRI-Breast-Lesions/AMBL-590/02-08-2006-NA-MRI BREASTS - Delayed contrast-70942/500.000000-Registered AX Sen Vibrant MultiPhase-77116,0.7267022439423261,0.653111371440008,18.99099680496115,29.077731050814478,34.89173770751465,30.599821768271788,28.078313954010838,38.21014821025953,6637.1187096042,21.130852403378334,0.5973785678246918,2859.0442521063333,0.43076587555518203,6701.163421149999,60.0,162.0,2.620361567011534,64.0,2.09361849739579,250.0,32.61018343277037,113.68839492704214,116.0,15.0,235.0,25.536950738920588,120.00362454183382,-0.10135574661426804,96502582.62791245,0.17661518985896407,1475.8187620903166,28.748776177089155,134.8294702123431,-4.217493850903809,7.810094254963388,1.0980620168089354,0.748462401580209,0.6822532930435913,1.5014863625958461,0.6031078593855543,0.7170706226728858,0.6994174894051906,0.9912829601178672,0.9456769664669729,-0.2673956321060044,0.8383973368355983,0.41605341080692376,5.202650401158739,0.06542870667288794,4.430565332325722,0.7588713146611923,0.12965710069758857,10.405300802317479,3.4118847153272047,2.227039067943081,6.945686170753158,345.5236601663712,0.04711900452289257,36.014242344315925,2.4585855522845352,28.156143461066414,167.30465021137326,5294.0743215600705,7.295305664654098,0.0572496341748748,0.03635203705388529,0.9078731246910994,0.002770239350600603,739.6805027397614,0.16877738559839017,2.634719728982345,26.63797408622014,5.489328276746728,164.82410042217484,0.27489278734751754,0.06335983865441433,4.247463590556835,2101.869675490686,0.4566391679515063,0.5977614367086616,2.105195854116168,0.6915097377013851,17.547098754208026,0.047236259803939494,30.564356435643564,0.15130869522595825,3.810018625624939,26.396039603960396,40208.816831683165,1163881.2722772278,1949.8523794631508,0.08126613654073098,51.960396039603964,0.257229683364376,0.5166870213417752,13.247217324803005,0.04098761731273126,5.252894484579548,0.02754670666848493,38890.98306538574,9.170460900256028,0.0016759149570776547,27.36342016527503,0.0222794266649248,0.0802086845712257
150,AMBL-590,3,0.0,,,,,,,,,,/media/bendico765/Crucial X9/MRI Lesions/manifest-1728494830954/Advanced-MRI-Breast-Lesions/AMBL-590/02-08-2006-NA-MRI BREASTS - Delayed contrast-70942/600.000000-Registered Ax T2 FSE-54767,/media/bendico765/Crucial X9/MRI Lesions/manifest-1728494830954/Advanced-MRI-Breast-Lesions/AMBL-590/02-08-2006-NA-MRI BREASTS - Delayed contrast-70942/500.000000-ROI-91209/1-1.dcm,-24.29,R,"[[[0 0 0 ... 0 0 0]
  [0 0 0 ... 0 0 0]
  [0 0 0 ... 0 0 0]
  ...
  [0 0 0 ... 0 0 0]
  [0 0 0 ... 0 0 0]
  [0 0 0 ... 0 0 0]]

 [[0 0 0 ... 0 0 0]
  [0 0 0 ... 0 0 0]
  [0 0 0 ... 0 0 0]
  ...
  [0 0 0 ... 0 0 0]
  [0 0 0 ... 0 0 0]
  [0 0 0 ... 0 0 0]]

 [[0 0 0 ... 0 0 0]
  [0 0 0 ... 0 0 0]
  [0 0 0 ... 0 0 0]
  ...
  [0 0 0 ... 0 0 0]
  [0 0 0 ... 0 0 0]
  [0 0 0 ... 0 0 0]]

 ...

 [[0 0 0 ... 0 0 0]
  [0 0 0 ... 0 0 0]
  [0 0 0 ... 0 0 0]
  ...
  [0 0 0 ... 0 0 0]
  [0 0 0 ... 0 0 0]
  [0 0 0 ... 0 0 0]]

 [[0 0 0 ... 0 0 0]
  [0 0 0 ... 0 0 0]
  [0 0 0 ... 0 0 0]
  ...
  [0 0 0 ... 0 0 0]
  [0 0 0 ... 0 0 0]
  [0 0 0 ... 0 0 0]]

 [[0 0 0 ... 0 0 0]
  [0 0 0 ... 0 0 0]
  [0 0 0 ... 0 0 0]
  ...
  [0 0 0 ... 0 0 0]
  [0 0 0 ... 0 0 0]
  [0 0 0 ... 0 0 0]]]","[68, 69, 70]","[146, 147, 148, 149, 150, 151, 152, 153, 154, 155, 156, 157, 158, 159, 160, 161]","[346, 347, 348, 349, 350, 351, 352, 353, 354, 355, 358, 359]",3,16,14,/media/bendico765/Crucial X9/Materiali Tesista/Roi masks/AMBL-590/ROI 3.npy,/media/bendico765/Crucial X9/Materiali Tesista/Cleaned Roi masks/AMBL-590/ROI 3.npy,0.6445,2.2,/media/bendico765/Crucial X9/MRI Lesions/manifest-1728494830954/Advanced-MRI-Breast-Lesions/AMBL-590/02-08-2006-NA-MRI BREASTS - Delayed contrast-70942/500.000000-Registered AX Sen Vibrant MultiPhase-77116,0.8866654896482393,0.685342711912697,8.553683671546075,12.480885143833985,13.827482137034204,14.644471866544045,13.286707878552908,15.843421923624959,708.6802445250056,11.066370137300996,0.6890282503626267,557.8883771663327,0.7872215734477804,723.7585475999999,91.10000000000001,191.0,2.6417766737111843,56.25,2.556873732083298,258.0,30.987351418222627,141.4911616161616,141.0,42.0,216.0,23.07372175980975,146.43733361669652,0.16901223991714687,15520200.618627649,0.17809726048362412,1424.1438612769107,26.18853314675172,115.20221297842184,2.148320065599618,6.871782234349874,2.6686714277544272,0.43929637691899875,1.2381553803448964,1.9268909429141274,1.0193215520128833,0.5654583846152496,0.5173587502899094,0.9752655049752702,0.8974306151882667,-0.11613318964049445,0.6027421933781169,0.44913041119146535,5.012454310438536,0.04123967951585077,4.930946583750929,0.4627623276239294,0.06704126710511113,10.024908620877069,3.370041225953104,2.385113415526075,5.91965959445773,76.62626262626263,0.09675033159881645,10.275654269972453,2.371784448015508,29.23611111111111,49.148989898989896,1245.314393939394,2.9429091055029377,0.05266998551431422,0.08524509138551062,3.0420980540737808,0.004370981948750458,112.93092997817628,0.17858762924414504,2.381753101814126,29.96275835528605,2.2096264861658734,62.17511016851951,0.1190815551075275,0.051806667282597946,3.4963540577190386,444.70332837227676,0.6802151377604029,0.7986596736596735,0.46826634498816494,0.8421991242415147,25.705576240879495,0.04304653143709957,8.137931034482758,0.1403091557669441,4.152497027348394,39.53448275862069,1494.4827586206898,40047.53448275862,69.89018154979105,0.06115449149008263,16.344827586206897,0.28180737217598095,0.5478440800167149,21.149657941110544,0.026889614055289376,4.584286116146058,0.07323232323232323,1308.0190249702732,1.9685256235089184,0.009778145326804736,33.716127908931995,0.04312615066923357,0.330911321051109
151,AMBL-590,4,0.0,,,,,,,,,,/media/bendico765/Crucial X9/MRI Lesions/manifest-1728494830954/Advanced-MRI-Breast-Lesions/AMBL-590/02-08-2006-NA-MRI BREASTS - Delayed contrast-70942/600.000000-Registered Ax T2 FSE-54767,/media/bendico765/Crucial X9/MRI Lesions/manifest-1728494830954/Advanced-MRI-Breast-Lesions/AMBL-590/02-08-2006-NA-MRI BREASTS - Delayed contrast-70942/500.000000-ROI-91209/1-1.dcm,8.71,L,"[[[0 0 0 ... 0 0 0]
  [0 0 0 ... 0 0 0]
  [0 0 0 ... 0 0 0]
  ...
  [0 0 0 ... 0 0 0]
  [0 0 0 ... 0 0 0]
  [0 0 0 ... 0 0 0]]

 [[0 0 0 ... 0 0 0]
  [0 0 0 ... 0 0 0]
  [0 0 0 ... 0 0 0]
  ...
  [0 0 0 ... 0 0 0]
  [0 0 0 ... 0 0 0]
  [0 0 0 ... 0 0 0]]

 [[0 0 0 ... 0 0 0]
  [0 0 0 ... 0 0 0]
  [0 0 0 ... 0 0 0]
  ...
  [0 0 0 ... 0 0 0]
  [0 0 0 ... 0 0 0]
  [0 0 0 ... 0 0 0]]

 ...

 [[0 0 0 ... 0 0 0]
  [0 0 0 ... 0 0 0]
  [0 0 0 ... 0 0 0]
  ...
  [0 0 0 ... 0 0 0]
  [0 0 0 ... 0 0 0]
  [0 0 0 ... 0 0 0]]

 [[0 0 0 ... 0 0 0]
  [0 0 0 ... 0 0 0]
  [0 0 0 ... 0 0 0]
  ...
  [0 0 0 ... 0 0 0]
  [0 0 0 ... 0 0 0]
  [0 0 0 ... 0 0 0]]

 [[0 0 0 ... 0 0 0]
  [0 0 0 ... 0 0 0]
  [0 0 0 ... 0 0 0]
  ...
  [0 0 0 ... 0 0 0]
  [0 0 0 ... 0 0 0]
  [0 0 0 ... 0 0 0]]]","[47, 48, 49, 50, 51, 52, 53, 54, 55, 56, 57, 58, 59, 60, 61]","[107, 108, 109, 110, 111, 112, 113, 114, 115, 116, 117, 118, 119, 120, 121, 122, 123, 124, 125, 126, 127, 128, 129, 130, 131, 132, 133, 134, 135, 136, 137, 138, 139, 140, 141, 142, 143, 144, 145, 146, 147, 148, 149, 150, 151, 152, 153, 154, 155, 156, 157, 158, 159, 160, 161, 162, 163, 164, 165, 166, 167, 168, 169, 170, 171, 172, 173, 174, 175, 176, 177, 178, 179, 180, 181, 182, 183, 184, 185, 186, 187, 188, 189, 190, 191, 192, 193, 194, 195, 196, 197, 198, 199, 200, 201, 202, 203, 204, 205, 206, 207, 208, 209, 210, 211, 212, 213, 214, 215, 216, 217, 218, 219, 220, 221, 222, 223, 224, 225, 226, 227, 228, 229, 230, 231, 232, 233, 234, 235, 236, 237, 238, 239, 240, 241, 242, 243, 244, 245, 246, 247, 248, 249, 250, 251, 252, 253]","[152, 153, 154, 155, 156, 157, 158, 159, 160, 161, 162, 163, 164, 165, 166, 167, 168, 169, 170, 171, 172, 173, 174, 175, 176, 177, 178, 179, 180, 181, 182, 183, 184, 185, 186, 187, 188, 189, 190, 191]",15,147,40,/media/bendico765/Crucial X9/Materiali Tesista/Roi masks/AMBL-590/ROI 4.npy,/media/bendico765/Crucial X9/Materiali Tesista/Cleaned Roi masks/AMBL-590/ROI 4.npy,0.6445,2.2,/media/bendico765/Crucial X9/MRI Lesions/manifest-1728494830954/Advanced-MRI-Breast-Lesions/AMBL-590/02-08-2006-NA-MRI BREASTS - Delayed contrast-70942/500.000000-Registered AX Sen Vibrant MultiPhase-77116,0.4444319107634833,0.23759847377986326,22.487474699499174,94.64486173566075,44.70535852669118,103.55050836306887,101.21933543671386,108.47610990559166,40813.12069521485,42.063196745125396,0.2360675061666406,24283.677021856613,0.5949968198512142,40971.861719249995,165.0,483.0,4.154098946397644,173.0,2.5017363408576565,800.0,96.37198709382453,302.9230957956953,281.0,33.0,767.0,71.1423401295266,324.81453540950594,0.5508762528258958,4322715064.198492,0.06367730039325266,13742.08044684518,160.83563796089234,15613.812077113036,409.2343302836493,81.06376980779811,7.444514306520544,0.831869496659172,1.920928318961571,2.5945409621547455,3.584622712590815,0.49868585558284995,0.4369159194906486,0.9929828144657225,0.9462152323741662,-0.23252426927032468,0.9135913179082535,0.3775002027683332,11.933458216441265,0.008799246379032132,7.346423161546659,0.8828298532831145,0.02105860793917458,23.866916432882512,5.047939111294974,22.12707102857966,7.709026298609144,4371.253195048511,0.0974964468617935,14.34336691681501,22.070005521030616,157.50592171294747,45.386171517787446,8646.35869298539,0.44738882616148035,0.012850187570978605,0.13602893863561846,20.425160799840725,0.0019767764690382028,2408.305610927127,0.06517824627724848,21.89362178546952,153.8662892925074,1.924188295441086,316.70564183780874,0.023374401285826702,0.013190053888094964,4.9245902173170135,27180.403108293136,0.726365299928105,0.8241689614054953,0.3966599216505849,0.8732948545948379,132.30742605089782,0.011713446803373963,402.83418693982077,0.06447410162289065,22.42379717719658,149.2096670934699,2661.9086107554417,444510.96638924454,34.909070841744416,0.015207555398657584,1770.414852752881,0.2833570506966839,0.5480212868473653,83.77183725954794,0.008412720698355735,6.869990904418882,0.1393554142968663,2610.4151232363624,9.87977802681846,0.000300699845302925,526.869710667864,0.062156658390992596,0.13026098674761089
152,AMBL-595,0,0.0,-1,-1,-1,-1,,-1,-1,-1.0,-1,/media/bendico765/Crucial X9/MRI Lesions/manifest-1728494830954/Advanced-MRI-Breast-Lesions/AMBL-595/04-12-2006-NA-MRI BREASTS - Delayed contrast-99337/600.000000-Registered Ax T2 FSE-16358,/media/bendico765/Crucial X9/MRI Lesions/manifest-1728494830954/Advanced-MRI-Breast-Lesions/AMBL-595/04-12-2006-NA-MRI BREASTS - Delayed contrast-99337/500.000000-ROI-96750/1-1.dcm,22.86,L,"[[[0 0 0 ... 0 0 0]
  [0 0 0 ... 0 0 0]
  [0 0 0 ... 0 0 0]
  ...
  [0 0 0 ... 0 0 0]
  [0 0 0 ... 0 0 0]
  [0 0 0 ... 0 0 0]]

 [[0 0 0 ... 0 0 0]
  [0 0 0 ... 0 0 0]
  [0 0 0 ... 0 0 0]
  ...
  [0 0 0 ... 0 0 0]
  [0 0 0 ... 0 0 0]
  [0 0 0 ... 0 0 0]]

 [[0 0 0 ... 0 0 0]
  [0 0 0 ... 0 0 0]
  [0 0 0 ... 0 0 0]
  ...
  [0 0 0 ... 0 0 0]
  [0 0 0 ... 0 0 0]
  [0 0 0 ... 0 0 0]]

 ...

 [[0 0 0 ... 0 0 0]
  [0 0 0 ... 0 0 0]
  [0 0 0 ... 0 0 0]
  ...
  [0 0 0 ... 0 0 0]
  [0 0 0 ... 0 0 0]
  [0 0 0 ... 0 0 0]]

 [[0 0 0 ... 0 0 0]
  [0 0 0 ... 0 0 0]
  [0 0 0 ... 0 0 0]
  ...
  [0 0 0 ... 0 0 0]
  [0 0 0 ... 0 0 0]
  [0 0 0 ... 0 0 0]]

 [[0 0 0 ... 0 0 0]
  [0 0 0 ... 0 0 0]
  [0 0 0 ... 0 0 0]
  ...
  [0 0 0 ... 0 0 0]
  [0 0 0 ... 0 0 0]
  [0 0 0 ... 0 0 0]]]","[51, 52, 53, 54]","[126, 131, 132, 133, 134, 135, 136, 137, 138, 139, 140, 141, 142, 143, 144]","[162, 163, 164, 165, 166]",4,19,5,/media/bendico765/Crucial X9/Materiali Tesista/Roi masks/AMBL-595/ROI 0.npy,/media/bendico765/Crucial X9/Materiali Tesista/Cleaned Roi masks/AMBL-595/ROI 0.npy,0.6641,2.2,/media/bendico765/Crucial X9/MRI Lesions/manifest-1728494830954/Advanced-MRI-Breast-Lesions/AMBL-595/04-12-2006-NA-MRI BREASTS - Delayed contrast-99337/500.000000-Registered AX Sen Vibrant MultiPhase-20182,0.7063486717441692,0.36312292842186583,5.452734976982496,15.016223295731042,13.994656540622927,15.772566972119664,11.767881981903118,16.656552510648776,394.5333477057508,10.60668937955347,0.5082738836173953,511.8100478975865,1.297254214057724,415.2727274960001,89.0,229.3,3.052786510101668,71.0,2.642136861913776,287.0,42.683564066730725,150.8107476635514,144.5,31.0,256.0,30.338328417581113,159.80233847843894,0.39422100641830765,10604731.348097593,0.136835094768102,2792.905772338195,31.850971646635358,394.2098438361361,20.462818629503015,11.626874168036494,5.0352920196095505,0.38819422678332993,1.7046898060714608,2.337672912446855,2.0083153423965827,0.4984867127528562,0.4330999306032277,0.9631201869617165,0.8764128798043449,-0.12587748287365097,0.7085774072366474,0.3896474067812758,5.49537751337398,0.026624898434460295,5.649593972844972,0.5089377615194708,0.06373491545003235,10.990755026747962,3.6768901660992577,4.165541546911511,5.856288064497027,55.78971962616822,0.13034981221067343,6.171761725914927,4.465935889597344,35.38785046728972,23.7803738317757,745.4205607476636,1.1137423907056208,0.05982995783371663,0.19040078381543135,7.718922475626351,0.011914104032840513,49.846710985333,0.13279301614342312,4.635383759083589,35.83119552797297,1.5510257063225323,53.64915252160509,0.08864683674812478,0.06112533287581818,3.6230414860363322,300.8041160288253,0.7913778863712376,0.8770668583752695,0.20887081135664512,0.9060486692971303,32.74511172637047,0.05619716968007305,11.0,0.11,6.2456000000000005,40.82,93.64,2558.7,4.367934904224164,0.07450652343888274,25.84,0.2584,0.5099478442396862,21.846148001182513,0.029927121392429364,5.206210005846129,0.2336448598130841,75.32159999999999,1.107853503352937,0.019527530745432987,48.02137204197394,0.08645284172329651,0.7077016021003659
153,AMBL-595,1,0.0,-1,-1,-1,-1,,-1.0,-1.0,-1.0,-1,/media/bendico765/Crucial X9/MRI Lesions/manifest-1728494830954/Advanced-MRI-Breast-Lesions/AMBL-595/04-12-2006-NA-MRI BREASTS - Delayed contrast-99337/600.000000-Registered Ax T2 FSE-16358,/media/bendico765/Crucial X9/MRI Lesions/manifest-1728494830954/Advanced-MRI-Breast-Lesions/AMBL-595/04-12-2006-NA-MRI BREASTS - Delayed contrast-99337/500.000000-ROI-96750/1-1.dcm,-45.34,L,"[[[0 0 0 ... 0 0 0]
  [0 0 0 ... 0 0 0]
  [0 0 0 ... 0 0 0]
  ...
  [0 0 0 ... 0 0 0]
  [0 0 0 ... 0 0 0]
  [0 0 0 ... 0 0 0]]

 [[0 0 0 ... 0 0 0]
  [0 0 0 ... 0 0 0]
  [0 0 0 ... 0 0 0]
  ...
  [0 0 0 ... 0 0 0]
  [0 0 0 ... 0 0 0]
  [0 0 0 ... 0 0 0]]

 [[0 0 0 ... 0 0 0]
  [0 0 0 ... 0 0 0]
  [0 0 0 ... 0 0 0]
  ...
  [0 0 0 ... 0 0 0]
  [0 0 0 ... 0 0 0]
  [0 0 0 ... 0 0 0]]

 ...

 [[0 0 0 ... 0 0 0]
  [0 0 0 ... 0 0 0]
  [0 0 0 ... 0 0 0]
  ...
  [0 0 0 ... 0 0 0]
  [0 0 0 ... 0 0 0]
  [0 0 0 ... 0 0 0]]

 [[0 0 0 ... 0 0 0]
  [0 0 0 ... 0 0 0]
  [0 0 0 ... 0 0 0]
  ...
  [0 0 0 ... 0 0 0]
  [0 0 0 ... 0 0 0]
  [0 0 0 ... 0 0 0]]

 [[0 0 0 ... 0 0 0]
  [0 0 0 ... 0 0 0]
  [0 0 0 ... 0 0 0]
  ...
  [0 0 0 ... 0 0 0]
  [0 0 0 ... 0 0 0]
  [0 0 0 ... 0 0 0]]]","[83, 84, 85]","[194, 195, 196, 197, 198, 199, 200, 201, 202, 204, 205]","[153, 154, 155, 156, 157, 158, 159]",3,12,7,/media/bendico765/Crucial X9/Materiali Tesista/Roi masks/AMBL-595/ROI 1.npy,/media/bendico765/Crucial X9/Materiali Tesista/Cleaned Roi masks/AMBL-595/ROI 1.npy,0.6641,2.2,/media/bendico765/Crucial X9/MRI Lesions/manifest-1728494830954/Advanced-MRI-Breast-Lesions/AMBL-595/04-12-2006-NA-MRI BREASTS - Delayed contrast-99337/500.000000-Registered AX Sen Vibrant MultiPhase-20182,0.5334734126006719,0.47201924065967243,5.881632058039807,12.460576924406531,12.51891902721637,12.51891902721637,8.860199104986298,13.271345118336725,248.1044323055835,6.647386494836337,0.6232094288372254,306.3889683948666,1.2349193666056544,261.97111314000006,58.900000000000006,263.0,3.157458082549378,100.5,2.4823945939379883,303.0,62.08186556927297,131.2074074074074,104.5,38.0,265.0,46.98655737008643,150.80949473989926,0.8871768599193128,5958140.981962973,0.13637860082304526,5528.119945130316,21.964876452807424,1422.1094168120062,98.49769407689482,21.626199533413004,6.9592273987080135,0.4685904228303398,1.8873438355092165,2.4756227489918126,3.149610747392534,0.500981283132088,0.44243308884433513,0.9587853830474123,0.877698344890928,-0.19631594398122967,0.8172778505877727,0.3975453861456459,4.267347657072715,0.037923420854312835,5.402670477704136,0.6137017842357266,0.09962697474662464,8.534695314145432,3.7334050414412827,7.146356733030256,5.729746448034357,32.148148148148145,0.11906721536351166,10.080987654320987,9.034142661179697,31.825925925925926,31.037037037037038,500.9148148148148,5.807724513553849,0.1393111704331542,0.20149739022954272,9.08602513212128,0.021005216493246152,29.295094892283313,0.125787681264046,9.055991255663917,33.47081765781465,1.61547123263372,47.20727184792938,0.23915087925073725,0.1340478316663567,3.7653518923907736,182.0943504493737,0.7737653554567054,0.8623931623931623,0.23636162634544233,0.8979683279003544,31.253349796382928,0.11665943515928553,6.611940298507463,0.09868567609712631,8.474493205613722,46.1044776119403,100.11940298507463,1313.44776119403,17.039230595160323,0.10824172922827378,20.16417910447761,0.3009578970817554,0.5536639799658248,28.25476059307941,0.05050257313270997,4.711685184723373,0.24814814814814815,83.87970594787257,1.085404695252373,0.026334442391892577,71.42356325538117,0.16871879654341193,1.725690841741431
154,AMBL-626,0,0.0,-1,-1,-1,-1,,-1,-1,-1.0,-1,/media/bendico765/Crucial X9/MRI Lesions/manifest-1728494830954/Advanced-MRI-Breast-Lesions/AMBL-626/12-22-2006-NA-MRI BREASTS - Delayed contrast-30307/600.000000-Registered Ax T2 FSE-43489,/media/bendico765/Crucial X9/MRI Lesions/manifest-1728494830954/Advanced-MRI-Breast-Lesions/AMBL-626/12-22-2006-NA-MRI BREASTS - Delayed contrast-30307/500.000000-ROI-54119/1-1.dcm,4.4,R,"[[[0 0 0 ... 0 0 0]
  [0 0 0 ... 0 0 0]
  [0 0 0 ... 0 0 0]
  ...
  [0 0 0 ... 0 0 0]
  [0 0 0 ... 0 0 0]
  [0 0 0 ... 0 0 0]]

 [[0 0 0 ... 0 0 0]
  [0 0 0 ... 0 0 0]
  [0 0 0 ... 0 0 0]
  ...
  [0 0 0 ... 0 0 0]
  [0 0 0 ... 0 0 0]
  [0 0 0 ... 0 0 0]]

 [[0 0 0 ... 0 0 0]
  [0 0 0 ... 0 0 0]
  [0 0 0 ... 0 0 0]
  ...
  [0 0 0 ... 0 0 0]
  [0 0 0 ... 0 0 0]
  [0 0 0 ... 0 0 0]]

 ...

 [[0 0 0 ... 0 0 0]
  [0 0 0 ... 0 0 0]
  [0 0 0 ... 0 0 0]
  ...
  [0 0 0 ... 0 0 0]
  [0 0 0 ... 0 0 0]
  [0 0 0 ... 0 0 0]]

 [[0 0 0 ... 0 0 0]
  [0 0 0 ... 0 0 0]
  [0 0 0 ... 0 0 0]
  ...
  [0 0 0 ... 0 0 0]
  [0 0 0 ... 0 0 0]
  [0 0 0 ... 0 0 0]]

 [[0 0 0 ... 0 0 0]
  [0 0 0 ... 0 0 0]
  [0 0 0 ... 0 0 0]
  ...
  [0 0 0 ... 0 0 0]
  [0 0 0 ... 0 0 0]
  [0 0 0 ... 0 0 0]]]","[48, 49, 50, 51, 52, 53, 54, 55, 56]","[180, 183, 184, 185, 186, 187, 188, 189, 190, 191, 192, 193, 194, 195, 196, 197, 198, 199, 200, 201, 202, 203, 204, 205, 206, 207, 208, 209, 210, 211, 212, 213, 214, 215, 216, 217, 218, 219, 220, 221, 222, 223, 224, 225, 226]","[329, 330, 331, 332, 333, 334, 335, 336, 337, 338, 339, 340, 341, 342, 343, 344, 345, 346, 347, 348, 349, 350, 351, 352, 353]",9,47,25,/media/bendico765/Crucial X9/Materiali Tesista/Roi masks/AMBL-626/ROI 0.npy,/media/bendico765/Crucial X9/Materiali Tesista/Cleaned Roi masks/AMBL-626/ROI 0.npy,0.6641,2.0,/media/bendico765/Crucial X9/MRI Lesions/manifest-1728494830954/Advanced-MRI-Breast-Lesions/AMBL-626/12-22-2006-NA-MRI BREASTS - Delayed contrast-30307/500.000000-Registered AX Sen Vibrant MultiPhase-85512,0.6031883048818539,0.4544821290897171,16.007733750764054,35.22192122895122,27.561621981479973,39.33339465149176,36.47112407042042,39.55949223941076,4451.891817743302,21.245450960773272,0.3424074586275599,3822.116992496428,0.858537706882978,4540.832627760001,78.0,269.0,3.4048417068963346,139.25,1.7138806417808854,350.0,66.50520717303935,176.84149184149183,174.5,15.0,335.0,55.19579303330273,192.02631100477902,-0.041047755481347196,167439135.09890658,0.10551226809968069,5601.190881379693,60.683933222080825,1606.2070238873105,12.094651951015948,29.98571137284925,5.2950308273641955,0.6980327494536938,1.6273132160630486,2.3915987896770163,2.5086366694842366,0.5336645346432325,0.4783049376776781,0.9785467603807774,0.9099264700371621,-0.1697821678453805,0.8004502440246326,0.3942342897951094,7.382979169963306,0.020327775853037224,6.263261448085254,0.7193520379212228,0.07693269148685442,14.765958339926613,4.277404709940416,8.820185550053367,6.903142060250886,484.04428904428903,0.09402569717255031,15.697427475399502,9.071794086945603,66.77039627039628,48.86052836052836,3406.0555555555557,1.6580288901352251,0.03481477687369973,0.13296014056491068,9.482500961196724,0.004541424979323506,422.24612836498477,0.10026733529937161,8.862535944705092,66.72060192617198,1.9775746738654667,133.96249679548276,0.06867115608873552,0.03476280286034737,4.231684423399866,3069.656477466181,0.718435995428936,0.8169714900484131,0.41740108916152074,0.8680342927441068,58.07213801850268,0.03011067159112413,66.81019830028329,0.094632008923914,8.544994743557849,74.48583569405099,1226.3342776203965,99615.2776203966,31.58017307111037,0.03497637093478428,200.82436260623228,0.2844537713969296,0.5495023713153372,41.13411791593745,0.019100251464976247,5.988356856915229,0.13714063714063715,1173.1641534720607,4.3964120531472375,0.0020519308280027983,90.58932243643237,0.08672416778237656,0.16198592178670246
155,AMBL-626,1,0.0,-1,-1,-1,-1,,-1.0,-1.0,-1.0,-1,/media/bendico765/Crucial X9/MRI Lesions/manifest-1728494830954/Advanced-MRI-Breast-Lesions/AMBL-626/12-22-2006-NA-MRI BREASTS - Delayed contrast-30307/600.000000-Registered Ax T2 FSE-43489,/media/bendico765/Crucial X9/MRI Lesions/manifest-1728494830954/Advanced-MRI-Breast-Lesions/AMBL-626/12-22-2006-NA-MRI BREASTS - Delayed contrast-30307/500.000000-ROI-54119/1-1.dcm,12.4,R,"[[[0 0 0 ... 0 0 0]
  [0 0 0 ... 0 0 0]
  [0 0 0 ... 0 0 0]
  ...
  [0 0 0 ... 0 0 0]
  [0 0 0 ... 0 0 0]
  [0 0 0 ... 0 0 0]]

 [[0 0 0 ... 0 0 0]
  [0 0 0 ... 0 0 0]
  [0 0 0 ... 0 0 0]
  ...
  [0 0 0 ... 0 0 0]
  [0 0 0 ... 0 0 0]
  [0 0 0 ... 0 0 0]]

 [[0 0 0 ... 0 0 0]
  [0 0 0 ... 0 0 0]
  [0 0 0 ... 0 0 0]
  ...
  [0 0 0 ... 0 0 0]
  [0 0 0 ... 0 0 0]
  [0 0 0 ... 0 0 0]]

 ...

 [[0 0 0 ... 0 0 0]
  [0 0 0 ... 0 0 0]
  [0 0 0 ... 0 0 0]
  ...
  [0 0 0 ... 0 0 0]
  [0 0 0 ... 0 0 0]
  [0 0 0 ... 0 0 0]]

 [[0 0 0 ... 0 0 0]
  [0 0 0 ... 0 0 0]
  [0 0 0 ... 0 0 0]
  ...
  [0 0 0 ... 0 0 0]
  [0 0 0 ... 0 0 0]
  [0 0 0 ... 0 0 0]]

 [[0 0 0 ... 0 0 0]
  [0 0 0 ... 0 0 0]
  [0 0 0 ... 0 0 0]
  ...
  [0 0 0 ... 0 0 0]
  [0 0 0 ... 0 0 0]
  [0 0 0 ... 0 0 0]]]","[48, 49, 50]","[189, 190, 191, 192, 193, 194, 195, 196, 197, 198, 199, 202]","[357, 358, 359, 360, 361, 362, 363, 364, 365, 366, 367, 368, 369, 370]",3,14,14,/media/bendico765/Crucial X9/Materiali Tesista/Roi masks/AMBL-626/ROI 1.npy,/media/bendico765/Crucial X9/Materiali Tesista/Cleaned Roi masks/AMBL-626/ROI 1.npy,0.6641,2.0,/media/bendico765/Crucial X9/MRI Lesions/manifest-1728494830954/Advanced-MRI-Breast-Lesions/AMBL-626/12-22-2006-NA-MRI BREASTS - Delayed contrast-30307/500.000000-Registered AX Sen Vibrant MultiPhase-85512,0.9527770506330461,0.7289525245349627,7.562776189555192,10.374854239485467,13.836810546148271,11.650035777198283,10.952617783890753,13.85273817337208,454.00240749416884,9.884923023044717,0.6843815258017711,417.4052918232077,0.9193900405221282,467.49053860000004,62.0,157.0,2.486877257929926,41.0,6.077845525301094,286.0,29.953164827340686,101.64528301886793,91.0,28.0,258.0,18.341383526945584,109.65893953010819,1.5903363049993118,5621612.53720028,0.22943396226415091,1693.3194588821648,14.155818275035452,436.40041725066203,39.887878759707036,8.129495829504977,2.306272013161498,0.546127713213023,1.0628128778529486,1.8904612910557599,1.1218500548052925,0.6181501108362997,0.583024201342035,0.9823231684517028,0.918649301685541,-0.14995436126645725,0.6854922730557523,0.45058441783819414,3.5635581061603285,0.07466293354059844,4.481427689082921,0.6235582469301378,0.1681582030930568,7.127116212320658,3.157239219787721,2.6089419606666193,6.00627070680922,40.218867924528304,0.07588465646137416,18.497344250622998,2.7717194731221078,15.596226415094339,70.28301886792453,684.4566037735849,10.072424677644621,0.13399124364907877,0.08169484758147512,2.2639409817765332,0.009451529763416499,83.8984368374153,0.20716389944267607,3.1208953897760527,17.095565739544483,2.4212098800291235,31.834653649070113,0.34000798779894126,0.1308580133113666,3.5387672210553043,262.6239877569375,0.6356795877731481,0.7616835994194484,0.5741946005990419,0.8198748168416977,14.89284998580855,0.1055401553199031,5.833333333333333,0.12152777777777778,5.853732638888889,31.0625,996.0833333333334,9969.833333333334,118.61216233309658,0.13015744954592132,8.833333333333334,0.1840277777777778,0.42223016915830186,15.300865654170849,0.04757461325570083,5.069235677759405,0.09056603773584905,874.1649305555555,1.7773107428997912,0.013696644320242741,44.795695662960895,0.03825209543404629,1.0184024776223517
156,AMBL-629,0,0.0,-1,-1,-1,-1,,-1,-1,-1.0,-1,/media/bendico765/Crucial X9/MRI Lesions/manifest-1728494830954/Advanced-MRI-Breast-Lesions/AMBL-629/01-30-2007-NA-MRI BREASTS - Delayed contrast-40670/600.000000-Registered Ax T2 FSE-05708,/media/bendico765/Crucial X9/MRI Lesions/manifest-1728494830954/Advanced-MRI-Breast-Lesions/AMBL-629/01-30-2007-NA-MRI BREASTS - Delayed contrast-40670/500.000000-ROI-75632/1-1.dcm,39.93,L,"[[[0 0 0 ... 0 0 0]
  [0 0 0 ... 0 0 0]
  [0 0 0 ... 0 0 0]
  ...
  [0 0 0 ... 0 0 0]
  [0 0 0 ... 0 0 0]
  [0 0 0 ... 0 0 0]]

 [[0 0 0 ... 0 0 0]
  [0 0 0 ... 0 0 0]
  [0 0 0 ... 0 0 0]
  ...
  [0 0 0 ... 0 0 0]
  [0 0 0 ... 0 0 0]
  [0 0 0 ... 0 0 0]]

 [[0 0 0 ... 0 0 0]
  [0 0 0 ... 0 0 0]
  [0 0 0 ... 0 0 0]
  ...
  [0 0 0 ... 0 0 0]
  [0 0 0 ... 0 0 0]
  [0 0 0 ... 0 0 0]]

 ...

 [[0 0 0 ... 0 0 0]
  [0 0 0 ... 0 0 0]
  [0 0 0 ... 0 0 0]
  ...
  [0 0 0 ... 0 0 0]
  [0 0 0 ... 0 0 0]
  [0 0 0 ... 0 0 0]]

 [[0 0 0 ... 0 0 0]
  [0 0 0 ... 0 0 0]
  [0 0 0 ... 0 0 0]
  ...
  [0 0 0 ... 0 0 0]
  [0 0 0 ... 0 0 0]
  [0 0 0 ... 0 0 0]]

 [[0 0 0 ... 0 0 0]
  [0 0 0 ... 0 0 0]
  [0 0 0 ... 0 0 0]
  ...
  [0 0 0 ... 0 0 0]
  [0 0 0 ... 0 0 0]
  [0 0 0 ... 0 0 0]]]","[37, 38, 39, 40, 41, 42]","[187, 188, 189, 190, 191, 192, 193, 194, 195, 196, 197, 198, 199, 200, 201, 202, 203, 204, 205, 206]","[152, 153, 154, 155, 156, 157, 158, 159, 160, 161, 162, 163, 164, 165, 166]",6,20,15,/media/bendico765/Crucial X9/Materiali Tesista/Roi masks/AMBL-629/ROI 0.npy,/media/bendico765/Crucial X9/Materiali Tesista/Cleaned Roi masks/AMBL-629/ROI 0.npy,0.6445,2.0,/media/bendico765/Crucial X9/MRI Lesions/manifest-1728494830954/Advanced-MRI-Breast-Lesions/AMBL-629/01-30-2007-NA-MRI BREASTS - Delayed contrast-40670/500.000000-Registered AX Sen Vibrant MultiPhase-22459,0.9036817365675007,0.6006514060676406,10.459839484906617,17.414159659402703,18.060987299978922,22.70710585367497,18.768123294565175,24.679408674034313,1345.9704700833395,15.73685804187275,0.48924225612206507,1204.9911356897646,0.8952582262931477,1391.5238375,68.0,299.0,3.519464740218942,124.5,3.201499835596781,474.0,74.1051102695478,154.58507462686566,120.0,10.0,464.0,52.920448877941716,178.98487553880577,1.0521358709200115,44578281.11036299,0.114118244597906,8139.040374248162,47.996682748092276,4824.636695291247,247.3006449583098,37.679226300064435,7.0401445996057666,0.6805304804629897,1.7979723132826184,2.5200892498037746,3.6741947717990824,0.5233324586281861,0.4698046260411056,0.9822340066585572,0.9206438123721591,-0.17509150770555604,0.8121831493937073,0.40323457679809294,6.350790661699369,0.027753968520512727,6.218579350543891,0.71701846592758,0.08558982858748763,12.701581323398736,4.269519300012612,11.17984272491755,6.783939182681472,147.5576119402985,0.08809409668077522,14.639786143907328,13.149571307640901,58.08358208955224,46.50328358208955,1284.9014925373135,2.788279442976468,0.04679190912768044,0.17714569194884666,18.460397486449683,0.004970218773073536,139.5374714288482,0.10100445109764807,13.975735811569743,63.640604279451026,1.896097736785125,91.92662490990655,0.09617173784200503,0.04440814991358089,4.366289532172416,994.5187138684261,0.715585338953164,0.8213547646383468,0.36968628629991584,0.8688980174061807,58.88726898676577,0.03702586983776838,23.01818181818182,0.06975206611570248,15.694040404040404,107.21515151515152,595.6515151515151,12282.181818181818,37.37311484827293,0.029511329965958795,124.32727272727273,0.37674931129476585,0.6361648861669668,74.1000045726947,0.0148867094720101,5.698041172619788,0.19701492537313434,569.8882001836548,1.856795522279038,0.005480375883709713,195.09675515898886,0.09829302074189063,0.95873673447443
157,AMBL-629,1,0.0,-1,-1,-1,-1,,-1.0,-1.0,-1.0,-1,/media/bendico765/Crucial X9/MRI Lesions/manifest-1728494830954/Advanced-MRI-Breast-Lesions/AMBL-629/01-30-2007-NA-MRI BREASTS - Delayed contrast-40670/600.000000-Registered Ax T2 FSE-05708,/media/bendico765/Crucial X9/MRI Lesions/manifest-1728494830954/Advanced-MRI-Breast-Lesions/AMBL-629/01-30-2007-NA-MRI BREASTS - Delayed contrast-40670/500.000000-ROI-75632/1-1.dcm,-2.07,R,"[[[0 0 0 ... 0 0 0]
  [0 0 0 ... 0 0 0]
  [0 0 0 ... 0 0 0]
  ...
  [0 0 0 ... 0 0 0]
  [0 0 0 ... 0 0 0]
  [0 0 0 ... 0 0 0]]

 [[0 0 0 ... 0 0 0]
  [0 0 0 ... 0 0 0]
  [0 0 0 ... 0 0 0]
  ...
  [0 0 0 ... 0 0 0]
  [0 0 0 ... 0 0 0]
  [0 0 0 ... 0 0 0]]

 [[0 0 0 ... 0 0 0]
  [0 0 0 ... 0 0 0]
  [0 0 0 ... 0 0 0]
  ...
  [0 0 0 ... 0 0 0]
  [0 0 0 ... 0 0 0]
  [0 0 0 ... 0 0 0]]

 ...

 [[0 0 0 ... 0 0 0]
  [0 0 0 ... 0 0 0]
  [0 0 0 ... 0 0 0]
  ...
  [0 0 0 ... 0 0 0]
  [0 0 0 ... 0 0 0]
  [0 0 0 ... 0 0 0]]

 [[0 0 0 ... 0 0 0]
  [0 0 0 ... 0 0 0]
  [0 0 0 ... 0 0 0]
  ...
  [0 0 0 ... 0 0 0]
  [0 0 0 ... 0 0 0]
  [0 0 0 ... 0 0 0]]

 [[0 0 0 ... 0 0 0]
  [0 0 0 ... 0 0 0]
  [0 0 0 ... 0 0 0]
  ...
  [0 0 0 ... 0 0 0]
  [0 0 0 ... 0 0 0]
  [0 0 0 ... 0 0 0]]]","[58, 59, 60, 61]","[102, 103, 104, 105, 106, 107, 108, 109, 110, 111, 112, 113, 114, 115, 116, 117, 118, 119]","[360, 361, 362, 363, 364, 365, 366, 367, 368, 369, 370, 371, 372, 373, 374, 375, 376, 377, 378, 379, 380, 381, 382, 383, 384, 385]",4,18,26,/media/bendico765/Crucial X9/Materiali Tesista/Roi masks/AMBL-629/ROI 1.npy,/media/bendico765/Crucial X9/Materiali Tesista/Cleaned Roi masks/AMBL-629/ROI 1.npy,0.6445,2.0,/media/bendico765/Crucial X9/MRI Lesions/manifest-1728494830954/Advanced-MRI-Breast-Lesions/AMBL-629/01-30-2007-NA-MRI BREASTS - Delayed contrast-40670/500.000000-Registered AX Sen Vibrant MultiPhase-22459,0.6740060699423084,0.46986738564395203,8.639904334115707,18.38796349373077,19.071868084956964,15.809878881572747,18.149284786183724,20.235075642309816,569.5555527916675,12.393599008652116,0.41276461944741877,805.0182396532076,1.4134147858052186,621.4088539999999,117.7,249.0,3.022998544694214,77.25,2.72554663568249,360.0,42.633586176327604,177.23930481283423,171.0,66.0,294.0,31.84329444444445,184.52385249348507,0.43392923187696103,21158382.469505496,0.13946280991735535,2635.2809685006723,32.60860680777697,467.82501749179494,24.620874380869306,12.182749003309045,4.450694800107048,0.4639007302269207,1.626184408348083,2.2111344482986226,1.6141273774678502,0.4988838596833363,0.4347546222494858,0.9756807500032081,0.8958364467590734,-0.13764085252636524,0.7184781163604597,0.41457376182840655,5.538076873337204,0.027878133014033413,5.591427497518058,0.5320141436916072,0.06856464216581386,11.076153746674406,3.731907221405806,4.158360950854024,5.792216950780488,105.46256684491979,0.14099273642368956,4.6816394520861335,4.261066945008436,35.63903743315508,20.574866310160427,615.9438502673797,1.0641249347457842,0.05527936159382503,0.1871546369907982,7.386634468842354,0.011428357620538806,90.56351431128321,0.13644512468078976,4.350937259810371,36.19652583488554,1.57978091910652,53.73706078272049,0.08606024638109563,0.055797706703637706,3.5579289302344064,551.9623930923012,0.8144881650362543,0.8851295763060469,0.22882664307428302,0.9135612620645543,33.29059011550202,0.05131978107367225,20.041420118343197,0.11858828472392423,5.579076362872447,40.24260355029586,98.72189349112426,2685.5739644970413,4.943503806936734,0.06724515850338006,41.81656804733728,0.24743531388956969,0.5043623538736529,20.671937231322712,0.03208535781741741,5.463452823084099,0.22593582887700533,79.13210321767444,1.3053776216863766,0.011025441895569484,71.21010032338876,0.05304084043843084,0.7237569443805875
158,AMBL-629,2,0.0,-1.0,-1,-1,-1,,-1.0,-1.0,-1.0,-1,/media/bendico765/Crucial X9/MRI Lesions/manifest-1728494830954/Advanced-MRI-Breast-Lesions/AMBL-629/01-30-2007-NA-MRI BREASTS - Delayed contrast-40670/600.000000-Registered Ax T2 FSE-05708,/media/bendico765/Crucial X9/MRI Lesions/manifest-1728494830954/Advanced-MRI-Breast-Lesions/AMBL-629/01-30-2007-NA-MRI BREASTS - Delayed contrast-40670/500.000000-ROI-75632/1-1.dcm,-20.07,R,"[[[0 0 0 ... 0 0 0]
  [0 0 0 ... 0 0 0]
  [0 0 0 ... 0 0 0]
  ...
  [0 0 0 ... 0 0 0]
  [0 0 0 ... 0 0 0]
  [0 0 0 ... 0 0 0]]

 [[0 0 0 ... 0 0 0]
  [0 0 0 ... 0 0 0]
  [0 0 0 ... 0 0 0]
  ...
  [0 0 0 ... 0 0 0]
  [0 0 0 ... 0 0 0]
  [0 0 0 ... 0 0 0]]

 [[0 0 0 ... 0 0 0]
  [0 0 0 ... 0 0 0]
  [0 0 0 ... 0 0 0]
  ...
  [0 0 0 ... 0 0 0]
  [0 0 0 ... 0 0 0]
  [0 0 0 ... 0 0 0]]

 ...

 [[0 0 0 ... 0 0 0]
  [0 0 0 ... 0 0 0]
  [0 0 0 ... 0 0 0]
  ...
  [0 0 0 ... 0 0 0]
  [0 0 0 ... 0 0 0]
  [0 0 0 ... 0 0 0]]

 [[0 0 0 ... 0 0 0]
  [0 0 0 ... 0 0 0]
  [0 0 0 ... 0 0 0]
  ...
  [0 0 0 ... 0 0 0]
  [0 0 0 ... 0 0 0]
  [0 0 0 ... 0 0 0]]

 [[0 0 0 ... 0 0 0]
  [0 0 0 ... 0 0 0]
  [0 0 0 ... 0 0 0]
  ...
  [0 0 0 ... 0 0 0]
  [0 0 0 ... 0 0 0]
  [0 0 0 ... 0 0 0]]]","[67, 68, 69, 70, 71]","[112, 113, 114, 115, 116, 117, 118, 119, 120, 121, 122, 123, 124, 125, 126, 127, 128, 129, 130, 131, 132, 133, 134, 135, 136, 137, 138, 139, 140]","[367, 369, 370, 371, 372, 373, 374, 375, 376, 377, 378, 379, 380, 381, 382, 383, 384, 385, 386, 387]",5,29,21,/media/bendico765/Crucial X9/Materiali Tesista/Roi masks/AMBL-629/ROI 2.npy,/media/bendico765/Crucial X9/Materiali Tesista/Cleaned Roi masks/AMBL-629/ROI 2.npy,0.6445,2.0,/media/bendico765/Crucial X9/MRI Lesions/manifest-1728494830954/Advanced-MRI-Breast-Lesions/AMBL-629/01-30-2007-NA-MRI BREASTS - Delayed contrast-40670/500.000000-Registered AX Sen Vibrant MultiPhase-22459,0.6435475068976424,0.5127479397896492,12.239727634732084,23.87084702817789,18.59979220986084,28.436040511998147,26.116170670678347,29.39977588775125,728.0231181666654,15.362024092518878,0.30044027578569105,1302.6350297629972,1.789277012306066,813.3145294999999,133.0,317.0,3.3472658491755682,97.0,2.391904595563663,402.0,54.95099228851854,236.20326864147088,251.0,79.0,323.0,40.33021619643237,245.53122038523142,-0.3635453627692912,49031138.28287149,0.11532791272493559,4493.5960669462165,54.21669628634068,1065.380349156656,-42.244405189087125,18.415516841166784,7.7218111626233075,0.36166364570055737,2.1312467305092824,2.5206616912896034,2.6657814217092497,0.4523802699582659,0.3777967205820926,0.964737853861651,0.8777790882382578,-0.16974273163495804,0.786311910394738,0.3476113476851172,7.174277408362342,0.021673619583899965,5.996116469180927,0.6724387095686539,0.058822041090469145,14.348554816724683,3.9042141431831676,6.534332000947524,5.89458702695854,160.73033707865167,0.16417807668912326,3.6560080380534643,7.245912893960087,55.74668028600613,15.386108273748723,733.7344228804903,1.5567511487806291,0.06127240894732298,0.24429077075264305,14.394883383276012,0.009498443534705386,101.75013295341827,0.11486884732604105,7.080301552926731,56.48534006677891,1.4691619726972804,78.2932370468331,0.10647341660989287,0.05744799441239464,3.748466315403818,772.3828417526418,0.8524594845825338,0.9067337157224797,0.19073089516408587,0.9317448760791418,52.85205723126606,0.05205214379205045,32.28813559322034,0.10945130709566217,6.474920999712726,60.335593220338986,32.50508474576271,1436.2711864406779,3.436488247853459,0.037163400653413475,84.40338983050847,0.28611318586613044,0.548865615759487,32.192095814864565,0.0202765545458202,5.536621185316476,0.30132788559754853,21.491686297041078,1.1185018145958505,0.008856937303061507,86.08105305360061,0.09249535929788799,0.5855617297940218
159,AMBL-629,3,0.0,,,,,,,,,,/media/bendico765/Crucial X9/MRI Lesions/manifest-1728494830954/Advanced-MRI-Breast-Lesions/AMBL-629/01-30-2007-NA-MRI BREASTS - Delayed contrast-40670/600.000000-Registered Ax T2 FSE-05708,/media/bendico765/Crucial X9/MRI Lesions/manifest-1728494830954/Advanced-MRI-Breast-Lesions/AMBL-629/01-30-2007-NA-MRI BREASTS - Delayed contrast-40670/500.000000-ROI-75632/1-1.dcm,1.93,R,"[[[0 0 0 ... 0 0 0]
  [0 0 0 ... 0 0 0]
  [0 0 0 ... 0 0 0]
  ...
  [0 0 0 ... 0 0 0]
  [0 0 0 ... 0 0 0]
  [0 0 0 ... 0 0 0]]

 [[0 0 0 ... 0 0 0]
  [0 0 0 ... 0 0 0]
  [0 0 0 ... 0 0 0]
  ...
  [0 0 0 ... 0 0 0]
  [0 0 0 ... 0 0 0]
  [0 0 0 ... 0 0 0]]

 [[0 0 0 ... 0 0 0]
  [0 0 0 ... 0 0 0]
  [0 0 0 ... 0 0 0]
  ...
  [0 0 0 ... 0 0 0]
  [0 0 0 ... 0 0 0]
  [0 0 0 ... 0 0 0]]

 ...

 [[0 0 0 ... 0 0 0]
  [0 0 0 ... 0 0 0]
  [0 0 0 ... 0 0 0]
  ...
  [0 0 0 ... 0 0 0]
  [0 0 0 ... 0 0 0]
  [0 0 0 ... 0 0 0]]

 [[0 0 0 ... 0 0 0]
  [0 0 0 ... 0 0 0]
  [0 0 0 ... 0 0 0]
  ...
  [0 0 0 ... 0 0 0]
  [0 0 0 ... 0 0 0]
  [0 0 0 ... 0 0 0]]

 [[0 0 0 ... 0 0 0]
  [0 0 0 ... 0 0 0]
  [0 0 0 ... 0 0 0]
  ...
  [0 0 0 ... 0 0 0]
  [0 0 0 ... 0 0 0]
  [0 0 0 ... 0 0 0]]]","[55, 56, 57]","[159, 160, 161, 162, 163, 164, 165, 166, 167, 168, 169, 170, 171, 172, 173, 174, 175, 176, 177, 178, 179]","[391, 392, 393, 394, 395, 396, 397, 398, 399, 400]",3,21,10,/media/bendico765/Crucial X9/Materiali Tesista/Roi masks/AMBL-629/ROI 3.npy,/media/bendico765/Crucial X9/Materiali Tesista/Cleaned Roi masks/AMBL-629/ROI 3.npy,0.6445,2.0,/media/bendico765/Crucial X9/MRI Lesions/manifest-1728494830954/Advanced-MRI-Breast-Lesions/AMBL-629/01-30-2007-NA-MRI BREASTS - Delayed contrast-40670/500.000000-Registered AX Sen Vibrant MultiPhase-22459,0.9110358024714164,0.5811881366070866,6.774970001974924,11.657103053628152,13.046043931016023,13.909009894668994,13.41117624408836,14.852553795559873,317.0389758124997,10.620038234954121,0.43774727274910086,513.6521532445903,1.6201545943309184,339.78104449999995,121.0,333.2,3.611442440372834,95.0,5.899399039007024,659.0,69.45294444676921,206.7799511002445,177.0,1.0,658.0,41.92115741724485,227.21333533818216,1.5059088164336463,17541502.142176498,0.11271453422683987,8867.951578481718,77.67987829573096,5282.443165440277,238.6319385910728,30.79782176297862,10.239389384917988,0.4753042001802959,2.155153595457631,2.658068718494014,5.3839768597114155,0.4778965309931999,0.4180034537305243,0.9870328217046958,0.9314145560359575,-0.22302177275082713,0.8713250865784794,0.40712553818629,8.514028781000057,0.030110498036187185,5.94274824136529,0.6476868635529633,0.09480853429469102,17.028057562000114,4.040192011066123,10.25930278697415,6.043892010054147,59.650366748166256,0.1458444174771791,7.442686258451348,14.371434890991805,91.63080684596576,21.5281173594132,1222.1882640586798,0.48644152961935727,0.02480611752404775,0.3145566301961044,42.676408925494066,0.006280692889206809,38.019123657463716,0.10357171077589124,15.270687848682094,95.59817678889385,1.485741161599029,124.17095935998366,0.03637648353377422,0.024894520030024164,4.1224144829607985,304.92995451771816,0.8257356292212492,0.8941132217415835,0.20213559393250996,0.9238586985061306,90.85597334068645,0.023018150590846907,10.41095890410959,0.07130793769938075,22.222602739726025,132.47260273972603,58.897260273972606,3221.8561643835615,1.2443653859736736,0.023704417123113462,67.47945205479452,0.46218802777256524,0.705633804548664,104.3552596019062,0.012344983002526313,5.23984119312831,0.3569682151589242,51.049587164571214,0.23301492038734206,0.02068994775247231,339.642862577123,0.08494728056489724,5.589136755294046
160,AMBL-629,4,0.0,,,,,,,,,,/media/bendico765/Crucial X9/MRI Lesions/manifest-1728494830954/Advanced-MRI-Breast-Lesions/AMBL-629/01-30-2007-NA-MRI BREASTS - Delayed contrast-40670/600.000000-Registered Ax T2 FSE-05708,/media/bendico765/Crucial X9/MRI Lesions/manifest-1728494830954/Advanced-MRI-Breast-Lesions/AMBL-629/01-30-2007-NA-MRI BREASTS - Delayed contrast-40670/500.000000-ROI-75632/1-1.dcm,-48.07,R,"[[[0 0 0 ... 0 0 0]
  [0 0 0 ... 0 0 0]
  [0 0 0 ... 0 0 0]
  ...
  [0 0 0 ... 0 0 0]
  [0 0 0 ... 0 0 0]
  [0 0 0 ... 0 0 0]]

 [[0 0 0 ... 0 0 0]
  [0 0 0 ... 0 0 0]
  [0 0 0 ... 0 0 0]
  ...
  [0 0 0 ... 0 0 0]
  [0 0 0 ... 0 0 0]
  [0 0 0 ... 0 0 0]]

 [[0 0 0 ... 0 0 0]
  [0 0 0 ... 0 0 0]
  [0 0 0 ... 0 0 0]
  ...
  [0 0 0 ... 0 0 0]
  [0 0 0 ... 0 0 0]
  [0 0 0 ... 0 0 0]]

 ...

 [[0 0 0 ... 0 0 0]
  [0 0 0 ... 0 0 0]
  [0 0 0 ... 0 0 0]
  ...
  [0 0 0 ... 0 0 0]
  [0 0 0 ... 0 0 0]
  [0 0 0 ... 0 0 0]]

 [[0 0 0 ... 0 0 0]
  [0 0 0 ... 0 0 0]
  [0 0 0 ... 0 0 0]
  ...
  [0 0 0 ... 0 0 0]
  [0 0 0 ... 0 0 0]
  [0 0 0 ... 0 0 0]]

 [[0 0 0 ... 0 0 0]
  [0 0 0 ... 0 0 0]
  [0 0 0 ... 0 0 0]
  ...
  [0 0 0 ... 0 0 0]
  [0 0 0 ... 0 0 0]
  [0 0 0 ... 0 0 0]]]","[81, 82]","[147, 148, 149, 150, 151, 152, 153, 154, 155, 156, 157, 158, 159, 160, 161, 162, 163]","[373, 374, 375, 376, 377, 378, 379, 380, 381, 382, 383, 384, 385, 386]",2,17,14,/media/bendico765/Crucial X9/Materiali Tesista/Roi masks/AMBL-629/ROI 4.npy,/media/bendico765/Crucial X9/Materiali Tesista/Cleaned Roi masks/AMBL-629/ROI 4.npy,0.6445,2.0,/media/bendico765/Crucial X9/MRI Lesions/manifest-1728494830954/Advanced-MRI-Breast-Lesions/AMBL-629/01-30-2007-NA-MRI BREASTS - Delayed contrast-40670/500.000000-Registered AX Sen Vibrant MultiPhase-22459,0.8501661613997354,0.707694772521035,8.694037070770678,12.285009595026029,13.060750399575056,13.636431727178483,16.112499999999997,17.492774579808657,283.9470158958333,10.444299450162198,0.4454579630431592,468.9957820995367,1.6517017466089132,310.70442699999995,136.0,369.7,3.820918410261064,138.75,2.551790233733122,544.0,74.62658354542594,260.6096256684492,261.5,56.0,488.0,56.00946298139842,275.7494988141532,0.0772554922798865,23625276.759385996,0.07822642912293745,8120.409105207469,93.10733508799139,2740.2568771247925,-47.13784042314343,30.38920241200357,18.169981028171573,0.23322220319844328,3.247446196325326,3.0235540623829467,6.762448052778843,0.36348065962019543,0.2747294105739828,0.9603947118886438,0.8712932867690106,-0.23142350396847647,0.9026202315600137,0.27085809582739706,9.484575097667001,0.013426571901228248,6.534107291091181,0.606580954642209,0.03686905973325049,18.969150195334006,4.237904832936236,12.13979586004379,5.922735194317262,78.42780748663101,0.20970002001773,2.807543824530298,13.17361091252252,93.21390374331551,10.042780748663102,1099.197860962567,0.21744850789963813,0.032014314078418045,0.3871658099266644,36.05809225878903,0.01583931158583661,27.2118695475722,0.07781493402325859,13.229545477204832,92.4955103652623,1.2689013966058285,121.01637261126317,0.038582892376610195,0.032688391242498706,4.105449307692923,314.5922283591962,0.8908553821886918,0.935006170300288,0.10180350230948765,0.9522227601793005,87.76723376945074,0.03150331340946115,12.719298245614034,0.0743818610854622,14.919052016004924,91.25146198830409,11.391812865497077,1280.2573099415204,0.22481432226831677,0.04043808379530639,74.12280701754386,0.43346670770493484,0.6835590866322525,64.8820059147497,0.029959505347343877,5.334073679768123,0.4572192513368984,6.608255531616566,0.29113106178887255,0.021470864822220288,265.55866603773416,0.13953869690817752,2.653322480640887
161,AMBL-629,5,0.0,,,,,,,,,,/media/bendico765/Crucial X9/MRI Lesions/manifest-1728494830954/Advanced-MRI-Breast-Lesions/AMBL-629/01-30-2007-NA-MRI BREASTS - Delayed contrast-40670/600.000000-Registered Ax T2 FSE-05708,/media/bendico765/Crucial X9/MRI Lesions/manifest-1728494830954/Advanced-MRI-Breast-Lesions/AMBL-629/01-30-2007-NA-MRI BREASTS - Delayed contrast-40670/500.000000-ROI-75632/1-1.dcm,-32.07,R,"[[[0 0 0 ... 0 0 0]
  [0 0 0 ... 0 0 0]
  [0 0 0 ... 0 0 0]
  ...
  [0 0 0 ... 0 0 0]
  [0 0 0 ... 0 0 0]
  [0 0 0 ... 0 0 0]]

 [[0 0 0 ... 0 0 0]
  [0 0 0 ... 0 0 0]
  [0 0 0 ... 0 0 0]
  ...
  [0 0 0 ... 0 0 0]
  [0 0 0 ... 0 0 0]
  [0 0 0 ... 0 0 0]]

 [[0 0 0 ... 0 0 0]
  [0 0 0 ... 0 0 0]
  [0 0 0 ... 0 0 0]
  ...
  [0 0 0 ... 0 0 0]
  [0 0 0 ... 0 0 0]
  [0 0 0 ... 0 0 0]]

 ...

 [[0 0 0 ... 0 0 0]
  [0 0 0 ... 0 0 0]
  [0 0 0 ... 0 0 0]
  ...
  [0 0 0 ... 0 0 0]
  [0 0 0 ... 0 0 0]
  [0 0 0 ... 0 0 0]]

 [[0 0 0 ... 0 0 0]
  [0 0 0 ... 0 0 0]
  [0 0 0 ... 0 0 0]
  ...
  [0 0 0 ... 0 0 0]
  [0 0 0 ... 0 0 0]
  [0 0 0 ... 0 0 0]]

 [[0 0 0 ... 0 0 0]
  [0 0 0 ... 0 0 0]
  [0 0 0 ... 0 0 0]
  ...
  [0 0 0 ... 0 0 0]
  [0 0 0 ... 0 0 0]
  [0 0 0 ... 0 0 0]]]","[73, 74, 75]","[156, 157, 158, 159, 160, 161, 162, 163, 164, 165, 166, 167, 168, 169, 170, 171, 172, 173, 174, 175]","[338, 339, 340, 341, 342, 343, 344, 345, 346, 347, 348, 349]",3,20,12,/media/bendico765/Crucial X9/Materiali Tesista/Roi masks/AMBL-629/ROI 5.npy,/media/bendico765/Crucial X9/Materiali Tesista/Cleaned Roi masks/AMBL-629/ROI 5.npy,0.6445,2.0,/media/bendico765/Crucial X9/MRI Lesions/manifest-1728494830954/Advanced-MRI-Breast-Lesions/AMBL-629/01-30-2007-NA-MRI BREASTS - Delayed contrast-40670/500.000000-Registered AX Sen Vibrant MultiPhase-22459,0.7913814247474645,0.6159842961203442,8.08145410007461,13.119578130439459,12.258099781369053,15.722044722299957,14.837504254422305,17.788004673093607,435.9761873958334,10.382590432952856,0.4322308962647281,643.2949811914938,1.4755277920888614,472.70272449999993,192.0,402.2,3.736898015514313,112.0,2.808707583705667,551.0,65.8327902372429,301.8576449912127,301.0,122.0,429.0,46.78938711911357,312.7494519318228,0.14982236523547302,46236102.73385649,0.08522027050818351,6694.181844014567,78.44765427442444,2332.8242418097666,18.940945008963443,27.10156177345737,15.903908204473193,0.26236769910594526,3.125567107733543,3.0477730517147137,5.728922296045071,0.36218723188779306,0.27248997317732776,0.960905576924971,0.8687238517145257,-0.12418595753212867,0.7658559982437788,0.275803699506389,8.696703319954231,0.010059844317477456,6.971657178547764,0.5175445974908846,0.025025598388227495,17.393406639908463,4.326226053965971,10.751367494482643,5.929068878662511,125.22144112478031,0.22007283150225013,2.451425588628649,10.935813763856673,85.18629173989456,9.428822495606326,821.5026362038665,0.21200732328103217,0.02904420127468638,0.36309812652848683,31.26997706107438,0.011990722202399856,45.05318109796611,0.08452927608437973,11.0970623870802,85.14559342091806,1.2280213367459505,104.80110128638233,0.03488170475406008,0.029376771130807257,4.06018520701161,473.58833970346586,0.8858312768697423,0.9368662971474921,0.08169267346404707,0.9528975615301866,81.13090479122619,0.0282248890970842,19.25,0.07762096774193548,13.209661160249741,85.52822580645162,13.737903225806452,1219.3346774193549,0.27004999628521664,0.03360661073692738,94.0725806451613,0.3793249219562955,0.6386797737422434,55.28218400897256,0.022251488152208346,5.5070594923646805,0.4358523725834798,8.473839099895942,0.5456369531669907,0.011766235654700127,306.52615261061453,0.13486079486396582,1.3570000337564816
162,AMBL-631,0,1.0,1 to 2,strong,neg,neg,,-1,0,0.0,5,/media/bendico765/Crucial X9/MRI Lesions/manifest-1728494830954/Advanced-MRI-Breast-Lesions/AMBL-631/02-21-2007-NA-MRI BREASTS - Delayed contrast-91039/600.000000-Registered Ax T2 FSE-75697,/media/bendico765/Crucial X9/MRI Lesions/manifest-1728494830954/Advanced-MRI-Breast-Lesions/AMBL-631/02-21-2007-NA-MRI BREASTS - Delayed contrast-91039/500.000000-ROI-68853/1-1.dcm,33.93,L,"[[[0 0 0 ... 0 0 0]
  [0 0 0 ... 0 0 0]
  [0 0 0 ... 0 0 0]
  ...
  [0 0 0 ... 0 0 0]
  [0 0 0 ... 0 0 0]
  [0 0 0 ... 0 0 0]]

 [[0 0 0 ... 0 0 0]
  [0 0 0 ... 0 0 0]
  [0 0 0 ... 0 0 0]
  ...
  [0 0 0 ... 0 0 0]
  [0 0 0 ... 0 0 0]
  [0 0 0 ... 0 0 0]]

 [[0 0 0 ... 0 0 0]
  [0 0 0 ... 0 0 0]
  [0 0 0 ... 0 0 0]
  ...
  [0 0 0 ... 0 0 0]
  [0 0 0 ... 0 0 0]
  [0 0 0 ... 0 0 0]]

 ...

 [[0 0 0 ... 0 0 0]
  [0 0 0 ... 0 0 0]
  [0 0 0 ... 0 0 0]
  ...
  [0 0 0 ... 0 0 0]
  [0 0 0 ... 0 0 0]
  [0 0 0 ... 0 0 0]]

 [[0 0 0 ... 0 0 0]
  [0 0 0 ... 0 0 0]
  [0 0 0 ... 0 0 0]
  ...
  [0 0 0 ... 0 0 0]
  [0 0 0 ... 0 0 0]
  [0 0 0 ... 0 0 0]]

 [[0 0 0 ... 0 0 0]
  [0 0 0 ... 0 0 0]
  [0 0 0 ... 0 0 0]
  ...
  [0 0 0 ... 0 0 0]
  [0 0 0 ... 0 0 0]
  [0 0 0 ... 0 0 0]]]","[37, 38, 39, 40, 41, 42, 43, 44, 45, 46, 47, 48, 49, 50, 51, 55, 56, 57, 58]","[143, 144, 145, 146, 147, 148, 149, 150, 151, 152, 153, 154, 155, 156, 157, 158, 159, 160, 161, 162, 163, 164, 165, 166, 167, 168, 169, 170, 171, 172, 173, 174, 175, 176, 177, 178, 179, 180, 181, 182, 183, 184, 185, 186, 187, 188, 189, 190, 191, 192, 193, 194, 195, 196, 197, 198, 199, 200, 201, 202, 203, 204, 205, 206, 207, 208, 209, 210, 211, 212, 213, 214, 215, 216, 217, 218, 219, 220, 221, 222, 226, 227]","[99, 100, 101, 102, 103, 104, 105, 106, 107, 108, 109, 110, 111, 112, 113, 114, 115, 116, 117, 118, 119, 120, 121, 122, 123, 124, 125, 126, 127, 128, 129, 130, 131, 132, 133, 134, 135, 136, 137, 138, 139, 140, 141, 142, 143, 144, 145, 146, 147, 148, 149, 150, 151, 152, 153, 154, 155, 156, 157, 158, 159, 160, 161, 162, 163, 164, 165, 166, 167, 168, 169, 170, 171, 172, 173, 174, 175, 176, 177, 178, 179, 180, 181, 182, 183, 184, 185]",22,85,87,/media/bendico765/Crucial X9/Materiali Tesista/Roi masks/AMBL-631/ROI 0.npy,/media/bendico765/Crucial X9/Materiali Tesista/Cleaned Roi masks/AMBL-631/ROI 0.npy,0.6641,2.0,/media/bendico765/Crucial X9/MRI Lesions/manifest-1728494830954/Advanced-MRI-Breast-Lesions/AMBL-631/02-21-2007-NA-MRI BREASTS - Delayed contrast-91039/500.000000-Registered AX Sen Vibrant MultiPhase-29953,0.7343485032947034,0.6868810975242385,28.48759339675903,41.47383513600586,52.685274644913825,45.16780245086095,46.39203156577647,56.57640795640883,11132.485974420606,30.456248758017182,0.2450694224654047,9838.36887156668,0.8837530893075048,11379.425355620002,113.0,316.0,3.7089432240544715,125.0,4.0093082668891435,701.0,69.18421751099092,211.75521277420356,207.0,-13.0,714.0,51.58239847251036,227.9867958268413,0.6371850585294567,591479532.9788591,0.08941925301275774,7137.708934341596,97.31621051697788,6556.191780495051,220.35394593584527,37.365170401968435,8.898308742791535,0.614491680166539,2.086879989235672,2.6913108389427602,4.311624401311335,0.4819297771562686,0.41742132135171706,0.9906057183448019,0.9387044541475409,-0.13038586867738494,0.7394734922282643,0.3690838656879264,9.495147926944513,0.014814889605480972,6.835556674098433,0.660532054789405,0.052278825088661746,18.990295853889023,4.492615033847523,11.565869786189996,6.956760775552537,1486.4935276335168,0.1152231243805532,11.618859394319855,11.516033464458767,111.28982249438027,34.082241686690956,3025.410433299744,0.5918756212151999,0.015649457690072394,0.1904036576986635,25.06171440807896,0.0029163531336732656,967.2785320512874,0.08756035627479931,11.615239469503269,113.91746721198459,1.698709261563489,180.6476477884914,0.027111822959029537,0.015478975249177932,4.383871533211336,8623.393684331762,0.7719282917301764,0.8561709587211487,0.29634044022848927,0.8971534360435289,103.81870544778619,0.013782507860498231,230.67103347889375,0.08394142411895697,13.66786311706913,133.86062590975254,1156.811135371179,72373.7401746725,23.22311576194518,0.015696030522834914,866.7976710334789,0.3154285556890389,0.5798494828582269,80.90029092893805,0.00904259425688872,6.245244336274633,0.21300674366328193,1134.7710489195265,3.5471430703524693,0.0007254071323848237,619.9482408401509,0.03578914488275523,0.4018465596210849
163,AMBL-631,1,1.0,-1,strong,strong,neg,,90.0,90.0,0.0,-1,/media/bendico765/Crucial X9/MRI Lesions/manifest-1728494830954/Advanced-MRI-Breast-Lesions/AMBL-631/02-21-2007-NA-MRI BREASTS - Delayed contrast-91039/600.000000-Registered Ax T2 FSE-75697,/media/bendico765/Crucial X9/MRI Lesions/manifest-1728494830954/Advanced-MRI-Breast-Lesions/AMBL-631/02-21-2007-NA-MRI BREASTS - Delayed contrast-91039/500.000000-ROI-68853/1-1.dcm,25.93,L,"[[[0 0 0 ... 0 0 0]
  [0 0 0 ... 0 0 0]
  [0 0 0 ... 0 0 0]
  ...
  [0 0 0 ... 0 0 0]
  [0 0 0 ... 0 0 0]
  [0 0 0 ... 0 0 0]]

 [[0 0 0 ... 0 0 0]
  [0 0 0 ... 0 0 0]
  [0 0 0 ... 0 0 0]
  ...
  [0 0 0 ... 0 0 0]
  [0 0 0 ... 0 0 0]
  [0 0 0 ... 0 0 0]]

 [[0 0 0 ... 0 0 0]
  [0 0 0 ... 0 0 0]
  [0 0 0 ... 0 0 0]
  ...
  [0 0 0 ... 0 0 0]
  [0 0 0 ... 0 0 0]
  [0 0 0 ... 0 0 0]]

 ...

 [[0 0 0 ... 0 0 0]
  [0 0 0 ... 0 0 0]
  [0 0 0 ... 0 0 0]
  ...
  [0 0 0 ... 0 0 0]
  [0 0 0 ... 0 0 0]
  [0 0 0 ... 0 0 0]]

 [[0 0 0 ... 0 0 0]
  [0 0 0 ... 0 0 0]
  [0 0 0 ... 0 0 0]
  ...
  [0 0 0 ... 0 0 0]
  [0 0 0 ... 0 0 0]
  [0 0 0 ... 0 0 0]]

 [[0 0 0 ... 0 0 0]
  [0 0 0 ... 0 0 0]
  [0 0 0 ... 0 0 0]
  ...
  [0 0 0 ... 0 0 0]
  [0 0 0 ... 0 0 0]
  [0 0 0 ... 0 0 0]]]","[43, 44, 45, 46, 47, 48]","[154, 155, 156, 157, 158, 159, 160, 161, 162, 163, 164, 165, 166, 167, 168, 169, 170, 172, 173]","[131, 132, 133, 134, 135, 136, 137, 138, 139, 140, 141, 142, 143, 144, 145, 146, 147, 148, 149, 150]",6,20,20,/media/bendico765/Crucial X9/Materiali Tesista/Roi masks/AMBL-631/ROI 1.npy,/media/bendico765/Crucial X9/Materiali Tesista/Cleaned Roi masks/AMBL-631/ROI 1.npy,0.6641,2.0,/media/bendico765/Crucial X9/MRI Lesions/manifest-1728494830954/Advanced-MRI-Breast-Lesions/AMBL-631/02-21-2007-NA-MRI BREASTS - Delayed contrast-91039/500.000000-Registered AX Sen Vibrant MultiPhase-29953,0.7606409887615629,0.618109483527197,11.624553695403735,18.806625695287934,22.120222433104058,18.847585581447827,18.807049359748063,24.259755207750967,1267.957828750005,14.305090364132429,0.4192467300063786,1351.2975215843578,1.0657274957768208,1330.1428909600002,118.0,288.0,3.3259060637853315,112.0,1.99180508461476,392.0,56.49277768787509,200.77519893899205,197.0,54.0,338.0,45.015665668789985,211.1080420961404,0.11339580484612082,59279953.39713043,0.1082995025645716,4255.92492867395,39.212833133812175,911.4408022021055,37.73376363488979,19.967249971627602,6.733339509405733,0.48999836641722144,1.9198242875125788,2.547530744933588,2.9079797496402877,0.4826905713033087,0.4167739701559653,0.9693518815056181,0.8890247151112907,-0.10015808792164689,0.6520400623544054,0.3817825958812817,5.9889262161531995,0.018927091492225784,6.221579775306869,0.5257515680879732,0.053077057688843514,11.977852432306399,4.054994776718,6.675147370258334,6.346732344169123,180.6445623342175,0.1197908238290567,9.482322397258828,6.897327427900007,49.80503978779841,29.43501326259947,1142.1114058355438,1.566522572491094,0.0491825079178137,0.20881881029434604,12.830847957368444,0.008453807167533535,139.28412041377322,0.10659724306105021,6.82658720110353,51.06017899395275,1.6006933811154482,76.86142807530953,0.07943203239962175,0.04858045250945992,3.9359898796513066,1030.3511633941382,0.781497047608054,0.8666598653336055,0.24061354290699363,0.9028087900779523,47.02590627323973,0.04329830586507149,42.41011235955056,0.11912952909986113,6.199406640575685,62.53370786516854,252.81460674157304,8048.988764044944,13.758375696880671,0.04588554401892749,121.09550561797752,0.34015591465724027,0.6027499797611643,39.23013796247438,0.023106193160827203,5.311507177312544,0.23607427055702918,234.87129150359803,2.3433204792673914,0.0051702547504255784,101.8593791498655,0.09775949394985729,0.3462067344464948
