,Patient ID,lesion idx,tumor/benign,GRADE,ER [SII],PR [SII],HER2 [SII],isTN,ER [%],PR [%],HER2 [%],KI67 [%],Registered Ax T2 FSE path,Roi path,Slice Location,Breast,Pixel array,z_indexes,y_indexes,x_indexes,z_offset,y_offset,x_offset,Roi mask Filepath,Cleaned Roi mask Filepath,Pixel Spacing,Slice Thickness,Registered AX Sen Vibrant MultiPhase path,original_shape_Elongation,original_shape_Flatness,original_shape_LeastAxisLength,original_shape_MajorAxisLength,original_shape_Maximum2DDiameterColumn,original_shape_Maximum2DDiameterRow,original_shape_Maximum2DDiameterSlice,original_shape_Maximum3DDiameter,original_shape_MeshVolume,original_shape_MinorAxisLength,original_shape_Sphericity,original_shape_SurfaceArea,original_shape_SurfaceVolumeRatio,original_shape_VoxelVolume,original_firstorder_10Percentile,original_firstorder_90Percentile,original_firstorder_Entropy,original_firstorder_InterquartileRange,original_firstorder_Kurtosis,original_firstorder_Maximum,original_firstorder_MeanAbsoluteDeviation,original_firstorder_Mean,original_firstorder_Median,original_firstorder_Minimum,original_firstorder_Range,original_firstorder_RobustMeanAbsoluteDeviation,original_firstorder_RootMeanSquared,original_firstorder_Skewness,original_firstorder_TotalEnergy,original_firstorder_Uniformity,original_firstorder_Variance,original_glcm_Autocorrelation,original_glcm_ClusterProminence,original_glcm_ClusterShade,original_glcm_ClusterTendency,original_glcm_Contrast,original_glcm_Correlation,original_glcm_DifferenceAverage,original_glcm_DifferenceEntropy,original_glcm_DifferenceVariance,original_glcm_Id,original_glcm_Idm,original_glcm_Idmn,original_glcm_Idn,original_glcm_Imc1,original_glcm_Imc2,original_glcm_InverseVariance,original_glcm_JointAverage,original_glcm_JointEnergy,original_glcm_JointEntropy,original_glcm_MCC,original_glcm_MaximumProbability,original_glcm_SumAverage,original_glcm_SumEntropy,original_glcm_SumSquares,original_gldm_DependenceEntropy,original_gldm_DependenceNonUniformity,original_gldm_DependenceNonUniformityNormalized,original_gldm_DependenceVariance,original_gldm_GrayLevelVariance,original_gldm_HighGrayLevelEmphasis,original_gldm_LargeDependenceEmphasis,original_gldm_LargeDependenceHighGrayLevelEmphasis,original_gldm_LargeDependenceLowGrayLevelEmphasis,original_gldm_LowGrayLevelEmphasis,original_gldm_SmallDependenceEmphasis,original_gldm_SmallDependenceHighGrayLevelEmphasis,original_gldm_SmallDependenceLowGrayLevelEmphasis,original_glrlm_GrayLevelNonUniformity,original_glrlm_GrayLevelNonUniformityNormalized,original_glrlm_GrayLevelVariance,original_glrlm_HighGrayLevelRunEmphasis,original_glrlm_LongRunEmphasis,original_glrlm_LongRunHighGrayLevelEmphasis,original_glrlm_LongRunLowGrayLevelEmphasis,original_glrlm_LowGrayLevelRunEmphasis,original_glrlm_RunEntropy,original_glrlm_RunLengthNonUniformity,original_glrlm_RunLengthNonUniformityNormalized,original_glrlm_RunPercentage,original_glrlm_RunVariance,original_glrlm_ShortRunEmphasis,original_glrlm_ShortRunHighGrayLevelEmphasis,original_glrlm_ShortRunLowGrayLevelEmphasis,original_glszm_GrayLevelNonUniformity,original_glszm_GrayLevelNonUniformityNormalized,original_glszm_GrayLevelVariance,original_glszm_HighGrayLevelZoneEmphasis,original_glszm_LargeAreaEmphasis,original_glszm_LargeAreaHighGrayLevelEmphasis,original_glszm_LargeAreaLowGrayLevelEmphasis,original_glszm_LowGrayLevelZoneEmphasis,original_glszm_SizeZoneNonUniformity,original_glszm_SizeZoneNonUniformityNormalized,original_glszm_SmallAreaEmphasis,original_glszm_SmallAreaHighGrayLevelEmphasis,original_glszm_SmallAreaLowGrayLevelEmphasis,original_glszm_ZoneEntropy,original_glszm_ZonePercentage,original_glszm_ZoneVariance,original_ngtdm_Busyness,original_ngtdm_Coarseness,original_ngtdm_Complexity,original_ngtdm_Contrast,original_ngtdm_Strength
0,AMBL-001,0,1.0,-1,-1,-1,-1,,-1,-1,-1.0,-1,/media/bendico765/Crucial X9/MRI Lesions/manifest-1728494830954/Advanced-MRI-Breast-Lesions/AMBL-001/03-05-2004-NA-MRI BREASTS - Delayed contrast-93547/600.000000-Registered Ax T2 FSE-08519,/media/bendico765/Crucial X9/MRI Lesions/manifest-1728494830954/Advanced-MRI-Breast-Lesions/AMBL-001/03-05-2004-NA-MRI BREASTS - Delayed contrast-93547/500.000000-ROI-38451/1-1.dcm,-60.85,L,"[[[0 0 0 ... 0 0 0]
  [0 0 0 ... 0 0 0]
  [0 0 0 ... 0 0 0]
  ...
  [0 0 0 ... 0 0 0]
  [0 0 0 ... 0 0 0]
  [0 0 0 ... 0 0 0]]

 [[0 0 0 ... 0 0 0]
  [0 0 0 ... 0 0 0]
  [0 0 0 ... 0 0 0]
  ...
  [0 0 0 ... 0 0 0]
  [0 0 0 ... 0 0 0]
  [0 0 0 ... 0 0 0]]

 [[0 0 0 ... 0 0 0]
  [0 0 0 ... 0 0 0]
  [0 0 0 ... 0 0 0]
  ...
  [0 0 0 ... 0 0 0]
  [0 0 0 ... 0 0 0]
  [0 0 0 ... 0 0 0]]

 ...

 [[0 0 0 ... 0 0 0]
  [0 0 0 ... 0 0 0]
  [0 0 0 ... 0 0 0]
  ...
  [0 0 0 ... 0 0 0]
  [0 0 0 ... 0 0 0]
  [0 0 0 ... 0 0 0]]

 [[0 0 0 ... 0 0 0]
  [0 0 0 ... 0 0 0]
  [0 0 0 ... 0 0 0]
  ...
  [0 0 0 ... 0 0 0]
  [0 0 0 ... 0 0 0]
  [0 0 0 ... 0 0 0]]

 [[0 0 0 ... 0 0 0]
  [0 0 0 ... 0 0 0]
  [0 0 0 ... 0 0 0]
  ...
  [0 0 0 ... 0 0 0]
  [0 0 0 ... 0 0 0]
  [0 0 0 ... 0 0 0]]]","[82, 83, 84, 85, 86, 87]","[172, 173, 174, 175, 176, 177, 178, 179, 180, 181, 182, 183, 184, 185, 186, 187, 188, 189, 190, 191, 192, 193, 194, 195, 196, 197, 198, 199, 200, 201, 202, 203, 204, 205, 206, 207, 208, 209, 210, 211, 212, 213]","[142, 143, 144, 145, 146, 147, 148, 149, 150, 151, 152, 153, 154, 155, 156, 157, 158, 159, 160, 161, 162, 163, 164]",6,42,23,/media/bendico765/Crucial X9/Materiali Tesista/Roi masks/AMBL-001/ROI 0.npy,/media/bendico765/Crucial X9/Materiali Tesista/Cleaned Roi masks/AMBL-001/ROI 0.npy,0.6641,2.0,/media/bendico765/Crucial X9/MRI Lesions/manifest-1728494830954/Advanced-MRI-Breast-Lesions/AMBL-001/03-05-2004-NA-MRI BREASTS - Delayed contrast-93547/500.000000-Registered AX Sen Vibrant MultiPhase-85715,0.5280819769957784,0.37597546432073414,8.551138914397667,22.743874869193405,16.07773943096479,26.86347140635402,28.393672969166918,28.51478148645015,1262.7389878316678,12.010630405468254,0.4888751657381122,1155.6559016706353,0.9151977667649972,1290.4502980600003,94.0,190.79999999999995,2.6347258507453373,43.5,4.403010913618794,327.0,29.185665649240857,139.26999316473,135.0,47.0,280.0,18.7438671388135,144.56808181699745,0.8213368850404899,26970321.259576764,0.20141900765709095,1503.799284142127,27.27124748634054,196.22531021742614,13.63941252325657,6.515231128412835,2.5774568560493027,0.42767551568254797,1.1506685602298359,1.9571472539748194,1.2029513318806258,0.5923792756315263,0.5533626621428112,0.9856686200338522,0.9239755816360535,-0.0966868291592832,0.5706456465611859,0.46708692230627596,5.127028943417331,0.0580611242188297,4.850586335779298,0.45080165669303085,0.150540415038175,10.254057886834662,3.296627071278723,2.273171996115534,6.106707665340736,117.03964456596036,0.07999975705123742,16.48578819820321,2.5019274713846076,28.363636363636363,59.642515379357484,1477.9617224880383,2.798127031498328,0.054425398697160496,0.1061671811311769,4.158275285219947,0.00662544383857207,208.51732820905343,0.1809868889796231,2.853350027936805,29.256576286424863,2.197581784077718,59.05659315518445,0.11477460996090018,0.05581450083461571,3.624411492307582,782.6481913669094,0.6681714575609992,0.7857931542142068,0.49487453651487445,0.8392104810176353,25.102420251742615,0.04775441128070486,18.52201257861635,0.11649064514853051,6.355286578853683,41.679245283018865,2043.062893081761,48594.36477987422,93.38456246098882,0.06896490441435407,44.74842767295598,0.28143665203116963,0.5444042448456775,24.788205777905866,0.034939207721971004,5.314315354449313,0.10868079289131921,1958.3997468454572,2.180991206728472,0.005592016394436529,62.52768466974361,0.02575513361540935,0.4463716670449969
1,AMBL-001,1,1.0,-1,-1,-1,-1,,-1.0,-1.0,-1.0,-1,/media/bendico765/Crucial X9/MRI Lesions/manifest-1728494830954/Advanced-MRI-Breast-Lesions/AMBL-001/03-05-2004-NA-MRI BREASTS - Delayed contrast-93547/600.000000-Registered Ax T2 FSE-08519,/media/bendico765/Crucial X9/MRI Lesions/manifest-1728494830954/Advanced-MRI-Breast-Lesions/AMBL-001/03-05-2004-NA-MRI BREASTS - Delayed contrast-93547/500.000000-ROI-38451/1-1.dcm,-56.85,R,"[[[0 0 0 ... 0 0 0]
  [0 0 0 ... 0 0 0]
  [0 0 0 ... 0 0 0]
  ...
  [0 0 0 ... 0 0 0]
  [0 0 0 ... 0 0 0]
  [0 0 0 ... 0 0 0]]

 [[0 0 0 ... 0 0 0]
  [0 0 0 ... 0 0 0]
  [0 0 0 ... 0 0 0]
  ...
  [0 0 0 ... 0 0 0]
  [0 0 0 ... 0 0 0]
  [0 0 0 ... 0 0 0]]

 [[0 0 0 ... 0 0 0]
  [0 0 0 ... 0 0 0]
  [0 0 0 ... 0 0 0]
  ...
  [0 0 0 ... 0 0 0]
  [0 0 0 ... 0 0 0]
  [0 0 0 ... 0 0 0]]

 ...

 [[0 0 0 ... 0 0 0]
  [0 0 0 ... 0 0 0]
  [0 0 0 ... 0 0 0]
  ...
  [0 0 0 ... 0 0 0]
  [0 0 0 ... 0 0 0]
  [0 0 0 ... 0 0 0]]

 [[0 0 0 ... 0 0 0]
  [0 0 0 ... 0 0 0]
  [0 0 0 ... 0 0 0]
  ...
  [0 0 0 ... 0 0 0]
  [0 0 0 ... 0 0 0]
  [0 0 0 ... 0 0 0]]

 [[0 0 0 ... 0 0 0]
  [0 0 0 ... 0 0 0]
  [0 0 0 ... 0 0 0]
  ...
  [0 0 0 ... 0 0 0]
  [0 0 0 ... 0 0 0]
  [0 0 0 ... 0 0 0]]]","[82, 83, 84, 85]","[188, 189, 190, 191, 192, 193, 194, 195, 196, 197, 198, 199, 200, 201, 202, 203, 204, 205, 206, 207, 208, 209, 210, 211, 212, 213, 214, 215, 216, 217, 218, 219, 220, 221, 222, 223, 224, 225, 226, 227, 228, 229, 230, 231, 232, 233]","[360, 361, 362, 363, 364, 365, 366, 367, 368, 369, 370, 371, 372, 373, 374, 375, 376]",4,46,17,/media/bendico765/Crucial X9/Materiali Tesista/Roi masks/AMBL-001/ROI 1.npy,/media/bendico765/Crucial X9/Materiali Tesista/Cleaned Roi masks/AMBL-001/ROI 1.npy,0.6641,2.0,/media/bendico765/Crucial X9/MRI Lesions/manifest-1728494830954/Advanced-MRI-Breast-Lesions/AMBL-001/03-05-2004-NA-MRI BREASTS - Delayed contrast-93547/500.000000-Registered AX Sen Vibrant MultiPhase-85715,0.3361822991028152,0.29378513552238633,7.651832879226051,26.04567744933775,12.77620766307436,29.95134955640564,30.613497370441035,30.87371408253306,929.6519790791741,8.756095726608711,0.4313225790008535,1067.9777298952986,1.1487930472144392,966.7351515200002,86.0,261.5,3.3605665153470277,97.25,3.2542539559991477,404.0,56.45832722840855,162.10857664233578,143.0,28.0,376.0,40.39497475394925,176.28731162756984,0.8476649584166137,30043437.35144298,0.1168732351217433,4798.025619871863,37.404560133012886,1623.9744352279185,89.08517212181242,21.348121500938927,9.016086240542007,0.4038136989686025,2.1848891103663752,2.6887553488896905,3.959263418238003,0.4655234261104969,0.3979204001998244,0.9687677910693877,0.8900439115126031,-0.11671554424781874,0.6892858569562269,0.3619770616762978,5.85816889073951,0.022816724907251063,6.209880655523718,0.4827664900329267,0.07346189146524588,11.71633778147902,4.038303056972023,7.591051935370231,6.21370350079278,135.92518248175182,0.12401932708189035,8.500586072779583,7.776272543822261,43.940693430656935,27.458029197080293,713.6852189781022,1.724514279173445,0.056056969159252276,0.20614364886999206,13.264578108706798,0.009515255068049983,105.29394638757955,0.11018560743534299,8.039448677417461,46.064945547483006,1.6570016713014797,66.19738515461246,0.09582055612546467,0.0551259289461492,3.9712586125404217,761.8763932767627,0.7878420397983683,0.8709994385176867,0.2775288377645119,0.9047357587334576,43.085354401217224,0.04936759458638384,25.32950191570881,0.09704790006018701,8.963520793881475,66.455938697318,213.40996168582376,4126.386973180077,14.005781811685516,0.045715060440503025,81.25287356321839,0.31131369181309726,0.5744471388618746,41.082885239847776,0.02339882437587889,5.547501145242003,0.23813868613138686,195.77639788024248,1.7887084219237899,0.006924627864750582,154.3305670191629,0.09290759627767256,0.7170016302846752
2,AMBL-003,0,1.0,3,-1,-1,-1,,-1,-1,-1.0,-1,/media/bendico765/Crucial X9/MRI Lesions/manifest-1728494830954/Advanced-MRI-Breast-Lesions/AMBL-003/03-05-2004-NA-MRI BREASTS - Delayed contrast-72782/600.000000-Registered Ax T2 FSE-92268,/media/bendico765/Crucial X9/MRI Lesions/manifest-1728494830954/Advanced-MRI-Breast-Lesions/AMBL-003/03-05-2004-NA-MRI BREASTS - Delayed contrast-72782/500.000000-ROI-23921/1-1.dcm,-2.76,R,"[[[0 0 0 ... 0 0 0]
  [0 0 0 ... 0 0 0]
  [0 0 0 ... 0 0 0]
  ...
  [0 0 0 ... 0 0 0]
  [0 0 0 ... 0 0 0]
  [0 0 0 ... 0 0 0]]

 [[0 0 0 ... 0 0 0]
  [0 0 0 ... 0 0 0]
  [0 0 0 ... 0 0 0]
  ...
  [0 0 0 ... 0 0 0]
  [0 0 0 ... 0 0 0]
  [0 0 0 ... 0 0 0]]

 [[0 0 0 ... 0 0 0]
  [0 0 0 ... 0 0 0]
  [0 0 0 ... 0 0 0]
  ...
  [0 0 0 ... 0 0 0]
  [0 0 0 ... 0 0 0]
  [0 0 0 ... 0 0 0]]

 ...

 [[0 0 0 ... 0 0 0]
  [0 0 0 ... 0 0 0]
  [0 0 0 ... 0 0 0]
  ...
  [0 0 0 ... 0 0 0]
  [0 0 0 ... 0 0 0]
  [0 0 0 ... 0 0 0]]

 [[0 0 0 ... 0 0 0]
  [0 0 0 ... 0 0 0]
  [0 0 0 ... 0 0 0]
  ...
  [0 0 0 ... 0 0 0]
  [0 0 0 ... 0 0 0]
  [0 0 0 ... 0 0 0]]

 [[0 0 0 ... 0 0 0]
  [0 0 0 ... 0 0 0]
  [0 0 0 ... 0 0 0]
  ...
  [0 0 0 ... 0 0 0]
  [0 0 0 ... 0 0 0]
  [0 0 0 ... 0 0 0]]]","[49, 50, 51, 52, 53, 54, 55]","[178, 179, 180, 181, 182, 183, 184, 185, 186, 187, 188, 189, 190, 191, 192, 193, 194, 195, 196, 197, 198, 199, 200, 201, 202, 203, 204, 205, 206, 207, 208, 209, 210, 211, 212, 213, 214, 215, 216, 217]","[357, 358, 359, 360, 361, 362, 363, 364, 365, 366, 367, 368, 369, 370, 371, 372, 373, 374, 375, 376, 377]",7,40,21,/media/bendico765/Crucial X9/Materiali Tesista/Roi masks/AMBL-003/ROI 0.npy,/media/bendico765/Crucial X9/Materiali Tesista/Cleaned Roi masks/AMBL-003/ROI 0.npy,0.6641,2.0,/media/bendico765/Crucial X9/MRI Lesions/manifest-1728494830954/Advanced-MRI-Breast-Lesions/AMBL-003/03-05-2004-NA-MRI BREASTS - Delayed contrast-72782/500.000000-Registered AX Sen Vibrant MultiPhase-99292,0.5639233668833533,0.39418103204833466,8.781371845379352,22.27750990388238,15.791278795905036,22.00637121585474,25.548437110711884,28.399439318761207,577.3434646908339,12.562808390774599,0.284262314844688,1179.562631280079,2.043086487368021,653.6046964200001,88.0,337.0,3.69617519166618,167.0,2.0053863652991373,456.0,83.4101890249344,229.86369770580296,246.0,-9.0,465.0,67.34216510133466,249.23404118909878,-0.44917785202506455,40600359.85345014,0.08985741630105576,9280.287764464625,119.06855285512401,4923.951624967274,-108.76653050683055,51.39697433521173,10.00282765411209,0.6774056291798508,2.1551425961689197,2.705541506727987,5.088393974165645,0.48796187714221084,0.42604020758169014,0.9779651408484559,0.9112284869135068,-0.21618373254249987,0.8813484164133235,0.3632434899320546,10.425854519750382,0.017574892796899437,6.571994452962001,0.8438814904310992,0.06408670209841622,20.85170903950077,4.55670964331542,15.349950497330951,6.450057671100066,103.72874493927125,0.13998481098417173,7.774481360673562,14.932412522014054,129.748987854251,23.871794871794872,4026.906882591093,0.29661912818181185,0.020086666879956368,0.23232562576783686,28.68967817949351,0.004129191549014184,55.69129296100614,0.0849534366690892,14.80377606657183,126.48702410701694,1.4623865504498648,198.87235929723937,0.02759652689848724,0.020708804123549338,4.255308225075916,524.4736452543503,0.7963812959681444,0.8841482404235439,0.16649512658759444,0.9113004790162507,113.08511128129943,0.0192779886018743,16.943396226415093,0.07992168031327875,12.58319241723033,121.15566037735849,47.31603773584906,7730.0,0.6123264692901993,0.02072968866243586,60.25471698113208,0.28422036311854754,0.5464075695161091,70.7370831158168,0.007864831432968376,5.719785279910433,0.28609986504723345,35.099034353862585,0.40567373709315896,0.011708316285845285,198.482591030216,0.14178691839192953,1.5645906740604003
3,AMBL-004,0,0.0,-1,-1,-1,-1,,-1,-1,-1.0,-1,/media/bendico765/Crucial X9/MRI Lesions/manifest-1728494830954/Advanced-MRI-Breast-Lesions/AMBL-004/03-05-2004-NA-MRI BREASTS - Delayed contrast-97546/600.000000-Registered Ax T2 FSE-95978,/media/bendico765/Crucial X9/MRI Lesions/manifest-1728494830954/Advanced-MRI-Breast-Lesions/AMBL-004/03-05-2004-NA-MRI BREASTS - Delayed contrast-97546/500.000000-ROI-17200/1-1.dcm,-51.98,L,"[[[0 0 0 ... 0 0 0]
  [0 0 0 ... 0 0 0]
  [0 0 0 ... 0 0 0]
  ...
  [0 0 0 ... 0 0 0]
  [0 0 0 ... 0 0 0]
  [0 0 0 ... 0 0 0]]

 [[0 0 0 ... 0 0 0]
  [0 0 0 ... 0 0 0]
  [0 0 0 ... 0 0 0]
  ...
  [0 0 0 ... 0 0 0]
  [0 0 0 ... 0 0 0]
  [0 0 0 ... 0 0 0]]

 [[0 0 0 ... 0 0 0]
  [0 0 0 ... 0 0 0]
  [0 0 0 ... 0 0 0]
  ...
  [0 0 0 ... 0 0 0]
  [0 0 0 ... 0 0 0]
  [0 0 0 ... 0 0 0]]

 ...

 [[0 0 0 ... 0 0 0]
  [0 0 0 ... 0 0 0]
  [0 0 0 ... 0 0 0]
  ...
  [0 0 0 ... 0 0 0]
  [0 0 0 ... 0 0 0]
  [0 0 0 ... 0 0 0]]

 [[0 0 0 ... 0 0 0]
  [0 0 0 ... 0 0 0]
  [0 0 0 ... 0 0 0]
  ...
  [0 0 0 ... 0 0 0]
  [0 0 0 ... 0 0 0]
  [0 0 0 ... 0 0 0]]

 [[0 0 0 ... 0 0 0]
  [0 0 0 ... 0 0 0]
  [0 0 0 ... 0 0 0]
  ...
  [0 0 0 ... 0 0 0]
  [0 0 0 ... 0 0 0]
  [0 0 0 ... 0 0 0]]]","[81, 82, 83, 84, 85]","[163, 164, 165, 166, 167, 168, 169, 170, 171, 172, 173, 174, 175, 176, 177, 178, 179, 180]","[147, 148, 149, 150, 151, 152, 153, 154, 155, 156, 157, 158, 159]",5,18,13,/media/bendico765/Crucial X9/Materiali Tesista/Roi masks/AMBL-004/ROI 0.npy,/media/bendico765/Crucial X9/Materiali Tesista/Cleaned Roi masks/AMBL-004/ROI 0.npy,0.6641,2.0,/media/bendico765/Crucial X9/MRI Lesions/manifest-1728494830954/Advanced-MRI-Breast-Lesions/AMBL-004/03-05-2004-NA-MRI BREASTS - Delayed contrast-97546/500.000000-Registered AX Sen Vibrant MultiPhase-14991,0.8417802652453829,0.5446349247035996,5.781581009821121,10.615516463560548,12.384041586251236,12.202597074393632,11.972233010178176,13.409929701903737,329.99980708249956,8.935932264412726,0.7406439123547907,311.8055139309174,0.9448657460971376,341.35629894000004,166.6,395.80000000000007,3.6221573952630703,97.0,3.1131709891901873,489.0,66.80084663715456,258.88630490956075,240.0,91.0,398.0,44.72718132403306,272.5490876300243,0.8418464245766968,25356971.718275264,0.09751684260427726,7260.886298232612,66.86213816259013,4044.7465112897544,201.42199227318045,32.362694948610915,8.514816359155965,0.573723393738886,2.175942917526611,2.6711881830076964,3.577417659728606,0.45416743715359575,0.38152251660626046,0.973277786606658,0.8948600652224626,-0.17441113205238826,0.8276139698168918,0.3535228482001743,7.801480927726213,0.017248291328707987,6.389159475920822,0.726915220831319,0.05130930359558575,15.602961855452424,4.240413917936092,10.219377826941722,6.228377252443037,52.17829457364341,0.1348276345572181,6.488565724549138,11.713171617624475,73.90697674418605,25.49095607235142,1469.7209302325582,0.6802037919385366,0.030971576051815237,0.15836177772231652,11.93745159170784,0.008631458425331478,31.476197369946895,0.0933504833136766,12.07768243731338,75.34768216281715,1.5433562324185433,109.61823630496939,0.0460859789913661,0.03166632700710746,4.205181028397394,264.393496372265,0.7794342088687528,0.8708010335917314,0.20457521528319267,0.902479531439246,68.8989330681211,0.02909079548778388,6.083333333333333,0.08449074074074074,15.04861111111111,83.11111111111111,126.98611111111111,6189.777777777777,3.531629455559136,0.05056517919131204,14.5,0.2013888888888889,0.44285866645916017,31.148409556609764,0.035388732921833616,5.454511459715533,0.18604651162790697,98.09548611111111,0.4652580619024348,0.021809030962781015,160.60062181861613,0.12648134777125067,2.210713722394402
4,AMBL-005,0,1.0,2,2.9,1.4,0,,100,70,20.0,intermediate,/media/bendico765/Crucial X9/MRI Lesions/manifest-1728494830954/Advanced-MRI-Breast-Lesions/AMBL-005/03-05-2004-NA-MRI BREASTS - Delayed contrast-16258/600.000000-Registered Ax T2 FSE-95251,/media/bendico765/Crucial X9/MRI Lesions/manifest-1728494830954/Advanced-MRI-Breast-Lesions/AMBL-005/03-05-2004-NA-MRI BREASTS - Delayed contrast-16258/500.000000-ROI-33618/1-1.dcm,-28.46,R,"[[[0 0 0 ... 0 0 0]
  [0 0 0 ... 0 0 0]
  [0 0 0 ... 0 0 0]
  ...
  [0 0 0 ... 0 0 0]
  [0 0 0 ... 0 0 0]
  [0 0 0 ... 0 0 0]]

 [[0 0 0 ... 0 0 0]
  [0 0 0 ... 0 0 0]
  [0 0 0 ... 0 0 0]
  ...
  [0 0 0 ... 0 0 0]
  [0 0 0 ... 0 0 0]
  [0 0 0 ... 0 0 0]]

 [[0 0 0 ... 0 0 0]
  [0 0 0 ... 0 0 0]
  [0 0 0 ... 0 0 0]
  ...
  [0 0 0 ... 0 0 0]
  [0 0 0 ... 0 0 0]
  [0 0 0 ... 0 0 0]]

 ...

 [[0 0 0 ... 0 0 0]
  [0 0 0 ... 0 0 0]
  [0 0 0 ... 0 0 0]
  ...
  [0 0 0 ... 0 0 0]
  [0 0 0 ... 0 0 0]
  [0 0 0 ... 0 0 0]]

 [[0 0 0 ... 0 0 0]
  [0 0 0 ... 0 0 0]
  [0 0 0 ... 0 0 0]
  ...
  [0 0 0 ... 0 0 0]
  [0 0 0 ... 0 0 0]
  [0 0 0 ... 0 0 0]]

 [[0 0 0 ... 0 0 0]
  [0 0 0 ... 0 0 0]
  [0 0 0 ... 0 0 0]
  ...
  [0 0 0 ... 0 0 0]
  [0 0 0 ... 0 0 0]
  [0 0 0 ... 0 0 0]]]","[54, 55, 56, 57, 58, 59, 60, 61, 62, 63, 64, 65, 66]","[194, 195, 196, 197, 198, 199, 200, 201, 202, 203, 204, 205, 206, 207, 208, 209, 210, 211, 212, 213, 214, 215, 216, 217, 218, 219, 220, 221, 222, 223, 224, 225, 226, 227, 228, 229, 230, 231, 232, 233, 234, 235, 236, 237, 238, 239, 240, 241, 242, 243, 244, 245, 246, 247, 248]","[379, 380, 381, 382, 383, 384, 385, 386, 387, 388, 389, 390, 391, 392, 393, 394, 395, 396, 397, 398, 399, 400, 401, 402, 403, 404, 405, 406, 407, 408, 409, 410, 411, 412, 413, 414, 415, 416, 417, 418, 419, 420, 421, 422, 423, 424, 425]",13,55,47,/media/bendico765/Crucial X9/Materiali Tesista/Roi masks/AMBL-005/ROI 0.npy,/media/bendico765/Crucial X9/Materiali Tesista/Cleaned Roi masks/AMBL-005/ROI 0.npy,0.6641,2.0,/media/bendico765/Crucial X9/MRI Lesions/manifest-1728494830954/Advanced-MRI-Breast-Lesions/AMBL-005/03-05-2004-NA-MRI BREASTS - Delayed contrast-16258/500.000000-Registered AX Sen Vibrant MultiPhase-47180,0.761754725845842,0.6410364679235255,20.245466597634817,31.58239446690896,31.583381745626923,37.458189155510446,36.67010828576867,41.917128341168606,8348.454858895062,24.058038238695474,0.4145636417061917,4800.616158704807,0.5750304984388669,8423.650271,107.0,430.0,4.241105256017788,194.0,2.3508474723101833,678.0,104.53748191113182,251.48931937172776,227.0,-25.0,703.0,79.51145397753602,280.2960228380848,0.45620437804107894,661811331.4085786,0.059613585153915724,15318.982660793288,146.99127391682325,17522.249148397517,425.08669179497895,83.63624990948371,10.079433205687893,0.7837097357010523,2.2818637349296056,2.772415858988979,4.6022780323810375,0.45194948300867843,0.38158944063321376,0.9886458674005301,0.9312579314586386,-0.18806268178621766,0.8680370636844228,0.3618397361611165,11.339937805204888,0.008029023242809604,7.593927125936237,0.7884859437899928,0.026113386119223123,22.679875610409773,5.105877232658778,23.42892077879292,7.469738461687162,1064.8559162303666,0.11150323730160906,8.617714426687867,24.579041813546777,158.6220942408377,32.01089005235602,3985.9701570680627,0.5439926428886327,0.01498235689293634,0.15620163724415398,29.532048657918203,0.002213953308729165,472.6225040623565,0.05804132459158789,24.613862297460138,162.6244800004288,1.6467204595661609,247.77687630526603,0.025534015703293986,0.014757541339903098,4.941690117757575,6192.761053549066,0.7557640428457539,0.8524365686669351,0.24985030390519988,0.8905925421071087,147.19683241700238,0.013025801135578555,87.5400898011546,0.056151436690926614,25.485005642915947,198.56189865298268,1301.8434894162924,101068.54457985888,22.296163714677924,0.014687373414764804,454.64207825529184,0.29162416822020004,0.5548053490814445,111.58093397567522,0.008027145898466941,6.738263634713566,0.16324607329842933,1264.3190240944073,2.6582345075878187,0.0012951102918136094,537.1332810407175,0.08985107460543784,0.43494825067807846
5,AMBL-007,0,1.0,3,2,0.2,0,,90,15,0.0,intermediate,/media/bendico765/Crucial X9/MRI Lesions/manifest-1728494830954/Advanced-MRI-Breast-Lesions/AMBL-007/03-06-2004-NA-MRI BREASTS - Delayed contrast-36208/600.000000-Registered Ax T2 FSE-91628,/media/bendico765/Crucial X9/MRI Lesions/manifest-1728494830954/Advanced-MRI-Breast-Lesions/AMBL-007/03-06-2004-NA-MRI BREASTS - Delayed contrast-36208/500.000000-ROI-99878/1-1.dcm,7.78,L,"[[[0 0 0 ... 0 0 0]
  [0 0 0 ... 0 0 0]
  [0 0 0 ... 0 0 0]
  ...
  [0 0 0 ... 0 0 0]
  [0 0 0 ... 0 0 0]
  [0 0 0 ... 0 0 0]]

 [[0 0 0 ... 0 0 0]
  [0 0 0 ... 0 0 0]
  [0 0 0 ... 0 0 0]
  ...
  [0 0 0 ... 0 0 0]
  [0 0 0 ... 0 0 0]
  [0 0 0 ... 0 0 0]]

 [[0 0 0 ... 0 0 0]
  [0 0 0 ... 0 0 0]
  [0 0 0 ... 0 0 0]
  ...
  [0 0 0 ... 0 0 0]
  [0 0 0 ... 0 0 0]
  [0 0 0 ... 0 0 0]]

 ...

 [[0 0 0 ... 0 0 0]
  [0 0 0 ... 0 0 0]
  [0 0 0 ... 0 0 0]
  ...
  [0 0 0 ... 0 0 0]
  [0 0 0 ... 0 0 0]
  [0 0 0 ... 0 0 0]]

 [[0 0 0 ... 0 0 0]
  [0 0 0 ... 0 0 0]
  [0 0 0 ... 0 0 0]
  ...
  [0 0 0 ... 0 0 0]
  [0 0 0 ... 0 0 0]
  [0 0 0 ... 0 0 0]]

 [[0 0 0 ... 0 0 0]
  [0 0 0 ... 0 0 0]
  [0 0 0 ... 0 0 0]
  ...
  [0 0 0 ... 0 0 0]
  [0 0 0 ... 0 0 0]
  [0 0 0 ... 0 0 0]]]","[44, 45, 46, 47, 48, 49, 50, 51, 52, 53, 54, 55, 56, 57, 58, 59]","[182, 183, 184, 185, 186, 187, 188, 189, 190, 191, 192, 193, 194, 195, 196, 197, 198, 199, 200, 201, 202, 203, 204, 205, 206, 207, 208, 209, 210, 211, 212, 213, 214, 215, 216, 217, 218, 219, 220, 221, 222, 223, 224, 225, 226, 227, 228, 229, 230, 231, 232, 233, 234, 235, 236, 237, 238, 239, 240, 241, 242, 243, 244, 245, 246, 247, 248, 249, 250, 251, 252, 253, 254, 255, 256, 257, 258, 259, 260, 261, 262, 263, 264, 265, 266, 267, 268, 269, 270, 271, 272, 273]","[84, 85, 86, 87, 88, 89, 90, 91, 92, 93, 94, 95, 96, 97, 98, 99, 100, 101, 102, 103, 104, 105, 106, 107, 108, 109, 110, 111, 112, 113, 114, 115, 116, 117, 118, 119, 120, 121, 122, 123, 124, 125, 126, 127, 128, 129, 130, 131, 133]",16,92,50,/media/bendico765/Crucial X9/Materiali Tesista/Roi masks/AMBL-007/ROI 0.npy,/media/bendico765/Crucial X9/Materiali Tesista/Cleaned Roi masks/AMBL-007/ROI 0.npy,0.7031,2.1,/media/bendico765/Crucial X9/MRI Lesions/manifest-1728494830954/Advanced-MRI-Breast-Lesions/AMBL-007/03-06-2004-NA-MRI BREASTS - Delayed contrast-36208/500.000000-Registered AX Sen Vibrant MultiPhase-25006,0.557583727411615,0.36607375106604273,18.59714254686987,50.80162806733114,39.257160061446115,60.79391182972189,66.94235740284323,67.64728518780336,10248.287612468443,28.326161136361012,0.34324324946686413,6647.366995760638,0.6486319712254375,10490.345899005,122.0,265.0,3.0370835530634475,89.0,2.574910819320798,411.0,48.55419300707245,180.62365165759525,160.0,44.0,367.0,36.66541905701519,189.46074833804357,0.6598287547302775,376554901.6114646,0.15318192134492822,3270.4716226871683,45.07763726672503,737.077067227372,53.145933422692536,15.865299433493735,2.9063542431264278,0.6858533001776538,1.1245619105912703,2.0250122466726665,1.5853244005437948,0.6258644690795099,0.5899587230771882,0.9892758100747101,0.9390726168634452,-0.18119259049608297,0.7752970007299341,0.41352553622226274,6.467841437223886,0.05697540344498834,5.250697036124876,0.7063343331834294,0.18031838123536303,12.935682874447767,3.742027979444586,4.69291341915504,6.946180902935374,605.1432953983177,0.059885531459506945,36.66260784278681,5.322851415897548,50.74151410192974,111.25373577436912,3925.3970311726866,3.9199355736198505,0.031484805377445774,0.08293297759591399,5.4336314171442215,0.002637951786948826,887.8574445140159,0.12415128259746942,5.780079215156411,55.15293792531614,3.245957933730888,137.62387073273257,0.1092622533687598,0.03045862882461551,4.310580964689124,4380.992800993361,0.60447203419733,0.7062840178129638,1.1471059270955744,0.8022542213957066,46.26625867897781,0.02401296776476415,88.85562130177514,0.1051545814222191,7.437218584783446,69.8378698224852,10245.624852071005,311815.4284023669,374.5731543828708,0.031365838397350645,204.5905325443787,0.24211897342530023,0.5025270948334047,34.67425271807495,0.01767700060113335,6.199766831597336,0.08362196932211777,10102.617219285039,8.345098690136657,0.0009849874755104443,94.35707094311887,0.03664472956770727,0.11374270635262565
6,AMBL-008,0,1.0,2,neg,neg,pos,,-1,-1,-1.0,low,/media/bendico765/Crucial X9/MRI Lesions/manifest-1728494830954/Advanced-MRI-Breast-Lesions/AMBL-008/03-06-2004-NA-MRI BREASTS - Delayed contrast-48705/600.000000-Registered Ax T2 FSE-88003,/media/bendico765/Crucial X9/MRI Lesions/manifest-1728494830954/Advanced-MRI-Breast-Lesions/AMBL-008/03-06-2004-NA-MRI BREASTS - Delayed contrast-48705/500.000000-ROI-25364/1-1.dcm,-17.4,L,"[[[0 0 0 ... 0 0 0]
  [0 0 0 ... 0 0 0]
  [0 0 0 ... 0 0 0]
  ...
  [0 0 0 ... 0 0 0]
  [0 0 0 ... 0 0 0]
  [0 0 0 ... 0 0 0]]

 [[0 0 0 ... 0 0 0]
  [0 0 0 ... 0 0 0]
  [0 0 0 ... 0 0 0]
  ...
  [0 0 0 ... 0 0 0]
  [0 0 0 ... 0 0 0]
  [0 0 0 ... 0 0 0]]

 [[0 0 0 ... 0 0 0]
  [0 0 0 ... 0 0 0]
  [0 0 0 ... 0 0 0]
  ...
  [0 0 0 ... 0 0 0]
  [0 0 0 ... 0 0 0]
  [0 0 0 ... 0 0 0]]

 ...

 [[0 0 0 ... 0 0 0]
  [0 0 0 ... 0 0 0]
  [0 0 0 ... 0 0 0]
  ...
  [0 0 0 ... 0 0 0]
  [0 0 0 ... 0 0 0]
  [0 0 0 ... 0 0 0]]

 [[0 0 0 ... 0 0 0]
  [0 0 0 ... 0 0 0]
  [0 0 0 ... 0 0 0]
  ...
  [0 0 0 ... 0 0 0]
  [0 0 0 ... 0 0 0]
  [0 0 0 ... 0 0 0]]

 [[0 0 0 ... 0 0 0]
  [0 0 0 ... 0 0 0]
  [0 0 0 ... 0 0 0]
  ...
  [0 0 0 ... 0 0 0]
  [0 0 0 ... 0 0 0]
  [0 0 0 ... 0 0 0]]]","[49, 50, 51, 52, 53, 54, 55, 56, 57, 58, 59, 60, 61, 62, 63, 64, 65, 66, 67, 68, 69, 70, 71]","[177, 178, 179, 180, 181, 182, 183, 184, 185, 186, 187, 188, 189, 190, 191, 192, 193, 194, 195, 196, 197, 198, 199, 200, 201, 202, 203, 204, 205, 206, 207, 208, 209, 210, 211, 212, 213, 214, 215, 216, 217, 218, 219, 220, 221, 222, 223, 224, 225, 226, 227, 228, 229, 230, 231, 232, 233, 234, 235, 236, 237, 238, 239, 240, 241, 242, 243, 244, 245, 246, 247, 248, 249, 250, 251, 252, 253, 254, 255, 256, 257, 258, 259]","[98, 99, 100, 101, 102, 103, 104, 105, 106, 107, 108, 109, 110, 111, 112, 113, 114, 115, 116, 117, 118, 119, 120, 121, 122, 123, 124, 125, 126, 127, 128, 129, 130, 131, 132, 133, 134, 135, 136, 137, 138, 139, 140, 141, 142, 143, 144, 145, 146, 147, 148, 149, 150, 151, 152, 153, 154, 155, 156, 157, 158, 159, 160, 161, 162, 163, 164, 165, 166, 167, 168, 169, 170, 171, 172, 173, 174, 175, 176, 177, 178, 179, 180, 181, 182, 183, 184, 185, 186, 187, 188, 189, 190, 191, 192, 193, 194]",23,83,97,/media/bendico765/Crucial X9/Materiali Tesista/Roi masks/AMBL-008/ROI 0.npy,/media/bendico765/Crucial X9/Materiali Tesista/Cleaned Roi masks/AMBL-008/ROI 0.npy,0.6836,2.0,/media/bendico765/Crucial X9/MRI Lesions/manifest-1728494830954/Advanced-MRI-Breast-Lesions/AMBL-008/03-06-2004-NA-MRI BREASTS - Delayed contrast-48705/500.000000-Registered AX Sen Vibrant MultiPhase-07668,0.7746059917737025,0.5054500239675305,30.975468966077013,61.2829508304996,65.56810621758112,64.7033975046133,72.82506015816259,77.63611453234893,49305.690484778046,47.47014090687819,0.2385859044453683,27254.44686823977,0.5527647336498397,50095.520512,95.0,376.0,3.9579341280220723,112.0,4.74723032467426,869.0,82.48714847265538,211.0868843283582,189.0,-11.0,880.0,51.92085524390463,238.3434847758055,1.2527343250510619,2845807129.3897653,0.0822945554410782,12249.943999620946,104.18770800881066,18770.49591002264,613.5767122407296,56.99331182646407,7.269681685808901,0.7685273663127903,1.8084424358343358,2.529514453411717,3.86172544859406,0.5172040626693151,0.46172474297177973,0.9945923146799178,0.9545873296775162,-0.18967737522211792,0.8503025489318995,0.40527082664335823,9.578595463647453,0.01669136143689604,6.880176460843442,0.7766991277668307,0.04613681066714675,19.15719092729491,4.698104000320214,16.06574837806824,7.566791768065235,4332.945149253731,0.08083852890398753,17.56806502561818,19.70130345532134,118.98430970149253,56.20078358208955,4742.899048507463,0.969457607389149,0.01745802612143409,0.1397880529467419,25.675438210417347,0.0021146561605055276,3217.866056618452,0.07499141874601063,21.73753767006876,126.44874822493085,2.0438068890828016,218.2972337781362,0.03568940830479991,0.017340189121878763,4.913531063019481,29947.88557796087,0.6931722878129392,0.7994029850746268,0.44554819945575735,0.856575866374462,113.080951789232,0.014726996686940262,398.7729413262059,0.0507538426022917,30.592303279592883,201.78006872852234,15178.21560392007,1112077.624411353,232.67271081865502,0.01440264754846218,2650.7553773704976,0.3373750003017052,0.6011393366275697,123.65292437885118,0.008776120712003685,6.802615700158655,0.14658582089552238,15131.676708306193,9.976296438501844,0.0002297727885557063,855.7658360825262,0.03900789193772286,0.21589384419238022
7,AMBL-008,1,0.0,-1,-1,-1,-1,,-1.0,-1.0,-1.0,-1,/media/bendico765/Crucial X9/MRI Lesions/manifest-1728494830954/Advanced-MRI-Breast-Lesions/AMBL-008/03-06-2004-NA-MRI BREASTS - Delayed contrast-48705/600.000000-Registered Ax T2 FSE-88003,/media/bendico765/Crucial X9/MRI Lesions/manifest-1728494830954/Advanced-MRI-Breast-Lesions/AMBL-008/03-06-2004-NA-MRI BREASTS - Delayed contrast-48705/500.000000-ROI-25364/1-1.dcm,-33.4,R,"[[[0 0 0 ... 0 0 0]
  [0 0 0 ... 0 0 0]
  [0 0 0 ... 0 0 0]
  ...
  [0 0 0 ... 0 0 0]
  [0 0 0 ... 0 0 0]
  [0 0 0 ... 0 0 0]]

 [[0 0 0 ... 0 0 0]
  [0 0 0 ... 0 0 0]
  [0 0 0 ... 0 0 0]
  ...
  [0 0 0 ... 0 0 0]
  [0 0 0 ... 0 0 0]
  [0 0 0 ... 0 0 0]]

 [[0 0 0 ... 0 0 0]
  [0 0 0 ... 0 0 0]
  [0 0 0 ... 0 0 0]
  ...
  [0 0 0 ... 0 0 0]
  [0 0 0 ... 0 0 0]
  [0 0 0 ... 0 0 0]]

 ...

 [[0 0 0 ... 0 0 0]
  [0 0 0 ... 0 0 0]
  [0 0 0 ... 0 0 0]
  ...
  [0 0 0 ... 0 0 0]
  [0 0 0 ... 0 0 0]
  [0 0 0 ... 0 0 0]]

 [[0 0 0 ... 0 0 0]
  [0 0 0 ... 0 0 0]
  [0 0 0 ... 0 0 0]
  ...
  [0 0 0 ... 0 0 0]
  [0 0 0 ... 0 0 0]
  [0 0 0 ... 0 0 0]]

 [[0 0 0 ... 0 0 0]
  [0 0 0 ... 0 0 0]
  [0 0 0 ... 0 0 0]
  ...
  [0 0 0 ... 0 0 0]
  [0 0 0 ... 0 0 0]
  [0 0 0 ... 0 0 0]]]","[66, 67, 68, 69, 70, 71]","[159, 160, 161, 162, 163, 164, 165, 166, 167, 168, 169, 170, 171, 172, 173, 174, 175, 176, 177, 178, 179, 180, 181, 182]","[334, 336, 337, 338, 339, 340, 341, 342, 343, 344, 345, 346, 347, 348, 349, 350, 351, 352, 353, 354, 355, 356]",6,24,23,/media/bendico765/Crucial X9/Materiali Tesista/Roi masks/AMBL-008/ROI 1.npy,/media/bendico765/Crucial X9/Materiali Tesista/Cleaned Roi masks/AMBL-008/ROI 1.npy,0.6836,2.0,/media/bendico765/Crucial X9/MRI Lesions/manifest-1728494830954/Advanced-MRI-Breast-Lesions/AMBL-008/03-06-2004-NA-MRI BREASTS - Delayed contrast-48705/500.000000-Registered AX Sen Vibrant MultiPhase-07668,0.6557069834282706,0.5700149971631683,9.185253923559946,16.114056593726154,17.18744027015076,17.683284043412296,15.782131531577095,21.11418078922315,627.8295877600018,10.566099439864608,0.46473477532016155,762.9688475824283,1.2152483133274785,667.31719488,77.0,200.70000000000005,3.0228024246239884,58.75,10.015092785313724,481.0,43.15319853431569,133.13165266106444,119.0,7.0,474.0,24.693603599198003,147.29486043431436,2.1730929875414224,14477964.32124928,0.16238652323674566,3971.738970097843,34.984974244340044,2325.462928117352,126.01029428388482,15.050664815670029,4.749932300534436,0.5037582917448116,1.5143295383764808,2.2817339917830712,2.3908753311822584,0.5412566529420406,0.49128592269771476,0.988853042056721,0.934031700941248,-0.1372231914130049,0.7196692463553949,0.4397470555609639,5.691730958185365,0.041353529555306016,5.3388945036334405,0.6874334733890742,0.09344931859586102,11.383461916370731,3.577881942980108,4.950149279051117,6.104609491478548,69.15686274509804,0.0968583511836107,10.914506979262296,6.45050961561095,40.65826330532213,37.97198879551821,1003.0084033613446,1.7582526692977498,0.04598526421019709,0.18101785921443575,11.66517354503877,0.010435516942698047,89.68330035512932,0.14954146616588054,7.167545631263865,43.0048951137971,1.7294750280925963,63.657337811075095,0.07921209363686707,0.04612233443431769,3.80997785207638,443.964623995413,0.7352245547081332,0.8383968972204265,0.27785094788926495,0.8792206258373436,39.409951762323516,0.04066766905588303,12.65034965034965,0.08846398356887868,14.736759743752753,69.06293706293707,399.6083916083916,9699.482517482518,18.37435915752817,0.05480171274614128,55.0,0.38461538461538464,0.6427518121299112,46.04941636649228,0.0414784940006554,5.318436548996176,0.20028011204481794,374.67827277617494,0.6258111992357417,0.010999567887601511,218.02210870568356,0.03563820488108263,3.2733532137184076
8,AMBL-009,0,0.0,-1,-1,-1,-1,,-1,-1,-1.0,-1,/media/bendico765/Crucial X9/MRI Lesions/manifest-1728494830954/Advanced-MRI-Breast-Lesions/AMBL-009/03-06-2004-NA-MRI BREASTS - Delayed contrast-71740/600.000000-Registered Ax T2 FSE-22096,/media/bendico765/Crucial X9/MRI Lesions/manifest-1728494830954/Advanced-MRI-Breast-Lesions/AMBL-009/03-06-2004-NA-MRI BREASTS - Delayed contrast-71740/500.000000-ROI-72294/1-1.dcm,-22.9,R,"[[[0 0 0 ... 0 0 0]
  [0 0 0 ... 0 0 0]
  [0 0 0 ... 0 0 0]
  ...
  [0 0 0 ... 0 0 0]
  [0 0 0 ... 0 0 0]
  [0 0 0 ... 0 0 0]]

 [[0 0 0 ... 0 0 0]
  [0 0 0 ... 0 0 0]
  [0 0 0 ... 0 0 0]
  ...
  [0 0 0 ... 0 0 0]
  [0 0 0 ... 0 0 0]
  [0 0 0 ... 0 0 0]]

 [[0 0 0 ... 0 0 0]
  [0 0 0 ... 0 0 0]
  [0 0 0 ... 0 0 0]
  ...
  [0 0 0 ... 0 0 0]
  [0 0 0 ... 0 0 0]
  [0 0 0 ... 0 0 0]]

 ...

 [[0 0 0 ... 0 0 0]
  [0 0 0 ... 0 0 0]
  [0 0 0 ... 0 0 0]
  ...
  [0 0 0 ... 0 0 0]
  [0 0 0 ... 0 0 0]
  [0 0 0 ... 0 0 0]]

 [[0 0 0 ... 0 0 0]
  [0 0 0 ... 0 0 0]
  [0 0 0 ... 0 0 0]
  ...
  [0 0 0 ... 0 0 0]
  [0 0 0 ... 0 0 0]
  [0 0 0 ... 0 0 0]]

 [[0 0 0 ... 0 0 0]
  [0 0 0 ... 0 0 0]
  [0 0 0 ... 0 0 0]
  ...
  [0 0 0 ... 0 0 0]
  [0 0 0 ... 0 0 0]
  [0 0 0 ... 0 0 0]]]","[66, 67, 68, 69]","[103, 104, 105, 106, 107, 108, 109, 110, 111, 112, 113, 114, 115, 116, 117, 118, 119, 120, 121, 122, 123, 124, 125]","[310, 311, 312, 313, 314, 315, 316, 317, 318, 319, 320, 321, 322, 323, 324, 325, 326, 327, 328, 329, 330, 331, 332, 333, 334, 335, 336, 337, 338, 339, 340, 341, 342, 343, 344]",4,23,35,/media/bendico765/Crucial X9/Materiali Tesista/Roi masks/AMBL-009/ROI 0.npy,/media/bendico765/Crucial X9/Materiali Tesista/Cleaned Roi masks/AMBL-009/ROI 0.npy,0.6445,2.0,/media/bendico765/Crucial X9/MRI Lesions/manifest-1728494830954/Advanced-MRI-Breast-Lesions/AMBL-009/03-06-2004-NA-MRI BREASTS - Delayed contrast-71740/500.000000-Registered AX Sen Vibrant MultiPhase-73887,0.4821527759491596,0.3537128992007309,7.340742801970682,20.753392987810813,21.2685,12.548328822994717,23.460154118206468,23.51877315040051,529.7482788333324,10.006306039436808,0.38843817592338176,815.0956736691667,1.5386471390983212,577.3785475,95.0,288.0,3.5539481970206035,114.0,2.428895849095116,394.0,61.91166502769007,187.5726618705036,183.0,18.0,376.0,46.78411989795919,201.78552257855904,0.2913814490660843,23509351.608455498,0.09468454013767402,5533.893641115884,63.51704982355201,1551.2136450815622,47.94329861565026,23.573176214385363,8.023547541635489,0.48239868087881305,2.189584624409227,2.6007141676067103,2.950700530661017,0.43759501023484665,0.3603440814987452,0.9714325267577227,0.8876040343850684,-0.13969738685992728,0.7545824190980448,0.35405677357364623,7.721105927774336,0.014241565987025112,6.470734369450766,0.5560186939126722,0.03134377690703656,15.442211855548672,4.21718472467348,7.89918093900521,6.062382679600082,117.9410071942446,0.16969929092697064,2.913174266342322,8.898533202215205,73.33669064748202,14.375539568345324,986.9625899280576,0.3747757358120648,0.028387214426898514,0.23310366853909162,19.167835452499677,0.006433130281250197,59.365068429038566,0.09407805192197133,8.978126341733514,73.74528532091875,1.348620473443727,97.89216809628775,0.037869614335854146,0.028558739955719052,4.003233899932577,530.8075873009992,0.8354981844926784,0.9082457111234089,0.12104629333820177,0.9291281157332227,68.81842028352854,0.026655767696274632,17.050505050505052,0.08611366187123763,10.374783185389246,81.25757575757575,46.67171717171717,2785.530303030303,1.185834691754283,0.030144638863599305,54.78787878787879,0.2767064585246403,0.5391523458410016,46.80702563100248,0.013962861784059723,5.732144922316975,0.28489208633093527,34.350908070605044,0.8405905805301236,0.011589241297499806,143.05547060539698,0.1069556681138611,0.9695520214845099
9,AMBL-010,0,0.0,-1,-1,-1,-1,,-1,-1,-1.0,-1,/media/bendico765/Crucial X9/MRI Lesions/manifest-1728494830954/Advanced-MRI-Breast-Lesions/AMBL-010/03-06-2004-NA-MRI BREASTS - Delayed contrast-67681/600.000000-Registered Ax T2 FSE-68239,/media/bendico765/Crucial X9/MRI Lesions/manifest-1728494830954/Advanced-MRI-Breast-Lesions/AMBL-010/03-06-2004-NA-MRI BREASTS - Delayed contrast-67681/500.000000-ROI-79770/1-1.dcm,8.71,R,"[[[0 0 0 ... 0 0 0]
  [0 0 0 ... 0 0 0]
  [0 0 0 ... 0 0 0]
  ...
  [0 0 0 ... 0 0 0]
  [0 0 0 ... 0 0 0]
  [0 0 0 ... 0 0 0]]

 [[0 0 0 ... 0 0 0]
  [0 0 0 ... 0 0 0]
  [0 0 0 ... 0 0 0]
  ...
  [0 0 0 ... 0 0 0]
  [0 0 0 ... 0 0 0]
  [0 0 0 ... 0 0 0]]

 [[0 0 0 ... 0 0 0]
  [0 0 0 ... 0 0 0]
  [0 0 0 ... 0 0 0]
  ...
  [0 0 0 ... 0 0 0]
  [0 0 0 ... 0 0 0]
  [0 0 0 ... 0 0 0]]

 ...

 [[0 0 0 ... 0 0 0]
  [0 0 0 ... 0 0 0]
  [0 0 0 ... 0 0 0]
  ...
  [0 0 0 ... 0 0 0]
  [0 0 0 ... 0 0 0]
  [0 0 0 ... 0 0 0]]

 [[0 0 0 ... 0 0 0]
  [0 0 0 ... 0 0 0]
  [0 0 0 ... 0 0 0]
  ...
  [0 0 0 ... 0 0 0]
  [0 0 0 ... 0 0 0]
  [0 0 0 ... 0 0 0]]

 [[0 0 0 ... 0 0 0]
  [0 0 0 ... 0 0 0]
  [0 0 0 ... 0 0 0]
  ...
  [0 0 0 ... 0 0 0]
  [0 0 0 ... 0 0 0]
  [0 0 0 ... 0 0 0]]]","[53, 54, 55, 56, 57, 58, 59, 60, 61]","[159, 160, 161, 162, 163, 164, 165, 166, 167, 168, 169, 170, 171, 172, 173, 174, 175, 176, 177, 178, 179, 180, 181, 182, 183, 184, 185, 186, 187, 188, 189, 190, 191, 192, 193, 194, 195, 196, 197, 198, 199, 200, 201, 202, 203, 204, 205, 206, 207, 208, 209, 210, 211, 212, 213, 214, 215, 216, 217, 218, 219, 220, 221, 222, 223, 224, 225, 226, 227, 228, 229, 230, 231, 232, 233, 234, 235, 236, 237, 238, 239, 240, 241, 242, 243, 244, 245, 246, 247, 248, 249, 250, 251, 252, 253]","[336, 337, 338, 339, 340, 341, 342, 343, 344, 345, 346, 347, 348, 349, 350, 351, 352, 353, 354, 355, 356, 357, 358, 359, 360, 361, 362, 363, 364, 365, 366, 367, 368, 369, 370, 371, 372, 373, 374, 375, 376, 377, 378, 379, 380, 381, 382, 383, 384, 385, 386, 387, 388, 389, 390, 391, 392, 393, 394, 395, 396, 397, 398, 399, 400, 401, 402, 403, 404, 405, 406, 407, 408, 409, 410, 411]",9,95,76,/media/bendico765/Crucial X9/Materiali Tesista/Roi masks/AMBL-010/ROI 0.npy,/media/bendico765/Crucial X9/Materiali Tesista/Cleaned Roi masks/AMBL-010/ROI 0.npy,0.625,2.0,/media/bendico765/Crucial X9/MRI Lesions/manifest-1728494830954/Advanced-MRI-Breast-Lesions/AMBL-010/03-06-2004-NA-MRI BREASTS - Delayed contrast-67681/500.000000-Registered AX Sen Vibrant MultiPhase-32542,0.5933139831908303,0.35012905168904207,19.699840860177872,56.26451379896852,45.09036066611133,47.8867479058664,63.28568657287365,68.58685187410194,19501.009114583332,33.38252279436145,0.3462708058192357,10118.270922989244,0.5188588376907405,19513.28125,117.0,256.0,3.106838302923766,62.0,4.5141439454493195,497.0,42.61511915140173,179.6150858790087,171.0,30.0,467.0,27.02846712525435,188.41915857197648,1.0748015477465893,692756204.6875,0.14468613682941991,3240.200241647947,46.244700618904254,1046.9552605449633,55.05244186423417,15.272333522313327,2.9604831349162195,0.670560446581319,1.1201663201349477,1.9852582406918815,1.6526133066798858,0.6190209876578491,0.5859252366555514,0.9922444235496177,0.9478703965293481,-0.19670601798721463,0.8085691399975821,0.45277361344287315,6.57000897574795,0.03989209288643531,5.431039222196793,0.7152247761071615,0.09456970146489549,13.1400179514959,3.9069645819243792,4.558204164307385,7.086123271103404,1504.3056011530607,0.060227633468913834,23.44107623574685,5.279244695486986,50.28418144693118,95.76630500060055,3627.8666773431555,3.2945834931383695,0.031507338553839664,0.07138312389095006,5.724691980962321,0.0019659464442895644,2348.340549291949,0.13189812187443214,6.012921498180281,54.22550927110005,2.8598280000170195,127.92131439191,0.09360190254205179,0.03065775876691227,4.39244660359532,10435.857790240701,0.5773944070943329,0.7113683049944411,0.7870903835611306,0.7842787447233027,44.981904401026526,0.02352368563653415,144.57333333333332,0.08762020202020201,10.534345638200183,92.21212121212122,40046.555757575756,1484727.5018181817,1207.2038478864395,0.027946312817011532,492.1187878787879,0.298253810835629,0.5645467506951999,52.507990962400925,0.015445446158525764,6.207248350012887,0.06606077591384073,39817.409557759405,14.532108782843133,0.0004364798055979924,134.41268482706812,0.02436927596782566,0.08887862805644843
10,AMBL-011,0,1.0,2,0,0,0,1.0,0,0,0.0,high,/media/bendico765/Crucial X9/MRI Lesions/manifest-1728494830954/Advanced-MRI-Breast-Lesions/AMBL-011/03-06-2004-NA-MRI BREASTS - Delayed contrast-75639/600.000000-Registered Ax T2 FSE-73862,/media/bendico765/Crucial X9/MRI Lesions/manifest-1728494830954/Advanced-MRI-Breast-Lesions/AMBL-011/03-06-2004-NA-MRI BREASTS - Delayed contrast-75639/500.000000-ROI-50270/1-1.dcm,9.16,L,"[[[0 0 0 ... 0 0 0]
  [0 0 0 ... 0 0 0]
  [0 0 0 ... 0 0 0]
  ...
  [0 0 0 ... 0 0 0]
  [0 0 0 ... 0 0 0]
  [0 0 0 ... 0 0 0]]

 [[0 0 0 ... 0 0 0]
  [0 0 0 ... 0 0 0]
  [0 0 0 ... 0 0 0]
  ...
  [0 0 0 ... 0 0 0]
  [0 0 0 ... 0 0 0]
  [0 0 0 ... 0 0 0]]

 [[0 0 0 ... 0 0 0]
  [0 0 0 ... 0 0 0]
  [0 0 0 ... 0 0 0]
  ...
  [0 0 0 ... 0 0 0]
  [0 0 0 ... 0 0 0]
  [0 0 0 ... 0 0 0]]

 ...

 [[0 0 0 ... 0 0 0]
  [0 0 0 ... 0 0 0]
  [0 0 0 ... 0 0 0]
  ...
  [0 0 0 ... 0 0 0]
  [0 0 0 ... 0 0 0]
  [0 0 0 ... 0 0 0]]

 [[0 0 0 ... 0 0 0]
  [0 0 0 ... 0 0 0]
  [0 0 0 ... 0 0 0]
  ...
  [0 0 0 ... 0 0 0]
  [0 0 0 ... 0 0 0]
  [0 0 0 ... 0 0 0]]

 [[0 0 0 ... 0 0 0]
  [0 0 0 ... 0 0 0]
  [0 0 0 ... 0 0 0]
  ...
  [0 0 0 ... 0 0 0]
  [0 0 0 ... 0 0 0]
  [0 0 0 ... 0 0 0]]]","[43, 44, 45, 46, 47, 48, 49, 50, 51, 52, 53, 54, 55, 56, 57, 58]","[185, 186, 187, 188, 189, 190, 191, 192, 193, 194, 195, 196, 197, 198, 199, 200, 201, 202, 203, 204, 205, 206, 207, 208, 209, 210, 211, 212, 213, 214, 215, 216, 217, 218, 219, 220, 221, 222, 223, 224, 225, 226, 227, 228, 229, 230, 231, 232, 233, 234, 235, 236, 237, 238, 239, 240, 241, 242]","[92, 93, 94, 95, 96, 97, 98, 99, 100, 101, 102, 103, 104, 105, 106, 107, 108, 109, 110, 111, 112, 113, 114, 115, 116, 117, 118, 119, 120, 121, 122, 123, 124, 125, 126, 127, 128, 129, 130, 131, 132, 133, 134, 135, 136]",16,58,45,/media/bendico765/Crucial X9/Materiali Tesista/Roi masks/AMBL-011/ROI 0.npy,/media/bendico765/Crucial X9/Materiali Tesista/Cleaned Roi masks/AMBL-011/ROI 0.npy,0.6836,2.0,/media/bendico765/Crucial X9/MRI Lesions/manifest-1728494830954/Advanced-MRI-Breast-Lesions/AMBL-011/03-06-2004-NA-MRI BREASTS - Delayed contrast-75639/500.000000-Registered AX Sen Vibrant MultiPhase-81331,0.9212705848010901,0.7671575727658558,24.80670418290696,32.33586562076239,38.1941636672411,43.491040513650624,40.63253075652562,45.332994288928234,16115.655736973333,29.790081830489232,0.5242335786291309,5885.607233804611,0.3652105337731657,16215.620912,117.0,322.0,3.512331952994688,87.0,4.895203124434045,672.0,64.69344999792375,194.72818443804036,168.0,14.0,658.0,40.03788995746009,212.77654824079653,1.3864777746810208,734143742.571399,0.1208391199993356,7354.793666732555,69.48712350133283,6122.651887687109,283.57927508441463,32.01822672362402,5.7710315648334705,0.6887577550579237,1.5455752380591685,2.3777246752035337,3.3118565814645486,0.5646614082433338,0.5188957747945454,0.9924960211119203,0.9493505162014505,-0.16217755585736587,0.7900228084204486,0.41117866061785224,7.932136735956623,0.033041656752915156,6.124370275165264,0.7017233263138739,0.0957378497323816,15.864273471913245,4.215934737679254,9.447314572114372,7.31817818378312,1073.4541786743516,0.0618705578486658,28.163677452682105,11.853642222757435,80.90351585014409,89.83550432276657,4481.929106628242,2.1881560008264906,0.022614696386267348,0.11221165475576861,15.795127347629432,0.0021868360827262917,1275.085481693638,0.0995234360660883,13.707060629853054,89.91573340719022,2.649961038274868,177.638635621121,0.06195812522111051,0.02210060136958558,4.738610768083104,8037.761454934731,0.6240405917524872,0.7364176457548215,0.7622150805119166,0.8164609584754154,78.7907834047828,0.017728049506825876,132.1762962962963,0.06527224508459076,19.45746660570035,153.54814814814816,13898.4987654321,622116.7565432099,333.33623872684404,0.019190011582250355,676.8725925925926,0.3342580704160951,0.5971071951666796,95.3774445689458,0.011378908190395238,6.381067095705272,0.11671469740634005,13825.089833866787,6.443956037424656,0.0006059262549667308,357.7518017879815,0.04019435664547039,0.2622874167578383
11,AMBL-011,1,0.0,-1,-1,-1,-1,,-1.0,-1.0,-1.0,-1,/media/bendico765/Crucial X9/MRI Lesions/manifest-1728494830954/Advanced-MRI-Breast-Lesions/AMBL-011/03-06-2004-NA-MRI BREASTS - Delayed contrast-75639/600.000000-Registered Ax T2 FSE-73862,/media/bendico765/Crucial X9/MRI Lesions/manifest-1728494830954/Advanced-MRI-Breast-Lesions/AMBL-011/03-06-2004-NA-MRI BREASTS - Delayed contrast-75639/500.000000-ROI-50270/1-1.dcm,-32.84,R,"[[[0 0 0 ... 0 0 0]
  [0 0 0 ... 0 0 0]
  [0 0 0 ... 0 0 0]
  ...
  [0 0 0 ... 0 0 0]
  [0 0 0 ... 0 0 0]
  [0 0 0 ... 0 0 0]]

 [[0 0 0 ... 0 0 0]
  [0 0 0 ... 0 0 0]
  [0 0 0 ... 0 0 0]
  ...
  [0 0 0 ... 0 0 0]
  [0 0 0 ... 0 0 0]
  [0 0 0 ... 0 0 0]]

 [[0 0 0 ... 0 0 0]
  [0 0 0 ... 0 0 0]
  [0 0 0 ... 0 0 0]
  ...
  [0 0 0 ... 0 0 0]
  [0 0 0 ... 0 0 0]
  [0 0 0 ... 0 0 0]]

 ...

 [[0 0 0 ... 0 0 0]
  [0 0 0 ... 0 0 0]
  [0 0 0 ... 0 0 0]
  ...
  [0 0 0 ... 0 0 0]
  [0 0 0 ... 0 0 0]
  [0 0 0 ... 0 0 0]]

 [[0 0 0 ... 0 0 0]
  [0 0 0 ... 0 0 0]
  [0 0 0 ... 0 0 0]
  ...
  [0 0 0 ... 0 0 0]
  [0 0 0 ... 0 0 0]
  [0 0 0 ... 0 0 0]]

 [[0 0 0 ... 0 0 0]
  [0 0 0 ... 0 0 0]
  [0 0 0 ... 0 0 0]
  ...
  [0 0 0 ... 0 0 0]
  [0 0 0 ... 0 0 0]
  [0 0 0 ... 0 0 0]]]","[71, 72]","[139, 140, 141, 142, 143, 144, 145, 146, 147, 148]","[384, 385, 386, 387, 388, 389, 390, 391, 392]",2,10,9,/media/bendico765/Crucial X9/Materiali Tesista/Roi masks/AMBL-011/ROI 1.npy,/media/bendico765/Crucial X9/Materiali Tesista/Cleaned Roi masks/AMBL-011/ROI 1.npy,0.6836,2.0,/media/bendico765/Crucial X9/MRI Lesions/manifest-1728494830954/Advanced-MRI-Breast-Lesions/AMBL-011/03-06-2004-NA-MRI BREASTS - Delayed contrast-75639/500.000000-Registered AX Sen Vibrant MultiPhase-81331,0.5222855808918734,0.44585129415590263,3.346976241323905,7.506934005115962,5.261437446173812,5.729146756716919,8.75435145741819,8.75435145741819,65.07277268000006,3.920763387578948,0.7821722620297176,100.02638845794485,1.5371465566686648,71.96557984,95.4,265.20000000000005,3.275067852402021,110.0,1.8985026531224423,304.0,57.48726598077246,176.16883116883116,165.0,59.0,245.0,44.71002418704651,188.3791079490725,0.1676718856078642,2553820.100952,0.11283521673132063,4451.231236296171,33.69299970636529,963.2004194166681,9.622297809393183,22.233241485642505,6.151569371279039,0.5597633012549861,1.8826249647335156,2.296184540237255,2.2105989321334354,0.4784087474662446,0.41015862401694103,0.9559279015581043,0.8662448880669559,-0.40233933616409456,0.9534017322354222,0.38101062474628,5.442939303168023,0.03212972008811372,5.15850713701642,0.8090360649401694,0.06571922716298365,10.885878606336046,3.712061107461363,7.096202714230387,4.980610405114923,13.727272727272727,0.1782762691853601,2.4314386911789505,7.0258053634677005,37.922077922077925,14.818181818181818,533.6883116883117,1.5194254177040412,0.1155111372251348,0.20642665724298379,9.91139794445917,0.015999315916290873,7.785625714878749,0.112005959005509,7.094148348769223,38.21291702620206,1.3595007298270354,50.724817898620216,0.1587690927778515,0.11536854775680805,3.658137019602973,57.50086708566341,0.8186612994155488,0.903096903096903,0.11118878706782002,0.9195155040172609,35.31808988607318,0.10644333530285675,2.5652173913043477,0.11153119092627599,7.236294896030246,46.43478260869565,18.304347826086957,580.9565217391304,2.161772858465993,0.08460810609161352,4.913043478260869,0.21361058601134217,0.4428371235772892,24.47983250627143,0.01592514835940631,4.055958151615117,0.2987012987012987,7.096408317580341,0.1862847831128209,0.1257133894291399,43.53295226722498,0.13047738880194987,4.817069614672694
12,AMBL-013,0,0.0,-1,-1,-1,-1,,-1,-1,-1.0,-1,/media/bendico765/Crucial X9/MRI Lesions/manifest-1728494830954/Advanced-MRI-Breast-Lesions/AMBL-013/03-09-2004-NA-MRI BREASTS - Delayed contrast-62164/600.000000-Registered Ax T2 FSE-99008,/media/bendico765/Crucial X9/MRI Lesions/manifest-1728494830954/Advanced-MRI-Breast-Lesions/AMBL-013/03-09-2004-NA-MRI BREASTS - Delayed contrast-62164/500.000000-ROI-13057/1-1.dcm,10.95,R,"[[[0 0 0 ... 0 0 0]
  [0 0 0 ... 0 0 0]
  [0 0 0 ... 0 0 0]
  ...
  [0 0 0 ... 0 0 0]
  [0 0 0 ... 0 0 0]
  [0 0 0 ... 0 0 0]]

 [[0 0 0 ... 0 0 0]
  [0 0 0 ... 0 0 0]
  [0 0 0 ... 0 0 0]
  ...
  [0 0 0 ... 0 0 0]
  [0 0 0 ... 0 0 0]
  [0 0 0 ... 0 0 0]]

 [[0 0 0 ... 0 0 0]
  [0 0 0 ... 0 0 0]
  [0 0 0 ... 0 0 0]
  ...
  [0 0 0 ... 0 0 0]
  [0 0 0 ... 0 0 0]
  [0 0 0 ... 0 0 0]]

 ...

 [[0 0 0 ... 0 0 0]
  [0 0 0 ... 0 0 0]
  [0 0 0 ... 0 0 0]
  ...
  [0 0 0 ... 0 0 0]
  [0 0 0 ... 0 0 0]
  [0 0 0 ... 0 0 0]]

 [[0 0 0 ... 0 0 0]
  [0 0 0 ... 0 0 0]
  [0 0 0 ... 0 0 0]
  ...
  [0 0 0 ... 0 0 0]
  [0 0 0 ... 0 0 0]
  [0 0 0 ... 0 0 0]]

 [[0 0 0 ... 0 0 0]
  [0 0 0 ... 0 0 0]
  [0 0 0 ... 0 0 0]
  ...
  [0 0 0 ... 0 0 0]
  [0 0 0 ... 0 0 0]
  [0 0 0 ... 0 0 0]]]","[52, 53, 54, 55, 56]","[210, 211, 212, 213, 214, 215, 216, 217, 218, 219, 220, 221, 222, 223, 224, 225, 226, 227, 228, 229, 230, 231, 232, 233, 234, 235, 236, 237, 238]","[346, 347, 348, 349, 350, 351, 352, 353, 354, 355, 356, 357, 358, 359, 360, 361, 362, 363]",5,29,18,/media/bendico765/Crucial X9/Materiali Tesista/Roi masks/AMBL-013/ROI 0.npy,/media/bendico765/Crucial X9/Materiali Tesista/Cleaned Roi masks/AMBL-013/ROI 0.npy,0.6641,2.0,/media/bendico765/Crucial X9/MRI Lesions/manifest-1728494830954/Advanced-MRI-Breast-Lesions/AMBL-013/03-09-2004-NA-MRI BREASTS - Delayed contrast-62164/500.000000-Registered AX Sen Vibrant MultiPhase-55624,0.6996202409968743,0.4990695611601605,8.120901542465162,16.272083441809063,14.114938265894045,19.02985747608216,19.745112510188438,20.523969793877598,929.6519790791596,11.384278939079703,0.6241699991166882,738.0087306756238,0.7938548481407391,958.7966329400001,113.0,277.4,3.3839024310856587,96.5,3.220485999284268,433.0,53.4454238389802,194.56025758969642,189.0,60.0,373.0,38.663821023521415,205.5886851256701,0.5990634245047112,40525176.79015183,0.10962119012939575,4413.013618332911,42.71940912795826,1216.084470331983,34.137994047288664,19.773015512220027,6.405491167760841,0.5069157404356821,1.8560956763912135,2.4932398574010954,2.830336643382159,0.4853729544223623,0.4217271436007035,0.9772538582591659,0.9035428916804199,-0.11896365857427474,0.7071375189623359,0.40639098171521976,6.275106299042425,0.01794202319184682,6.2661475676709095,0.55532317157971,0.0398346884056561,12.550212598084848,4.124439593759743,6.544626669995217,6.426853512860302,122.87120515179393,0.11303698726016001,7.137903922665541,7.183979945310008,46.954001839926406,29.645814167433304,1050.4572217111315,1.5982504278118799,0.05135960172303945,0.1573006024786518,10.824846891222043,0.007385916621777074,99.41210370878026,0.10687800681026045,7.495272023792975,48.573538241990455,1.616810231602062,71.46406891529585,0.08419088565040624,0.05098654699440622,4.062521993102359,710.3498524943832,0.7577145633705235,0.8559903757695847,0.22920472377861043,0.8911815344563139,44.37176111820815,0.045232318900711825,15.043715846994536,0.0822060975245603,11.611991997372272,75.52459016393442,302.9781420765027,10536.11475409836,14.463552784189506,0.05058403572438547,54.278688524590166,0.2966048553256293,0.5581684687628399,45.35060464006017,0.02527793154259812,5.638364732425986,0.16835326586936522,267.6958404252142,1.3043120356668811,0.008148914973213047,132.07351137049147,0.07431874283596043,0.7883998321494657
13,AMBL-013,1,0.0,-1,-1,-1,-1,,-1.0,-1.0,-1.0,-1,/media/bendico765/Crucial X9/MRI Lesions/manifest-1728494830954/Advanced-MRI-Breast-Lesions/AMBL-013/03-09-2004-NA-MRI BREASTS - Delayed contrast-62164/600.000000-Registered Ax T2 FSE-99008,/media/bendico765/Crucial X9/MRI Lesions/manifest-1728494830954/Advanced-MRI-Breast-Lesions/AMBL-013/03-09-2004-NA-MRI BREASTS - Delayed contrast-62164/500.000000-ROI-13057/1-1.dcm,-23.05,L,"[[[0 0 0 ... 0 0 0]
  [0 0 0 ... 0 0 0]
  [0 0 0 ... 0 0 0]
  ...
  [0 0 0 ... 0 0 0]
  [0 0 0 ... 0 0 0]
  [0 0 0 ... 0 0 0]]

 [[0 0 0 ... 0 0 0]
  [0 0 0 ... 0 0 0]
  [0 0 0 ... 0 0 0]
  ...
  [0 0 0 ... 0 0 0]
  [0 0 0 ... 0 0 0]
  [0 0 0 ... 0 0 0]]

 [[0 0 0 ... 0 0 0]
  [0 0 0 ... 0 0 0]
  [0 0 0 ... 0 0 0]
  ...
  [0 0 0 ... 0 0 0]
  [0 0 0 ... 0 0 0]
  [0 0 0 ... 0 0 0]]

 ...

 [[0 0 0 ... 0 0 0]
  [0 0 0 ... 0 0 0]
  [0 0 0 ... 0 0 0]
  ...
  [0 0 0 ... 0 0 0]
  [0 0 0 ... 0 0 0]
  [0 0 0 ... 0 0 0]]

 [[0 0 0 ... 0 0 0]
  [0 0 0 ... 0 0 0]
  [0 0 0 ... 0 0 0]
  ...
  [0 0 0 ... 0 0 0]
  [0 0 0 ... 0 0 0]
  [0 0 0 ... 0 0 0]]

 [[0 0 0 ... 0 0 0]
  [0 0 0 ... 0 0 0]
  [0 0 0 ... 0 0 0]
  ...
  [0 0 0 ... 0 0 0]
  [0 0 0 ... 0 0 0]
  [0 0 0 ... 0 0 0]]]","[68, 69, 70, 71]","[199, 200, 201, 202, 203, 204, 205, 206, 207, 208, 209, 210, 211, 212, 213, 214, 215, 216, 217]","[130, 131, 132, 133, 134, 135, 136, 137, 138, 139, 140, 141, 142, 143, 144, 145, 146]",4,19,17,/media/bendico765/Crucial X9/Materiali Tesista/Roi masks/AMBL-013/ROI 1.npy,/media/bendico765/Crucial X9/Materiali Tesista/Cleaned Roi masks/AMBL-013/ROI 1.npy,0.6641,2.0,/media/bendico765/Crucial X9/MRI Lesions/manifest-1728494830954/Advanced-MRI-Breast-Lesions/AMBL-013/03-09-2004-NA-MRI BREASTS - Delayed contrast-62164/500.000000-Registered AX Sen Vibrant MultiPhase-55624,0.8411267851070126,0.6925576899746205,8.024386607311175,11.58659664526321,12.77620766307436,14.383787207825344,13.690772229863443,15.419641731895071,543.8620275316699,9.74579678656194,0.6328684690359708,509.1313316601636,0.9361406126676423,564.5168768000001,138.0,307.1,3.282571540769186,76.25,3.40162961067082,410.0,49.574169921875,212.203125,202.0,77.0,333.0,33.07235537252647,221.59244684781112,0.7935429707451815,27719592.161346722,0.12301269531249998,4073.046240234375,37.21364386200501,1266.5989098334562,66.07130921884222,18.547297593082376,6.833515379469569,0.4540464119560716,1.9080139911470004,2.4882868555328033,2.959236582966745,0.4795741015510494,0.4134337829130509,0.9695204577880308,0.8898334611821402,-0.12972956823958365,0.7150892970608852,0.39412368706148077,5.854887047257161,0.021192290751785837,6.071052171597412,0.528422737914301,0.048953018151398194,11.709774094514323,3.992015616705291,6.345203243137987,6.1523084975080256,79.05625,0.123525390625,5.794677734375,6.628115234374999,42.665625,25.625,849.396875,1.3388383210147787,0.055788054231833736,0.16597688668543398,9.873277211515099,0.009459655938240528,66.05003189167734,0.11889325500421812,6.936689441171695,43.89978587674558,1.568228934723672,63.35879429940874,0.08610712551287655,0.056205327301650246,3.911450366416368,431.9714053114646,0.7720337124657533,0.8671875000000001,0.21206189577071285,0.8986647325297329,40.29267154508341,0.05068703467171409,10.256637168141593,0.09076670060302294,10.317174406766387,64.39823008849558,239.02654867256638,7126.070796460177,10.561438732940136,0.06585210747691335,34.008849557522126,0.30096327042054977,0.565420937421051,38.62189830609651,0.03115648751183418,5.34112866199828,0.1765625,206.94886052157568,1.0014905033896702,0.014222547350190469,87.00481780524558,0.08277013983866148,0.9670547222008284
14,AMBL-016,0,1.0,2,3,0.1,0,,100,1,0.0,low to intermediate,/media/bendico765/Crucial X9/MRI Lesions/manifest-1728494830954/Advanced-MRI-Breast-Lesions/AMBL-016/03-10-2004-NA-MRI BREASTS - Delayed contrast-54744/700.000000-Registered Ax T2 FSE-62331,/media/bendico765/Crucial X9/MRI Lesions/manifest-1728494830954/Advanced-MRI-Breast-Lesions/AMBL-016/03-10-2004-NA-MRI BREASTS - Delayed contrast-54744/600.000000-ROI-26204/1-1.dcm,-40.8,R,"[[[0 0 0 ... 0 0 0]
  [0 0 0 ... 0 0 0]
  [0 0 0 ... 0 0 0]
  ...
  [0 0 0 ... 0 0 0]
  [0 0 0 ... 0 0 0]
  [0 0 0 ... 0 0 0]]

 [[0 0 0 ... 0 0 0]
  [0 0 0 ... 0 0 0]
  [0 0 0 ... 0 0 0]
  ...
  [0 0 0 ... 0 0 0]
  [0 0 0 ... 0 0 0]
  [0 0 0 ... 0 0 0]]

 [[0 0 0 ... 0 0 0]
  [0 0 0 ... 0 0 0]
  [0 0 0 ... 0 0 0]
  ...
  [0 0 0 ... 0 0 0]
  [0 0 0 ... 0 0 0]
  [0 0 0 ... 0 0 0]]

 ...

 [[0 0 0 ... 0 0 0]
  [0 0 0 ... 0 0 0]
  [0 0 0 ... 0 0 0]
  ...
  [0 0 0 ... 0 0 0]
  [0 0 0 ... 0 0 0]
  [0 0 0 ... 0 0 0]]

 [[0 0 0 ... 0 0 0]
  [0 0 0 ... 0 0 0]
  [0 0 0 ... 0 0 0]
  ...
  [0 0 0 ... 0 0 0]
  [0 0 0 ... 0 0 0]
  [0 0 0 ... 0 0 0]]

 [[0 0 0 ... 0 0 0]
  [0 0 0 ... 0 0 0]
  [0 0 0 ... 0 0 0]
  ...
  [0 0 0 ... 0 0 0]
  [0 0 0 ... 0 0 0]
  [0 0 0 ... 0 0 0]]]","[74, 75, 76, 77, 78]","[51, 52, 53, 54, 55, 56, 57, 58, 59, 60, 61, 62, 63, 64, 65, 66]","[357, 358, 359, 360, 361, 362, 363, 364, 365, 366, 367, 368, 369]",5,16,13,/media/bendico765/Crucial X9/Materiali Tesista/Roi masks/AMBL-016/ROI 0.npy,/media/bendico765/Crucial X9/Materiali Tesista/Cleaned Roi masks/AMBL-016/ROI 0.npy,0.7031,2.1,/media/bendico765/Crucial X9/MRI Lesions/manifest-1728494830954/Advanced-MRI-Breast-Lesions/AMBL-016/03-10-2004-NA-MRI BREASTS - Delayed contrast-54744/600.000000-Registered AX Sen Vibrant MultiPhase-61077,0.8135468365993843,0.6516337917375558,7.025560216539741,10.781454715241766,11.596255037295446,12.259376754549963,12.299226831797192,14.765439884405746,392.5012315997496,8.771218377524455,0.6648369758975136,389.9386720258083,0.993471206285145,406.948598952,71.0,151.0,2.2857572733192875,42.0,2.6790102186707734,194.0,24.429222199083718,115.5765306122449,121.0,40.0,154.0,17.402900176253805,119.46735528834576,-0.5408268768641628,5808153.1158588,0.23833819241982507,914.5145512286549,18.26242746846594,63.056577294495135,-6.227085456110215,4.541919347467218,1.4344807925944134,0.5199179848492176,0.833474253046384,1.6250761193838488,0.6933841343636706,0.6670378442714179,0.6419243922384898,0.9735174211445441,0.9035795365914936,-0.1591898336419175,0.6698459577272075,0.4522912021977718,4.181413862218485,0.08557663812423909,4.107503657030009,0.5987163115910422,0.18754075229826828,8.36282772443697,2.994933271157912,1.4941000350154072,5.837206421731018,28.005102040816325,0.07144158683881716,17.802243856726363,1.566892700957934,18.92091836734694,86.70918367346938,1853.655612244898,6.2548765271414695,0.09866563121847378,0.045749047830267925,0.8682507595904425,0.004912233084097543,62.92138165323833,0.22272697539003866,1.6390238611920167,18.29623537272604,2.807495049384186,56.06219100326265,0.24748942878164643,0.10519251781927948,3.4463003252414444,164.80469861761554,0.5658759848620613,0.7191915227629513,0.685033643814684,0.7704291520934432,13.737279793244575,0.08517921936009067,4.2,0.21,2.6000000000000005,18.6,1635.5,33685.25,101.6141649659864,0.13271485260770974,2.3,0.115,0.26531009806180544,6.8799818378893365,0.01539554974311522,4.121928094887356,0.05102040816326531,1251.3400000000001,1.5123468135136804,0.021428555353724923,10.950893422688708,0.04342561022855001,0.343295860025461
15,AMBL-016,1,0.0,-1,-1,-1,-1,,-1.0,-1.0,-1.0,-1,/media/bendico765/Crucial X9/MRI Lesions/manifest-1728494830954/Advanced-MRI-Breast-Lesions/AMBL-016/03-10-2004-NA-MRI BREASTS - Delayed contrast-54744/700.000000-Registered Ax T2 FSE-62331,/media/bendico765/Crucial X9/MRI Lesions/manifest-1728494830954/Advanced-MRI-Breast-Lesions/AMBL-016/03-10-2004-NA-MRI BREASTS - Delayed contrast-54744/600.000000-ROI-26204/1-1.dcm,13.8,R,"[[[0 0 0 ... 0 0 0]
  [0 0 0 ... 0 0 0]
  [0 0 0 ... 0 0 0]
  ...
  [0 0 0 ... 0 0 0]
  [0 0 0 ... 0 0 0]
  [0 0 0 ... 0 0 0]]

 [[0 0 0 ... 0 0 0]
  [0 0 0 ... 0 0 0]
  [0 0 0 ... 0 0 0]
  ...
  [0 0 0 ... 0 0 0]
  [0 0 0 ... 0 0 0]
  [0 0 0 ... 0 0 0]]

 [[0 0 0 ... 0 0 0]
  [0 0 0 ... 0 0 0]
  [0 0 0 ... 0 0 0]
  ...
  [0 0 0 ... 0 0 0]
  [0 0 0 ... 0 0 0]
  [0 0 0 ... 0 0 0]]

 ...

 [[0 0 0 ... 0 0 0]
  [0 0 0 ... 0 0 0]
  [0 0 0 ... 0 0 0]
  ...
  [0 0 0 ... 0 0 0]
  [0 0 0 ... 0 0 0]
  [0 0 0 ... 0 0 0]]

 [[0 0 0 ... 0 0 0]
  [0 0 0 ... 0 0 0]
  [0 0 0 ... 0 0 0]
  ...
  [0 0 0 ... 0 0 0]
  [0 0 0 ... 0 0 0]
  [0 0 0 ... 0 0 0]]

 [[0 0 0 ... 0 0 0]
  [0 0 0 ... 0 0 0]
  [0 0 0 ... 0 0 0]
  ...
  [0 0 0 ... 0 0 0]
  [0 0 0 ... 0 0 0]
  [0 0 0 ... 0 0 0]]]","[49, 50, 51]","[123, 124, 125, 126, 127, 128, 129, 130, 131, 132]","[342, 343, 344, 345, 346, 347, 348, 349, 350]",3,10,9,/media/bendico765/Crucial X9/Materiali Tesista/Roi masks/AMBL-016/ROI 1.npy,/media/bendico765/Crucial X9/Materiali Tesista/Cleaned Roi masks/AMBL-016/ROI 1.npy,0.7031,2.1,/media/bendico765/Crucial X9/MRI Lesions/manifest-1728494830954/Advanced-MRI-Breast-Lesions/AMBL-016/03-10-2004-NA-MRI BREASTS - Delayed contrast-54744/600.000000-Registered AX Sen Vibrant MultiPhase-61077,0.8958237382401686,0.7559130617138801,4.648956069373284,6.150120040038356,7.5819908968555225,6.899245883428131,7.170241240014174,8.35735162656209,71.50149171637499,5.509423524892936,0.5819267276140941,143.16138398924508,2.0022153461793977,80.974466118,238.0,278.69999999999993,1.5474619078443945,19.0,8.300323646276684,367.0,16.52399737015122,262.20512820512823,259.0,168.0,199.0,7.8193359375,263.6755971128548,1.3460651764272924,5629735.222975416,0.4631821170282708,773.2912557527941,25.466775209109585,36.676305865564544,5.098465927786214,2.058597412174793,1.467772657915187,0.09163183743108697,0.586482225067619,1.38719265091071,1.1068860961233564,0.8014352474030582,0.7852256103416535,0.9842246601902549,0.9482444389537794,-0.21730066525199243,0.6389673731963603,0.24100828803889346,5.03109742913186,0.34500338538660724,2.3891547069695025,0.572793506573916,0.5611089804102465,10.06219485826372,1.9206113145752386,0.8815925175224949,4.873364199792782,5.205128205128205,0.06673241288625904,31.989480604865218,1.2281393819855357,25.71794871794872,111.15384615384616,2694.948717948718,4.683436589498097,0.05592709282193409,0.15061641079327423,4.934336642731443,0.01837000787032398,20.8551077211718,0.38141335819779965,1.7001591901225868,26.534400409325603,2.8183254679275622,70.28415716980754,0.13956081432491238,0.06186113722664636,2.817522317254583,29.36586260049957,0.5318401011494038,0.6962524654832347,0.6296229725450283,0.7509527504665399,20.602316782692487,0.05099007608182553,3.4285714285714284,0.24489795918367346,4.51530612244898,33.214285714285715,187.0,4570.285714285715,7.858754296692223,0.1090849845229097,6.571428571428571,0.46938775510204084,0.696822752424585,23.1672889272327,0.09628983771459129,2.9502120649147443,0.1794871794871795,155.9591836734694,0.2057154738930865,0.10870541188711451,12.283868873601845,0.029687409222270634,2.8351276114894968
16,AMBL-016,2,0.0,-1.0,-1,-1,-1,,-1.0,-1.0,-1.0,-1,/media/bendico765/Crucial X9/MRI Lesions/manifest-1728494830954/Advanced-MRI-Breast-Lesions/AMBL-016/03-10-2004-NA-MRI BREASTS - Delayed contrast-54744/700.000000-Registered Ax T2 FSE-62331,/media/bendico765/Crucial X9/MRI Lesions/manifest-1728494830954/Advanced-MRI-Breast-Lesions/AMBL-016/03-10-2004-NA-MRI BREASTS - Delayed contrast-54744/600.000000-ROI-26204/1-1.dcm,-53.4,L,"[[[0 0 0 ... 0 0 0]
  [0 0 0 ... 0 0 0]
  [0 0 0 ... 0 0 0]
  ...
  [0 0 0 ... 0 0 0]
  [0 0 0 ... 0 0 0]
  [0 0 0 ... 0 0 0]]

 [[0 0 0 ... 0 0 0]
  [0 0 0 ... 0 0 0]
  [0 0 0 ... 0 0 0]
  ...
  [0 0 0 ... 0 0 0]
  [0 0 0 ... 0 0 0]
  [0 0 0 ... 0 0 0]]

 [[0 0 0 ... 0 0 0]
  [0 0 0 ... 0 0 0]
  [0 0 0 ... 0 0 0]
  ...
  [0 0 0 ... 0 0 0]
  [0 0 0 ... 0 0 0]
  [0 0 0 ... 0 0 0]]

 ...

 [[0 0 0 ... 0 0 0]
  [0 0 0 ... 0 0 0]
  [0 0 0 ... 0 0 0]
  ...
  [0 0 0 ... 0 0 0]
  [0 0 0 ... 0 0 0]
  [0 0 0 ... 0 0 0]]

 [[0 0 0 ... 0 0 0]
  [0 0 0 ... 0 0 0]
  [0 0 0 ... 0 0 0]
  ...
  [0 0 0 ... 0 0 0]
  [0 0 0 ... 0 0 0]
  [0 0 0 ... 0 0 0]]

 [[0 0 0 ... 0 0 0]
  [0 0 0 ... 0 0 0]
  [0 0 0 ... 0 0 0]
  ...
  [0 0 0 ... 0 0 0]
  [0 0 0 ... 0 0 0]
  [0 0 0 ... 0 0 0]]]","[81, 82, 83]","[88, 89, 90, 91, 92, 93, 94]","[156, 157, 158, 159, 160, 161, 162]",3,7,7,/media/bendico765/Crucial X9/Materiali Tesista/Roi masks/AMBL-016/ROI 2.npy,/media/bendico765/Crucial X9/Materiali Tesista/Cleaned Roi masks/AMBL-016/ROI 2.npy,0.7031,2.1,/media/bendico765/Crucial X9/MRI Lesions/manifest-1728494830954/Advanced-MRI-Breast-Lesions/AMBL-016/03-10-2004-NA-MRI BREASTS - Delayed contrast-54744/600.000000-Registered AX Sen Vibrant MultiPhase-61077,0.7383293634461618,0.6900748965203911,3.8344616563861265,5.556587662760779,7.2144812876602575,6.643729862810499,5.118645263153133,7.2486612460508875,52.51228732225001,4.102591831978962,0.7717569330874777,87.87072477874385,1.6733364562756743,58.135514136,170.5,247.0,1.9570123213558008,20.0,3.4028310460682096,259.0,22.272321428571427,219.625,229.0,146.0,113.0,12.965909090909092,221.5200329541326,-1.1570621636707397,2852775.081106923,0.35522959183673475,835.9843749999999,20.92268637933465,39.64803818722905,-6.572241623112859,2.8420242627433536,1.613621300735986,0.23635458552103725,0.8307595107049945,1.5497133143769626,0.8665616634979503,0.6818419622642936,0.6569257897109301,0.962804583751491,0.8934932594318111,-0.277721423313849,0.7646924567765468,0.41815669719290666,4.538739803205748,0.19538283701709697,3.0485611480798247,0.6795789281450475,0.38276920079989135,9.077479606411497,2.2118720711267184,1.113911390869835,4.423713074640381,5.285714285714286,0.09438775510204081,14.85204081632653,1.4384566326530612,20.267857142857142,56.17857142857143,1366.017857142857,2.5425843253968248,0.09964781746031745,0.1252128631657436,1.4929009442229557,0.04312040964347279,13.082145518993816,0.2943398725931694,1.6159953200499428,19.343784194111965,1.9954966985907423,42.92723684640752,0.16256326920037095,0.11348546015082193,2.786117916172782,29.233683751418372,0.6477442139850317,0.7912087912087913,0.3257328069932004,0.823744945235672,15.221958986681976,0.10430495064572473,2.4,0.24,2.44,14.0,106.2,2548.7,5.082194444444444,0.2678888888888889,2.4,0.24,0.44438183605041043,4.141601456815817,0.21636141541732506,2.92192809488736,0.17857142857142858,74.84,0.23794203214542953,0.13763242129360348,7.534579225358423,0.05541877922181835,1.8760802962643957
17,AMBL-018,0,1.0,2,2.2,2.8,0,,95,100,0.0,Intermediate to high,/media/bendico765/Crucial X9/MRI Lesions/manifest-1728494830954/Advanced-MRI-Breast-Lesions/AMBL-018/03-12-2004-NA-MRI BREASTS - Delayed contrast-16432/600.000000-Registered Ax T2 FSE-28458,/media/bendico765/Crucial X9/MRI Lesions/manifest-1728494830954/Advanced-MRI-Breast-Lesions/AMBL-018/03-12-2004-NA-MRI BREASTS - Delayed contrast-16432/500.000000-ROI-44726/1-1.dcm,21.24,R,"[[[0 0 0 ... 0 0 0]
  [0 0 0 ... 0 0 0]
  [0 0 0 ... 0 0 0]
  ...
  [0 0 0 ... 0 0 0]
  [0 0 0 ... 0 0 0]
  [0 0 0 ... 0 0 0]]

 [[0 0 0 ... 0 0 0]
  [0 0 0 ... 0 0 0]
  [0 0 0 ... 0 0 0]
  ...
  [0 0 0 ... 0 0 0]
  [0 0 0 ... 0 0 0]
  [0 0 0 ... 0 0 0]]

 [[0 0 0 ... 0 0 0]
  [0 0 0 ... 0 0 0]
  [0 0 0 ... 0 0 0]
  ...
  [0 0 0 ... 0 0 0]
  [0 0 0 ... 0 0 0]
  [0 0 0 ... 0 0 0]]

 ...

 [[0 0 0 ... 0 0 0]
  [0 0 0 ... 0 0 0]
  [0 0 0 ... 0 0 0]
  ...
  [0 0 0 ... 0 0 0]
  [0 0 0 ... 0 0 0]
  [0 0 0 ... 0 0 0]]

 [[0 0 0 ... 0 0 0]
  [0 0 0 ... 0 0 0]
  [0 0 0 ... 0 0 0]
  ...
  [0 0 0 ... 0 0 0]
  [0 0 0 ... 0 0 0]
  [0 0 0 ... 0 0 0]]

 [[0 0 0 ... 0 0 0]
  [0 0 0 ... 0 0 0]
  [0 0 0 ... 0 0 0]
  ...
  [0 0 0 ... 0 0 0]
  [0 0 0 ... 0 0 0]
  [0 0 0 ... 0 0 0]]]","[38, 39, 40, 41, 42, 43, 44, 45, 46, 47]","[240, 241, 242, 243, 244, 245, 246, 247, 248, 249, 250, 251, 252, 253, 254, 255, 256, 257, 258, 259, 260, 261, 262, 263, 264, 265, 266, 267, 268, 269, 270, 271, 272, 274]","[328, 329, 330, 331, 332, 333, 334, 335, 336, 337, 338, 339, 340, 341, 342, 343, 344, 345, 346, 347, 348, 349, 350, 351, 352, 353, 354, 355, 356, 357, 358, 359, 360, 361]",10,35,34,/media/bendico765/Crucial X9/Materiali Tesista/Roi masks/AMBL-018/ROI 0.npy,/media/bendico765/Crucial X9/Materiali Tesista/Cleaned Roi masks/AMBL-018/ROI 0.npy,0.6445,2.0,/media/bendico765/Crucial X9/MRI Lesions/manifest-1728494830954/Advanced-MRI-Breast-Lesions/AMBL-018/03-12-2004-NA-MRI BREASTS - Delayed contrast-16432/500.000000-Registered AX Sen Vibrant MultiPhase-87572,0.8802442139175103,0.649362141129509,13.477782143178358,20.755417184831455,22.804492808435796,24.592621840706613,23.776722235203067,26.360418817803332,2027.7479204166848,18.269835884391945,0.4165937049629036,1859.7192983817638,0.9171353498415166,2105.147107,64.0,249.0,3.3972662817898844,102.75,2.280262484509234,349.0,56.026896091607185,148.51183898973954,141.5,-2.0,351.0,42.034504083796186,163.24777556618835,0.3546370609614175,56101825.6359425,0.10395199867438201,4594.069907194281,59.012548924582866,1156.9240218811751,26.00492767484384,21.636588454730504,5.492376026264627,0.5917596036111735,1.673319619660196,2.408810740712082,2.5472222762452152,0.5238167481173585,0.4672297944858312,0.9777453774005479,0.907529763696811,-0.14308599766125335,0.7444979843307261,0.39964094188740196,7.414462158868593,0.01936712914498349,6.22122303964776,0.6359849060407752,0.0510493297791578,14.828924317737185,4.191488714309909,6.782241120248783,6.851967480887122,228.91081294396213,0.09033575885712791,14.072960071364097,7.4772218584940155,63.28413575374901,47.49723756906077,2273.491712707182,1.5138898419903015,0.028836411435213254,0.13507635783485214,10.335496346427709,0.0037205674688788348,207.02738847888241,0.10005349202461146,7.730385200161052,65.75398458380722,1.9083663890729017,112.34602000853205,0.05670471616796456,0.028296720017355278,4.226223767826906,1477.8768800456642,0.7066036998210042,0.8161010260457773,0.3620707559454627,0.8630626590964294,58.26844978680382,0.02405847339768937,32.3048433048433,0.09203659061208919,8.86494427804969,79.78917378917379,727.0370370370371,34389.58974358974,21.38368800005921,0.027951935304184192,106.92592592592592,0.30463226759523054,0.5705231654014808,44.94982559610197,0.016687909870841924,5.8002215316151675,0.13851617995264404,674.9176873564339,2.758640379498364,0.003982831713097604,97.68565547947708,0.07760443363135497,0.2870672102361154
18,AMBL-018,1,0.0,-1,-1,-1,-1,,-1.0,-1.0,-1.0,-1,/media/bendico765/Crucial X9/MRI Lesions/manifest-1728494830954/Advanced-MRI-Breast-Lesions/AMBL-018/03-12-2004-NA-MRI BREASTS - Delayed contrast-16432/600.000000-Registered Ax T2 FSE-28458,/media/bendico765/Crucial X9/MRI Lesions/manifest-1728494830954/Advanced-MRI-Breast-Lesions/AMBL-018/03-12-2004-NA-MRI BREASTS - Delayed contrast-16432/500.000000-ROI-44726/1-1.dcm,-4.76,R,"[[[0 0 0 ... 0 0 0]
  [0 0 0 ... 0 0 0]
  [0 0 0 ... 0 0 0]
  ...
  [0 0 0 ... 0 0 0]
  [0 0 0 ... 0 0 0]
  [0 0 0 ... 0 0 0]]

 [[0 0 0 ... 0 0 0]
  [0 0 0 ... 0 0 0]
  [0 0 0 ... 0 0 0]
  ...
  [0 0 0 ... 0 0 0]
  [0 0 0 ... 0 0 0]
  [0 0 0 ... 0 0 0]]

 [[0 0 0 ... 0 0 0]
  [0 0 0 ... 0 0 0]
  [0 0 0 ... 0 0 0]
  ...
  [0 0 0 ... 0 0 0]
  [0 0 0 ... 0 0 0]
  [0 0 0 ... 0 0 0]]

 ...

 [[0 0 0 ... 0 0 0]
  [0 0 0 ... 0 0 0]
  [0 0 0 ... 0 0 0]
  ...
  [0 0 0 ... 0 0 0]
  [0 0 0 ... 0 0 0]
  [0 0 0 ... 0 0 0]]

 [[0 0 0 ... 0 0 0]
  [0 0 0 ... 0 0 0]
  [0 0 0 ... 0 0 0]
  ...
  [0 0 0 ... 0 0 0]
  [0 0 0 ... 0 0 0]
  [0 0 0 ... 0 0 0]]

 [[0 0 0 ... 0 0 0]
  [0 0 0 ... 0 0 0]
  [0 0 0 ... 0 0 0]
  ...
  [0 0 0 ... 0 0 0]
  [0 0 0 ... 0 0 0]
  [0 0 0 ... 0 0 0]]]","[53, 54, 55, 56, 57, 58]","[128, 129, 130, 131, 132, 133, 134, 135, 136, 137, 138, 139, 140, 141, 143]","[359, 360, 361, 362, 363, 364, 365, 366, 367, 368, 369, 370, 371, 372]",6,16,14,/media/bendico765/Crucial X9/Materiali Tesista/Roi masks/AMBL-018/ROI 1.npy,/media/bendico765/Crucial X9/Materiali Tesista/Cleaned Roi masks/AMBL-018/ROI 1.npy,0.6445,2.0,/media/bendico765/Crucial X9/MRI Lesions/manifest-1728494830954/Advanced-MRI-Breast-Lesions/AMBL-018/03-12-2004-NA-MRI BREASTS - Delayed contrast-16432/500.000000-Registered AX Sen Vibrant MultiPhase-87572,0.8000032668671018,0.6909019469571102,7.766212904520766,11.240687537102682,13.060793850298687,13.060793850298687,10.39225023755683,13.312791593050648,510.0177169583341,8.99258675151446,0.7332919099187415,420.98252898565437,0.8254272645592163,519.2253125,80.0,195.0,2.730486470245103,44.0,3.180889765762342,267.0,31.531376639999998,143.0672,146.0,40.0,227.0,20.207409406199904,149.1226984734383,0.11303477049210774,11546314.009363499,0.18858240000000004,1769.35548416,28.83164756707104,207.6225762507762,1.6149415660912214,7.530624844673058,2.7386509260876015,0.46073790878049203,1.192391211185773,1.986769519792999,1.2295241890895297,0.5884390920938385,0.5456644346300868,0.9751117625096991,0.9020968991212693,-0.1283227659058032,0.645928075105104,0.44082797528915435,5.256664650988574,0.055852918439889376,4.928453818095769,0.5511615993848994,0.12685622199846397,10.513329301977148,3.383148670515088,2.5673189426901653,6.102724424448942,49.4032,0.07904512,16.836771839999994,2.9237759999999997,30.2976,67.0992,1993.0496,2.860976306374402,0.06163987150415722,0.07538634664714072,2.450031555429672,0.0069374538727116275,79.87381140664297,0.16622139774886568,3.3068307883743056,30.47029405791275,2.325909111457578,69.78695701096404,0.12786467287726352,0.06601431418859424,3.7742343468855086,312.22477226105144,0.6380608398165509,0.7657846153846154,0.5198115920104585,0.8202218072372496,25.063555069816587,0.05698166131645111,7.185185185185185,0.13305898491083676,5.72599451303155,35.166666666666664,1102.648148148148,32201.037037037036,44.19726505416981,0.0949468129158385,7.925925925925926,0.1467764060356653,0.3585420670895801,12.530093526797081,0.03708534485387169,5.13433611319444,0.0864,968.6889574759944,1.429779120072779,0.013374447952624165,31.859400550294353,0.05471334010416048,0.42733746075908224
19,AMBL-018,2,0.0,-1.0,-1,-1,-1,,-1.0,-1.0,-1.0,-1,/media/bendico765/Crucial X9/MRI Lesions/manifest-1728494830954/Advanced-MRI-Breast-Lesions/AMBL-018/03-12-2004-NA-MRI BREASTS - Delayed contrast-16432/600.000000-Registered Ax T2 FSE-28458,/media/bendico765/Crucial X9/MRI Lesions/manifest-1728494830954/Advanced-MRI-Breast-Lesions/AMBL-018/03-12-2004-NA-MRI BREASTS - Delayed contrast-16432/500.000000-ROI-44726/1-1.dcm,-84.76,R,"[[[0 0 0 ... 0 0 0]
  [0 0 0 ... 0 0 0]
  [0 0 0 ... 0 0 0]
  ...
  [0 0 0 ... 0 0 0]
  [0 0 0 ... 0 0 0]
  [0 0 0 ... 0 0 0]]

 [[0 0 0 ... 0 0 0]
  [0 0 0 ... 0 0 0]
  [0 0 0 ... 0 0 0]
  ...
  [0 0 0 ... 0 0 0]
  [0 0 0 ... 0 0 0]
  [0 0 0 ... 0 0 0]]

 [[0 0 0 ... 0 0 0]
  [0 0 0 ... 0 0 0]
  [0 0 0 ... 0 0 0]
  ...
  [0 0 0 ... 0 0 0]
  [0 0 0 ... 0 0 0]
  [0 0 0 ... 0 0 0]]

 ...

 [[0 0 0 ... 0 0 0]
  [0 0 0 ... 0 0 0]
  [0 0 0 ... 0 0 0]
  ...
  [0 0 0 ... 0 0 0]
  [0 0 0 ... 0 0 0]
  [0 0 0 ... 0 0 0]]

 [[0 0 0 ... 0 0 0]
  [0 0 0 ... 0 0 0]
  [0 0 0 ... 0 0 0]
  ...
  [0 0 0 ... 0 0 0]
  [0 0 0 ... 0 0 0]
  [0 0 0 ... 0 0 0]]

 [[0 0 0 ... 0 0 0]
  [0 0 0 ... 0 0 0]
  [0 0 0 ... 0 0 0]
  ...
  [0 0 0 ... 0 0 0]
  [0 0 0 ... 0 0 0]
  [0 0 0 ... 0 0 0]]]","[94, 95]","[140, 141, 142, 143, 144, 145, 146, 147, 148, 149, 150, 151, 152, 153, 154, 155, 156, 157, 158, 159, 160]","[363, 364, 365, 366, 367, 368, 369, 370, 371, 372, 373]",2,21,11,/media/bendico765/Crucial X9/Materiali Tesista/Roi masks/AMBL-018/ROI 2.npy,/media/bendico765/Crucial X9/Materiali Tesista/Cleaned Roi masks/AMBL-018/ROI 2.npy,0.6445,2.0,/media/bendico765/Crucial X9/MRI Lesions/manifest-1728494830954/Advanced-MRI-Breast-Lesions/AMBL-018/03-12-2004-NA-MRI BREASTS - Delayed contrast-16432/500.000000-Registered AX Sen Vibrant MultiPhase-87572,0.5418312966330278,0.3233895802865962,3.9910010759843964,12.34115543378815,7.585382323917496,13.04423627507567,13.59574239422033,13.742059934740496,217.2092557291663,6.6868242506391695,0.7155138102248533,244.22211553334765,1.124363299867217,228.45913749999997,113.0,197.0,2.4683961769496108,50.0,2.6410698624583597,239.0,27.882869421487605,153.88363636363636,149.0,71.0,168.0,20.30470301590876,157.56744010682596,0.14431393198451833,5672068.820900999,0.21168925619834708,1147.3246413223142,22.663513454784134,69.83755510912518,2.3212930074697633,4.3868008323517085,3.2164692227587315,0.15231343623573604,1.4165286417328307,1.8922426474053038,0.952257869847126,0.5257263794733724,0.4647111517260098,0.9552221093586792,0.8608547570642676,-0.17833544331483125,0.7398979193953626,0.41584414425338523,4.728833878463507,0.0655058595382389,4.468126228258311,0.5944306515658735,0.14476528204410408,9.457667756927014,2.9380187817928745,1.9008175137776102,5.193958030809034,35.95272727272727,0.13073719008264462,5.61264132231405,1.920714049586777,23.78909090909091,31.05090909090909,704.72,1.7891933055040197,0.06580174706246135,0.0942645500231982,2.1958817215558066,0.010257751767457,47.635581607002976,0.20410605629919723,1.9848132177782036,23.844987903917136,2.0045880397814893,47.29710205786348,0.12504199081739545,0.06753061004115893,3.1145675586811357,184.89345058604465,0.7605155139005298,0.8444755244755245,0.40620030130325324,0.8797896957341812,21.000453002064425,0.06031546451800355,4.642857142857143,0.16581632653061223,3.391581632653061,23.964285714285715,402.10714285714283,8627.142857142857,22.403254828717202,0.11196863864593457,3.5,0.125,0.31315307936278425,7.287797865430234,0.058368082458195795,4.593069207771881,0.10181818181818182,305.6466836734694,1.412101137553573,0.020396445093069444,23.77661006287665,0.0657762867414705,0.43698323039480413
20,AMBL-022,0,1.0,-1,3,0,0,,100,0,10.0,high,/media/bendico765/Crucial X9/MRI Lesions/manifest-1728494830954/Advanced-MRI-Breast-Lesions/AMBL-022/03-16-2004-NA-MRI BREASTS - Delayed contrast-48965/600.000000-Registered Ax T2 FSE-15454,/media/bendico765/Crucial X9/MRI Lesions/manifest-1728494830954/Advanced-MRI-Breast-Lesions/AMBL-022/03-16-2004-NA-MRI BREASTS - Delayed contrast-48965/500.000000-ROI-50270/1-1.dcm,-24.82,L,"[[[0 0 0 ... 0 0 0]
  [0 0 0 ... 0 0 0]
  [0 0 0 ... 0 0 0]
  ...
  [0 0 0 ... 0 0 0]
  [0 0 0 ... 0 0 0]
  [0 0 0 ... 0 0 0]]

 [[0 0 0 ... 0 0 0]
  [0 0 0 ... 0 0 0]
  [0 0 0 ... 0 0 0]
  ...
  [0 0 0 ... 0 0 0]
  [0 0 0 ... 0 0 0]
  [0 0 0 ... 0 0 0]]

 [[0 0 0 ... 0 0 0]
  [0 0 0 ... 0 0 0]
  [0 0 0 ... 0 0 0]
  ...
  [0 0 0 ... 0 0 0]
  [0 0 0 ... 0 0 0]
  [0 0 0 ... 0 0 0]]

 ...

 [[0 0 0 ... 0 0 0]
  [0 0 0 ... 0 0 0]
  [0 0 0 ... 0 0 0]
  ...
  [0 0 0 ... 0 0 0]
  [0 0 0 ... 0 0 0]
  [0 0 0 ... 0 0 0]]

 [[0 0 0 ... 0 0 0]
  [0 0 0 ... 0 0 0]
  [0 0 0 ... 0 0 0]
  ...
  [0 0 0 ... 0 0 0]
  [0 0 0 ... 0 0 0]
  [0 0 0 ... 0 0 0]]

 [[0 0 0 ... 0 0 0]
  [0 0 0 ... 0 0 0]
  [0 0 0 ... 0 0 0]
  ...
  [0 0 0 ... 0 0 0]
  [0 0 0 ... 0 0 0]
  [0 0 0 ... 0 0 0]]]","[69, 70, 71, 72, 73]","[233, 234, 235, 236, 237, 238, 239, 240, 241, 242, 243, 244, 245, 246, 247, 248, 249, 250, 251, 252, 253]","[129, 130, 131, 132, 133, 134, 135, 136, 137, 138, 139, 140, 141, 142, 143, 144, 145]",5,21,17,/media/bendico765/Crucial X9/Materiali Tesista/Roi masks/AMBL-022/ROI 0.npy,/media/bendico765/Crucial X9/Materiali Tesista/Cleaned Roi masks/AMBL-022/ROI 0.npy,0.6641,2.0,/media/bendico765/Crucial X9/MRI Lesions/manifest-1728494830954/Advanced-MRI-Breast-Lesions/AMBL-022/03-16-2004-NA-MRI BREASTS - Delayed contrast-48965/500.000000-Registered AX Sen Vibrant MultiPhase-60443,0.5853457266908657,0.48682867665823876,6.753809133789901,13.873071693620012,11.323685082162962,14.383787207825344,13.182008615533523,16.222843761190575,485.38895780583647,8.120543231936486,0.6564505342084948,454.99718866644014,0.9373867727094988,502.77284340000006,137.9,324.0,3.4796308817215786,103.75,2.5580753569828585,430.0,58.132336103416435,242.8438596491228,252.5,64.0,366.0,42.366877504800115,252.9576727646867,-0.3819159273393267,32171219.655823264,0.10203139427516159,5014.444041243459,65.17297342505489,1194.9489783758047,-0.6332267517203948,21.723097341477732,14.015325962492502,0.22897463243075203,2.884289827021876,2.7983532415273134,4.373152524986119,0.39708946209750534,0.3170604442530622,0.9522949620725766,0.8600147710190549,-0.16522506252760813,0.7853878983879679,0.3019901216482017,7.952509336235816,0.014647281396919672,6.501492229957145,0.5808183331889412,0.03795424301175849,15.905018672471632,4.106043683951324,8.93460582599256,6.122214864796264,86.50526315789473,0.15176361957525392,4.183256386580486,8.231520467836258,76.01929824561404,18.810526315789474,1672.5771929824562,0.49418484512863375,0.03293714047052174,0.19171822043551812,13.201678240718948,0.006593601050652639,51.19834955701993,0.10075602124178204,8.25465082000507,74.99077492737993,1.505941622576882,117.26022914691131,0.048879890579977076,0.033383041740299796,3.963023651845986,425.7978102335662,0.8226922183110223,0.8913630229419702,0.19170999660936236,0.9187200940216038,68.18598932390682,0.031091854074283106,11.709677419354838,0.09443288241415193,9.041818418314255,67.12096774193549,105.19354838709677,10041.120967741936,2.1716157863796663,0.03793166840373204,33.29032258064516,0.2684703433922997,0.5252380219471466,35.391111870148094,0.017151408619022743,5.503360956513665,0.21754385964912282,84.06321540062434,0.7818653069720864,0.009070870031343499,216.00350054508917,0.14508171032273182,0.7844358473512276
21,AMBL-023,0,0.0,-1,-1,-1,-1,,-1,-1,-1.0,-1,/media/bendico765/Crucial X9/MRI Lesions/manifest-1728494830954/Advanced-MRI-Breast-Lesions/AMBL-023/03-17-2004-NA-MRI BREASTS - Delayed contrast-69871/600.000000-Registered Ax T2 FSE-06408,/media/bendico765/Crucial X9/MRI Lesions/manifest-1728494830954/Advanced-MRI-Breast-Lesions/AMBL-023/03-17-2004-NA-MRI BREASTS - Delayed contrast-69871/500.000000-ROI-38505/1-1.dcm,-14.63,L,"[[[0 0 0 ... 0 0 0]
  [0 0 0 ... 0 0 0]
  [0 0 0 ... 0 0 0]
  ...
  [0 0 0 ... 0 0 0]
  [0 0 0 ... 0 0 0]
  [0 0 0 ... 0 0 0]]

 [[0 0 0 ... 0 0 0]
  [0 0 0 ... 0 0 0]
  [0 0 0 ... 0 0 0]
  ...
  [0 0 0 ... 0 0 0]
  [0 0 0 ... 0 0 0]
  [0 0 0 ... 0 0 0]]

 [[0 0 0 ... 0 0 0]
  [0 0 0 ... 0 0 0]
  [0 0 0 ... 0 0 0]
  ...
  [0 0 0 ... 0 0 0]
  [0 0 0 ... 0 0 0]
  [0 0 0 ... 0 0 0]]

 ...

 [[0 0 0 ... 0 0 0]
  [0 0 0 ... 0 0 0]
  [0 0 0 ... 0 0 0]
  ...
  [0 0 0 ... 0 0 0]
  [0 0 0 ... 0 0 0]
  [0 0 0 ... 0 0 0]]

 [[0 0 0 ... 0 0 0]
  [0 0 0 ... 0 0 0]
  [0 0 0 ... 0 0 0]
  ...
  [0 0 0 ... 0 0 0]
  [0 0 0 ... 0 0 0]
  [0 0 0 ... 0 0 0]]

 [[0 0 0 ... 0 0 0]
  [0 0 0 ... 0 0 0]
  [0 0 0 ... 0 0 0]
  ...
  [0 0 0 ... 0 0 0]
  [0 0 0 ... 0 0 0]
  [0 0 0 ... 0 0 0]]]","[63, 64, 65]","[202, 203, 204, 205, 206, 207, 208, 209, 210, 211, 212]","[101, 102, 103, 104, 105, 106, 107]",3,11,7,/media/bendico765/Crucial X9/Materiali Tesista/Roi masks/AMBL-023/ROI 0.npy,/media/bendico765/Crucial X9/Materiali Tesista/Cleaned Roi masks/AMBL-023/ROI 0.npy,0.6836,2.1,/media/bendico765/Crucial X9/MRI Lesions/manifest-1728494830954/Advanced-MRI-Breast-Lesions/AMBL-023/03-17-2004-NA-MRI BREASTS - Delayed contrast-69871/500.000000-Registered AX Sen Vibrant MultiPhase-97875,0.8141823825689923,0.5357822667906484,3.5916755837793346,6.70361041490525,6.625389093479719,7.449296997703877,7.136993529491252,8.052217393985336,55.56887670599999,5.457961499421868,0.5788739038240783,121.65255411571115,2.189221041111595,66.731719488,197.7,214.3,0.5638560041131411,7.25,4.1026802409915994,223.0,5.281574394463666,206.98529411764707,207.5,184.0,39.0,3.2777777777777777,207.10763754485677,-0.6175693792224971,2862361.916602608,0.7703287197231834,50.66154844290657,3.5631099937624464,0.1694876715994296,-0.13646319573117188,0.19214867757422394,0.20139997497618753,-0.03636458217869469,0.20139997497618753,0.7095290511099235,0.1573974763661518,0.8993000125119063,0.8993000125119063,0.9597200050047624,0.9328666750079376,-0.044903930948618304,0.1981907144952708,0.20139997497618753,1.8879366604168468,0.6458281973586425,0.970884187475421,0.143669483849793,0.7872366729287532,3.7758733208336936,0.7694842124992335,0.09838716313760285,4.001693812988755,4.911764705882353,0.0722318339100346,22.624567474048444,0.1148356401384083,3.6029411764705883,114.55882352941177,455.8970588235294,29.22426470588235,0.3492647058823529,0.04988291938114602,0.09168854026968214,0.03943151415901199,31.72958693830582,0.6914888898693735,0.15425555506531324,3.4236747930718483,3.324686401188209,12.59527932027875,1.0070381714155743,0.394081301732038,1.8657887854696467,23.34767090970193,0.4908321224913959,0.6696832579185521,0.7614841490710013,0.7002860743038237,2.2566043596736267,0.3112065029613729,3.4,0.68,0.16,1.6,700.8,2789.4,178.65,0.85,1.4,0.28,0.2945018991988254,0.2946742634619682,0.2944588081330397,1.9219280948873614,0.07352941176470588,515.84,2.143581463134215,0.14551656229033952,0.20211970543393554,0.02416793691405531,0.13975205412076303
22,AMBL-023,1,0.0,-1,-1,-1,-1,,-1.0,-1.0,-1.0,-1,/media/bendico765/Crucial X9/MRI Lesions/manifest-1728494830954/Advanced-MRI-Breast-Lesions/AMBL-023/03-17-2004-NA-MRI BREASTS - Delayed contrast-69871/600.000000-Registered Ax T2 FSE-06408,/media/bendico765/Crucial X9/MRI Lesions/manifest-1728494830954/Advanced-MRI-Breast-Lesions/AMBL-023/03-17-2004-NA-MRI BREASTS - Delayed contrast-69871/500.000000-ROI-38505/1-1.dcm,-58.73,R,"[[[0 0 0 ... 0 0 0]
  [0 0 0 ... 0 0 0]
  [0 0 0 ... 0 0 0]
  ...
  [0 0 0 ... 0 0 0]
  [0 0 0 ... 0 0 0]
  [0 0 0 ... 0 0 0]]

 [[0 0 0 ... 0 0 0]
  [0 0 0 ... 0 0 0]
  [0 0 0 ... 0 0 0]
  ...
  [0 0 0 ... 0 0 0]
  [0 0 0 ... 0 0 0]
  [0 0 0 ... 0 0 0]]

 [[0 0 0 ... 0 0 0]
  [0 0 0 ... 0 0 0]
  [0 0 0 ... 0 0 0]
  ...
  [0 0 0 ... 0 0 0]
  [0 0 0 ... 0 0 0]
  [0 0 0 ... 0 0 0]]

 ...

 [[0 0 0 ... 0 0 0]
  [0 0 0 ... 0 0 0]
  [0 0 0 ... 0 0 0]
  ...
  [0 0 0 ... 0 0 0]
  [0 0 0 ... 0 0 0]
  [0 0 0 ... 0 0 0]]

 [[0 0 0 ... 0 0 0]
  [0 0 0 ... 0 0 0]
  [0 0 0 ... 0 0 0]
  ...
  [0 0 0 ... 0 0 0]
  [0 0 0 ... 0 0 0]
  [0 0 0 ... 0 0 0]]

 [[0 0 0 ... 0 0 0]
  [0 0 0 ... 0 0 0]
  [0 0 0 ... 0 0 0]
  ...
  [0 0 0 ... 0 0 0]
  [0 0 0 ... 0 0 0]
  [0 0 0 ... 0 0 0]]]","[84, 85, 86]","[215, 216, 217, 218, 219, 220, 221, 222, 223, 224, 225]","[398, 399, 400, 401, 402, 403, 404]",3,11,7,/media/bendico765/Crucial X9/Materiali Tesista/Roi masks/AMBL-023/ROI 1.npy,/media/bendico765/Crucial X9/Materiali Tesista/Cleaned Roi masks/AMBL-023/ROI 1.npy,0.6836,2.1,/media/bendico765/Crucial X9/MRI Lesions/manifest-1728494830954/Advanced-MRI-Breast-Lesions/AMBL-023/03-17-2004-NA-MRI BREASTS - Delayed contrast-69871/500.000000-Registered AX Sen Vibrant MultiPhase-97875,0.4524633644974394,0.3436676486273817,2.9936923123300447,8.711009966422315,5.415046075519579,9.296283988777452,6.971379478984055,9.39628287356229,40.357970057999985,3.9414128775781676,0.6461174459365705,88.06274107441263,2.1820408942237255,49.06744079999999,200.7,258.1,1.8105754665814233,25.5,4.217515444853927,273.0,19.8504,237.78,249.5,162.0,111.0,12.5,239.1742879157373,-1.3959638680432114,2806870.5664530722,0.348,665.0116000000002,17.154826147586327,36.11505902006776,-5.638160941259288,3.472095519018084,0.9428284602492746,0.5453006607494418,0.6788319238545483,1.2703267892615313,0.4347052222604918,0.7045834608051803,0.6869836917121984,0.965838135107612,0.893146977843164,-0.36475762945297513,0.836944651222894,0.44783495450916266,4.060700580044472,0.1700383188285733,2.951231836339431,0.7589956275987257,0.3040781613179803,8.121401160088944,2.259275549304453,1.10373099481684,3.8387593220040985,6.88,0.1376,6.3904,1.2004000000000001,18.34,35.12,780.5,1.9746666666666668,0.10583333333333332,0.09737526434203923,1.5669982752176475,0.016291839277385273,13.772515773412302,0.32696961933091273,1.2523335507859874,17.666290705864608,1.9978960689814462,39.47798332426695,0.17669114315188386,0.1151115084224903,2.4400716512271576,31.86785721763402,0.7346305059666915,0.8323076923076922,0.36459323812333694,0.8647605808293279,14.97258616166785,0.10452759951678804,2.0,0.25,1.75,14.0,89.0,2020.625,4.838125,0.2035763888888889,1.5,0.1875,0.30485136763038545,5.344852784863945,0.04830565791131267,2.9999999999999973,0.16,49.9375,0.2629019582144582,0.16062919430703318,4.625649273832331,0.04999852542346543,2.160783724819538
23,AMBL-024,0,0.0,-1,-1,-1,-1,,-1,-1,-1.0,-1,/media/bendico765/Crucial X9/MRI Lesions/manifest-1728494830954/Advanced-MRI-Breast-Lesions/AMBL-024/03-17-2004-NA-MRI BREASTS - Delayed contrast-83099/600.000000-Registered Ax T2 FSE-39229,/media/bendico765/Crucial X9/MRI Lesions/manifest-1728494830954/Advanced-MRI-Breast-Lesions/AMBL-024/03-17-2004-NA-MRI BREASTS - Delayed contrast-83099/500.000000-ROI-05492/1-1.dcm,-49.1,R,"[[[0 0 0 ... 0 0 0]
  [0 0 0 ... 0 0 0]
  [0 0 0 ... 0 0 0]
  ...
  [0 0 0 ... 0 0 0]
  [0 0 0 ... 0 0 0]
  [0 0 0 ... 0 0 0]]

 [[0 0 0 ... 0 0 0]
  [0 0 0 ... 0 0 0]
  [0 0 0 ... 0 0 0]
  ...
  [0 0 0 ... 0 0 0]
  [0 0 0 ... 0 0 0]
  [0 0 0 ... 0 0 0]]

 [[0 0 0 ... 0 0 0]
  [0 0 0 ... 0 0 0]
  [0 0 0 ... 0 0 0]
  ...
  [0 0 0 ... 0 0 0]
  [0 0 0 ... 0 0 0]
  [0 0 0 ... 0 0 0]]

 ...

 [[0 0 0 ... 0 0 0]
  [0 0 0 ... 0 0 0]
  [0 0 0 ... 0 0 0]
  ...
  [0 0 0 ... 0 0 0]
  [0 0 0 ... 0 0 0]
  [0 0 0 ... 0 0 0]]

 [[0 0 0 ... 0 0 0]
  [0 0 0 ... 0 0 0]
  [0 0 0 ... 0 0 0]
  ...
  [0 0 0 ... 0 0 0]
  [0 0 0 ... 0 0 0]
  [0 0 0 ... 0 0 0]]

 [[0 0 0 ... 0 0 0]
  [0 0 0 ... 0 0 0]
  [0 0 0 ... 0 0 0]
  ...
  [0 0 0 ... 0 0 0]
  [0 0 0 ... 0 0 0]
  [0 0 0 ... 0 0 0]]]","[77, 78, 79, 80, 81, 82, 83, 84, 85, 86]","[183, 184, 185, 186, 187, 188, 189, 190, 191, 192, 193, 194, 195, 196, 197, 198, 199, 200, 201, 202, 203, 204, 205, 206, 207, 208, 209, 210, 211, 212, 213, 214, 215, 216, 217, 218, 219, 220, 221, 222, 223, 224, 225, 226, 227, 228, 229, 230, 231, 232, 233, 234, 235, 236, 237, 238]","[362, 363, 364, 365, 366, 367, 368, 369, 370, 371, 372, 373, 374, 375, 376, 377, 378, 379, 380, 381, 382, 383, 384, 385, 386, 387, 388, 389, 390, 391, 392]",10,56,31,/media/bendico765/Crucial X9/Materiali Tesista/Roi masks/AMBL-024/ROI 0.npy,/media/bendico765/Crucial X9/Materiali Tesista/Cleaned Roi masks/AMBL-024/ROI 0.npy,0.6055,2.0,/media/bendico765/Crucial X9/MRI Lesions/manifest-1728494830954/Advanced-MRI-Breast-Lesions/AMBL-024/03-17-2004-NA-MRI BREASTS - Delayed contrast-83099/500.000000-Registered AX Sen Vibrant MultiPhase-04844,0.3949774476624334,0.25973271493679884,9.23134212377372,35.54169957380993,20.771088464497957,35.56815723368305,27.787106839323883,36.472272104984086,1693.6178873541703,14.038169783248446,0.3982433314730257,1725.3580457405822,1.0187410387097395,1739.2939060000003,164.0,346.0,3.42762268552526,110.0,2.160745922980158,475.0,58.088773180074455,249.68212478920742,245.5,99.0,376.0,44.97038784067086,258.8853734639945,0.2308663618926975,116570324.09738101,0.10078906807640572,4680.47315433856,64.26762408057786,1346.983642452449,5.381459936077738,25.74333926858798,4.233557256175752,0.7181126638887755,1.5250606608728563,2.2246272016498763,1.7583363488645012,0.5259237143288183,0.47032002879067014,0.9860994187855021,0.922428871308242,-0.19419919810301195,0.8293584365159942,0.43097043652700273,7.672930044944612,0.018008904095154658,6.173949056521745,0.7598209900336936,0.04222098534961483,15.345860089889225,4.260219820973972,7.494224131190932,6.7386216140582125,250.6602023608769,0.10567462156866649,7.672952290494214,7.581263561107809,63.98313659359191,34.930860033726816,2049.747892074199,1.053044975706455,0.0298336971479135,0.12533414086818354,8.662678003570635,0.004054237185265032,198.32457259738106,0.09977003221365968,7.659001288938954,64.68551693691165,1.7646106298585609,110.61745622338411,0.05261453835860767,0.02982876464922203,4.172840058435882,1475.9432205527623,0.7297682912436803,0.8376572836943831,0.280050074923371,0.8730092343661026,56.89984880535134,0.02603547597705349,28.562091503267975,0.09334016831133325,9.380163612285873,68.1078431372549,733.7973856209151,43048.424836601305,19.270847650365134,0.03566135539572691,80.45751633986929,0.26293305993421334,0.525952334219201,37.7211098968288,0.018746930287599353,5.916221400311288,0.12900505902192244,673.7095561536162,2.0735621066178687,0.004503855399887257,107.45414199052667,0.06321482526980375,0.41708534187213697
24,AMBL-024,1,0.0,-1,-1,-1,-1,,-1.0,-1.0,-1.0,-1,/media/bendico765/Crucial X9/MRI Lesions/manifest-1728494830954/Advanced-MRI-Breast-Lesions/AMBL-024/03-17-2004-NA-MRI BREASTS - Delayed contrast-83099/600.000000-Registered Ax T2 FSE-39229,/media/bendico765/Crucial X9/MRI Lesions/manifest-1728494830954/Advanced-MRI-Breast-Lesions/AMBL-024/03-17-2004-NA-MRI BREASTS - Delayed contrast-83099/500.000000-ROI-05492/1-1.dcm,-1.1,R,"[[[0 0 0 ... 0 0 0]
  [0 0 0 ... 0 0 0]
  [0 0 0 ... 0 0 0]
  ...
  [0 0 0 ... 0 0 0]
  [0 0 0 ... 0 0 0]
  [0 0 0 ... 0 0 0]]

 [[0 0 0 ... 0 0 0]
  [0 0 0 ... 0 0 0]
  [0 0 0 ... 0 0 0]
  ...
  [0 0 0 ... 0 0 0]
  [0 0 0 ... 0 0 0]
  [0 0 0 ... 0 0 0]]

 [[0 0 0 ... 0 0 0]
  [0 0 0 ... 0 0 0]
  [0 0 0 ... 0 0 0]
  ...
  [0 0 0 ... 0 0 0]
  [0 0 0 ... 0 0 0]
  [0 0 0 ... 0 0 0]]

 ...

 [[0 0 0 ... 0 0 0]
  [0 0 0 ... 0 0 0]
  [0 0 0 ... 0 0 0]
  ...
  [0 0 0 ... 0 0 0]
  [0 0 0 ... 0 0 0]
  [0 0 0 ... 0 0 0]]

 [[0 0 0 ... 0 0 0]
  [0 0 0 ... 0 0 0]
  [0 0 0 ... 0 0 0]
  ...
  [0 0 0 ... 0 0 0]
  [0 0 0 ... 0 0 0]
  [0 0 0 ... 0 0 0]]

 [[0 0 0 ... 0 0 0]
  [0 0 0 ... 0 0 0]
  [0 0 0 ... 0 0 0]
  ...
  [0 0 0 ... 0 0 0]
  [0 0 0 ... 0 0 0]
  [0 0 0 ... 0 0 0]]]","[59, 60, 61]","[202, 203, 204, 205, 206, 207, 208, 209, 210, 211, 212, 213, 214, 215, 216, 217, 218, 219, 220]","[381, 382, 383, 384, 385, 386, 387, 388]",3,19,8,/media/bendico765/Crucial X9/Materiali Tesista/Roi masks/AMBL-024/ROI 1.npy,/media/bendico765/Crucial X9/Materiali Tesista/Cleaned Roi masks/AMBL-024/ROI 1.npy,0.6055,2.0,/media/bendico765/Crucial X9/MRI Lesions/manifest-1728494830954/Advanced-MRI-Breast-Lesions/AMBL-024/03-17-2004-NA-MRI BREASTS - Delayed contrast-83099/500.000000-Registered AX Sen Vibrant MultiPhase-04844,0.5624639278929137,0.35000824646658735,3.5472944579566943,10.134888231255797,6.720547317741317,10.899000000000001,11.568061257185667,11.568061257185667,106.13945737499994,5.7005090433078,0.5687890594900312,190.59761661662043,1.7957281988282874,118.78820100000002,191.0,282.8,2.5159997779501833,54.25,2.2216298964632157,319.0,29.065538789818625,238.93827160493828,242.0,164.0,155.0,21.95709392464395,241.44045606973262,-0.06183122399594323,6924579.261733001,0.1921201036427374,1201.9961896052428,18.393574530930533,66.74288289952008,-1.8351969648207245,5.680055468722827,1.6460641818507364,0.5488149486902022,0.9751508423612129,1.6433244286643278,0.656059847126881,0.6116872906616699,0.5795159127683458,0.9691624258293513,0.8870058462620037,-0.18981662754914078,0.7609144929274768,0.5066877965495198,4.169212219488608,0.05705407781228929,4.4031631787081515,0.6462266165154429,0.10864784671985775,8.338424438977215,3.1445788939345034,1.8315299126433908,5.261629386521745,18.493827160493826,0.11415942691662856,6.46486816034141,1.996189605243103,18.493827160493826,34.77777777777778,691.2098765432099,2.6715134654684913,0.10803637916071779,0.12221486157051363,1.9976919812141989,0.03186903382833711,25.59338032230753,0.18952074958596718,2.0617478736970094,18.351182474817282,1.7880319040232306,33.28227771940445,0.18054579595740064,0.11350086507461306,3.212330342836698,98.38213686915687,0.7188505478510684,0.8338081671415005,0.29175918451163974,0.8692671218021373,15.79051910837708,0.10323575932481878,4.043478260869565,0.17580340264650285,3.1871455576559544,17.82608695652174,157.91304347826087,2876.1739130434785,13.325319432120676,0.23155723158828748,5.608695652173913,0.2438563327032136,0.49373345367869137,6.733224759279239,0.19416144753834597,3.7081320646585962,0.1419753086419753,108.30245746691871,0.8479533170395318,0.054585215194761054,11.532878643493666,0.06416580932770237,0.7681447915119701
25,AMBL-025,0,0.0,-1,-1,-1,-1,,-1,-1,-1.0,-1,/media/bendico765/Crucial X9/MRI Lesions/manifest-1728494830954/Advanced-MRI-Breast-Lesions/AMBL-025/03-18-2004-NA-MRI BREASTS - Delayed contrast-60779/600.000000-Registered Ax T2 FSE-67690,/media/bendico765/Crucial X9/MRI Lesions/manifest-1728494830954/Advanced-MRI-Breast-Lesions/AMBL-025/03-18-2004-NA-MRI BREASTS - Delayed contrast-60779/500.000000-ROI-13019/1-1.dcm,34.66,R,"[[[0 0 0 ... 0 0 0]
  [0 0 0 ... 0 0 0]
  [0 0 0 ... 0 0 0]
  ...
  [0 0 0 ... 0 0 0]
  [0 0 0 ... 0 0 0]
  [0 0 0 ... 0 0 0]]

 [[0 0 0 ... 0 0 0]
  [0 0 0 ... 0 0 0]
  [0 0 0 ... 0 0 0]
  ...
  [0 0 0 ... 0 0 0]
  [0 0 0 ... 0 0 0]
  [0 0 0 ... 0 0 0]]

 [[0 0 0 ... 0 0 0]
  [0 0 0 ... 0 0 0]
  [0 0 0 ... 0 0 0]
  ...
  [0 0 0 ... 0 0 0]
  [0 0 0 ... 0 0 0]
  [0 0 0 ... 0 0 0]]

 ...

 [[0 0 0 ... 0 0 0]
  [0 0 0 ... 0 0 0]
  [0 0 0 ... 0 0 0]
  ...
  [0 0 0 ... 0 0 0]
  [0 0 0 ... 0 0 0]
  [0 0 0 ... 0 0 0]]

 [[0 0 0 ... 0 0 0]
  [0 0 0 ... 0 0 0]
  [0 0 0 ... 0 0 0]
  ...
  [0 0 0 ... 0 0 0]
  [0 0 0 ... 0 0 0]
  [0 0 0 ... 0 0 0]]

 [[0 0 0 ... 0 0 0]
  [0 0 0 ... 0 0 0]
  [0 0 0 ... 0 0 0]
  ...
  [0 0 0 ... 0 0 0]
  [0 0 0 ... 0 0 0]
  [0 0 0 ... 0 0 0]]]","[39, 40, 41, 42, 43, 44, 45, 46, 47, 48, 49, 50, 51, 52, 53]","[227, 228, 229, 230, 231, 232, 233, 234, 235, 236, 237, 238, 239, 240, 241, 242, 243, 244, 245, 246, 247, 248, 249, 250, 251, 252, 253, 254, 255, 256, 257, 258, 259]","[341, 342, 343, 344, 345, 346, 347, 348, 349, 350, 351, 352, 353, 354, 355, 356, 357, 358, 359, 360, 361, 362, 363, 364, 365, 366, 367, 368, 369, 370, 371, 372, 373, 374, 375]",15,33,35,/media/bendico765/Crucial X9/Materiali Tesista/Roi masks/AMBL-025/ROI 0.npy,/media/bendico765/Crucial X9/Materiali Tesista/Cleaned Roi masks/AMBL-025/ROI 0.npy,0.6641,2.0,/media/bendico765/Crucial X9/MRI Lesions/manifest-1728494830954/Advanced-MRI-Breast-Lesions/AMBL-025/03-18-2004-NA-MRI BREASTS - Delayed contrast-60779/500.000000-Registered AX Sen Vibrant MultiPhase-11184,0.5778084095660566,0.41140433820773303,14.810758720076565,36.00049232489638,32.54552811693183,33.36851725863767,22.715714994250128,35.840997786334015,1055.933228342494,20.8013872138434,0.1867603403049106,2685.079232591062,2.542849453469563,1284.2758947200002,75.0,344.5,3.9335636209457707,134.25,2.81216694335189,524.0,80.13231720202874,194.17445054945054,187.0,-26.0,550.0,57.796010569597705,218.31309744603854,0.5628697737689383,61209370.64540653,0.07587493207342107,9956.8912703025,112.62747947213012,6614.81368532661,176.6515091242492,49.81995469860866,17.925939290883747,0.46024918684206384,2.983548694969684,3.108715026207797,8.47642581555249,0.41305877548264835,0.33843938150572056,0.9704865802690222,0.8954991087734118,-0.15175524937602425,0.8202134568396551,0.31416906110467663,10.229505344566139,0.009423681617383762,7.317327242079964,0.5852807037600991,0.03508893262846697,20.459010689132278,4.687806005610185,16.936473497373097,6.33205019681065,292.7445054945055,0.2010607867407318,3.672290106871151,16.037669061707522,121.89010989010988,11.625,1183.6895604395604,0.20346370047010665,0.01711831932507014,0.3848431598658919,53.59963356373396,0.005912767935285473,101.22032314278069,0.07474969893579458,16.187174438749086,123.18119383553238,1.252163644381403,149.4280190091952,0.021498851435859327,0.01709061468660967,4.303697235108607,1186.1104553894324,0.8737989724576768,0.9299978867286561,0.09035364609207505,0.947788444837217,117.62485046587571,0.016178480625634168,45.49170437405731,0.06861493872406835,17.687725931537482,136.27752639517345,15.625942684766214,1544.0603318250378,0.26288102027965393,0.016429475568220057,292.0467571644042,0.44049284640181635,0.6895958967530782,99.58377427380363,0.00998169245538704,5.691841047051485,0.45535714285714285,10.8031822080265,0.911296123206693,0.005880818683829491,358.3316101362174,0.13086630504058777,0.9437447686324099
26,AMBL-026,0,0.0,-1,-1,-1,-1,,-1,-1,-1.0,-1,/media/bendico765/Crucial X9/MRI Lesions/manifest-1728494830954/Advanced-MRI-Breast-Lesions/AMBL-026/03-18-2004-NA-MRI BREASTS - Delayed contrast-73242/600.000000-Registered Ax T2 FSE-45034,/media/bendico765/Crucial X9/MRI Lesions/manifest-1728494830954/Advanced-MRI-Breast-Lesions/AMBL-026/03-18-2004-NA-MRI BREASTS - Delayed contrast-73242/500.000000-ROI-95541/1-1.dcm,-42.02,L,"[[[0 0 0 ... 0 0 0]
  [0 0 0 ... 0 0 0]
  [0 0 0 ... 0 0 0]
  ...
  [0 0 0 ... 0 0 0]
  [0 0 0 ... 0 0 0]
  [0 0 0 ... 0 0 0]]

 [[0 0 0 ... 0 0 0]
  [0 0 0 ... 0 0 0]
  [0 0 0 ... 0 0 0]
  ...
  [0 0 0 ... 0 0 0]
  [0 0 0 ... 0 0 0]
  [0 0 0 ... 0 0 0]]

 [[0 0 0 ... 0 0 0]
  [0 0 0 ... 0 0 0]
  [0 0 0 ... 0 0 0]
  ...
  [0 0 0 ... 0 0 0]
  [0 0 0 ... 0 0 0]
  [0 0 0 ... 0 0 0]]

 ...

 [[0 0 0 ... 0 0 0]
  [0 0 0 ... 0 0 0]
  [0 0 0 ... 0 0 0]
  ...
  [0 0 0 ... 0 0 0]
  [0 0 0 ... 0 0 0]
  [0 0 0 ... 0 0 0]]

 [[0 0 0 ... 0 0 0]
  [0 0 0 ... 0 0 0]
  [0 0 0 ... 0 0 0]
  ...
  [0 0 0 ... 0 0 0]
  [0 0 0 ... 0 0 0]
  [0 0 0 ... 0 0 0]]

 [[0 0 0 ... 0 0 0]
  [0 0 0 ... 0 0 0]
  [0 0 0 ... 0 0 0]
  ...
  [0 0 0 ... 0 0 0]
  [0 0 0 ... 0 0 0]
  [0 0 0 ... 0 0 0]]]","[77, 78, 79, 80, 81, 82]","[136, 143, 144, 145, 146, 147, 148, 149, 150, 151, 152, 153, 154, 155, 156, 157, 158, 159, 160, 161, 162, 163, 164, 165, 166, 167, 168, 169, 170, 171, 172, 173, 174, 175, 176, 177, 178, 179, 180, 181, 182, 183, 184, 185, 186, 187, 188, 189, 190, 191, 192, 193, 194, 195, 196, 197, 198, 199, 200, 201, 202, 203, 204, 205, 206, 207, 208, 209, 210, 211, 212, 213, 214, 216, 217]","[130, 131, 132, 133, 134, 135, 136, 137, 138, 139, 140, 141, 142, 143, 144, 145, 146, 147, 148, 149, 150, 151, 152, 153, 154, 155, 156, 157, 158, 159, 160, 161]",6,82,32,/media/bendico765/Crucial X9/Materiali Tesista/Roi masks/AMBL-026/ROI 0.npy,/media/bendico765/Crucial X9/Materiali Tesista/Cleaned Roi masks/AMBL-026/ROI 0.npy,0.6641,2.0,/media/bendico765/Crucial X9/MRI Lesions/manifest-1728494830954/Advanced-MRI-Breast-Lesions/AMBL-026/03-18-2004-NA-MRI BREASTS - Delayed contrast-73242/500.000000-Registered AX Sen Vibrant MultiPhase-80941,0.32198429439064147,0.238824268157223,10.44203028159103,43.72265164743151,19.02985747608216,49.96786023285368,49.452044967321626,55.38880180325262,2478.1408833900127,14.078007139586052,0.29705835079786436,2981.2130976295152,1.2030038798889096,2617.94701616,105.0,293.0,3.371629690265716,110.0,2.5489113340509113,419.0,61.9588644553585,180.8564690026954,156.0,38.0,381.0,46.694579765031435,195.1247372138558,0.7273468950074884,99674832.63565585,0.11786322752668173,5364.600692653352,45.238149703212734,1623.1876139065878,93.04916508854805,23.001368960806154,7.817809657830259,0.4831802591622835,1.9719175890548506,2.5785103462529877,3.572105407501271,0.49995081778775,0.4393340889319475,0.972750154033858,0.899988186839979,-0.11374633488406033,0.6206841006477364,0.3711622652635371,6.43664061547004,0.027549317744497356,6.106718965541159,0.5083702285472922,0.07791812731700962,12.873281230940078,4.0683149583974565,7.704794654659101,6.592863078259769,302.4366576819407,0.10189914342383447,12.032058035033167,8.71882287981052,54.32681940700809,37.34299191374663,1234.8517520215632,1.7285999859373415,0.0388869426749841,0.1917711292886557,13.511660612497574,0.006846019135040757,270.49102133966664,0.1075808933478918,8.99202027831932,57.192991547553326,1.8012658238862695,88.28114097062544,0.07321841335114895,0.03790972260886443,4.107950025784293,1918.1662076101306,0.7509098560613681,0.8449616421314534,0.32649098308268826,0.8843350833748609,52.41162710295268,0.03286928191657067,57.77203647416413,0.08779944752912483,9.968027364861744,73.84650455927051,638.4255319148937,14557.483282674772,31.69831309779797,0.0353882867699825,218.68693009118542,0.3323509575853882,0.5977716728717114,43.72618343871141,0.021990421019264093,5.825550154835649,0.22169811320754718,618.0796740606609,4.530271696168675,0.0025740949256038465,139.71132503660417,0.0957403564943332,0.2701709766547975
27,AMBL-026,1,0.0,-1,-1,-1,-1,,-1.0,-1.0,-1.0,-1,/media/bendico765/Crucial X9/MRI Lesions/manifest-1728494830954/Advanced-MRI-Breast-Lesions/AMBL-026/03-18-2004-NA-MRI BREASTS - Delayed contrast-73242/600.000000-Registered Ax T2 FSE-45034,/media/bendico765/Crucial X9/MRI Lesions/manifest-1728494830954/Advanced-MRI-Breast-Lesions/AMBL-026/03-18-2004-NA-MRI BREASTS - Delayed contrast-73242/500.000000-ROI-95541/1-1.dcm,-36.02,L,"[[[0 0 0 ... 0 0 0]
  [0 0 0 ... 0 0 0]
  [0 0 0 ... 0 0 0]
  ...
  [0 0 0 ... 0 0 0]
  [0 0 0 ... 0 0 0]
  [0 0 0 ... 0 0 0]]

 [[0 0 0 ... 0 0 0]
  [0 0 0 ... 0 0 0]
  [0 0 0 ... 0 0 0]
  ...
  [0 0 0 ... 0 0 0]
  [0 0 0 ... 0 0 0]
  [0 0 0 ... 0 0 0]]

 [[0 0 0 ... 0 0 0]
  [0 0 0 ... 0 0 0]
  [0 0 0 ... 0 0 0]
  ...
  [0 0 0 ... 0 0 0]
  [0 0 0 ... 0 0 0]
  [0 0 0 ... 0 0 0]]

 ...

 [[0 0 0 ... 0 0 0]
  [0 0 0 ... 0 0 0]
  [0 0 0 ... 0 0 0]
  ...
  [0 0 0 ... 0 0 0]
  [0 0 0 ... 0 0 0]
  [0 0 0 ... 0 0 0]]

 [[0 0 0 ... 0 0 0]
  [0 0 0 ... 0 0 0]
  [0 0 0 ... 0 0 0]
  ...
  [0 0 0 ... 0 0 0]
  [0 0 0 ... 0 0 0]
  [0 0 0 ... 0 0 0]]

 [[0 0 0 ... 0 0 0]
  [0 0 0 ... 0 0 0]
  [0 0 0 ... 0 0 0]
  ...
  [0 0 0 ... 0 0 0]
  [0 0 0 ... 0 0 0]
  [0 0 0 ... 0 0 0]]]","[75, 76, 77]","[98, 99, 100, 101, 102, 103, 104, 105, 106, 107, 108]","[162, 163, 164, 165, 166, 167, 168, 169, 170, 171, 172, 173, 174]",3,11,13,/media/bendico765/Crucial X9/Materiali Tesista/Roi masks/AMBL-026/ROI 1.npy,/media/bendico765/Crucial X9/Materiali Tesista/Cleaned Roi masks/AMBL-026/ROI 1.npy,0.6641,2.0,/media/bendico765/Crucial X9/MRI Lesions/manifest-1728494830954/Advanced-MRI-Breast-Lesions/AMBL-026/03-18-2004-NA-MRI BREASTS - Delayed contrast-73242/500.000000-Registered AX Sen Vibrant MultiPhase-80941,0.7597905254445377,0.5533139063577646,4.744837029791422,8.575307750757093,8.950021284890893,8.468962959536427,9.03273656485121,10.258729120607484,168.5465102216667,6.515437581796348,0.7386086006872458,199.77889526386426,1.1853042522276005,178.17563924,199.0,604.7,4.400604685619893,256.25,3.006259868230891,860.0,132.86922850700913,385.4257425742574,349.5,134.0,726.0,94.23903398788627,419.03569166729596,0.8329031704891083,31286022.792753685,0.05543574159396137,27037.907852171353,156.9117969652849,49313.233590259384,924.5245766268023,140.4089272048727,55.09684812560788,0.4499191377277111,5.458639938735501,3.6989072450868536,22.459613630031324,0.2927593427672405,0.20747161873215705,0.9496465115210585,0.8610131036921775,-0.39666375066976783,0.9848131228882225,0.2038923065312392,11.63626002473088,0.008112255355707112,7.172634152042564,0.7593651253612419,0.02102037735697324,23.272520049461768,5.095146454073674,48.87644383262012,5.965954510715402,46.306930693069305,0.22924223115380846,1.646015096559161,43.32626703264387,161.61881188118812,7.920792079207921,946.6881188118812,0.26091142440043086,0.037643366219195604,0.3759240924092409,82.73405803080308,0.018717227324891516,10.40472857165847,0.05461639402487694,44.11873297992623,164.38526026928898,1.207752974253107,188.19914319328734,0.04482197706539222,0.03807661813171675,4.64396800341399,170.74214669471354,0.8925593520689066,0.9421172886519422,0.07001323433530011,0.954795269097924,158.81189065566195,0.03671801421197793,4.389473684210526,0.04620498614958449,55.71523545706371,202.25263157894736,7.705263157894737,1008.4736842105264,0.25749256762047257,0.046503533805328956,35.0,0.3684210526315789,0.6275977012637414,153.33171692624418,0.03481030270431231,5.688019424006535,0.47029702970297027,3.18404432132964,0.14714332796611934,0.029281015726069223,1238.8986442810797,0.3639518216906515,11.984903728717436
28,AMBL-026,2,0.0,-1.0,-1,-1,-1,,-1.0,-1.0,-1.0,-1,/media/bendico765/Crucial X9/MRI Lesions/manifest-1728494830954/Advanced-MRI-Breast-Lesions/AMBL-026/03-18-2004-NA-MRI BREASTS - Delayed contrast-73242/600.000000-Registered Ax T2 FSE-45034,/media/bendico765/Crucial X9/MRI Lesions/manifest-1728494830954/Advanced-MRI-Breast-Lesions/AMBL-026/03-18-2004-NA-MRI BREASTS - Delayed contrast-73242/500.000000-ROI-95541/1-1.dcm,17.98,R,"[[[0 0 0 ... 0 0 0]
  [0 0 0 ... 0 0 0]
  [0 0 0 ... 0 0 0]
  ...
  [0 0 0 ... 0 0 0]
  [0 0 0 ... 0 0 0]
  [0 0 0 ... 0 0 0]]

 [[0 0 0 ... 0 0 0]
  [0 0 0 ... 0 0 0]
  [0 0 0 ... 0 0 0]
  ...
  [0 0 0 ... 0 0 0]
  [0 0 0 ... 0 0 0]
  [0 0 0 ... 0 0 0]]

 [[0 0 0 ... 0 0 0]
  [0 0 0 ... 0 0 0]
  [0 0 0 ... 0 0 0]
  ...
  [0 0 0 ... 0 0 0]
  [0 0 0 ... 0 0 0]
  [0 0 0 ... 0 0 0]]

 ...

 [[0 0 0 ... 0 0 0]
  [0 0 0 ... 0 0 0]
  [0 0 0 ... 0 0 0]
  ...
  [0 0 0 ... 0 0 0]
  [0 0 0 ... 0 0 0]
  [0 0 0 ... 0 0 0]]

 [[0 0 0 ... 0 0 0]
  [0 0 0 ... 0 0 0]
  [0 0 0 ... 0 0 0]
  ...
  [0 0 0 ... 0 0 0]
  [0 0 0 ... 0 0 0]
  [0 0 0 ... 0 0 0]]

 [[0 0 0 ... 0 0 0]
  [0 0 0 ... 0 0 0]
  [0 0 0 ... 0 0 0]
  ...
  [0 0 0 ... 0 0 0]
  [0 0 0 ... 0 0 0]
  [0 0 0 ... 0 0 0]]]","[47, 48, 49, 50]","[202, 203, 204, 205, 206, 207, 208, 209, 210, 211, 212, 213, 214, 215, 216, 217, 218, 219, 220, 221, 222, 223, 224, 225, 226, 227]","[376, 377, 378, 379, 380, 381, 382, 383, 384, 385, 386, 387, 388, 389, 390, 391, 392, 393, 394]",4,26,19,/media/bendico765/Crucial X9/Materiali Tesista/Roi masks/AMBL-026/ROI 2.npy,/media/bendico765/Crucial X9/Materiali Tesista/Cleaned Roi masks/AMBL-026/ROI 2.npy,0.6641,2.0,/media/bendico765/Crucial X9/MRI Lesions/manifest-1728494830954/Advanced-MRI-Breast-Lesions/AMBL-026/03-18-2004-NA-MRI BREASTS - Delayed contrast-73242/500.000000-Registered AX Sen Vibrant MultiPhase-80941,0.55664424956161,0.26748414287064043,4.732415823919468,17.692322891111118,12.265465615295655,14.383787207825344,19.304645670148936,19.464698520655286,442.9399348433356,9.848329798724242,0.5550620463616145,506.25868140811104,1.1429510901679496,467.49053860000004,247.8,465.0,3.6955956427023637,125.5,2.3050757981132977,557.0,68.19693841224637,360.4622641509434,363.0,138.0,419.0,51.20964429065744,369.6301134305983,-0.18593181497973083,63871559.02561287,0.08494126023495907,6693.376877892489,100.08793985675624,2457.7435665199923,-11.066708484047522,31.871382165577618,11.120681448179115,0.48086222842336895,2.578312134103524,2.8334108707773265,4.095316040753176,0.4074366231306783,0.3251500835669821,0.968885853567683,0.883308315152839,-0.13953105993063566,0.78748244676306,0.31708797436614045,9.741283358227816,0.010831829514288682,6.8512212570183175,0.5585023827475379,0.026680139733159806,19.48256671645563,4.449966671868287,10.748015903439184,6.183061731415913,87.32830188679246,0.16477038091847632,3.7621359914560344,10.78757208971164,109.69622641509434,15.245283018867925,1633.9075471698113,0.26154859989667695,0.01892643619366542,0.2538666480211699,28.629495549296813,0.006980896676741651,40.72760204122569,0.08462931037467297,10.805887729208221,109.97524411800806,1.345133787384442,147.13673096571068,0.025069839961053407,0.019145062596751656,4.130190585230303,404.4631244711554,0.8360805125303166,0.9081277213352685,0.12070087163097146,0.9299498925089319,102.51819293838119,0.01799899865459964,13.138364779874214,0.08263122503065544,12.926862070329497,114.18867924528301,33.899371069182386,3395.238993710692,0.53444172170684,0.025837256531369444,49.704402515723274,0.31260630513033505,0.5764672313332118,65.59440766841412,0.019213382220336934,5.5987114268768305,0.3,22.78825995807128,0.38405279180209423,0.015086457465903395,207.75409048518048,0.11409695917052755,1.5909366175717745
29,AMBL-028,0,1.0,3,0,0,0,1.0,0,0,0.0,30,/media/bendico765/Crucial X9/MRI Lesions/manifest-1728494830954/Advanced-MRI-Breast-Lesions/AMBL-028/03-19-2004-NA-MRI BREASTS - Delayed contrast-15395/600.000000-Registered Ax T2 FSE-82839,/media/bendico765/Crucial X9/MRI Lesions/manifest-1728494830954/Advanced-MRI-Breast-Lesions/AMBL-028/03-19-2004-NA-MRI BREASTS - Delayed contrast-15395/500.000000-ROI-95218/1-1.dcm,-53.5,R,"[[[0 0 0 ... 0 0 0]
  [0 0 0 ... 0 0 0]
  [0 0 0 ... 0 0 0]
  ...
  [0 0 0 ... 0 0 0]
  [0 0 0 ... 0 0 0]
  [0 0 0 ... 0 0 0]]

 [[0 0 0 ... 0 0 0]
  [0 0 0 ... 0 0 0]
  [0 0 0 ... 0 0 0]
  ...
  [0 0 0 ... 0 0 0]
  [0 0 0 ... 0 0 0]
  [0 0 0 ... 0 0 0]]

 [[0 0 0 ... 0 0 0]
  [0 0 0 ... 0 0 0]
  [0 0 0 ... 0 0 0]
  ...
  [0 0 0 ... 0 0 0]
  [0 0 0 ... 0 0 0]
  [0 0 0 ... 0 0 0]]

 ...

 [[0 0 0 ... 0 0 0]
  [0 0 0 ... 0 0 0]
  [0 0 0 ... 0 0 0]
  ...
  [0 0 0 ... 0 0 0]
  [0 0 0 ... 0 0 0]
  [0 0 0 ... 0 0 0]]

 [[0 0 0 ... 0 0 0]
  [0 0 0 ... 0 0 0]
  [0 0 0 ... 0 0 0]
  ...
  [0 0 0 ... 0 0 0]
  [0 0 0 ... 0 0 0]
  [0 0 0 ... 0 0 0]]

 [[0 0 0 ... 0 0 0]
  [0 0 0 ... 0 0 0]
  [0 0 0 ... 0 0 0]
  ...
  [0 0 0 ... 0 0 0]
  [0 0 0 ... 0 0 0]
  [0 0 0 ... 0 0 0]]]","[79, 80, 81]","[211, 212, 213, 214, 215, 216, 217, 218, 219, 220, 221, 222, 223, 224, 225, 226, 227, 228, 229, 230, 231, 232]","[366, 367, 368, 369, 370, 371, 372, 373, 374, 375, 376]",3,22,11,/media/bendico765/Crucial X9/Materiali Tesista/Roi masks/AMBL-028/ROI 0.npy,/media/bendico765/Crucial X9/Materiali Tesista/Cleaned Roi masks/AMBL-028/ROI 0.npy,0.7031,2.0,/media/bendico765/Crucial X9/MRI Lesions/manifest-1728494830954/Advanced-MRI-Breast-Lesions/AMBL-028/03-19-2004-NA-MRI BREASTS - Delayed contrast-15395/500.000000-Registered AX Sen Vibrant MultiPhase-53757,0.3307324397794773,0.3124441169852579,5.187490896942284,16.60293990168823,7.760356363595681,12.812855795645246,16.03314682774408,16.554470587125397,164.2476579225004,5.491130821197384,0.45944440914127815,315.6825749764183,1.9219913329015132,187.85285179999997,123.80000000000001,358.4,3.760805247187413,109.0,3.3748011927412667,527.0,71.36764542936287,241.42631578947368,239.0,75.0,452.0,47.98009002770083,258.5071413041875,0.6378204253829955,12553443.798695378,0.08648199445983379,8539.276149584488,48.606415297187475,3357.671903931951,76.10007775067615,28.098495979836056,19.848047741320137,0.14508763528129365,3.140129227104881,2.8997567728026916,8.230884531140969,0.40018782808216496,0.3263217813138307,0.9554257464743845,0.8730450382890551,-0.34141775714031797,0.9528137093060912,0.32617961391720063,6.8199125280032735,0.021028227512072457,5.974876480825049,0.7441919347836599,0.05575577260041216,13.639825056006547,4.005414623390927,11.986635930289047,5.810123735414349,34.43157894736842,0.18121883656509696,2.6226038781163434,13.806675900277009,66.02631578947368,12.2,646.7210526315789,0.9622572781467198,0.08288505255785188,0.2867791055018499,24.798518274853798,0.018581980451139603,14.768743274008644,0.08436231768645006,14.248873665874983,67.24586893293034,1.3451515761622994,85.42821775079273,0.11254927157216842,0.0827299962921885,4.091779255951355,152.88788151291206,0.8614003487818677,0.9194331983805667,0.12320845948468397,0.9366900857015886,63.75070460503545,0.07754837821468152,4.82089552238806,0.07195366451325462,17.263978614390734,85.38805970149254,21.074626865671643,1104.9701492537313,1.4500044039807192,0.06724171778085879,22.52238805970149,0.33615504566718646,0.5950355585342396,56.370548958960335,0.032594943425813434,5.185200384358447,0.3526315789473684,13.032746714190242,0.28695151316759393,0.03253723680891097,297.25690088782613,0.2040897343689398,3.94972387618253
30,AMBL-029,0,1.0,3,2.5,0.04,0,,100,2,0.0,intermediate to high,/media/bendico765/Crucial X9/MRI Lesions/manifest-1728494830954/Advanced-MRI-Breast-Lesions/AMBL-029/03-20-2004-NA-MRI BREASTS - Delayed contrast-51836/600.000000-Registered Ax T2 FSE-21793,/media/bendico765/Crucial X9/MRI Lesions/manifest-1728494830954/Advanced-MRI-Breast-Lesions/AMBL-029/03-20-2004-NA-MRI BREASTS - Delayed contrast-51836/500.000000-ROI-47044/1-1.dcm,-39.7,R,"[[[0 0 0 ... 0 0 0]
  [0 0 0 ... 0 0 0]
  [0 0 0 ... 0 0 0]
  ...
  [0 0 0 ... 0 0 0]
  [0 0 0 ... 0 0 0]
  [0 0 0 ... 0 0 0]]

 [[0 0 0 ... 0 0 0]
  [0 0 0 ... 0 0 0]
  [0 0 0 ... 0 0 0]
  ...
  [0 0 0 ... 0 0 0]
  [0 0 0 ... 0 0 0]
  [0 0 0 ... 0 0 0]]

 [[0 0 0 ... 0 0 0]
  [0 0 0 ... 0 0 0]
  [0 0 0 ... 0 0 0]
  ...
  [0 0 0 ... 0 0 0]
  [0 0 0 ... 0 0 0]
  [0 0 0 ... 0 0 0]]

 ...

 [[0 0 0 ... 0 0 0]
  [0 0 0 ... 0 0 0]
  [0 0 0 ... 0 0 0]
  ...
  [0 0 0 ... 0 0 0]
  [0 0 0 ... 0 0 0]
  [0 0 0 ... 0 0 0]]

 [[0 0 0 ... 0 0 0]
  [0 0 0 ... 0 0 0]
  [0 0 0 ... 0 0 0]
  ...
  [0 0 0 ... 0 0 0]
  [0 0 0 ... 0 0 0]
  [0 0 0 ... 0 0 0]]

 [[0 0 0 ... 0 0 0]
  [0 0 0 ... 0 0 0]
  [0 0 0 ... 0 0 0]
  ...
  [0 0 0 ... 0 0 0]
  [0 0 0 ... 0 0 0]
  [0 0 0 ... 0 0 0]]]","[71, 72, 73, 74, 75, 76, 77, 78, 79, 80, 81, 82, 83, 84, 85, 86, 87]","[132, 133, 134, 135, 136, 137, 138, 139, 140, 141, 142, 143, 144, 145, 146, 147, 148, 149, 150, 151, 152, 153, 154, 155, 156, 157, 158, 159, 160, 161, 162, 163, 164, 165, 166, 167, 168, 169, 170, 171, 172, 173, 174, 175, 176, 177, 178, 179, 180, 181, 182, 183, 184, 185, 186, 187, 188, 189, 190, 191, 192, 193, 194, 195, 196, 197, 198, 199, 200, 201, 202, 203, 204, 205, 206, 207, 208, 209, 210, 211, 212, 213, 214, 215, 216, 217, 218, 219, 220, 221, 222, 223, 224, 225, 226, 227, 228, 229, 230, 231, 232, 233, 234, 235, 236, 237, 238, 239, 240, 241, 242, 243, 244, 245, 246, 247, 248, 249, 250, 251, 252]","[364, 366, 367, 368, 369, 370, 371, 372, 373, 374, 375, 376, 377, 378, 379, 380, 381, 382, 383, 384, 385, 386, 387, 388, 389, 390, 391, 392, 393, 394, 395, 396, 397, 398, 399, 400, 401, 402, 403, 404, 405, 406, 407, 408, 409, 410, 411, 412, 413, 414]",17,121,51,/media/bendico765/Crucial X9/Materiali Tesista/Roi masks/AMBL-029/ROI 0.npy,/media/bendico765/Crucial X9/Materiali Tesista/Cleaned Roi masks/AMBL-029/ROI 0.npy,0.7422,2.0,/media/bendico765/Crucial X9/MRI Lesions/manifest-1728494830954/Advanced-MRI-Breast-Lesions/AMBL-029/03-20-2004-NA-MRI BREASTS - Delayed contrast-51836/500.000000-Registered AX Sen Vibrant MultiPhase-85478,0.3490288119008117,0.27880422205114036,22.72317613528466,81.50226696034971,40.61553320393566,90.45986666273612,73.95232531516503,95.82405251501316,8035.131642659956,28.44663940439364,0.18853221356697608,10290.280709969524,1.2806611226300981,8463.425945759998,149.0,401.0,3.9977730070374284,136.0,3.027151377580022,731.0,78.91884713644374,279.5535016922676,282.0,33.0,698.0,56.72334715694445,296.1875896425542,0.17313792480883264,742471714.9109864,0.07133074331058968,9576.92794985739,112.3024385071258,7931.447394497424,93.23277552651322,51.26241125009447,9.45350449193149,0.6866328439324373,2.3263317462979565,2.72898548261459,3.6863428839292207,0.43446987461918496,0.3585994943817484,0.9891757288226347,0.9293318962288605,-0.15702206040988936,0.8057794250756545,0.3477086037030066,10.090675030711802,0.008175821318311393,7.331166285631722,0.7426701429862516,0.017169829085974607,20.181350061423604,4.8493512855190115,15.178978935506498,6.789199001432846,1221.132777922416,0.1589602678888852,4.076354947757045,15.4386589837203,129.9386878417079,17.00338453527727,1915.0303306430617,0.3893449693095735,0.017599876506205,0.21973175317507673,32.712592922511185,0.0032639169129870284,495.99255408049737,0.07173012691741464,15.360298093638535,131.40416614925738,1.4079333853898888,179.34106050881093,0.025687523929023348,0.01719145309864256,4.48859711954001,5763.419376858679,0.8273517677499791,0.9001762361564497,0.15386903254994994,0.9251414933785633,122.59411607215338,0.015602477320742795,149.65711462450594,0.07394126216625788,15.992199339155434,150.6393280632411,76.84683794466403,7061.91057312253,2.4259365062936964,0.014824120529446302,545.1600790513834,0.26934786514396414,0.5302867936944415,84.03748981229323,0.007815385222985737,6.553142639660973,0.2634730538922156,62.441362738052455,2.0815110079644126,0.0013049432200499787,588.5008122897005,0.055861662044939274,0.5341237153895991
31,AMBL-029,1,1.0,3,2.5,0.04,0,,100.0,2.0,0.0,intermediate to high,/media/bendico765/Crucial X9/MRI Lesions/manifest-1728494830954/Advanced-MRI-Breast-Lesions/AMBL-029/03-20-2004-NA-MRI BREASTS - Delayed contrast-51836/600.000000-Registered Ax T2 FSE-21793,/media/bendico765/Crucial X9/MRI Lesions/manifest-1728494830954/Advanced-MRI-Breast-Lesions/AMBL-029/03-20-2004-NA-MRI BREASTS - Delayed contrast-51836/500.000000-ROI-47044/1-1.dcm,-7.7,R,"[[[0 0 0 ... 0 0 0]
  [0 0 0 ... 0 0 0]
  [0 0 0 ... 0 0 0]
  ...
  [0 0 0 ... 0 0 0]
  [0 0 0 ... 0 0 0]
  [0 0 0 ... 0 0 0]]

 [[0 0 0 ... 0 0 0]
  [0 0 0 ... 0 0 0]
  [0 0 0 ... 0 0 0]
  ...
  [0 0 0 ... 0 0 0]
  [0 0 0 ... 0 0 0]
  [0 0 0 ... 0 0 0]]

 [[0 0 0 ... 0 0 0]
  [0 0 0 ... 0 0 0]
  [0 0 0 ... 0 0 0]
  ...
  [0 0 0 ... 0 0 0]
  [0 0 0 ... 0 0 0]
  [0 0 0 ... 0 0 0]]

 ...

 [[0 0 0 ... 0 0 0]
  [0 0 0 ... 0 0 0]
  [0 0 0 ... 0 0 0]
  ...
  [0 0 0 ... 0 0 0]
  [0 0 0 ... 0 0 0]
  [0 0 0 ... 0 0 0]]

 [[0 0 0 ... 0 0 0]
  [0 0 0 ... 0 0 0]
  [0 0 0 ... 0 0 0]
  ...
  [0 0 0 ... 0 0 0]
  [0 0 0 ... 0 0 0]
  [0 0 0 ... 0 0 0]]

 [[0 0 0 ... 0 0 0]
  [0 0 0 ... 0 0 0]
  [0 0 0 ... 0 0 0]
  ...
  [0 0 0 ... 0 0 0]
  [0 0 0 ... 0 0 0]
  [0 0 0 ... 0 0 0]]]","[59, 60, 61, 62, 63, 64, 65, 66]","[155, 157, 158, 159, 160, 161, 162, 163, 164, 165, 166, 167, 168, 169, 170, 171]","[326, 327, 328, 330, 331, 332, 333, 334, 335, 336, 337, 338, 339, 340, 341, 342, 343, 344, 345, 346, 347, 348, 349, 350, 351, 352]",8,17,27,/media/bendico765/Crucial X9/Materiali Tesista/Roi masks/AMBL-029/ROI 1.npy,/media/bendico765/Crucial X9/Materiali Tesista/Cleaned Roi masks/AMBL-029/ROI 1.npy,0.7422,2.0,/media/bendico765/Crucial X9/MRI Lesions/manifest-1728494830954/Advanced-MRI-Breast-Lesions/AMBL-029/03-20-2004-NA-MRI BREASTS - Delayed contrast-51836/500.000000-Registered AX Sen Vibrant MultiPhase-85478,0.8556647051082077,0.4092246661606094,6.583013101026148,16.086550116318005,19.14723600314155,17.962576698235697,20.258117528536555,20.37012976492786,432.5175695399998,13.764693161487651,0.43389813905620556,637.4295210295603,1.4737656130535757,471.5368790399999,240.7,337.6,2.673303226436362,41.0,4.541843729071624,430.0,30.107301947768363,281.0981308411215,278.0,126.0,304.0,17.738996614342874,284.21259483953304,0.017270980916721954,38089239.7301496,0.21264957638221677,1760.6399030483014,48.13354234477611,292.41776004468204,6.532290581380372,8.209556491749982,3.1568408775692385,0.44758145589671855,1.2356096872594549,2.0714281285962164,1.5539620589764847,0.5918119762602828,0.5494934762614603,0.9827338169233766,0.9198675635339981,-0.14851459399425446,0.7138076082118373,0.42688873620904627,6.845910724471841,0.06272669647979177,4.8800264299679,0.550770299552651,0.15227165084119584,13.691821448943678,3.4019211422037037,2.841599342329806,5.877096613438201,36.75233644859813,0.08586994497336012,15.930299589483797,2.89101668267971,48.86448598130841,51.149532710280376,2224.2429906542056,1.2987098523531162,0.03260328078499491,0.15253897709114547,7.77401048687433,0.006817445181340906,66.02776883067325,0.1896406262209889,3.267945586519814,49.64725622677338,1.956324631737298,92.70555080388152,0.058831891263234404,0.03420479056356053,3.5576195126949113,245.43693194122022,0.698865756207405,0.8102084831056794,0.38333233994447574,0.8581923862951506,43.045009681044796,0.03043939457223027,7.857142857142857,0.11224489795918367,6.947755102040816,50.885714285714286,431.0,18692.885714285716,10.492043034262558,0.05392408186941034,25.285714285714285,0.36122448979591837,0.6215825526991303,32.388034760491685,0.028846313140598503,4.831726996611947,0.16355140186915887,393.6155102040816,0.5101886101964045,0.01749907048354516,57.475791083273016,0.031069802592756934,1.2275560122635727
32,AMBL-031,0,1.0,-1,0,0,1,,0,0,-1.0,20 to 25,/media/bendico765/Crucial X9/MRI Lesions/manifest-1728494830954/Advanced-MRI-Breast-Lesions/AMBL-031/03-23-2004-NA-MRI BREASTS - Delayed contrast-05763/600.000000-Registered Ax T2 FSE-92269,/media/bendico765/Crucial X9/MRI Lesions/manifest-1728494830954/Advanced-MRI-Breast-Lesions/AMBL-031/03-23-2004-NA-MRI BREASTS - Delayed contrast-05763/500.000000-ROI-36543/1-1.dcm,-39.0,R,"[[[0 0 0 ... 0 0 0]
  [0 0 0 ... 0 0 0]
  [0 0 0 ... 0 0 0]
  ...
  [0 0 0 ... 0 0 0]
  [0 0 0 ... 0 0 0]
  [0 0 0 ... 0 0 0]]

 [[0 0 0 ... 0 0 0]
  [0 0 0 ... 0 0 0]
  [0 0 0 ... 0 0 0]
  ...
  [0 0 0 ... 0 0 0]
  [0 0 0 ... 0 0 0]
  [0 0 0 ... 0 0 0]]

 [[0 0 0 ... 0 0 0]
  [0 0 0 ... 0 0 0]
  [0 0 0 ... 0 0 0]
  ...
  [0 0 0 ... 0 0 0]
  [0 0 0 ... 0 0 0]
  [0 0 0 ... 0 0 0]]

 ...

 [[0 0 0 ... 0 0 0]
  [0 0 0 ... 0 0 0]
  [0 0 0 ... 0 0 0]
  ...
  [0 0 0 ... 0 0 0]
  [0 0 0 ... 0 0 0]
  [0 0 0 ... 0 0 0]]

 [[0 0 0 ... 0 0 0]
  [0 0 0 ... 0 0 0]
  [0 0 0 ... 0 0 0]
  ...
  [0 0 0 ... 0 0 0]
  [0 0 0 ... 0 0 0]
  [0 0 0 ... 0 0 0]]

 [[0 0 0 ... 0 0 0]
  [0 0 0 ... 0 0 0]
  [0 0 0 ... 0 0 0]
  ...
  [0 0 0 ... 0 0 0]
  [0 0 0 ... 0 0 0]
  [0 0 0 ... 0 0 0]]]","[70, 71, 72, 73, 74, 75, 76, 77, 78, 79, 80, 81, 82, 83, 84, 85, 86]","[145, 146, 147, 148, 149, 150, 151, 152, 153, 154, 155, 156, 157, 158, 159, 160, 161, 162, 163, 164, 165, 166, 167, 168, 169, 170, 171, 172, 173, 174, 175, 176, 177, 178, 179, 180, 181, 182, 183, 184, 185, 186, 187, 188, 189, 190, 191, 192, 193, 194, 195, 196, 197, 198, 199, 200, 201, 202, 203, 204, 205, 206, 207, 208, 209, 210, 211, 212, 213, 214, 215, 216, 217, 218, 219, 220]","[346, 347, 351, 352, 353, 354, 355, 356, 357, 358, 359, 360, 361, 362, 363, 364, 365, 366, 367, 368, 369, 370, 371, 372, 373, 374, 375, 376, 377, 378, 379, 380, 381, 382, 383, 384, 385, 386, 387, 388, 389, 390, 391, 392, 393, 394, 395, 396, 397, 398, 399, 400, 401, 402, 403, 404, 405, 406]",17,76,61,/media/bendico765/Crucial X9/Materiali Tesista/Roi masks/AMBL-031/ROI 0.npy,/media/bendico765/Crucial X9/Materiali Tesista/Cleaned Roi masks/AMBL-031/ROI 0.npy,0.6641,2.0,/media/bendico765/Crucial X9/MRI Lesions/manifest-1728494830954/Advanced-MRI-Breast-Lesions/AMBL-031/03-23-2004-NA-MRI BREASTS - Delayed contrast-05763/500.000000-Registered AX Sen Vibrant MultiPhase-06467,0.9433577099752349,0.833973800213849,28.98962972694592,34.76083987232255,42.74113732705296,52.63357627066586,43.68950319790785,54.907231293701194,19066.851533126744,32.79190629877004,0.3373901128952947,10229.893116436218,0.5365276536958817,19409.6779281,127.0,353.0,3.690443996901251,97.0,3.683408594081703,620.0,66.17984294639612,223.0180867984549,206.0,17.0,603.0,42.56678913927982,239.27291372783554,0.8969968060937616,1111233704.6941605,0.09913245739888596,7514.460204565063,90.21637312381793,5213.793947408857,210.3941535265572,34.45732356080451,6.969607835860386,0.6592831045034623,1.83390580354657,2.5453968845685475,3.4641323381016207,0.50986513112576,0.45139476303631315,0.9894434892696832,0.9358844217083083,-0.1420569503065716,0.7610834519458182,0.39229462268900395,9.129033270119196,0.020762142287914228,6.601733398349519,0.6661702970160719,0.07015371652870525,18.258066540238385,4.414593594325221,10.356732849166226,7.2304189619835135,1872.4280390820268,0.0850910265431505,19.765329089807885,12.103885844043727,101.2173142467621,57.38254942058623,4357.435991820041,0.9759651340061005,0.017288811003609576,0.14050848272828334,20.11713116607906,0.0021372390409114678,1560.511846766437,0.08823988581629846,13.276023633494184,106.48491235828244,2.052174655263129,189.51503253288746,0.03531979880604917,0.017171279399708646,4.621575971811898,12535.546812456801,0.7042241229354512,0.8025658504186111,0.4689058338841266,0.8624818284866882,95.10686341437925,0.014670680598552624,219.8624192059095,0.06767079692394876,17.386531509422934,156.39273622653124,8250.577716220376,557258.9599876886,131.39418431662705,0.014571434320235525,1023.3477993228686,0.3149731607641947,0.5782419278908789,91.29590517514727,0.008567008191752927,6.439033106181483,0.1476482617586912,8204.706175946743,8.076198241670363,0.00046654466347543475,352.52740987134814,0.050319811512760666,0.13987736508122342
33,AMBL-031,1,0.0,-1,-1,-1,-1,,-1.0,-1.0,-1.0,-1,/media/bendico765/Crucial X9/MRI Lesions/manifest-1728494830954/Advanced-MRI-Breast-Lesions/AMBL-031/03-23-2004-NA-MRI BREASTS - Delayed contrast-05763/600.000000-Registered Ax T2 FSE-92269,/media/bendico765/Crucial X9/MRI Lesions/manifest-1728494830954/Advanced-MRI-Breast-Lesions/AMBL-031/03-23-2004-NA-MRI BREASTS - Delayed contrast-05763/500.000000-ROI-36543/1-1.dcm,-41.0,L,"[[[0 0 0 ... 0 0 0]
  [0 0 0 ... 0 0 0]
  [0 0 0 ... 0 0 0]
  ...
  [0 0 0 ... 0 0 0]
  [0 0 0 ... 0 0 0]
  [0 0 0 ... 0 0 0]]

 [[0 0 0 ... 0 0 0]
  [0 0 0 ... 0 0 0]
  [0 0 0 ... 0 0 0]
  ...
  [0 0 0 ... 0 0 0]
  [0 0 0 ... 0 0 0]
  [0 0 0 ... 0 0 0]]

 [[0 0 0 ... 0 0 0]
  [0 0 0 ... 0 0 0]
  [0 0 0 ... 0 0 0]
  ...
  [0 0 0 ... 0 0 0]
  [0 0 0 ... 0 0 0]
  [0 0 0 ... 0 0 0]]

 ...

 [[0 0 0 ... 0 0 0]
  [0 0 0 ... 0 0 0]
  [0 0 0 ... 0 0 0]
  ...
  [0 0 0 ... 0 0 0]
  [0 0 0 ... 0 0 0]
  [0 0 0 ... 0 0 0]]

 [[0 0 0 ... 0 0 0]
  [0 0 0 ... 0 0 0]
  [0 0 0 ... 0 0 0]
  ...
  [0 0 0 ... 0 0 0]
  [0 0 0 ... 0 0 0]
  [0 0 0 ... 0 0 0]]

 [[0 0 0 ... 0 0 0]
  [0 0 0 ... 0 0 0]
  [0 0 0 ... 0 0 0]
  ...
  [0 0 0 ... 0 0 0]
  [0 0 0 ... 0 0 0]
  [0 0 0 ... 0 0 0]]]","[77, 78, 79, 80, 81]","[141, 142, 143, 144, 145, 146, 147, 148, 149, 150, 151, 152, 153, 154, 155, 156, 157, 158, 159, 160, 161, 162, 163, 164, 165, 166, 167, 168, 169, 170, 171, 172, 173, 174, 175, 176, 177, 178, 179, 180, 181, 182, 183, 184, 185, 186, 187, 188, 189, 190, 191, 192, 193, 194, 195, 196, 197, 198, 199, 200, 201, 202, 203, 204, 205, 206, 207]","[140, 141, 142, 143, 144, 145, 146, 147, 148, 149, 150, 151, 152, 153, 154, 155, 156, 157, 158, 159, 160, 161, 162, 163, 165]",5,67,26,/media/bendico765/Crucial X9/Materiali Tesista/Roi masks/AMBL-031/ROI 1.npy,/media/bendico765/Crucial X9/Materiali Tesista/Cleaned Roi masks/AMBL-031/ROI 1.npy,0.6641,2.0,/media/bendico765/Crucial X9/MRI Lesions/manifest-1728494830954/Advanced-MRI-Breast-Lesions/AMBL-031/03-23-2004-NA-MRI BREASTS - Delayed contrast-05763/500.000000-Registered AX Sen Vibrant MultiPhase-06467,0.28131763330169607,0.1956395839391431,8.038810100145696,41.08989570661886,15.182019141405402,44.01274243170948,43.85071962465383,44.69387478536628,1040.7912391991638,11.55931221279954,0.31757496379271855,1563.916707135839,1.5026228586812413,1147.55696362,80.0,263.0,3.3514988641041588,96.0,2.9630542669277555,363.0,56.30213263492105,152.01460415065335,133.0,12.0,351.0,39.77718324745673,167.20376767027724,0.8226695034217231,32082364.699414942,0.11904932113356897,4848.6600480562165,46.04534193958511,1362.7056714023238,76.58739930308458,20.94043888924697,7.683802796794197,0.4582295626083386,2.0026110031472095,2.593313973604375,3.486530314517024,0.47629422693544515,0.4104886139118748,0.9700974266731363,0.8920941000679572,-0.10881049315459634,0.6783817368585272,0.3861236507335345,6.536665955401323,0.020608208803492543,6.259043451514964,0.5189208795974909,0.055222432563816724,13.073331910802647,4.0559469057446105,7.156060421510293,6.231113212390036,172.66333589546502,0.13271586156453885,6.524550085932836,7.861703969216609,51.52728670253651,22.691006917755573,868.2421214450422,0.9092457165771513,0.04019580017094049,0.2259913734357949,15.145789920238473,0.009665085114258848,131.03903471302607,0.1138636649306107,8.155138815566243,52.91770556243893,1.4687476583752455,71.86820458881485,0.0589390445129568,0.04029460208185571,3.9366056796098596,925.7341605826326,0.7992567166354425,0.8838171820493111,0.16886163582348235,0.9117474380056366,49.16150972295099,0.03683746860119133,29.005797101449275,0.08407477420709934,10.824919134635582,68.62898550724638,86.3913043478261,2804.75652173913,3.4844008481856794,0.042371486249836755,113.8,0.3298550724637681,0.59453258011343,43.276427333289966,0.025991045154974288,5.70525456474434,0.26518063028439665,72.17075404326823,2.258743402565627,0.005749261094026238,124.01302303617757,0.10419071297067607,0.47170401229013487
34,AMBL-032,0,1.0,-1,-1,-1,-1,,-1,-1,-1.0,-1,/media/bendico765/Crucial X9/MRI Lesions/manifest-1728494830954/Advanced-MRI-Breast-Lesions/AMBL-032/03-23-2004-NA-MRI BREASTS - Delayed contrast-42718/600.000000-Registered Ax T2 FSE-26593,/media/bendico765/Crucial X9/MRI Lesions/manifest-1728494830954/Advanced-MRI-Breast-Lesions/AMBL-032/03-23-2004-NA-MRI BREASTS - Delayed contrast-42718/500.000000-ROI-28906/1-1.dcm,-61.39,L,"[[[0 0 0 ... 0 0 0]
  [0 0 0 ... 0 0 0]
  [0 0 0 ... 0 0 0]
  ...
  [0 0 0 ... 0 0 0]
  [0 0 0 ... 0 0 0]
  [0 0 0 ... 0 0 0]]

 [[0 0 0 ... 0 0 0]
  [0 0 0 ... 0 0 0]
  [0 0 0 ... 0 0 0]
  ...
  [0 0 0 ... 0 0 0]
  [0 0 0 ... 0 0 0]
  [0 0 0 ... 0 0 0]]

 [[0 0 0 ... 0 0 0]
  [0 0 0 ... 0 0 0]
  [0 0 0 ... 0 0 0]
  ...
  [0 0 0 ... 0 0 0]
  [0 0 0 ... 0 0 0]
  [0 0 0 ... 0 0 0]]

 ...

 [[0 0 0 ... 0 0 0]
  [0 0 0 ... 0 0 0]
  [0 0 0 ... 0 0 0]
  ...
  [0 0 0 ... 0 0 0]
  [0 0 0 ... 0 0 0]
  [0 0 0 ... 0 0 0]]

 [[0 0 0 ... 0 0 0]
  [0 0 0 ... 0 0 0]
  [0 0 0 ... 0 0 0]
  ...
  [0 0 0 ... 0 0 0]
  [0 0 0 ... 0 0 0]
  [0 0 0 ... 0 0 0]]

 [[0 0 0 ... 0 0 0]
  [0 0 0 ... 0 0 0]
  [0 0 0 ... 0 0 0]
  ...
  [0 0 0 ... 0 0 0]
  [0 0 0 ... 0 0 0]
  [0 0 0 ... 0 0 0]]]","[71, 72, 73, 74, 75, 76, 77, 78, 79, 80, 81, 82]","[190, 191, 192, 193, 194, 195, 196, 197, 198, 199, 200, 201, 202, 203, 204, 205, 206, 207, 208, 209, 210, 211, 212, 213, 214, 215, 216, 217, 218, 219, 220, 221, 222, 223, 224, 225, 226, 227, 228, 229, 230, 231, 232, 233, 234, 235, 236, 237, 238, 239, 240]","[122, 123, 124, 125, 126, 127, 128, 129, 130, 131, 132, 133, 134, 135, 136, 137, 138, 139, 140, 141, 142, 143, 144, 145, 146, 147, 148, 149, 150, 151, 152, 153, 154, 155, 156]",12,51,35,/media/bendico765/Crucial X9/Materiali Tesista/Roi masks/AMBL-032/ROI 0.npy,/media/bendico765/Crucial X9/Materiali Tesista/Cleaned Roi masks/AMBL-032/ROI 0.npy,0.6836,2.0,/media/bendico765/Crucial X9/MRI Lesions/manifest-1728494830954/Advanced-MRI-Breast-Lesions/AMBL-032/03-23-2004-NA-MRI BREASTS - Delayed contrast-42718/500.000000-Registered AX Sen Vibrant MultiPhase-21908,0.7094858154467046,0.6668404070599856,17.94455020224174,26.909812321297345,28.322738861910935,33.64945010902853,34.24146872784519,37.3387221720294,5369.613604880027,19.092130138293427,0.42346902643850093,3501.7985950215425,0.6521509465483751,5533.87270432,108.0,245.0,3.115233957571863,61.0,5.482531501376236,515.0,43.102079764926025,168.64229015369025,158.0,37.0,478.0,26.795378431315697,178.47382279029472,1.253083320124827,176269923.86466977,0.14828390848245923,3412.68339310007,40.097308038652564,1252.3588728625634,71.7272161888476,14.400594470333358,5.009964056954804,0.47946059132508456,1.523770850739633,2.3035353229156135,2.5763051270880934,0.5451710657587536,0.4956726980682866,0.988378407404707,0.933954298938863,-0.10094792480910163,0.6056540914347438,0.43325440929289066,6.143964996392781,0.03530605223532096,5.699254842250391,0.5027849515347659,0.08979895189133225,12.287929992785562,3.7866289577055148,4.85263963182204,6.660322108178116,461.729606485391,0.07798169337702938,16.851892654853962,5.523930593095073,44.73805100489782,58.682486066542815,1933.6527613578787,2.227679058140258,0.03989679039812243,0.12293897376287774,8.30356866388317,0.00607768600491652,624.7420848104829,0.13343162777026088,6.229366346344104,47.33434185437727,2.0942160371136302,85.15538418409493,0.08195266311610004,0.040307664513736505,4.109879092771549,3189.543364594964,0.6753220103543536,0.7897054811427384,0.4500847358487193,0.8459462019836792,41.73636638751835,0.034325699674110886,62.903614457831324,0.08420831922065773,12.221731190715564,74.35073627844712,4811.361445783133,150729.32262382866,166.74943088871825,0.05060239712802362,250.86880856760374,0.3358350850971938,0.6000917353310125,45.312179208209,0.03401894668261169,5.93648932535676,0.12616112143219052,4748.534070239011,4.87880336544919,0.0014024226178404266,190.89930607938237,0.03498447986080017,0.30157160882170786
35,AMBL-033,0,0.0,-1,-1,-1,-1,,-1,-1,-1.0,-1,/media/bendico765/Crucial X9/MRI Lesions/manifest-1728494830954/Advanced-MRI-Breast-Lesions/AMBL-033/03-23-2004-NA-MRI BREASTS - Delayed contrast-97015/600.000000-Registered Ax T2 FSE-64118,/media/bendico765/Crucial X9/MRI Lesions/manifest-1728494830954/Advanced-MRI-Breast-Lesions/AMBL-033/03-23-2004-NA-MRI BREASTS - Delayed contrast-97015/500.000000-ROI-77826/1-1.dcm,-47.15,R,"[[[0 0 0 ... 0 0 0]
  [0 0 0 ... 0 0 0]
  [0 0 0 ... 0 0 0]
  ...
  [0 0 0 ... 0 0 0]
  [0 0 0 ... 0 0 0]
  [0 0 0 ... 0 0 0]]

 [[0 0 0 ... 0 0 0]
  [0 0 0 ... 0 0 0]
  [0 0 0 ... 0 0 0]
  ...
  [0 0 0 ... 0 0 0]
  [0 0 0 ... 0 0 0]
  [0 0 0 ... 0 0 0]]

 [[0 0 0 ... 0 0 0]
  [0 0 0 ... 0 0 0]
  [0 0 0 ... 0 0 0]
  ...
  [0 0 0 ... 0 0 0]
  [0 0 0 ... 0 0 0]
  [0 0 0 ... 0 0 0]]

 ...

 [[0 0 0 ... 0 0 0]
  [0 0 0 ... 0 0 0]
  [0 0 0 ... 0 0 0]
  ...
  [0 0 0 ... 0 0 0]
  [0 0 0 ... 0 0 0]
  [0 0 0 ... 0 0 0]]

 [[0 0 0 ... 0 0 0]
  [0 0 0 ... 0 0 0]
  [0 0 0 ... 0 0 0]
  ...
  [0 0 0 ... 0 0 0]
  [0 0 0 ... 0 0 0]
  [0 0 0 ... 0 0 0]]

 [[0 0 0 ... 0 0 0]
  [0 0 0 ... 0 0 0]
  [0 0 0 ... 0 0 0]
  ...
  [0 0 0 ... 0 0 0]
  [0 0 0 ... 0 0 0]
  [0 0 0 ... 0 0 0]]]","[82, 83, 84, 85, 86]","[131, 132, 133, 134, 135, 136, 137, 138, 139, 140, 141, 142, 143, 144, 145, 146, 147, 148, 149, 150, 151, 152, 153, 154, 155, 156, 157, 158, 159, 160, 162, 163, 164, 165, 166, 167, 168, 169, 170, 171, 172, 173, 174, 175, 176, 177, 178, 179, 180, 181, 182, 183, 184, 185, 186]","[356, 357, 358, 359, 360, 361, 362, 363, 364, 365, 366, 367, 368, 369, 370, 371, 372, 373, 374, 375, 376, 377, 378, 379, 380, 381]",5,56,26,/media/bendico765/Crucial X9/Materiali Tesista/Roi masks/AMBL-033/ROI 0.npy,/media/bendico765/Crucial X9/Materiali Tesista/Cleaned Roi masks/AMBL-033/ROI 0.npy,0.7422,2.0,/media/bendico765/Crucial X9/MRI Lesions/manifest-1728494830954/Advanced-MRI-Breast-Lesions/AMBL-033/03-23-2004-NA-MRI BREASTS - Delayed contrast-97015/500.000000-Registered AX Sen Vibrant MultiPhase-95961,0.34372792301049465,0.1404983643421033,5.746565492465356,40.90129817079498,18.18286684106772,35.681695242238696,43.226380478592006,43.226380478592006,544.0668896399992,14.058918268680303,0.3436757989507023,937.7851933262182,1.7236579015987104,622.4727491999998,86.0,196.0,2.6649615046594537,49.0,3.7722645099419747,269.0,34.15702404260318,129.12566371681416,117.0,39.0,230.0,22.330714517267023,136.44799975510136,1.1165090347729147,11589232.899699358,0.19567076513430964,1944.6196068603654,20.792992679792942,244.63586339004036,22.672629180237497,7.393310642993439,3.106524928099753,0.3896731880726444,1.264712390807026,2.0312293376343855,1.4348914680086484,0.5709851291405452,0.527778964428742,0.972444322763725,0.8971469447745276,-0.11825942254472369,0.6354968384043892,0.4652355757618088,4.439914441638589,0.05951413774116961,4.715421603429884,0.49521864974753443,0.12469041895767627,8.879828883277181,3.2432552967170625,2.6249588927732974,5.661433271867692,63.72212389380531,0.11278252016602709,9.201108935703658,3.2125804683217165,25.012389380530973,30.069026548672568,507.5646017699115,2.238773251827771,0.06939111549241134,0.21656669649644522,7.949255373081469,0.011842586350807295,89.53112404080966,0.1831024994374767,3.4295613873563258,26.16622883189519,1.6384164905046474,37.51178058179992,0.11635378342662925,0.06852832456959548,3.3247768357863254,380.8890756939676,0.7708899609622066,0.8627637848876785,0.2459907167248527,0.8962016315276984,24.201792299525827,0.060879862138328515,18.82191780821918,0.1289172452617752,4.498217301557515,36.97260273972603,91.02054794520548,1436.2465753424658,6.9771925088528555,0.0574312458367416,50.56164383561644,0.3463126290110715,0.6032303819417194,24.386545056080948,0.029594350127108964,4.879099477372159,0.2584070796460177,76.04470820041283,2.0497815277998774,0.012009373102880439,36.39301154303902,0.06439726099554333,0.4769168088527208
36,AMBL-034,0,0.0,-1,-1,-1,-1,,-1,-1,-1.0,-1,/media/bendico765/Crucial X9/MRI Lesions/manifest-1728494830954/Advanced-MRI-Breast-Lesions/AMBL-034/03-23-2004-NA-MRI BREASTS - Delayed contrast-25995/600.000000-Registered Ax T2 FSE-79003,/media/bendico765/Crucial X9/MRI Lesions/manifest-1728494830954/Advanced-MRI-Breast-Lesions/AMBL-034/03-23-2004-NA-MRI BREASTS - Delayed contrast-25995/500.000000-ROI-54502/1-1.dcm,-50.76,R,"[[[0 0 0 ... 0 0 0]
  [0 0 0 ... 0 0 0]
  [0 0 0 ... 0 0 0]
  ...
  [0 0 0 ... 0 0 0]
  [0 0 0 ... 0 0 0]
  [0 0 0 ... 0 0 0]]

 [[0 0 0 ... 0 0 0]
  [0 0 0 ... 0 0 0]
  [0 0 0 ... 0 0 0]
  ...
  [0 0 0 ... 0 0 0]
  [0 0 0 ... 0 0 0]
  [0 0 0 ... 0 0 0]]

 [[0 0 0 ... 0 0 0]
  [0 0 0 ... 0 0 0]
  [0 0 0 ... 0 0 0]
  ...
  [0 0 0 ... 0 0 0]
  [0 0 0 ... 0 0 0]
  [0 0 0 ... 0 0 0]]

 ...

 [[0 0 0 ... 0 0 0]
  [0 0 0 ... 0 0 0]
  [0 0 0 ... 0 0 0]
  ...
  [0 0 0 ... 0 0 0]
  [0 0 0 ... 0 0 0]
  [0 0 0 ... 0 0 0]]

 [[0 0 0 ... 0 0 0]
  [0 0 0 ... 0 0 0]
  [0 0 0 ... 0 0 0]
  ...
  [0 0 0 ... 0 0 0]
  [0 0 0 ... 0 0 0]
  [0 0 0 ... 0 0 0]]

 [[0 0 0 ... 0 0 0]
  [0 0 0 ... 0 0 0]
  [0 0 0 ... 0 0 0]
  ...
  [0 0 0 ... 0 0 0]
  [0 0 0 ... 0 0 0]
  [0 0 0 ... 0 0 0]]]","[75, 76, 77, 78, 79, 80]","[174, 175, 176, 177, 178, 179, 180, 181, 182, 183, 184, 185, 186, 187, 188, 189, 190, 191, 192, 193, 194, 195, 196, 197, 198, 199, 200]","[360, 361, 362, 363, 364, 365, 366, 367, 368, 369, 370, 371, 372, 373, 374, 375, 376, 377, 378, 379, 380]",6,27,21,/media/bendico765/Crucial X9/Materiali Tesista/Roi masks/AMBL-034/ROI 0.npy,/media/bendico765/Crucial X9/Materiali Tesista/Cleaned Roi masks/AMBL-034/ROI 0.npy,0.6836,2.0,/media/bendico765/Crucial X9/MRI Lesions/manifest-1728494830954/Advanced-MRI-Breast-Lesions/AMBL-034/03-23-2004-NA-MRI BREASTS - Delayed contrast-25995/500.000000-Registered AX Sen Vibrant MultiPhase-48757,0.7269565243742757,0.6563701620968906,10.271584804929654,15.649073340133652,14.108589207996667,18.4572,18.46985492092453,19.079558758000665,991.2012465733383,11.376195965021699,0.5297351990260522,907.5415545006167,0.9155976726603807,1018.7335328,133.0,307.0,3.4577014104188892,100.5,2.7006565990215887,401.0,54.99687736722499,220.5091743119266,223.5,-8.0,409.0,40.75608212809917,230.53980730514542,-0.07871649917064436,54144263.84522784,0.10259574109923408,4524.306796565945,112.9460911785047,1236.8933264599893,-3.056485937884287,21.88402911823288,6.028036837823502,0.5672551992578058,1.8609728030428125,2.452177027167897,2.381285481753762,0.4783304755597228,0.4093483839076092,0.9825171036685332,0.9117891693159531,-0.13790528749132028,0.74829058391699,0.3815171141507606,10.4392567029754,0.01582645126898078,6.3753589853162005,0.6168636118844771,0.035274518392029545,20.878513405950798,4.213850043994218,6.978016489014095,6.486368870129455,132.1559633027523,0.12124400303004798,6.549721403922229,7.350533625115732,114.23577981651376,27.726605504587155,3234.826605504587,0.30600759254651605,0.013466239876597211,0.15372088681090532,17.977795636790862,0.003254872048936634,95.21531047662191,0.1013919545233981,7.55024197426284,114.18392878934245,1.5999692077189471,183.0982223074781,0.020620341147032505,0.013810711671725392,4.106798078911561,727.5747430007506,0.766868670356419,0.8614678899082567,0.2188595463373025,0.894793218953867,102.17788374712043,0.012595881007407569,13.947368421052632,0.08156355801785165,12.635272391505078,116.53216374269006,339.2163742690058,40018.26315789474,3.3317986080387327,0.022614831270310668,49.37426900584796,0.28873841523887694,0.5538311093725911,65.88282360942408,0.015171469042896698,5.718667189626145,0.15688073394495414,298.585068910092,0.6185266670860662,0.008075058114720857,167.13922973061852,0.05921582833111154,0.937055775703822
37,AMBL-034,1,0.0,-1,-1,-1,-1,,-1.0,-1.0,-1.0,-1,/media/bendico765/Crucial X9/MRI Lesions/manifest-1728494830954/Advanced-MRI-Breast-Lesions/AMBL-034/03-23-2004-NA-MRI BREASTS - Delayed contrast-25995/600.000000-Registered Ax T2 FSE-79003,/media/bendico765/Crucial X9/MRI Lesions/manifest-1728494830954/Advanced-MRI-Breast-Lesions/AMBL-034/03-23-2004-NA-MRI BREASTS - Delayed contrast-25995/500.000000-ROI-54502/1-1.dcm,-56.76,R,"[[[0 0 0 ... 0 0 0]
  [0 0 0 ... 0 0 0]
  [0 0 0 ... 0 0 0]
  ...
  [0 0 0 ... 0 0 0]
  [0 0 0 ... 0 0 0]
  [0 0 0 ... 0 0 0]]

 [[0 0 0 ... 0 0 0]
  [0 0 0 ... 0 0 0]
  [0 0 0 ... 0 0 0]
  ...
  [0 0 0 ... 0 0 0]
  [0 0 0 ... 0 0 0]
  [0 0 0 ... 0 0 0]]

 [[0 0 0 ... 0 0 0]
  [0 0 0 ... 0 0 0]
  [0 0 0 ... 0 0 0]
  ...
  [0 0 0 ... 0 0 0]
  [0 0 0 ... 0 0 0]
  [0 0 0 ... 0 0 0]]

 ...

 [[0 0 0 ... 0 0 0]
  [0 0 0 ... 0 0 0]
  [0 0 0 ... 0 0 0]
  ...
  [0 0 0 ... 0 0 0]
  [0 0 0 ... 0 0 0]
  [0 0 0 ... 0 0 0]]

 [[0 0 0 ... 0 0 0]
  [0 0 0 ... 0 0 0]
  [0 0 0 ... 0 0 0]
  ...
  [0 0 0 ... 0 0 0]
  [0 0 0 ... 0 0 0]
  [0 0 0 ... 0 0 0]]

 [[0 0 0 ... 0 0 0]
  [0 0 0 ... 0 0 0]
  [0 0 0 ... 0 0 0]
  ...
  [0 0 0 ... 0 0 0]
  [0 0 0 ... 0 0 0]
  [0 0 0 ... 0 0 0]]]","[74, 75, 76, 77, 78, 79, 80, 81, 82, 83, 84]","[203, 204, 205, 206, 207, 208, 209, 210, 211, 212, 213, 214, 215, 216, 217, 218, 219, 220, 221, 222, 223, 224, 225, 226, 227, 228, 229, 230, 231, 232, 233, 234]","[387, 388, 389, 390, 391, 392, 393, 394, 395, 396, 397, 398, 399, 400, 401, 402, 403, 404, 405, 406, 407, 408, 409, 410, 411, 412, 413, 414, 415, 416, 417, 418, 419, 420, 421, 422, 423, 424, 425, 426]",11,32,40,/media/bendico765/Crucial X9/Materiali Tesista/Roi masks/AMBL-034/ROI 1.npy,/media/bendico765/Crucial X9/Materiali Tesista/Cleaned Roi masks/AMBL-034/ROI 1.npy,0.6836,2.0,/media/bendico765/Crucial X9/MRI Lesions/manifest-1728494830954/Advanced-MRI-Breast-Lesions/AMBL-034/03-23-2004-NA-MRI BREASTS - Delayed contrast-25995/500.000000-Registered AX Sen Vibrant MultiPhase-48757,0.5181782477702992,0.3442321828912918,10.824230048165754,31.444561508602565,33.00958061169514,23.13119731963739,27.344,34.71134381725951,3152.7777834666426,16.293887784433075,0.4980844094061162,2087.5813940448916,0.6621403528635271,3179.57016384,56.0,442.9000000000001,4.208383363991027,292.0,1.5624181916125164,604.0,137.63369681561593,234.66519694297472,194.0,-10.0,614.0,117.44141682228361,279.13181887847475,0.2539679843192172,247734849.44652,0.060897193302967695,22846.817654120532,136.06409009553786,26554.093752276778,530.0240858944131,124.91295425770782,14.795042499666344,0.7856239200503585,2.649309428801759,2.9387524244182313,7.11113811125934,0.4394048093381518,0.36932761474066356,0.9802183636156581,0.9150680867908983,-0.19633634930364122,0.8668910870343647,0.3423477125881093,10.416587280837232,0.008803696482508658,7.529810968289556,0.7943126192240667,0.025707756981623923,20.833174561674454,5.096920513727524,34.926999189343555,7.286945837044038,387.0352733686067,0.11376698217772097,9.282410561135498,36.59006062415821,155.58083480305703,30.612580834803058,3772.1628453850676,1.221968040082852,0.027989047546194603,0.19366283244921956,33.63865247160568,0.00459018401537533,171.50076742773334,0.05851091366898519,35.82888499795508,159.05511368833533,1.6234646306254072,240.01920501770712,0.04984842589865105,0.026871336262490084,4.867621262217179,2281.6313757530575,0.7722680634316521,0.860828471939583,0.24618775452959946,0.8980604975217947,144.8063290849633,0.02353585644037601,36.31994261119082,0.052108956400560714,28.266096346506547,180.89670014347203,468.3558106169297,40856.26111908178,18.19355822933472,0.023372407354487874,257.42180774748925,0.3693282751040018,0.6315199762159243,111.97476119827752,0.014863291219887415,6.329941049168786,0.20487948265726044,444.53244793735814,1.3661963996998199,0.003038813261760222,444.60140177822245,0.20877937859327095,0.8175570958426792
38,AMBL-035,0,0.0,-1,-1,-1,-1,,-1,-1,-1.0,-1,/media/bendico765/Crucial X9/MRI Lesions/manifest-1728494830954/Advanced-MRI-Breast-Lesions/AMBL-035/03-24-2004-NA-MRI BREASTS - Delayed contrast-85585/600.000000-Registered Ax T2 FSE-09217,/media/bendico765/Crucial X9/MRI Lesions/manifest-1728494830954/Advanced-MRI-Breast-Lesions/AMBL-035/03-24-2004-NA-MRI BREASTS - Delayed contrast-85585/500.000000-ROI-04983/1-1.dcm,-19.16,L,"[[[0 0 0 ... 0 0 0]
  [0 0 0 ... 0 0 0]
  [0 0 0 ... 0 0 0]
  ...
  [0 0 0 ... 0 0 0]
  [0 0 0 ... 0 0 0]
  [0 0 0 ... 0 0 0]]

 [[0 0 0 ... 0 0 0]
  [0 0 0 ... 0 0 0]
  [0 0 0 ... 0 0 0]
  ...
  [0 0 0 ... 0 0 0]
  [0 0 0 ... 0 0 0]
  [0 0 0 ... 0 0 0]]

 [[0 0 0 ... 0 0 0]
  [0 0 0 ... 0 0 0]
  [0 0 0 ... 0 0 0]
  ...
  [0 0 0 ... 0 0 0]
  [0 0 0 ... 0 0 0]
  [0 0 0 ... 0 0 0]]

 ...

 [[0 0 0 ... 0 0 0]
  [0 0 0 ... 0 0 0]
  [0 0 0 ... 0 0 0]
  ...
  [0 0 0 ... 0 0 0]
  [0 0 0 ... 0 0 0]
  [0 0 0 ... 0 0 0]]

 [[0 0 0 ... 0 0 0]
  [0 0 0 ... 0 0 0]
  [0 0 0 ... 0 0 0]
  ...
  [0 0 0 ... 0 0 0]
  [0 0 0 ... 0 0 0]
  [0 0 0 ... 0 0 0]]

 [[0 0 0 ... 0 0 0]
  [0 0 0 ... 0 0 0]
  [0 0 0 ... 0 0 0]
  ...
  [0 0 0 ... 0 0 0]
  [0 0 0 ... 0 0 0]
  [0 0 0 ... 0 0 0]]]","[73, 74, 75, 76, 77]","[165, 166, 167, 168, 169, 170, 171, 172, 173, 174, 175, 176, 177, 178, 179, 180, 181, 182, 183, 184, 185, 186, 187, 188, 189, 190]","[147, 148, 149, 150, 151, 152, 153, 154, 155, 156, 157, 158, 159, 160, 161, 162]",5,26,16,/media/bendico765/Crucial X9/Materiali Tesista/Roi masks/AMBL-035/ROI 0.npy,/media/bendico765/Crucial X9/Materiali Tesista/Cleaned Roi masks/AMBL-035/ROI 0.npy,0.6641,2.0,/media/bendico765/Crucial X9/MRI Lesions/manifest-1728494830954/Advanced-MRI-Breast-Lesions/AMBL-035/03-24-2004-NA-MRI BREASTS - Delayed contrast-85585/500.000000-Registered AX Sen Vibrant MultiPhase-41185,0.6283758118051216,0.5686031932858914,8.880943588779662,15.618877441503145,12.004285942945545,17.38204463117041,17.317609269180316,18.030226163861617,866.0703256374973,9.814524791789237,0.6397792440976934,686.7880823647101,0.7929934348682124,882.9396776200001,71.0,276.0,3.4313452028181457,116.0,2.8835089760456607,411.0,65.73398828943284,152.21178821178822,126.0,33.0,378.0,48.25534261346927,171.61147834716505,0.8855609625860921,26003014.534719,0.11478531458551437,6282.071029869233,33.72455984321674,2709.8805840695372,155.81223853268176,29.83368331491668,7.158951129338688,0.6069443093125594,1.871680889661042,2.5347091855240396,3.4409094360460077,0.5044508949361503,0.4452414226426766,0.9751652811787669,0.9042864834085409,-0.15726460628704197,0.7700012219622306,0.39215878515929015,5.295977375104885,0.028247907618574486,6.132326282173408,0.6554739047256647,0.10121868628063477,10.591954750209773,4.108787954090075,9.248158611063843,6.472997613996058,97.75924075924075,0.0976615791800607,14.463324886901308,10.082836244674407,41.514485514485514,44.95004995004995,815.6043956043956,4.771715805487747,0.08579210558011106,0.1515427345455508,9.928972638399134,0.011234640787865438,83.73773205845099,0.100953344174451,10.476487769540956,45.329742445309265,1.8786584681022969,64.41835964035296,0.17282907354150312,0.08273114674867496,4.2281401090197885,605.0345338024424,0.7237470978161302,0.8260969799431337,0.36847686868126944,0.8727725552040541,41.87711023390925,0.07040557464594081,14.741176470588234,0.08671280276816609,11.389480968858132,70.04705882352941,427.40588235294115,5938.058823529412,46.485201268240075,0.08070198537719894,45.90588235294118,0.27003460207612456,0.5253996779304932,37.90899050621286,0.03837735910228933,5.668566848109998,0.16983016983016982,392.73456747404845,1.7638709944279392,0.009628466580189595,127.53841594275023,0.10146318551410743,1.0511453241985018
39,AMBL-036,0,1.0,-1,-1,-1,-1,,-1,-1,-1.0,-1,/media/bendico765/Crucial X9/MRI Lesions/manifest-1728494830954/Advanced-MRI-Breast-Lesions/AMBL-036/03-25-2004-NA-MRI BREASTS - Delayed contrast-66604/600.000000-Registered Ax T2 FSE-32535,/media/bendico765/Crucial X9/MRI Lesions/manifest-1728494830954/Advanced-MRI-Breast-Lesions/AMBL-036/03-25-2004-NA-MRI BREASTS - Delayed contrast-66604/500.000000-ROI-09583/1-1.dcm,-36.02,R,"[[[0 0 0 ... 0 0 0]
  [0 0 0 ... 0 0 0]
  [0 0 0 ... 0 0 0]
  ...
  [0 0 0 ... 0 0 0]
  [0 0 0 ... 0 0 0]
  [0 0 0 ... 0 0 0]]

 [[0 0 0 ... 0 0 0]
  [0 0 0 ... 0 0 0]
  [0 0 0 ... 0 0 0]
  ...
  [0 0 0 ... 0 0 0]
  [0 0 0 ... 0 0 0]
  [0 0 0 ... 0 0 0]]

 [[0 0 0 ... 0 0 0]
  [0 0 0 ... 0 0 0]
  [0 0 0 ... 0 0 0]
  ...
  [0 0 0 ... 0 0 0]
  [0 0 0 ... 0 0 0]
  [0 0 0 ... 0 0 0]]

 ...

 [[0 0 0 ... 0 0 0]
  [0 0 0 ... 0 0 0]
  [0 0 0 ... 0 0 0]
  ...
  [0 0 0 ... 0 0 0]
  [0 0 0 ... 0 0 0]
  [0 0 0 ... 0 0 0]]

 [[0 0 0 ... 0 0 0]
  [0 0 0 ... 0 0 0]
  [0 0 0 ... 0 0 0]
  ...
  [0 0 0 ... 0 0 0]
  [0 0 0 ... 0 0 0]
  [0 0 0 ... 0 0 0]]

 [[0 0 0 ... 0 0 0]
  [0 0 0 ... 0 0 0]
  [0 0 0 ... 0 0 0]
  ...
  [0 0 0 ... 0 0 0]
  [0 0 0 ... 0 0 0]
  [0 0 0 ... 0 0 0]]]","[71, 72, 73, 74, 75, 76, 77, 78]","[183, 186, 187, 188, 189, 190, 191, 192, 193, 194, 195, 196, 197, 198, 199, 200, 201, 202, 203, 204, 205, 206, 207, 208, 209, 210, 211, 212, 213]","[360, 361, 362, 363, 364, 365, 366, 367, 368, 369, 370, 371, 372, 373, 374, 375, 376, 378]",8,31,19,/media/bendico765/Crucial X9/Materiali Tesista/Roi masks/AMBL-036/ROI 0.npy,/media/bendico765/Crucial X9/Materiali Tesista/Cleaned Roi masks/AMBL-036/ROI 0.npy,0.7422,2.0,/media/bendico765/Crucial X9/MRI Lesions/manifest-1728494830954/Advanced-MRI-Breast-Lesions/AMBL-036/03-25-2004-NA-MRI BREASTS - Delayed contrast-66604/500.000000-Registered AX Sen Vibrant MultiPhase-24618,0.6158824340546946,0.43388390706198493,8.789284987056712,20.25722743803233,17.637632607580873,23.244096562353203,21.638662481770908,23.944512427694157,1389.4087536900088,12.476070541734899,0.6084152249765434,989.701142653351,0.712318200115618,1416.8140804799998,47.0,233.0,3.2237564656770523,121.0,2.8284808126855667,420.0,64.2696874342422,121.00933125972006,90.0,14.0,406.0,49.610981023762854,142.46686335413506,0.8731072481215303,28756802.164525915,0.13913928924728322,5653.548902041124,33.16720993962534,3009.9692386383676,170.85395986533734,31.054771771510612,4.744257220885413,0.7339504868206495,1.4568401628853833,2.2546564502146422,2.476019731205149,0.5671754832919452,0.5224991929939313,0.984892302330434,0.9273400320202986,-0.20649144338130127,0.827430732281684,0.42630155409780346,5.1562189768379145,0.04110892272216333,5.6829096913883195,0.7535850770594792,0.13442807711802746,10.312437953675833,4.04064229681616,8.949757248099006,6.681878305158545,95.49766718506999,0.07425946126366251,18.123773427919765,9.213852857305255,37.79393468118196,65.84758942457232,1456.6975116640747,6.997692606617935,0.08460805878085585,0.10328812955549077,5.863478920979821,0.00701737222583613,119.41251535477947,0.11956921653311375,9.539409422572765,41.21934495737446,2.3003717303274724,72.97794225512553,0.216189564469615,0.0797114024037732,4.24464778272574,660.4780537804556,0.6520144200792928,0.7727598995095109,0.5349653142586733,0.8303572158564893,36.183061319324274,0.0634803363426294,13.97872340425532,0.09913988229968311,10.602484784467581,61.304964539007095,1214.3829787234042,18994.617021276597,129.19699274734015,0.06897261886170322,38.148936170212764,0.2705598309944168,0.5345052952686526,33.13323263237274,0.03892281578502936,5.519880978215708,0.10964230171073094,1131.1982294653185,1.6069884347259158,0.007188002284117168,136.415958376494,0.06682868046374932,1.2480730551367394
40,AMBL-038,0,1.0,3,3,0,3,,100,0,100.0,low to intermediate,/media/bendico765/Crucial X9/MRI Lesions/manifest-1728494830954/Advanced-MRI-Breast-Lesions/AMBL-038/03-26-2004-NA-MRI BREASTS - Delayed contrast-65978/600.000000-Registered Ax T2 FSE-85640,/media/bendico765/Crucial X9/MRI Lesions/manifest-1728494830954/Advanced-MRI-Breast-Lesions/AMBL-038/03-26-2004-NA-MRI BREASTS - Delayed contrast-65978/500.000000-ROI-46425/1-1.dcm,-13.73,L,"[[[0 0 0 ... 0 0 0]
  [0 0 0 ... 0 0 0]
  [0 0 0 ... 0 0 0]
  ...
  [0 0 0 ... 0 0 0]
  [0 0 0 ... 0 0 0]
  [0 0 0 ... 0 0 0]]

 [[0 0 0 ... 0 0 0]
  [0 0 0 ... 0 0 0]
  [0 0 0 ... 0 0 0]
  ...
  [0 0 0 ... 0 0 0]
  [0 0 0 ... 0 0 0]
  [0 0 0 ... 0 0 0]]

 [[0 0 0 ... 0 0 0]
  [0 0 0 ... 0 0 0]
  [0 0 0 ... 0 0 0]
  ...
  [0 0 0 ... 0 0 0]
  [0 0 0 ... 0 0 0]
  [0 0 0 ... 0 0 0]]

 ...

 [[0 0 0 ... 0 0 0]
  [0 0 0 ... 0 0 0]
  [0 0 0 ... 0 0 0]
  ...
  [0 0 0 ... 0 0 0]
  [0 0 0 ... 0 0 0]
  [0 0 0 ... 0 0 0]]

 [[0 0 0 ... 0 0 0]
  [0 0 0 ... 0 0 0]
  [0 0 0 ... 0 0 0]
  ...
  [0 0 0 ... 0 0 0]
  [0 0 0 ... 0 0 0]
  [0 0 0 ... 0 0 0]]

 [[0 0 0 ... 0 0 0]
  [0 0 0 ... 0 0 0]
  [0 0 0 ... 0 0 0]
  ...
  [0 0 0 ... 0 0 0]
  [0 0 0 ... 0 0 0]
  [0 0 0 ... 0 0 0]]]","[54, 55, 56, 57, 58, 59, 60, 61, 62, 63, 64, 65, 66, 67, 68, 69, 70]","[131, 132, 133, 134, 135, 136, 137, 138, 139, 140, 141, 142, 143, 144, 145, 146, 147, 148, 149, 150, 151, 152, 153, 154, 155, 156, 157, 158, 159, 160, 161, 162, 163, 164, 165, 166, 167, 168, 169, 170, 171, 172, 173, 174, 175, 176, 177, 178, 179, 180, 181, 182, 183, 184, 185, 186, 187, 188, 189, 190, 191, 192, 193, 194, 195, 196, 197, 198, 199, 200, 201, 202, 203, 204, 205, 206, 207, 208, 209, 210, 211, 212, 213, 214, 215, 216, 217, 218, 219, 220, 221, 222, 223, 224, 225, 226, 227, 228, 229, 230, 231]","[96, 97, 98, 99, 100, 101, 102, 103, 104, 105, 106, 107, 108, 109, 110, 111, 112, 113, 114, 115, 116, 117, 118, 119, 120, 121, 122, 123, 124, 125, 126, 127, 128, 129, 130, 132, 133, 134, 135, 136]",17,101,41,/media/bendico765/Crucial X9/Materiali Tesista/Roi masks/AMBL-038/ROI 0.npy,/media/bendico765/Crucial X9/Materiali Tesista/Cleaned Roi masks/AMBL-038/ROI 0.npy,0.7422,2.0,/media/bendico765/Crucial X9/MRI Lesions/manifest-1728494830954/Advanced-MRI-Breast-Lesions/AMBL-038/03-26-2004-NA-MRI BREASTS - Delayed contrast-65978/500.000000-Registered AX Sen Vibrant MultiPhase-90145,0.5616096020870606,0.32864877009398125,18.792632659618103,57.18150916628751,36.01416908718012,73.7188409252343,76.74864794978474,77.47821982725208,5056.856606129962,32.11368460961633,0.2060171816452663,6915.672874220708,1.3675833453211772,5521.829060159999,135.0,337.0,3.6589604836727925,117.0,2.4470923533256546,501.0,64.08430437341443,237.8840782122905,240.5,5.0,496.0,47.64092209182299,250.10020378113393,-0.021502018005513598,345391025.7788704,0.08833237580166736,5961.27726445358,101.00835894154534,2383.4362494488673,25.017892665688684,31.442600774954194,8.452639581921037,0.577361020048874,2.1787974114933286,2.6730638674231386,3.4683049232497742,0.4481742619670585,0.3748987423762289,0.9820899403270554,0.9117531283282682,-0.11253412177238407,0.7016240833280095,0.36298834169104804,9.75984090491262,0.010645361912337994,6.9243259240704935,0.6000989634603899,0.02209743485806842,19.519681809825236,4.487450265177974,9.973810089218809,6.5582916632559005,735.1612130885874,0.1466802101134452,5.125203263166008,9.631805096340212,110.34736632083,19.01316839584996,2036.4152035115721,0.2877954575163253,0.015654052180143326,0.2330922094124162,26.382758098061938,0.004287849399902311,396.9150305720865,0.08850282731621124,9.61022911701396,110.52740385919468,1.4146238275626852,155.44239872006978,0.02196331180946088,0.01575876706880487,4.180441388696422,3686.07865708346,0.8173206619362376,0.8951286144023574,0.15265884564412202,0.9211395637200765,101.9060680284197,0.0146058565266817,118.89161849710983,0.08590434862507935,10.724305857195363,114.04624277456648,114.83092485549133,10473.138005780347,1.9678040434620176,0.018248070273511278,431.0968208092485,0.3114861422032143,0.5758523003735833,66.33088819239327,0.011440156821083661,6.086080463185296,0.2761372705506784,101.71647900030071,2.4294475446288293,0.001770480439669837,265.87287421751773,0.06469775720854935,0.28056912557916247
41,AMBL-042,0,0.0,-1,-1,-1,-1,,-1,-1,-1.0,-1,/media/bendico765/Crucial X9/MRI Lesions/manifest-1728494830954/Advanced-MRI-Breast-Lesions/AMBL-042/03-30-2004-NA-MRI BREASTS - Delayed contrast-91145/600.000000-Registered Ax T2 FSE-57394,/media/bendico765/Crucial X9/MRI Lesions/manifest-1728494830954/Advanced-MRI-Breast-Lesions/AMBL-042/03-30-2004-NA-MRI BREASTS - Delayed contrast-91145/500.000000-ROI-64035/1-1.dcm,-23.05,L,"[[[0 0 0 ... 0 0 0]
  [0 0 0 ... 0 0 0]
  [0 0 0 ... 0 0 0]
  ...
  [0 0 0 ... 0 0 0]
  [0 0 0 ... 0 0 0]
  [0 0 0 ... 0 0 0]]

 [[0 0 0 ... 0 0 0]
  [0 0 0 ... 0 0 0]
  [0 0 0 ... 0 0 0]
  ...
  [0 0 0 ... 0 0 0]
  [0 0 0 ... 0 0 0]
  [0 0 0 ... 0 0 0]]

 [[0 0 0 ... 0 0 0]
  [0 0 0 ... 0 0 0]
  [0 0 0 ... 0 0 0]
  ...
  [0 0 0 ... 0 0 0]
  [0 0 0 ... 0 0 0]
  [0 0 0 ... 0 0 0]]

 ...

 [[0 0 0 ... 0 0 0]
  [0 0 0 ... 0 0 0]
  [0 0 0 ... 0 0 0]
  ...
  [0 0 0 ... 0 0 0]
  [0 0 0 ... 0 0 0]
  [0 0 0 ... 0 0 0]]

 [[0 0 0 ... 0 0 0]
  [0 0 0 ... 0 0 0]
  [0 0 0 ... 0 0 0]
  ...
  [0 0 0 ... 0 0 0]
  [0 0 0 ... 0 0 0]
  [0 0 0 ... 0 0 0]]

 [[0 0 0 ... 0 0 0]
  [0 0 0 ... 0 0 0]
  [0 0 0 ... 0 0 0]
  ...
  [0 0 0 ... 0 0 0]
  [0 0 0 ... 0 0 0]
  [0 0 0 ... 0 0 0]]]","[69, 70, 71]","[161, 162, 163, 164, 165, 166, 167]","[133, 134, 135, 136]",3,7,4,/media/bendico765/Crucial X9/Materiali Tesista/Roi masks/AMBL-042/ROI 0.npy,/media/bendico765/Crucial X9/Materiali Tesista/Cleaned Roi masks/AMBL-042/ROI 0.npy,0.7031,2.0,/media/bendico765/Crucial X9/MRI Lesions/manifest-1728494830954/Advanced-MRI-Breast-Lesions/AMBL-042/03-30-2004-NA-MRI BREASTS - Delayed contrast-91145/500.000000-Registered AX Sen Vibrant MultiPhase-36592,0.8450986880294622,0.38301347901574817,2.1514977720736144,5.6172899648399905,6.359964346598178,6.9540448840944356,5.118645263153133,6.989498541383352,31.308808633333328,4.74716437956734,0.6584764022802979,72.95497899024295,2.3301742281106947,36.58187114,78.6,250.2,3.040836312722798,82.0,1.9965344898546602,270.0,51.0226442658875,174.83783783783784,171.0,62.0,208.0,39.074910820451834,184.97603935411507,-0.26450995282435896,1251690.24642234,0.12783053323593865,3647.865595325055,35.0818993620494,426.547308434093,-15.864981900123848,13.759291161888031,3.753476222317017,0.5390965811470662,1.4952022524986326,1.9431407099144875,1.3488992688253967,0.5219606536427506,0.462464893435345,0.9587741496259217,0.8687968250530193,-0.5344029623722283,0.9725245812195008,0.41788186143475353,5.7019486967941955,0.06326776644895135,4.171944148494912,0.8945979835943014,0.10147612221469092,11.403897393588391,3.108143176292717,4.378191846051262,4.185823555333613,7.108108108108108,0.19211102994886778,2.1811541271000734,5.491599707815924,35.2972972972973,13.594594594594595,466.64864864864865,0.8496119461298033,0.10991272309724692,0.22406906906906904,7.152342342342342,0.06271152424155067,4.267090768039535,0.12686666942394142,5.607555785281381,35.32208432764647,1.325031945442287,46.697967248489064,0.13437131594266077,0.11520252801969408,3.3280945587618285,28.00698456877299,0.8268089771662454,0.9085239085239086,0.09905945372456955,0.9242619566593712,32.660449779772,0.11063540771492199,1.5,0.125,7.743055555555555,33.583333333333336,13.416666666666666,462.1666666666667,0.9252645633870831,0.21499093232972202,3.1666666666666665,0.2638888888888889,0.4516898148148148,12.242407407407407,0.18130052320996984,3.4182958340544856,0.32432432432432434,3.9097222222222223,0.12143141000657075,0.24493469417593428,27.49313309368504,0.13928505282139322,6.5903760862033245
42,AMBL-043,0,0.0,-1,-1,-1,-1,,-1,-1,-1.0,-1,/media/bendico765/Crucial X9/MRI Lesions/manifest-1728494830954/Advanced-MRI-Breast-Lesions/AMBL-043/03-30-2004-NA-MRI BREASTS - Delayed contrast-73191/600.000000-Registered Ax T2 FSE-67540,/media/bendico765/Crucial X9/MRI Lesions/manifest-1728494830954/Advanced-MRI-Breast-Lesions/AMBL-043/03-30-2004-NA-MRI BREASTS - Delayed contrast-73191/500.000000-ROI-93334/1-1.dcm,-68.46,L,"[[[0 0 0 ... 0 0 0]
  [0 0 0 ... 0 0 0]
  [0 0 0 ... 0 0 0]
  ...
  [0 0 0 ... 0 0 0]
  [0 0 0 ... 0 0 0]
  [0 0 0 ... 0 0 0]]

 [[0 0 0 ... 0 0 0]
  [0 0 0 ... 0 0 0]
  [0 0 0 ... 0 0 0]
  ...
  [0 0 0 ... 0 0 0]
  [0 0 0 ... 0 0 0]
  [0 0 0 ... 0 0 0]]

 [[0 0 0 ... 0 0 0]
  [0 0 0 ... 0 0 0]
  [0 0 0 ... 0 0 0]
  ...
  [0 0 0 ... 0 0 0]
  [0 0 0 ... 0 0 0]
  [0 0 0 ... 0 0 0]]

 ...

 [[0 0 0 ... 0 0 0]
  [0 0 0 ... 0 0 0]
  [0 0 0 ... 0 0 0]
  ...
  [0 0 0 ... 0 0 0]
  [0 0 0 ... 0 0 0]
  [0 0 0 ... 0 0 0]]

 [[0 0 0 ... 0 0 0]
  [0 0 0 ... 0 0 0]
  [0 0 0 ... 0 0 0]
  ...
  [0 0 0 ... 0 0 0]
  [0 0 0 ... 0 0 0]
  [0 0 0 ... 0 0 0]]

 [[0 0 0 ... 0 0 0]
  [0 0 0 ... 0 0 0]
  [0 0 0 ... 0 0 0]
  ...
  [0 0 0 ... 0 0 0]
  [0 0 0 ... 0 0 0]
  [0 0 0 ... 0 0 0]]]","[80, 81, 82]","[128, 129, 131, 132, 133, 134, 135, 136, 137, 138, 139, 140, 141, 142, 143, 144, 145, 146, 147, 148, 149]","[182, 183, 184, 185, 186, 187, 188, 189, 190, 191, 192, 193, 194, 195, 196, 197, 198]",3,22,17,/media/bendico765/Crucial X9/Materiali Tesista/Roi masks/AMBL-043/ROI 0.npy,/media/bendico765/Crucial X9/Materiali Tesista/Cleaned Roi masks/AMBL-043/ROI 0.npy,0.7617,2.0,/media/bendico765/Crucial X9/MRI Lesions/manifest-1728494830954/Advanced-MRI-Breast-Lesions/AMBL-043/03-30-2004-NA-MRI BREASTS - Delayed contrast-73191/500.000000-Registered AX Sen Vibrant MultiPhase-37449,0.9048327423453559,0.436554966865911,5.23743347479962,11.997191355764166,12.9489,13.855704686518115,16.912484642121633,17.64933572970949,243.34005144750017,10.855451554878089,0.43480243388437295,433.5120979007998,1.7815073816335105,281.97082854000007,240.4,426.20000000000005,3.56057915270359,95.5,2.7906891154503533,526.0,59.28256194008367,338.59670781893004,345.0,137.0,389.0,40.8503315525249,346.57069540510815,-0.08755481585683081,33867867.80919474,0.1009839286016698,5463.516367762367,72.98512896943102,1053.7486483695832,11.065248679067297,17.275495481498748,17.96475797286715,-0.003202813693974178,3.325083930413491,2.9678843154230026,5.548176930939638,0.358458386547162,0.2709584350912168,0.9464848306779685,0.8495978506712197,-0.2383170239226839,0.9004472980606008,0.2660407285483022,8.5517047480071,0.01662753292144492,6.2150855543964445,0.676166404834591,0.04279272137723586,17.103409496014205,3.8562440142487793,8.810063363591475,5.607889907609224,55.44444444444444,0.22816643804298126,2.294196345408051,8.821521109586955,91.60905349794238,8.909465020576132,800.679012345679,0.159310068859233,0.024297444596554973,0.37474026716310666,37.82118679021677,0.011368280400555264,22.74814560338462,0.09958713658367523,8.9942272980149,91.89465953528996,1.2359369410558203,113.05165351817868,0.028906603764253417,0.02466285556939316,3.845412250145228,205.47868420103822,0.8949654088288059,0.9395378284267173,0.09040446826739158,0.955698667135374,88.13325441316934,0.02377991847216299,9.807017543859649,0.08602646968297938,10.949599876885193,97.5701754385965,10.25438596491228,952.359649122807,0.17572231619468598,0.028676870002399782,42.31578947368421,0.37119113573407203,0.628076867006804,65.75573658033791,0.02029558340675691,5.155412958567843,0.4691358024691358,5.710757156048015,0.281258531765804,0.02253923070047214,231.35789141822548,0.1353300896473507,2.2017631642433098
43,AMBL-044,0,0.0,-1,-1,-1,-1,,-1,-1,-1.0,-1,/media/bendico765/Crucial X9/MRI Lesions/manifest-1728494830954/Advanced-MRI-Breast-Lesions/AMBL-044/03-30-2004-NA-MRI BREASTS - Delayed contrast-29907/600.000000-Registered Ax T2 FSE-75091,/media/bendico765/Crucial X9/MRI Lesions/manifest-1728494830954/Advanced-MRI-Breast-Lesions/AMBL-044/03-30-2004-NA-MRI BREASTS - Delayed contrast-29907/500.000000-ROI-12975/1-1.dcm,45.2,R,"[[[0 0 0 ... 0 0 0]
  [0 0 0 ... 0 0 0]
  [0 0 0 ... 0 0 0]
  ...
  [0 0 0 ... 0 0 0]
  [0 0 0 ... 0 0 0]
  [0 0 0 ... 0 0 0]]

 [[0 0 0 ... 0 0 0]
  [0 0 0 ... 0 0 0]
  [0 0 0 ... 0 0 0]
  ...
  [0 0 0 ... 0 0 0]
  [0 0 0 ... 0 0 0]
  [0 0 0 ... 0 0 0]]

 [[0 0 0 ... 0 0 0]
  [0 0 0 ... 0 0 0]
  [0 0 0 ... 0 0 0]
  ...
  [0 0 0 ... 0 0 0]
  [0 0 0 ... 0 0 0]
  [0 0 0 ... 0 0 0]]

 ...

 [[0 0 0 ... 0 0 0]
  [0 0 0 ... 0 0 0]
  [0 0 0 ... 0 0 0]
  ...
  [0 0 0 ... 0 0 0]
  [0 0 0 ... 0 0 0]
  [0 0 0 ... 0 0 0]]

 [[0 0 0 ... 0 0 0]
  [0 0 0 ... 0 0 0]
  [0 0 0 ... 0 0 0]
  ...
  [0 0 0 ... 0 0 0]
  [0 0 0 ... 0 0 0]
  [0 0 0 ... 0 0 0]]

 [[0 0 0 ... 0 0 0]
  [0 0 0 ... 0 0 0]
  [0 0 0 ... 0 0 0]
  ...
  [0 0 0 ... 0 0 0]
  [0 0 0 ... 0 0 0]
  [0 0 0 ... 0 0 0]]]","[48, 49, 50, 51, 52, 53, 54]","[184, 185, 186, 187, 188, 189, 190, 191, 192, 193, 194, 195, 196, 197, 198, 199, 200, 201, 202, 203, 204, 205, 206, 207, 208, 209, 210, 211, 212, 213, 214, 215, 216, 217, 218, 219, 220]","[370, 371, 372, 373, 374, 375, 376, 377, 378, 379, 380, 381, 382, 383, 384, 385, 386, 387, 388, 389, 390, 391, 392]",7,37,23,/media/bendico765/Crucial X9/Materiali Tesista/Roi masks/AMBL-044/ROI 0.npy,/media/bendico765/Crucial X9/Materiali Tesista/Cleaned Roi masks/AMBL-044/ROI 0.npy,0.7031,2.0,/media/bendico765/Crucial X9/MRI Lesions/manifest-1728494830954/Advanced-MRI-Breast-Lesions/AMBL-044/03-30-2004-NA-MRI BREASTS - Delayed contrast-29907/500.000000-Registered AX Sen Vibrant MultiPhase-73595,0.7439100884144043,0.38503704154703955,7.975422564306797,20.71339041112087,17.440449353156012,21.9297662778243,22.344867556107822,27.94292279808968,975.0222141233326,15.408900092099,0.48873116033403524,972.9498048171661,0.9978745004204547,1009.4619036199999,134.0,308.0,3.393960537384922,88.0,2.7026660459677068,420.0,53.056416622139764,215.03134182174338,208.0,47.0,373.0,38.122793383588096,224.81302057788292,0.40520141431353873,51019107.29134265,0.10864211979383007,4302.416255692168,66.95828230508694,1302.3804390914584,49.90744481858507,21.31913783781477,5.262039980073004,0.6047468079241971,1.7179249127019935,2.3685280222556813,2.2025629681356067,0.4941537775059928,0.4315825452850125,0.9809267749328109,0.909132874441556,-0.14698056371779333,0.7733249305019613,0.4190903834446033,7.933320775217803,0.01885339560636658,6.201548234835565,0.6357438735799528,0.04031693440468599,15.8666415504356,4.163483229202349,6.645294454471945,6.372806018335759,121.43486777668952,0.11893718685278111,6.720915620164593,6.932100713613529,73.03330068560236,28.155729676787463,1732.4789422135161,0.6490262896694222,0.02267999418133926,0.15377999052712132,13.280506949271171,0.004441003595842955,93.44239487482682,0.10632117764241002,7.103496172676757,74.52340412381517,1.595668366614556,112.19670845341261,0.0363431589732675,0.022682796879278353,4.047987593123633,677.2012626377103,0.764240356260745,0.8603932795901452,0.2198965869137093,0.8940181708069532,67.59691579629262,0.020306176678821244,16.672316384180792,0.09419387787672763,9.715088256886592,93.58757062146893,258.1412429378531,13671.463276836159,5.857486484824531,0.027442984155413967,43.58757062146893,0.2462574611382425,0.5002721470684477,45.9710576175563,0.018074326799077035,5.729351616547425,0.1733594515181195,224.8672475980721,0.9265486083961706,0.008980903920908561,118.18150449858963,0.0663089641621964,0.7732332744512609
44,AMBL-045,0,0.0,-1,-1,-1,-1,,-1,-1,-1.0,-1,/media/bendico765/Crucial X9/MRI Lesions/manifest-1728494830954/Advanced-MRI-Breast-Lesions/AMBL-045/03-30-2004-NA-MRI BREASTS - Delayed contrast-08327/600.000000-Registered Ax T2 FSE-54414,/media/bendico765/Crucial X9/MRI Lesions/manifest-1728494830954/Advanced-MRI-Breast-Lesions/AMBL-045/03-30-2004-NA-MRI BREASTS - Delayed contrast-08327/500.000000-ROI-75945/1-1.dcm,-3.45,L,"[[[0 0 0 ... 0 0 0]
  [0 0 0 ... 0 0 0]
  [0 0 0 ... 0 0 0]
  ...
  [0 0 0 ... 0 0 0]
  [0 0 0 ... 0 0 0]
  [0 0 0 ... 0 0 0]]

 [[0 0 0 ... 0 0 0]
  [0 0 0 ... 0 0 0]
  [0 0 0 ... 0 0 0]
  ...
  [0 0 0 ... 0 0 0]
  [0 0 0 ... 0 0 0]
  [0 0 0 ... 0 0 0]]

 [[0 0 0 ... 0 0 0]
  [0 0 0 ... 0 0 0]
  [0 0 0 ... 0 0 0]
  ...
  [0 0 0 ... 0 0 0]
  [0 0 0 ... 0 0 0]
  [0 0 0 ... 0 0 0]]

 ...

 [[0 0 0 ... 0 0 0]
  [0 0 0 ... 0 0 0]
  [0 0 0 ... 0 0 0]
  ...
  [0 0 0 ... 0 0 0]
  [0 0 0 ... 0 0 0]
  [0 0 0 ... 0 0 0]]

 [[0 0 0 ... 0 0 0]
  [0 0 0 ... 0 0 0]
  [0 0 0 ... 0 0 0]
  ...
  [0 0 0 ... 0 0 0]
  [0 0 0 ... 0 0 0]
  [0 0 0 ... 0 0 0]]

 [[0 0 0 ... 0 0 0]
  [0 0 0 ... 0 0 0]
  [0 0 0 ... 0 0 0]
  ...
  [0 0 0 ... 0 0 0]
  [0 0 0 ... 0 0 0]
  [0 0 0 ... 0 0 0]]]","[57, 58, 59, 60, 61, 62, 63, 64, 65, 66, 67]","[130, 131, 132, 133, 134, 135, 136, 137, 138, 139, 140, 141, 142, 143, 144, 145, 146, 147, 148, 149, 150, 151, 152, 153, 154, 155, 156, 157, 158, 159, 160, 161, 162, 163, 164, 165, 166, 167, 168, 169, 170, 171, 172, 173, 174, 175]","[121, 123, 124, 125, 126, 127, 128, 129, 130, 131, 132, 133, 134, 135, 136, 137, 138, 139, 140, 141, 142, 143, 144, 145, 146, 147, 148, 149, 150, 151, 152, 153]",11,46,33,/media/bendico765/Crucial X9/Materiali Tesista/Roi masks/AMBL-045/ROI 0.npy,/media/bendico765/Crucial X9/Materiali Tesista/Cleaned Roi masks/AMBL-045/ROI 0.npy,0.6641,2.1,/media/bendico765/Crucial X9/MRI Lesions/manifest-1728494830954/Advanced-MRI-Breast-Lesions/AMBL-045/03-30-2004-NA-MRI BREASTS - Delayed contrast-08327/500.000000-Registered AX Sen Vibrant MultiPhase-67967,0.7728117291987838,0.7297224196060065,18.199488973790434,24.940290286841872,25.58237565278096,30.541338219698236,30.807369233999847,31.255019136932237,2768.062197363745,19.2741488632939,0.3278591999894697,2907.907890424673,1.0505211527378666,2872.949874102,165.0,326.0,3.346453553897524,87.0,2.835982856237287,471.0,50.43019603001496,244.81334622823985,241.0,89.0,382.0,36.20044256978577,252.61944720544176,0.3499985274245333,183341850.14700258,0.11183941144021804,3883.010614914942,55.39733694106583,956.0074119846948,27.858438543435053,17.63232193543706,6.410943950234783,0.4653887559283166,1.9064476499738505,2.4937647177125344,2.5546729475612233,0.4774627874475011,0.40892116658055166,0.9769201828983477,0.9006905386481279,-0.09370240905766612,0.6023497772155576,0.3775071315499195,7.251740311259781,0.01710808770331653,6.3152106359720115,0.48873470997333496,0.035109797195926336,14.503480622519561,4.074889933127772,6.010816471417962,6.448938760067967,380.745970341715,0.12274209230874114,5.901802917441421,6.302976262480769,59.693745970341716,26.845261121856865,1506.3288201160542,0.7480549454639562,0.03026909627880999,0.1513729158396597,9.880037547499327,0.005891720375784993,295.8565036043796,0.1106626576611576,6.432204694991332,60.16543613451073,1.6090226097554754,94.62204644832856,0.048073813875358216,0.03059119038499125,4.003095164749042,2077.7206333624404,0.7680929015629386,0.8624460645737242,0.22956851474946527,0.8953007715121698,54.15627057197417,0.027658107929894413,46.83657587548638,0.09112174294841709,8.976396311829097,68.69260700389106,371.50194552529183,18305.28793774319,9.756528057409543,0.03885535243222394,137.6147859922179,0.2677330466774667,0.5288163173678637,35.729430028012395,0.024339176655924458,5.980777173470036,0.16569954867827208,335.0804857000106,3.309378848960406,0.0025933665166592342,135.89400708582122,0.06669547544019776,0.23540824349440032
45,AMBL-046,0,0.0,-1,-1,-1,-1,,-1,-1,-1.0,-1,/media/bendico765/Crucial X9/MRI Lesions/manifest-1728494830954/Advanced-MRI-Breast-Lesions/AMBL-046/03-30-2004-NA-MRI BREASTS - Delayed contrast-04861/600.000000-Registered Ax T2 FSE-47373,/media/bendico765/Crucial X9/MRI Lesions/manifest-1728494830954/Advanced-MRI-Breast-Lesions/AMBL-046/03-30-2004-NA-MRI BREASTS - Delayed contrast-04861/500.000000-ROI-01645/1-1.dcm,-58.18,L,"[[[0 0 0 ... 0 0 0]
  [0 0 0 ... 0 0 0]
  [0 0 0 ... 0 0 0]
  ...
  [0 0 0 ... 0 0 0]
  [0 0 0 ... 0 0 0]
  [0 0 0 ... 0 0 0]]

 [[0 0 0 ... 0 0 0]
  [0 0 0 ... 0 0 0]
  [0 0 0 ... 0 0 0]
  ...
  [0 0 0 ... 0 0 0]
  [0 0 0 ... 0 0 0]
  [0 0 0 ... 0 0 0]]

 [[0 0 0 ... 0 0 0]
  [0 0 0 ... 0 0 0]
  [0 0 0 ... 0 0 0]
  ...
  [0 0 0 ... 0 0 0]
  [0 0 0 ... 0 0 0]
  [0 0 0 ... 0 0 0]]

 ...

 [[0 0 0 ... 0 0 0]
  [0 0 0 ... 0 0 0]
  [0 0 0 ... 0 0 0]
  ...
  [0 0 0 ... 0 0 0]
  [0 0 0 ... 0 0 0]
  [0 0 0 ... 0 0 0]]

 [[0 0 0 ... 0 0 0]
  [0 0 0 ... 0 0 0]
  [0 0 0 ... 0 0 0]
  ...
  [0 0 0 ... 0 0 0]
  [0 0 0 ... 0 0 0]
  [0 0 0 ... 0 0 0]]

 [[0 0 0 ... 0 0 0]
  [0 0 0 ... 0 0 0]
  [0 0 0 ... 0 0 0]
  ...
  [0 0 0 ... 0 0 0]
  [0 0 0 ... 0 0 0]
  [0 0 0 ... 0 0 0]]]","[74, 75, 76, 77]","[130, 132, 133, 134, 135, 136, 137, 138, 139, 140, 141, 142]","[121, 122, 123, 124, 125, 126, 127, 128]",4,13,8,/media/bendico765/Crucial X9/Materiali Tesista/Roi masks/AMBL-046/ROI 0.npy,/media/bendico765/Crucial X9/Materiali Tesista/Cleaned Roi masks/AMBL-046/ROI 0.npy,0.7422,2.0,/media/bendico765/Crucial X9/MRI Lesions/manifest-1728494830954/Advanced-MRI-Breast-Lesions/AMBL-046/03-30-2004-NA-MRI BREASTS - Delayed contrast-04861/500.000000-Registered AX Sen Vibrant MultiPhase-77163,0.91561800901428,0.5588361781476061,4.1009087216114075,7.338302139286746,8.533098700940943,9.853703971603775,8.9064,9.853703971603775,78.35995449000002,6.719081594318962,0.610839950663478,144.97267121785444,1.8500862099958884,91.44289943999999,88.2,209.0,2.8160995089606216,74.0,1.9447536331628028,239.0,41.52562055450719,145.51807228915663,134.0,55.0,184.0,33.61194029850746,153.0739643251486,0.12309725000722062,2142656.9680276797,0.15488459863550588,2256.129191464653,18.16196921924146,196.7496426863266,8.023580039179937,9.627124438794302,3.297298665325933,0.48118062249088367,1.4249195750647643,1.9580829849555326,1.1328010865172595,0.5221766516942391,0.4640522505553498,0.9546229953732582,0.8603669783736975,-0.29152954530621733,0.8840754775391662,0.4429808876786546,4.070636556927471,0.04601988225927818,4.683299458689367,0.6955193548598652,0.0877355408991675,8.141273113854941,3.3292568823692745,3.2311057760300597,4.642153287261028,15.0,0.18072289156626506,2.421251270140804,3.745391203367688,22.662650602409638,17.19277108433735,321.04819277108436,2.2240029676529245,0.12876791178318714,0.14927157610031963,3.963092301177499,0.016541843868292522,11.368757193660773,0.15391640461633946,3.8104143306473635,23.08875445963437,1.4547281194415924,31.695854481861076,0.18905552663232503,0.1275702826936372,3.2407195450752386,60.63670681372962,0.8086694761214575,0.8906394810009268,0.15362678093509036,0.9125917014067993,21.342995886975885,0.11516710852210157,2.8823529411764706,0.1695501730103806,4.85121107266436,28.11764705882353,46.88235294117647,786.0588235294117,5.376505685607576,0.1344516139789249,2.8823529411764706,0.1695501730103806,0.36402183221190393,9.672921216834943,0.04401771790749914,3.69011651759366,0.20481927710843373,23.044982698961938,0.47299704480253935,0.08998809407333966,20.456550079268364,0.12333633323076586,1.885400963172164
46,AMBL-046,1,0.0,-1,-1,-1,-1,,-1.0,-1.0,-1.0,-1,/media/bendico765/Crucial X9/MRI Lesions/manifest-1728494830954/Advanced-MRI-Breast-Lesions/AMBL-046/03-30-2004-NA-MRI BREASTS - Delayed contrast-04861/600.000000-Registered Ax T2 FSE-47373,/media/bendico765/Crucial X9/MRI Lesions/manifest-1728494830954/Advanced-MRI-Breast-Lesions/AMBL-046/03-30-2004-NA-MRI BREASTS - Delayed contrast-04861/500.000000-ROI-01645/1-1.dcm,-52.18,R,"[[[0 0 0 ... 0 0 0]
  [0 0 0 ... 0 0 0]
  [0 0 0 ... 0 0 0]
  ...
  [0 0 0 ... 0 0 0]
  [0 0 0 ... 0 0 0]
  [0 0 0 ... 0 0 0]]

 [[0 0 0 ... 0 0 0]
  [0 0 0 ... 0 0 0]
  [0 0 0 ... 0 0 0]
  ...
  [0 0 0 ... 0 0 0]
  [0 0 0 ... 0 0 0]
  [0 0 0 ... 0 0 0]]

 [[0 0 0 ... 0 0 0]
  [0 0 0 ... 0 0 0]
  [0 0 0 ... 0 0 0]
  ...
  [0 0 0 ... 0 0 0]
  [0 0 0 ... 0 0 0]
  [0 0 0 ... 0 0 0]]

 ...

 [[0 0 0 ... 0 0 0]
  [0 0 0 ... 0 0 0]
  [0 0 0 ... 0 0 0]
  ...
  [0 0 0 ... 0 0 0]
  [0 0 0 ... 0 0 0]
  [0 0 0 ... 0 0 0]]

 [[0 0 0 ... 0 0 0]
  [0 0 0 ... 0 0 0]
  [0 0 0 ... 0 0 0]
  ...
  [0 0 0 ... 0 0 0]
  [0 0 0 ... 0 0 0]
  [0 0 0 ... 0 0 0]]

 [[0 0 0 ... 0 0 0]
  [0 0 0 ... 0 0 0]
  [0 0 0 ... 0 0 0]
  ...
  [0 0 0 ... 0 0 0]
  [0 0 0 ... 0 0 0]
  [0 0 0 ... 0 0 0]]]","[72, 73, 74]","[113, 114, 129, 130, 131, 132, 133, 134, 136, 137, 144, 145, 146, 149, 150, 151, 152, 153, 154, 155, 156, 157, 158, 159, 160, 161, 162, 163, 164, 165, 166, 167, 168, 169, 170, 171, 172, 173, 174, 175, 176, 177, 178, 179, 180, 181, 182, 183, 184, 185, 186, 187, 188, 189, 190, 191, 192, 193, 194, 195, 196, 197, 198, 199, 200, 201, 202, 203, 204, 205, 206, 207]","[371, 372, 373, 374, 375, 376, 377, 378, 379, 380, 381, 382, 383, 384, 385, 386, 387, 388, 389, 390, 391, 392, 393, 394, 395, 396, 397, 398, 399, 400, 401, 402, 405, 410, 411, 412]",3,95,42,/media/bendico765/Crucial X9/Materiali Tesista/Roi masks/AMBL-046/ROI 1.npy,/media/bendico765/Crucial X9/Materiali Tesista/Cleaned Roi masks/AMBL-046/ROI 1.npy,0.7422,2.0,/media/bendico765/Crucial X9/MRI Lesions/manifest-1728494830954/Advanced-MRI-Breast-Lesions/AMBL-046/03-30-2004-NA-MRI BREASTS - Delayed contrast-04861/500.000000-Registered AX Sen Vibrant MultiPhase-77163,0.28326267135285804,0.08049029419647628,5.790817521360897,71.94429563427299,24.084881153121763,56.44264532992762,71.76348648971843,71.79135040629895,400.1085901199999,20.379133369963927,0.29585505819568686,887.5449884900444,2.218260268353282,461.6213839199999,105.0,288.4,3.378347999393532,122.0,1.9903224324855826,348.0,60.49317331297953,204.07159904534606,212.0,37.0,311.0,48.192460317460316,215.80669552387747,-0.2887081989621208,21498875.674135197,0.10595177744487672,4927.312296011073,68.96227272758007,1285.5910766440247,-64.10226967933453,23.906266499855327,4.474536746828874,0.6799890179021968,1.5764942323174667,2.2428279359800265,1.8758833208493864,0.5165496585070805,0.459796236860752,0.9757511559099494,0.8995331805496535,-0.24016588119113955,0.8781466131119134,0.43445523970917266,8.004034765606916,0.025896912551998816,5.669712821659478,0.7615337924985892,0.06330871507978039,16.00806953121383,4.01804424492033,7.09520081167105,5.812153751795168,70.85680190930788,0.16910931243271568,4.288572063271456,7.855093101543054,67.02386634844869,14.684964200477326,1104.2983293556085,0.43219579969588806,0.03600127320207955,0.31215568327569687,18.44245472068435,0.012575225698273273,39.93135869227252,0.10416100266870708,7.8073499547528975,66.38403373553261,1.3482101849770558,91.70258124567512,0.04721874656214272,0.036542426264669324,3.7833846368728694,328.4627082514775,0.8511234081375001,0.9144483201762438,0.13057718616959688,0.9362142958685283,61.64753152354922,0.034597326533891595,15.925,0.09953125,7.6483984375,59.21875,20.34375,1721.40625,0.4874571713624302,0.04202013564992253,57.8875,0.361796875,0.6243192631138839,35.13786853987738,0.025573843580148782,5.115868944316599,0.3818615751789976,13.485898437500003,0.5032189323973919,0.02181283608319762,68.93830476270928,0.10833150124442924,1.2883394796681655
47,AMBL-047,0,1.0,-1,-1,-1,-1,,-1,-1,-1.0,-1,/media/bendico765/Crucial X9/MRI Lesions/manifest-1728494830954/Advanced-MRI-Breast-Lesions/AMBL-047/03-30-2004-NA-MRI BREASTS - Delayed contrast-34189/600.000000-Registered Ax T2 FSE-63787,/media/bendico765/Crucial X9/MRI Lesions/manifest-1728494830954/Advanced-MRI-Breast-Lesions/AMBL-047/03-30-2004-NA-MRI BREASTS - Delayed contrast-34189/500.000000-ROI-59699/1-1.dcm,-33.78,L,"[[[0 0 0 ... 0 0 0]
  [0 0 0 ... 0 0 0]
  [0 0 0 ... 0 0 0]
  ...
  [0 0 0 ... 0 0 0]
  [0 0 0 ... 0 0 0]
  [0 0 0 ... 0 0 0]]

 [[0 0 0 ... 0 0 0]
  [0 0 0 ... 0 0 0]
  [0 0 0 ... 0 0 0]
  ...
  [0 0 0 ... 0 0 0]
  [0 0 0 ... 0 0 0]
  [0 0 0 ... 0 0 0]]

 [[0 0 0 ... 0 0 0]
  [0 0 0 ... 0 0 0]
  [0 0 0 ... 0 0 0]
  ...
  [0 0 0 ... 0 0 0]
  [0 0 0 ... 0 0 0]
  [0 0 0 ... 0 0 0]]

 ...

 [[0 0 0 ... 0 0 0]
  [0 0 0 ... 0 0 0]
  [0 0 0 ... 0 0 0]
  ...
  [0 0 0 ... 0 0 0]
  [0 0 0 ... 0 0 0]
  [0 0 0 ... 0 0 0]]

 [[0 0 0 ... 0 0 0]
  [0 0 0 ... 0 0 0]
  [0 0 0 ... 0 0 0]
  ...
  [0 0 0 ... 0 0 0]
  [0 0 0 ... 0 0 0]
  [0 0 0 ... 0 0 0]]

 [[0 0 0 ... 0 0 0]
  [0 0 0 ... 0 0 0]
  [0 0 0 ... 0 0 0]
  ...
  [0 0 0 ... 0 0 0]
  [0 0 0 ... 0 0 0]
  [0 0 0 ... 0 0 0]]]","[47, 48, 49, 50, 51, 52, 53, 54, 55, 56, 57, 58, 59]","[205, 206, 207, 208, 209, 210, 211, 212, 213, 214, 215, 216, 217, 218, 219, 220, 221, 222, 223, 224, 225, 226, 227, 228, 229, 230, 231, 232, 233, 234, 235, 236, 237, 238, 239, 240, 241, 242, 243, 244, 245, 246, 247, 248, 249, 250, 251, 252, 253, 254, 255, 256, 257, 258, 259, 260, 261, 262, 263, 264, 265, 266, 267, 268, 269, 270, 271, 272, 273, 274, 275, 276, 277, 278, 279, 280]","[152, 153, 154, 155, 156, 157, 158, 159, 160, 161, 162, 163, 164, 165, 166, 167, 168, 169, 170, 171, 172, 173, 174, 175, 176, 177, 178, 179, 180, 181, 182, 183, 184, 185, 186, 187, 188, 189, 190, 191, 192, 193, 194, 195, 196, 197, 198, 199, 200, 201, 202, 203, 204, 205, 206, 207, 208, 209, 210, 211]",13,76,60,/media/bendico765/Crucial X9/Materiali Tesista/Roi masks/AMBL-047/ROI 0.npy,/media/bendico765/Crucial X9/Materiali Tesista/Cleaned Roi masks/AMBL-047/ROI 0.npy,0.7422,2.0,/media/bendico765/Crucial X9/MRI Lesions/manifest-1728494830954/Advanced-MRI-Breast-Lesions/AMBL-047/03-30-2004-NA-MRI BREASTS - Delayed contrast-34189/500.000000-Registered AX Sen Vibrant MultiPhase-04924,0.38593830166005233,0.3295155571814258,18.221815227138485,55.29880101262064,35.79633143214539,48.03227065213552,45.73421705331796,65.71147301742671,10322.718995969852,21.341925346647994,0.37129692883260507,6174.837091982204,0.598179326047038,10470.762846719997,55.0,244.0,3.4412488465499442,120.0,2.1607842746453505,392.0,62.01673174647712,139.03935185185185,124.0,-13.0,405.0,48.306980739185384,156.7539979298881,0.415660464454498,257285656.6566638,0.10251907933147411,5239.874503620307,50.67063802802527,1609.5818867832083,73.81081380811283,26.130718518627702,4.492303430277832,0.7028398531007335,1.5276330786891874,2.2539745754073564,1.9591919764227477,0.5377779549695251,0.48412295261316957,0.9853542671861205,0.922870880656731,-0.18092683038053953,0.7860845064154514,0.4158804477953011,6.7268587444187435,0.02200182226371329,6.119584461682848,0.7163083837826478,0.05851274907852669,13.453717488837487,4.219854117631809,7.655755487226385,6.972383742465676,813.6104797979798,0.08560716327840696,14.612373693089706,8.46097442180999,58.59732744107744,54.961069023569024,2171.16109006734,2.451879762071102,0.035906012255950144,0.09792347397879823,7.691912181805706,0.0031051921279398914,735.674494680392,0.09739137722850097,8.60154087174971,61.96421614130955,2.145757036091707,112.72913352003677,0.08323929000484051,0.034497605530479876,4.360696622572,5266.89527837079,0.6837972964950689,0.7941514504014504,0.47325839276725884,0.8478666249924823,54.46589170088861,0.028536032475632966,75.87655719139298,0.08593041584529217,10.591638460976107,85.0237825594564,4909.705549263873,153825.92185730464,228.0991340338597,0.03348142484470576,222.44507361268404,0.25191967566555384,0.5136360693501677,44.89326788131012,0.016596899341871967,6.3321367037076515,0.09290824915824916,4793.85677366232,8.537582220239923,0.0010935425744083057,130.1455691499264,0.06492201873358937,0.12390997882066623
48,AMBL-049,0,0.0,-1,-1,-1,-1,,-1,-1,-1.0,-1,/media/bendico765/Crucial X9/MRI Lesions/manifest-1728494830954/Advanced-MRI-Breast-Lesions/AMBL-049/04-01-2004-NA-MRI BREASTS - Delayed contrast-79345/600.000000-Registered Ax T2 FSE-54246,/media/bendico765/Crucial X9/MRI Lesions/manifest-1728494830954/Advanced-MRI-Breast-Lesions/AMBL-049/04-01-2004-NA-MRI BREASTS - Delayed contrast-79345/500.000000-ROI-50017/1-1.dcm,13.8,L,"[[[0 0 0 ... 0 0 0]
  [0 0 0 ... 0 0 0]
  [0 0 0 ... 0 0 0]
  ...
  [0 0 0 ... 0 0 0]
  [0 0 0 ... 0 0 0]
  [0 0 0 ... 0 0 0]]

 [[0 0 0 ... 0 0 0]
  [0 0 0 ... 0 0 0]
  [0 0 0 ... 0 0 0]
  ...
  [0 0 0 ... 0 0 0]
  [0 0 0 ... 0 0 0]
  [0 0 0 ... 0 0 0]]

 [[0 0 0 ... 0 0 0]
  [0 0 0 ... 0 0 0]
  [0 0 0 ... 0 0 0]
  ...
  [0 0 0 ... 0 0 0]
  [0 0 0 ... 0 0 0]
  [0 0 0 ... 0 0 0]]

 ...

 [[0 0 0 ... 0 0 0]
  [0 0 0 ... 0 0 0]
  [0 0 0 ... 0 0 0]
  ...
  [0 0 0 ... 0 0 0]
  [0 0 0 ... 0 0 0]
  [0 0 0 ... 0 0 0]]

 [[0 0 0 ... 0 0 0]
  [0 0 0 ... 0 0 0]
  [0 0 0 ... 0 0 0]
  ...
  [0 0 0 ... 0 0 0]
  [0 0 0 ... 0 0 0]
  [0 0 0 ... 0 0 0]]

 [[0 0 0 ... 0 0 0]
  [0 0 0 ... 0 0 0]
  [0 0 0 ... 0 0 0]
  ...
  [0 0 0 ... 0 0 0]
  [0 0 0 ... 0 0 0]
  [0 0 0 ... 0 0 0]]]","[48, 49, 50, 51]","[185, 186, 187, 188, 189, 190, 191, 192, 193, 194, 195, 196, 197, 198]","[177, 178, 179, 180, 181, 182, 183, 184, 185, 186]",4,14,10,/media/bendico765/Crucial X9/Materiali Tesista/Roi masks/AMBL-049/ROI 0.npy,/media/bendico765/Crucial X9/Materiali Tesista/Cleaned Roi masks/AMBL-049/ROI 0.npy,0.7422,2.1,/media/bendico765/Crucial X9/MRI Lesions/manifest-1728494830954/Advanced-MRI-Breast-Lesions/AMBL-049/04-01-2004-NA-MRI BREASTS - Delayed contrast-79345/500.000000-Registered AX Sen Vibrant MultiPhase-71162,0.7615292701478711,0.5992730589404187,5.847840804819781,9.758224097641587,10.286646380623765,9.876850771374446,11.617267570302406,12.061387741052023,263.60756922149994,7.4311732750163655,0.7364210440146478,269.978917494953,1.024169822938959,275.32024783199995,215.7,477.3,3.6502699361648028,145.75,2.7351031600021773,509.0,80.76414095049785,378.2226890756302,408.5,92.0,417.0,59.53927977839336,390.3135724951793,-0.8162059073030752,41943576.39538374,0.09600310712520303,9292.282342348706,157.75562767025673,6020.773710351883,-208.27348627113682,50.50442664912676,17.760496413442507,0.48770288458045585,3.1703262652590705,3.080770433164591,7.071562497222984,0.383147790572079,0.3020896159235132,0.9531742122439046,0.8635764203159612,-0.23290156535447487,0.9050982311138294,0.2908822099976881,12.228797591022747,0.014048087829921733,6.605117477156507,0.6266030788304066,0.041605411834723244,24.457595182045495,4.509208219808881,17.06623076564232,5.833333119521353,42.63025210084034,0.17911870630605184,3.3996186709978105,14.87578560836099,175.46218487394958,14.529411764705882,2978.4621848739494,0.11779487648295545,0.015335921296928325,0.24001494182329014,34.85073890799706,0.00813500170130987,20.189027323856344,0.09318512169564866,14.984955640630577,173.14454125177664,1.327494607437829,238.0469482520759,0.018751865100553856,0.01605771442070323,4.063536049865222,182.08277518237915,0.8359299711230077,0.9101486748545574,0.10816525539442733,0.9295395538684874,159.19183483642203,0.015468707956830181,5.264705882352941,0.07742214532871973,16.281141868512112,141.85294117647058,46.35294117647059,10328.941176470587,0.3038914016153709,0.03126504252951007,19.08823529411765,0.28070934256055363,0.5361335535580902,69.96297722299528,0.025230642776570982,5.247471437150859,0.2857142857142857,34.10294117647059,0.18284555551536208,0.023493700508947158,261.7950352143371,0.22325636419961584,3.4720202295267337
49,AMBL-050,0,1.0,1,3,2.8,0,,100,100,10.0,low,/media/bendico765/Crucial X9/MRI Lesions/manifest-1728494830954/Advanced-MRI-Breast-Lesions/AMBL-050/04-01-2004-NA-MRI BREASTS - Delayed contrast-68780/600.000000-Registered Ax T2 FSE-16266,/media/bendico765/Crucial X9/MRI Lesions/manifest-1728494830954/Advanced-MRI-Breast-Lesions/AMBL-050/04-01-2004-NA-MRI BREASTS - Delayed contrast-68780/500.000000-ROI-45497/1-1.dcm,3.62,L,"[[[0 0 0 ... 0 0 0]
  [0 0 0 ... 0 0 0]
  [0 0 0 ... 0 0 0]
  ...
  [0 0 0 ... 0 0 0]
  [0 0 0 ... 0 0 0]
  [0 0 0 ... 0 0 0]]

 [[0 0 0 ... 0 0 0]
  [0 0 0 ... 0 0 0]
  [0 0 0 ... 0 0 0]
  ...
  [0 0 0 ... 0 0 0]
  [0 0 0 ... 0 0 0]
  [0 0 0 ... 0 0 0]]

 [[0 0 0 ... 0 0 0]
  [0 0 0 ... 0 0 0]
  [0 0 0 ... 0 0 0]
  ...
  [0 0 0 ... 0 0 0]
  [0 0 0 ... 0 0 0]
  [0 0 0 ... 0 0 0]]

 ...

 [[0 0 0 ... 0 0 0]
  [0 0 0 ... 0 0 0]
  [0 0 0 ... 0 0 0]
  ...
  [0 0 0 ... 0 0 0]
  [0 0 0 ... 0 0 0]
  [0 0 0 ... 0 0 0]]

 [[0 0 0 ... 0 0 0]
  [0 0 0 ... 0 0 0]
  [0 0 0 ... 0 0 0]
  ...
  [0 0 0 ... 0 0 0]
  [0 0 0 ... 0 0 0]
  [0 0 0 ... 0 0 0]]

 [[0 0 0 ... 0 0 0]
  [0 0 0 ... 0 0 0]
  [0 0 0 ... 0 0 0]
  ...
  [0 0 0 ... 0 0 0]
  [0 0 0 ... 0 0 0]
  [0 0 0 ... 0 0 0]]]","[47, 48, 49, 50, 51]","[123, 124, 125, 126, 127, 128, 129, 130, 131, 132, 133, 134, 135, 136, 137, 138, 139, 140, 141, 142, 143, 144, 145, 146, 147, 148, 149, 150, 151]","[93, 95, 96, 97, 98, 99, 100, 101, 102, 103, 104, 105, 106, 107, 108, 109, 110, 111, 112, 113, 114, 115, 116, 117, 118, 119, 120, 121, 122, 123]",5,29,31,/media/bendico765/Crucial X9/Materiali Tesista/Roi masks/AMBL-050/ROI 0.npy,/media/bendico765/Crucial X9/Materiali Tesista/Cleaned Roi masks/AMBL-050/ROI 0.npy,0.7031,2.0,/media/bendico765/Crucial X9/MRI Lesions/manifest-1728494830954/Advanced-MRI-Breast-Lesions/AMBL-050/04-01-2004-NA-MRI BREASTS - Delayed contrast-68780/500.000000-Registered AX Sen Vibrant MultiPhase-12435,0.5187465596885212,0.3560530299461121,8.546444725015466,24.00329166222501,19.400537768061998,15.97702135067735,23.946723107765706,25.49031580855757,826.7997227250021,12.45162497097939,0.4252327008524206,1001.8230456303035,1.2116876894061501,870.0553135999999,114.0,246.0,3.0370866300488206,54.0,5.405949195516266,451.0,41.15835743801653,194.74772727272727,203.0,37.0,414.0,24.430029756000796,203.2413925271219,0.12454651215448222,35939430.206031516,0.16988636363636367,3380.3863584710743,56.65059037759939,1469.1402779608204,-3.3934517431359654,17.07547392216138,4.736616904745425,0.5596323685073805,1.5214527875294266,2.2831968839289414,2.259690143215471,0.544560555967847,0.49206521723954266,0.9863729919364965,0.9273310237464225,-0.1768997487138243,0.7845581205606551,0.41156676344348075,7.318514994986526,0.03765878562830506,5.6303343986891825,0.6431159212519333,0.10874105482427608,14.637029989973051,3.853107738436572,5.453022706726701,6.131952442353303,85.15454545454546,0.09676652892561984,10.881487603305786,5.475349948347108,58.91477272727273,40.93181818181818,2575.2375,1.1174331972928775,0.04161912861685099,0.1322131594980196,8.90436230289081,0.006502535946123915,114.62085832830945,0.15679376387968197,5.994288751676004,58.744860363542095,1.8186169416260218,108.34789133234253,0.06891809381314407,0.043564323705247494,3.8573172461019385,529.0614107718561,0.7154050826303345,0.8276223776223776,0.30452948878925234,0.8664120312369741,50.89098751693281,0.03886515484805438,10.870967741935484,0.0876690946930281,12.697450572320498,69.91935483870968,593.3870967741935,37387.604838709674,10.761134645405978,0.0601255612367249,32.435483870967744,0.26157648283038504,0.5250130684961716,38.5640027872862,0.026418843949953672,5.629408751598934,0.1409090909090909,543.0228928199791,0.6328687865699137,0.008848193472244447,144.24632499479299,0.03597091684500551,1.513496187621093
50,AMBL-496,0,1.0,2,strong,strong,neg,,100,90,20.0,30,/media/bendico765/Crucial X9/MRI Lesions/manifest-1728494830954/Advanced-MRI-Breast-Lesions/AMBL-496/07-06-2005-NA-MRI BREASTS - Delayed contrast-17291/600.000000-Registered Ax T2 FSE-60683,/media/bendico765/Crucial X9/MRI Lesions/manifest-1728494830954/Advanced-MRI-Breast-Lesions/AMBL-496/07-06-2005-NA-MRI BREASTS - Delayed contrast-17291/500.000000-ROI-58155/1-1.dcm,-15.98,L,"[[[0 0 0 ... 0 0 0]
  [0 0 0 ... 0 0 0]
  [0 0 0 ... 0 0 0]
  ...
  [0 0 0 ... 0 0 0]
  [0 0 0 ... 0 0 0]
  [0 0 0 ... 0 0 0]]

 [[0 0 0 ... 0 0 0]
  [0 0 0 ... 0 0 0]
  [0 0 0 ... 0 0 0]
  ...
  [0 0 0 ... 0 0 0]
  [0 0 0 ... 0 0 0]
  [0 0 0 ... 0 0 0]]

 [[0 0 0 ... 0 0 0]
  [0 0 0 ... 0 0 0]
  [0 0 0 ... 0 0 0]
  ...
  [0 0 0 ... 0 0 0]
  [0 0 0 ... 0 0 0]
  [0 0 0 ... 0 0 0]]

 ...

 [[0 0 0 ... 0 0 0]
  [0 0 0 ... 0 0 0]
  [0 0 0 ... 0 0 0]
  ...
  [0 0 0 ... 0 0 0]
  [0 0 0 ... 0 0 0]
  [0 0 0 ... 0 0 0]]

 [[0 0 0 ... 0 0 0]
  [0 0 0 ... 0 0 0]
  [0 0 0 ... 0 0 0]
  ...
  [0 0 0 ... 0 0 0]
  [0 0 0 ... 0 0 0]
  [0 0 0 ... 0 0 0]]

 [[0 0 0 ... 0 0 0]
  [0 0 0 ... 0 0 0]
  [0 0 0 ... 0 0 0]
  ...
  [0 0 0 ... 0 0 0]
  [0 0 0 ... 0 0 0]
  [0 0 0 ... 0 0 0]]]","[54, 55, 56, 57, 58, 59, 60, 61, 62, 63, 64, 65, 66, 67, 68, 69, 70, 71, 72, 73, 74, 75, 76, 77, 78, 79, 80, 81, 82, 83, 84]","[151, 152, 153, 154, 155, 156, 157, 158, 159, 160, 161, 162, 163, 164, 165, 166, 167, 168, 169, 170, 171, 172, 173, 174, 175, 176, 177, 178, 179, 180, 181, 182, 183, 184, 185, 186, 187, 188, 189, 190, 191, 192, 193, 194, 195, 196, 197, 198, 199, 200, 201, 202, 203, 204, 205, 206, 207, 208, 209, 210, 211, 212, 213, 214, 215, 216, 217, 218, 219, 220, 221, 222, 223, 224, 225, 226]","[104, 105, 106, 107, 108, 109, 110, 111, 112, 113, 114, 115, 116, 117, 118, 119, 120, 121, 122, 123, 124, 125, 126, 127, 128, 129, 130, 131, 132, 133, 134, 135, 136, 137, 138, 139, 140, 141, 142, 143, 144, 145, 146, 147, 148, 149, 150, 151, 152, 153, 154, 155, 156, 157, 158, 159]",31,76,56,/media/bendico765/Crucial X9/Materiali Tesista/Roi masks/AMBL-496/ROI 0.npy,/media/bendico765/Crucial X9/Materiali Tesista/Cleaned Roi masks/AMBL-496/ROI 0.npy,0.6445,2.0,/media/bendico765/Crucial X9/MRI Lesions/manifest-1728494830954/Advanced-MRI-Breast-Lesions/AMBL-496/07-06-2005-NA-MRI BREASTS - Delayed contrast-17291/500.000000-Registered AX Sen Vibrant MultiPhase-89689,0.6281523676398171,0.4710211191011704,25.417473071729148,53.96249136393764,62.85170915734909,65.2302196550801,49.08365766729289,66.07801043652873,27854.049579187533,33.89666671400061,0.3686071286515445,12055.335206012982,0.43280368162411453,28235.057113499995,198.0,540.0,4.315535836985951,163.0,3.628876280061899,907.0,107.3392747305574,337.2400917998058,300.0,7.0,900.0,70.78967879652255,364.0352365174422,0.9660908860497899,3741756453.2673173,0.06479532622662128,18790.773909168613,201.62734748476217,33809.57340326772,950.835983477258,89.19421676691508,13.137617246226577,0.7394041963603155,2.495341274047016,2.912294217723033,6.578036590542596,0.44798136813130296,0.3786248683887216,0.9908931676138086,0.9405534258017637,-0.1596869348456337,0.8239609447074295,0.3505535328163675,13.513038980475452,0.010098678843361276,7.67951089330713,0.7504726816700601,0.033887495315106514,27.0260779609509,5.068976910700054,25.582958503285422,7.649315122600805,3428.5843116485717,0.1008792865403999,12.496822410941425,30.150999235125415,226.3652573042634,38.859534527907726,6118.881631211934,0.3285011939257413,0.008292283725912956,0.17871875677946242,55.10759899504504,0.001383255567186861,1695.2872121577925,0.05924528597624363,32.1354631176208,236.59991006543117,1.7360300559377546,360.0488380458895,0.01451479803680857,0.008252635349421465,5.10457335888345,21453.45119211471,0.7462313306541974,0.8409821854962642,0.30207721450941866,0.8857829554426756,215.98279641507133,0.007282719082688011,277.7836634423461,0.04265064692804331,42.25816601923531,326.90526639029633,5942.242131122371,773879.3400890527,48.351205270867354,0.007773335815239266,2281.4956241363425,0.3502987293315435,0.6128181196556944,204.88589821479184,0.00458877983525258,6.9302335879061445,0.19163209462441522,5915.011136356774,5.99831069710453,0.00031837741124206005,1000.7694848865918,0.084844910084226,0.19059499730014642
51,AMBL-507,0,1.0,3,3,3,0,,100,100,0.0,2,/media/bendico765/Crucial X9/MRI Lesions/manifest-1728494830954/Advanced-MRI-Breast-Lesions/AMBL-507/07-14-2005-NA-MRI BREASTS - Delayed contrast-25680/700.000000-Registered Ax T2 FSE-89559,/media/bendico765/Crucial X9/MRI Lesions/manifest-1728494830954/Advanced-MRI-Breast-Lesions/AMBL-507/07-14-2005-NA-MRI BREASTS - Delayed contrast-25680/600.000000-ROI-16517/1-1.dcm,-46.67,R,"[[[0 0 0 ... 0 0 0]
  [0 0 0 ... 0 0 0]
  [0 0 0 ... 0 0 0]
  ...
  [0 0 0 ... 0 0 0]
  [0 0 0 ... 0 0 0]
  [0 0 0 ... 0 0 0]]

 [[0 0 0 ... 0 0 0]
  [0 0 0 ... 0 0 0]
  [0 0 0 ... 0 0 0]
  ...
  [0 0 0 ... 0 0 0]
  [0 0 0 ... 0 0 0]
  [0 0 0 ... 0 0 0]]

 [[0 0 0 ... 0 0 0]
  [0 0 0 ... 0 0 0]
  [0 0 0 ... 0 0 0]
  ...
  [0 0 0 ... 0 0 0]
  [0 0 0 ... 0 0 0]
  [0 0 0 ... 0 0 0]]

 ...

 [[0 0 0 ... 0 0 0]
  [0 0 0 ... 0 0 0]
  [0 0 0 ... 0 0 0]
  ...
  [0 0 0 ... 0 0 0]
  [0 0 0 ... 0 0 0]
  [0 0 0 ... 0 0 0]]

 [[0 0 0 ... 0 0 0]
  [0 0 0 ... 0 0 0]
  [0 0 0 ... 0 0 0]
  ...
  [0 0 0 ... 0 0 0]
  [0 0 0 ... 0 0 0]
  [0 0 0 ... 0 0 0]]

 [[0 0 0 ... 0 0 0]
  [0 0 0 ... 0 0 0]
  [0 0 0 ... 0 0 0]
  ...
  [0 0 0 ... 0 0 0]
  [0 0 0 ... 0 0 0]
  [0 0 0 ... 0 0 0]]]","[79, 80, 81, 82]","[181, 184, 185, 186, 187, 188, 189, 190, 191, 192, 193, 194, 195, 196, 197, 198, 199, 200, 201, 202, 203, 204, 205, 206, 207, 208, 209, 210, 211]","[317, 318, 319, 320, 321, 322, 323, 324, 325, 326, 327, 328, 329, 330, 331, 332, 333, 334]",4,31,18,/media/bendico765/Crucial X9/Materiali Tesista/Roi masks/AMBL-507/ROI 0.npy,/media/bendico765/Crucial X9/Materiali Tesista/Cleaned Roi masks/AMBL-507/ROI 0.npy,0.7422,2.0,/media/bendico765/Crucial X9/MRI Lesions/manifest-1728494830954/Advanced-MRI-Breast-Lesions/AMBL-507/07-14-2005-NA-MRI BREASTS - Delayed contrast-25680/600.000000-Registered AX Sen Vibrant MultiPhase-31428,0.6139169838095546,0.43510071785107796,7.752695464992447,17.818162891760537,13.113684632474582,20.877617166717087,21.613190239296,24.698117241603665,567.5702854800004,10.93887281953696,0.5158585695664892,642.6382557460655,1.1322619809149792,615.8624191199999,168.60000000000002,483.79999999999995,4.271043314893514,189.0,2.6943924026670225,699.0,104.33794054678525,321.9087656529517,319.0,62.0,637.0,76.75736328193426,345.819275601375,0.4311929982585774,73651584.93743303,0.05873957136593905,15965.717973252775,120.62485630014399,12748.632509033572,289.9114597679087,66.17916239313266,27.900575687095795,0.40670394982390834,4.061369467990179,3.389468682792635,10.182879070868474,0.3219647999213316,0.23214870111059227,0.9634667408514462,0.8748849899727162,-0.17346348665338462,0.8624180148960577,0.2386300743144627,10.53681152794335,0.0064681713666156415,7.618550511522344,0.5497720412649831,0.018182401188055426,21.0736230558867,4.897423380121699,23.519934520057113,6.248872607200042,124.54561717352415,0.22280074628537416,2.170832786633427,25.505595540208844,155.35957066189624,8.742397137745975,1004.3220035778176,0.19675313973867048,0.01976469311999547,0.3833501249171238,75.59781614196066,0.006193340538785979,30.530894856277975,0.05810805844725359,25.73249521278423,157.82963447238836,1.2170846671721303,183.58882988869846,0.024338793512410754,0.019590717690186357,4.565250076836794,470.1763098243331,0.8922820231263179,0.939865143800743,0.07841796929191291,0.9555833703590693,152.63438946111322,0.01856870017358068,13.376470588235295,0.05245674740484429,29.706789696270665,191.54509803921567,14.035294117647059,1402.6666666666667,0.31425759200774406,0.017972618617716922,106.26274509803922,0.41671664744329107,0.6678887071361945,141.72234475853722,0.009981350147540468,5.820278863176614,0.4561717352415027,9.229742406766627,0.31701735732491665,0.013115965412516903,704.2297305354854,0.21258116441153868,2.959724679790193
52,AMBL-514,0,1.0,3,-1,-1,-1,,-1,-1,-1.0,-1,/media/bendico765/Crucial X9/MRI Lesions/manifest-1728494830954/Advanced-MRI-Breast-Lesions/AMBL-514/07-20-2005-NA-MRI BREASTS - Delayed contrast-12280/700.000000-Registered Ax T2 FSE-69231,/media/bendico765/Crucial X9/MRI Lesions/manifest-1728494830954/Advanced-MRI-Breast-Lesions/AMBL-514/07-20-2005-NA-MRI BREASTS - Delayed contrast-12280/600.000000-ROI-82983/1-1.dcm,-31.4,L,"[[[0 0 0 ... 0 0 0]
  [0 0 0 ... 0 0 0]
  [0 0 0 ... 0 0 0]
  ...
  [0 0 0 ... 0 0 0]
  [0 0 0 ... 0 0 0]
  [0 0 0 ... 0 0 0]]

 [[0 0 0 ... 0 0 0]
  [0 0 0 ... 0 0 0]
  [0 0 0 ... 0 0 0]
  ...
  [0 0 0 ... 0 0 0]
  [0 0 0 ... 0 0 0]
  [0 0 0 ... 0 0 0]]

 [[0 0 0 ... 0 0 0]
  [0 0 0 ... 0 0 0]
  [0 0 0 ... 0 0 0]
  ...
  [0 0 0 ... 0 0 0]
  [0 0 0 ... 0 0 0]
  [0 0 0 ... 0 0 0]]

 ...

 [[0 0 0 ... 0 0 0]
  [0 0 0 ... 0 0 0]
  [0 0 0 ... 0 0 0]
  ...
  [0 0 0 ... 0 0 0]
  [0 0 0 ... 0 0 0]
  [0 0 0 ... 0 0 0]]

 [[0 0 0 ... 0 0 0]
  [0 0 0 ... 0 0 0]
  [0 0 0 ... 0 0 0]
  ...
  [0 0 0 ... 0 0 0]
  [0 0 0 ... 0 0 0]
  [0 0 0 ... 0 0 0]]

 [[0 0 0 ... 0 0 0]
  [0 0 0 ... 0 0 0]
  [0 0 0 ... 0 0 0]
  ...
  [0 0 0 ... 0 0 0]
  [0 0 0 ... 0 0 0]
  [0 0 0 ... 0 0 0]]]","[66, 67, 68]","[183, 184, 185, 186, 187, 188, 189, 190, 191, 192, 193, 194, 195, 196, 197, 198, 199, 200, 201, 202, 203, 204]","[105, 106, 107, 108, 109, 110, 111, 112, 113, 114, 115, 116]",3,22,12,/media/bendico765/Crucial X9/Materiali Tesista/Roi masks/AMBL-514/ROI 0.npy,/media/bendico765/Crucial X9/Materiali Tesista/Cleaned Roi masks/AMBL-514/ROI 0.npy,0.7031,2.0,/media/bendico765/Crucial X9/MRI Lesions/manifest-1728494830954/Advanced-MRI-Breast-Lesions/AMBL-514/07-20-2005-NA-MRI BREASTS - Delayed contrast-12280/600.000000-Registered AX Sen Vibrant MultiPhase-87410,0.4747130965604181,0.39041185638604986,5.118469798926402,13.110436364066565,7.760356363595681,14.89993885927053,14.781830996869097,15.612801185245393,207.05009498833326,6.223695843644348,0.5887432860126225,287.4805363019168,1.3884588476914999,223.44602371999997,56.5,264.5,3.4956844180057245,118.75,2.424744720117593,346.0,65.99122875714622,151.7787610619469,139.0,28.0,318.0,49.33074074074074,170.92768744788887,0.53655805929372,6528260.32835516,0.09816743676090534,6179.482026783618,32.11743901208124,2113.151311990328,92.71626341598638,25.70600657470302,10.443920681778899,0.4076543978458933,2.5005720522456745,2.665916121653906,3.4586940985708363,0.4182884639641365,0.3365821424510488,0.9472425556761574,0.852322905407722,-0.2454013000959587,0.8904307684277986,0.3081268319038134,5.31463115569107,0.0195809208403788,5.99040745928089,0.6775696123125378,0.049920542159363486,10.629262311382139,4.07575316414941,9.03748181412048,5.776233650512302,36.53982300884956,0.16168063278252018,3.8065627692066726,9.817389772104317,41.04867256637168,16.27433628318584,457.6592920353982,2.50046604019543,0.12586529904321073,0.22885354350518797,11.418556340896686,0.017053500718559687,19.625305572499208,0.09614401590301716,9.808225967963772,42.12190247274634,1.421446353720249,55.28997390878324,0.1881920664378232,0.1222426672474216,3.900252432392286,172.5821446200419,0.8315710004741704,0.9026548672566373,0.14266719704261682,0.9226685989900508,39.5306088275205,0.11046131998748997,6.6875,0.1044921875,8.1943359375,55.03125,31.8125,715.171875,6.44555799780283,0.05972525586965509,17.0,0.265625,0.5281429115253128,28.525531972490793,0.026134293839322816,4.945563383509925,0.2831858407079646,19.3427734375,0.9559516486618655,0.02819819068041985,106.47486129804835,0.21654362197498486,1.7258556973209975
53,AMBL-541,0,1.0,2,weak,neg,neg,1.0,1,0,0.0,60,/media/bendico765/Crucial X9/MRI Lesions/manifest-1728494830954/Advanced-MRI-Breast-Lesions/AMBL-541/08-17-2005-NA-MRI BREASTS - Delayed contrast-27657/600.000000-Registered Ax T2 FSE-49140,/media/bendico765/Crucial X9/MRI Lesions/manifest-1728494830954/Advanced-MRI-Breast-Lesions/AMBL-541/08-17-2005-NA-MRI BREASTS - Delayed contrast-27657/500.000000-ROI-43425/1-1.dcm,22.07,L,"[[[0 0 0 ... 0 0 0]
  [0 0 0 ... 0 0 0]
  [0 0 0 ... 0 0 0]
  ...
  [0 0 0 ... 0 0 0]
  [0 0 0 ... 0 0 0]
  [0 0 0 ... 0 0 0]]

 [[0 0 0 ... 0 0 0]
  [0 0 0 ... 0 0 0]
  [0 0 0 ... 0 0 0]
  ...
  [0 0 0 ... 0 0 0]
  [0 0 0 ... 0 0 0]
  [0 0 0 ... 0 0 0]]

 [[0 0 0 ... 0 0 0]
  [0 0 0 ... 0 0 0]
  [0 0 0 ... 0 0 0]
  ...
  [0 0 0 ... 0 0 0]
  [0 0 0 ... 0 0 0]
  [0 0 0 ... 0 0 0]]

 ...

 [[0 0 0 ... 0 0 0]
  [0 0 0 ... 0 0 0]
  [0 0 0 ... 0 0 0]
  ...
  [0 0 0 ... 0 0 0]
  [0 0 0 ... 0 0 0]
  [0 0 0 ... 0 0 0]]

 [[0 0 0 ... 0 0 0]
  [0 0 0 ... 0 0 0]
  [0 0 0 ... 0 0 0]
  ...
  [0 0 0 ... 0 0 0]
  [0 0 0 ... 0 0 0]
  [0 0 0 ... 0 0 0]]

 [[0 0 0 ... 0 0 0]
  [0 0 0 ... 0 0 0]
  [0 0 0 ... 0 0 0]
  ...
  [0 0 0 ... 0 0 0]
  [0 0 0 ... 0 0 0]
  [0 0 0 ... 0 0 0]]]","[39, 40, 41, 42, 43, 44, 45, 46, 47, 48, 49, 50]","[196, 197, 198, 199, 200, 201, 202, 203, 204, 205, 206, 207, 208, 209, 210, 211, 212, 213, 214, 215, 216, 217, 218, 219, 220, 221, 222, 223, 224, 225, 226, 227, 228, 229, 230, 231, 232, 233, 234, 235, 236, 237, 238, 239, 240, 241, 242, 243, 244, 245, 246, 247, 248, 249, 250, 251, 252, 253, 254]","[136, 137, 138, 139, 140, 141, 142, 143, 144, 145, 146, 147, 148, 149, 150, 151, 152, 153, 154, 155, 156, 157, 158, 159, 160, 161, 162, 163, 164, 165, 166, 167, 168, 169, 170, 171, 172, 173, 174, 175, 176, 177]",12,59,42,/media/bendico765/Crucial X9/Materiali Tesista/Roi masks/AMBL-541/ROI 0.npy,/media/bendico765/Crucial X9/Materiali Tesista/Cleaned Roi masks/AMBL-541/ROI 0.npy,0.6836,2.0,/media/bendico765/Crucial X9/MRI Lesions/manifest-1728494830954/Advanced-MRI-Breast-Lesions/AMBL-541/08-17-2005-NA-MRI BREASTS - Delayed contrast-27657/500.000000-Registered AX Sen Vibrant MultiPhase-69036,0.9080160479178914,0.7738426347711027,20.497741577503135,26.488255694991818,33.00958061169514,38.90513595915069,38.09805283423288,41.39565954058469,7860.837670639811,24.05176125240505,0.42245712075213077,4525.6473372566315,0.5757207471870207,7986.3101264,128.0,259.0,2.926194289697576,56.0,4.366025636605226,430.0,40.30446110342075,178.13247513165595,164.0,18.0,412.0,25.879601416492502,185.83299095323133,1.0672731136783111,275798439.4798656,0.17548853846072202,2802.7218300937348,57.89603174227973,728.5616523120189,54.87481258767373,12.150377760578719,3.012522525761957,0.5980428154104486,1.1379908392903604,2.0335618611311657,1.6711562466921832,0.6213293105973116,0.5861301972077937,0.9911828306931105,0.9445175298411683,-0.14221106518718155,0.6986415837974296,0.42737108753986486,7.457180041919456,0.061414496941649806,5.075723543766993,0.6494054833516413,0.1499733590778476,14.914360083838911,3.5594476411094673,3.7907250715851695,6.818285361026016,483.2052662375658,0.056548305001470546,33.07194411166437,4.56616946527197,62.99157401989468,107.89596255119953,5108.683089526038,2.4983585249425886,0.021837191479817362,0.09451391598089588,8.43715850821379,0.0023347405729399447,866.6165440834785,0.14321960854248278,5.365059802426827,68.12182968315636,3.095213175765226,170.92332582869403,0.0694956873562827,0.021481503751602585,4.25114869251395,3629.24758134851,0.5934188282444469,0.7057658549759194,1.0027967625042167,0.7957629336752353,57.10162452341196,0.0169202904409062,78.31143552311435,0.09526938628116102,9.599601292912071,95.19586374695864,12064.2299270073,543716.5559610706,277.7529637493959,0.02511210947117299,260.9002433090024,0.31739688967031926,0.5844541762976152,56.11635862560319,0.016603067023574863,5.978869514999476,0.09619660620245758,11956.166061354124,5.271978563272793,0.0010660531471001222,122.58813428413559,0.025338245537794235,0.1733241120305654
54,AMBL-557,0,1.0,3,neg,neg,strong,,0,0,-1.0,15 to 20,/media/bendico765/Crucial X9/MRI Lesions/manifest-1728494830954/Advanced-MRI-Breast-Lesions/AMBL-557/09-28-2005-NA-MRI BREASTS - Delayed contrast-74662/700.000000-Registered Ax T2 FSE-05243,/media/bendico765/Crucial X9/MRI Lesions/manifest-1728494830954/Advanced-MRI-Breast-Lesions/AMBL-557/09-28-2005-NA-MRI BREASTS - Delayed contrast-74662/600.000000-ROI-53036/1-1.dcm,2.81,L,"[[[0 0 0 ... 0 0 0]
  [0 0 0 ... 0 0 0]
  [0 0 0 ... 0 0 0]
  ...
  [0 0 0 ... 0 0 0]
  [0 0 0 ... 0 0 0]
  [0 0 0 ... 0 0 0]]

 [[0 0 0 ... 0 0 0]
  [0 0 0 ... 0 0 0]
  [0 0 0 ... 0 0 0]
  ...
  [0 0 0 ... 0 0 0]
  [0 0 0 ... 0 0 0]
  [0 0 0 ... 0 0 0]]

 [[0 0 0 ... 0 0 0]
  [0 0 0 ... 0 0 0]
  [0 0 0 ... 0 0 0]
  ...
  [0 0 0 ... 0 0 0]
  [0 0 0 ... 0 0 0]
  [0 0 0 ... 0 0 0]]

 ...

 [[0 0 0 ... 0 0 0]
  [0 0 0 ... 0 0 0]
  [0 0 0 ... 0 0 0]
  ...
  [0 0 0 ... 0 0 0]
  [0 0 0 ... 0 0 0]
  [0 0 0 ... 0 0 0]]

 [[0 0 0 ... 0 0 0]
  [0 0 0 ... 0 0 0]
  [0 0 0 ... 0 0 0]
  ...
  [0 0 0 ... 0 0 0]
  [0 0 0 ... 0 0 0]
  [0 0 0 ... 0 0 0]]

 [[0 0 0 ... 0 0 0]
  [0 0 0 ... 0 0 0]
  [0 0 0 ... 0 0 0]
  ...
  [0 0 0 ... 0 0 0]
  [0 0 0 ... 0 0 0]
  [0 0 0 ... 0 0 0]]]","[55, 56, 57, 58, 59, 60, 61, 62, 63, 64, 65, 66]","[119, 120, 121, 122, 123, 124, 125, 126, 127, 128, 129, 130, 131, 132, 133, 134, 135, 136, 137, 138, 139, 140, 141, 142, 143, 144, 145, 146, 147, 148, 149, 150, 151, 152, 153, 154, 155, 156, 157, 158, 159, 160, 161, 162, 163, 164, 165, 166, 167, 168, 169, 170, 171, 172, 173, 174, 175, 176, 177, 178, 179, 180, 181, 182, 183, 184, 185, 186, 187, 188, 189, 190, 191, 192, 197, 198, 199, 202, 203, 204, 205, 206]","[85, 86, 87, 88, 89, 90, 91, 92, 93, 94, 95, 96, 97, 98, 99, 100, 101, 102, 103, 104, 105, 106, 107, 108, 109, 110, 111, 112, 113, 114, 115, 116, 117, 118, 119, 120, 121, 122, 123, 124, 125, 126, 127, 128, 129, 130, 131, 132, 133, 134, 135, 136, 137, 138, 139, 140, 141, 142, 143, 144, 145, 146, 147, 148, 149, 150, 151]",12,88,67,/media/bendico765/Crucial X9/Materiali Tesista/Roi masks/AMBL-557/ROI 0.npy,/media/bendico765/Crucial X9/Materiali Tesista/Cleaned Roi masks/AMBL-557/ROI 0.npy,0.7227,2.0,/media/bendico765/Crucial X9/MRI Lesions/manifest-1728494830954/Advanced-MRI-Breast-Lesions/AMBL-557/09-28-2005-NA-MRI BREASTS - Delayed contrast-74662/600.000000-Registered AX Sen Vibrant MultiPhase-52200,0.8089177345697883,0.523737687603948,19.1521580669836,36.56822588919078,44.9855876338189,49.90639113069588,63.929341027809755,65.14612825410272,5750.949913582499,29.580686443520484,0.31287342870141827,4961.448637786021,0.8627181095888443,5943.7204002,132.0,285.0,3.2385703475987775,89.0,2.5611092063737013,431.0,48.94790997062648,201.9286467486819,194.0,37.0,394.0,36.41921565918122,210.35960757503153,0.3822179775508588,263016549.16603306,0.12034821982882435,3475.9861213673053,54.951901524805905,728.2171354954876,31.305508741476906,15.92222525402833,4.017689176640608,0.5925612011699061,1.4768108935471136,2.2207805810627046,1.7218913247451542,0.5369358658916327,0.4825904509266113,0.9867706223049052,0.9246994702212304,-0.12716208026029596,0.6853995785518712,0.4231906418577784,7.208878904308047,0.025037568952707676,5.875161633916535,0.5995560881521627,0.06474389999248366,14.417757808616091,3.9700368028098856,4.984978607667235,6.696336539318264,524.9623901581722,0.09226052551110232,13.135444849750279,5.622277575124861,63.283479789103694,46.82847100175747,2229.798769771529,1.3186449735904,0.02495622779724614,0.12062154261224685,9.758650731011468,0.0024626254989213213,537.0094792496134,0.11577031265793683,5.802720741534525,65.73892543200571,1.9197952508249991,112.83051340898342,0.04969494167551465,0.02441853659751645,4.082630577011712,3319.616857437653,0.7070031942116253,0.8152088684601867,0.37021296322001895,0.8627601041310018,58.19947450162124,0.020727118925118363,79.65764546684709,0.10779113053700554,6.997478580754081,86.8809201623816,2067.1150202976996,83233.06765899864,58.94408931694264,0.02075496657644268,179.28146143437078,0.24260008313176018,0.5020137915894329,44.31091139604136,0.00948098760528348,6.06349963561404,0.12987697715289984,2007.831271824376,4.506065697599573,0.0016092942035867087,128.88404964688593,0.04191704126329416,0.1862274660573031
55,AMBL-557,1,1.0,3,neg,intermediate,strong,,0.0,-1.0,80.0,30 to 40,/media/bendico765/Crucial X9/MRI Lesions/manifest-1728494830954/Advanced-MRI-Breast-Lesions/AMBL-557/09-28-2005-NA-MRI BREASTS - Delayed contrast-74662/700.000000-Registered Ax T2 FSE-05243,/media/bendico765/Crucial X9/MRI Lesions/manifest-1728494830954/Advanced-MRI-Breast-Lesions/AMBL-557/09-28-2005-NA-MRI BREASTS - Delayed contrast-74662/600.000000-ROI-53036/1-1.dcm,-13.19,L,"[[[0 0 0 ... 0 0 0]
  [0 0 0 ... 0 0 0]
  [0 0 0 ... 0 0 0]
  ...
  [0 0 0 ... 0 0 0]
  [0 0 0 ... 0 0 0]
  [0 0 0 ... 0 0 0]]

 [[0 0 0 ... 0 0 0]
  [0 0 0 ... 0 0 0]
  [0 0 0 ... 0 0 0]
  ...
  [0 0 0 ... 0 0 0]
  [0 0 0 ... 0 0 0]
  [0 0 0 ... 0 0 0]]

 [[0 0 0 ... 0 0 0]
  [0 0 0 ... 0 0 0]
  [0 0 0 ... 0 0 0]
  ...
  [0 0 0 ... 0 0 0]
  [0 0 0 ... 0 0 0]
  [0 0 0 ... 0 0 0]]

 ...

 [[0 0 0 ... 0 0 0]
  [0 0 0 ... 0 0 0]
  [0 0 0 ... 0 0 0]
  ...
  [0 0 0 ... 0 0 0]
  [0 0 0 ... 0 0 0]
  [0 0 0 ... 0 0 0]]

 [[0 0 0 ... 0 0 0]
  [0 0 0 ... 0 0 0]
  [0 0 0 ... 0 0 0]
  ...
  [0 0 0 ... 0 0 0]
  [0 0 0 ... 0 0 0]
  [0 0 0 ... 0 0 0]]

 [[0 0 0 ... 0 0 0]
  [0 0 0 ... 0 0 0]
  [0 0 0 ... 0 0 0]
  ...
  [0 0 0 ... 0 0 0]
  [0 0 0 ... 0 0 0]
  [0 0 0 ... 0 0 0]]]","[67, 68, 69, 70, 71, 72, 73, 74, 75, 76, 77, 78, 79, 80]","[131, 132, 133, 134, 135, 136, 137, 138, 139, 140, 141, 142, 143, 144, 145, 146, 147, 148, 149, 150, 151, 152, 153, 154, 155, 156, 157, 158, 159, 160, 161, 162, 163, 164, 165, 166, 167, 168, 169, 170, 171, 172, 173, 174, 175, 176, 177, 178, 179, 180, 181, 182, 183, 184, 185, 186, 187, 188, 189, 190, 191, 192, 193, 194, 195, 196, 197, 198, 199, 200, 201, 202, 203, 204, 205, 206, 207, 208, 209, 210, 212, 214, 217]","[100, 101, 102, 103, 104, 105, 106, 107, 108, 109, 110, 111, 112, 113, 114, 115, 116, 117, 118, 119, 120, 121, 122, 123, 124, 125, 126, 127, 128, 129, 130, 131, 132, 133, 134, 135, 136, 137, 138, 139, 140, 141, 142]",14,87,43,/media/bendico765/Crucial X9/Materiali Tesista/Roi masks/AMBL-557/ROI 1.npy,/media/bendico765/Crucial X9/Materiali Tesista/Cleaned Roi masks/AMBL-557/ROI 1.npy,0.7227,2.0,/media/bendico765/Crucial X9/MRI Lesions/manifest-1728494830954/Advanced-MRI-Breast-Lesions/AMBL-557/09-28-2005-NA-MRI BREASTS - Delayed contrast-74662/600.000000-Registered AX Sen Vibrant MultiPhase-52200,0.4651436481166544,0.369649103441368,16.951974254077193,45.859638495690376,31.12522402827006,59.2614,64.06400228537083,64.06400228537083,2656.916140230023,21.331319551196383,0.2419939574396302,3833.523830855777,1.442847131232335,2909.1847653,146.0,297.0,3.2075256404836017,83.0,2.541263117943968,408.0,46.83464391504888,227.13321364452423,231.0,31.0,377.0,34.47959401228173,234.15993858945095,-0.2893383503105135,159513151.57159534,0.1215100129251021,3241.3800997263493,73.30670374121563,698.44506418538,-15.149401900608241,16.87513392459402,4.177280965143185,0.6045702176318497,1.5422348687542933,2.2271983497368035,1.6598531345723324,0.5199439676993497,0.4614497727025388,0.9845157245218689,0.9171066062573343,-0.13813391389519614,0.7235369523851944,0.4207119576933246,8.374403028652948,0.02088413716050546,5.9587639050906525,0.6173055233023018,0.04144167830520019,16.748806057305895,4.038620799610991,5.263103722434301,6.350931530707655,347.2649910233393,0.12469119964931394,6.467256429513069,5.277763344926173,79.29335727109515,27.010771992818672,2095.5619389587073,0.5134845464187463,0.01903788287556466,0.15591945300090176,12.916641635536141,0.0031763342530817993,291.7931588681894,0.12124821223391082,5.2900901989034645,79.5499622795949,1.617564915932918,126.84476250514558,0.030847642646874975,0.019064015553925198,3.8469357731046547,1885.1944407345359,0.7721161094491092,0.8641347880127055,0.23256580279613337,0.895938615706307,71.35782388655305,0.017106825363800936,58.37404580152672,0.11140085076627236,6.350518617796166,84.01908396946565,142.65076335877862,10545.885496183206,2.647103550360086,0.020799516712774593,118.2557251908397,0.2256788648680147,0.4834305726417678,41.29689349893325,0.010391023908325943,6.059923296481621,0.1881508078994614,114.40275552124001,2.026640480719478,0.003067537361359935,114.06420605462094,0.04582823127737588,0.2926411628909231
56,AMBL-559,0,0.0,-1,-1,-1,-1,,-1,-1,-1.0,-1,/media/bendico765/Crucial X9/MRI Lesions/manifest-1728494830954/Advanced-MRI-Breast-Lesions/AMBL-559/09-30-2005-NA-MRI BREASTS - Delayed contrast-44438/600.000000-Registered Ax T2 FSE-37055,/media/bendico765/Crucial X9/MRI Lesions/manifest-1728494830954/Advanced-MRI-Breast-Lesions/AMBL-559/09-30-2005-NA-MRI BREASTS - Delayed contrast-44438/500.000000-ROI-51172/1-1.dcm,-8.38,L,"[[[0 0 0 ... 0 0 0]
  [0 0 0 ... 0 0 0]
  [0 0 0 ... 0 0 0]
  ...
  [0 0 0 ... 0 0 0]
  [0 0 0 ... 0 0 0]
  [0 0 0 ... 0 0 0]]

 [[0 0 0 ... 0 0 0]
  [0 0 0 ... 0 0 0]
  [0 0 0 ... 0 0 0]
  ...
  [0 0 0 ... 0 0 0]
  [0 0 0 ... 0 0 0]
  [0 0 0 ... 0 0 0]]

 [[0 0 0 ... 0 0 0]
  [0 0 0 ... 0 0 0]
  [0 0 0 ... 0 0 0]
  ...
  [0 0 0 ... 0 0 0]
  [0 0 0 ... 0 0 0]
  [0 0 0 ... 0 0 0]]

 ...

 [[0 0 0 ... 0 0 0]
  [0 0 0 ... 0 0 0]
  [0 0 0 ... 0 0 0]
  ...
  [0 0 0 ... 0 0 0]
  [0 0 0 ... 0 0 0]
  [0 0 0 ... 0 0 0]]

 [[0 0 0 ... 0 0 0]
  [0 0 0 ... 0 0 0]
  [0 0 0 ... 0 0 0]
  ...
  [0 0 0 ... 0 0 0]
  [0 0 0 ... 0 0 0]
  [0 0 0 ... 0 0 0]]

 [[0 0 0 ... 0 0 0]
  [0 0 0 ... 0 0 0]
  [0 0 0 ... 0 0 0]
  ...
  [0 0 0 ... 0 0 0]
  [0 0 0 ... 0 0 0]
  [0 0 0 ... 0 0 0]]]","[55, 56, 57, 58, 59]","[216, 217, 218, 219, 220, 221, 222, 223, 224, 225, 226, 227, 228, 229, 230, 231, 232, 233]","[134, 135, 136, 137, 138, 139, 140, 141, 142, 143, 144, 145, 146]",5,18,13,/media/bendico765/Crucial X9/Materiali Tesista/Roi masks/AMBL-559/ROI 0.npy,/media/bendico765/Crucial X9/Materiali Tesista/Cleaned Roi masks/AMBL-559/ROI 0.npy,0.6836,2.2,/media/bendico765/Crucial X9/MRI Lesions/manifest-1728494830954/Advanced-MRI-Breast-Lesions/AMBL-559/09-30-2005-NA-MRI BREASTS - Delayed contrast-44438/500.000000-Registered AX Sen Vibrant MultiPhase-66661,0.926655994391141,0.5722998322943603,6.113022897670982,10.681503912317716,12.603651286829544,14.58055404159938,13.48269948637883,14.58055404159938,382.1886329359997,9.898079629461636,0.6326569865643902,402.56343650317564,1.0533108570253784,404.035326816,81.0,213.0,2.8906185498801915,69.0,4.731560595928306,345.0,43.28600379413269,133.9643765903308,116.0,51.0,294.0,29.705619520544545,145.1118547248273,1.311530769903346,8507953.846873537,0.16873531068508055,3110.996186443422,14.602280588376905,577.4399026861787,43.98651509221669,11.180620451478262,6.189879590999995,0.2854967534490379,1.7029430950737394,2.407254821936868,3.1044303163259817,0.5328745721845035,0.48138442130821846,0.9637676915028695,0.8889914839707949,-0.1283562620771604,0.6849419668798207,0.4109058133726078,3.6539520873125744,0.043486539044705966,5.249331812538407,0.492616702591399,0.11746199526865232,7.307904174625149,3.5003326257942953,4.342625010619563,5.9636790530082155,36.2264631043257,0.0921792954308542,12.426561518689018,4.964098181276667,19.982188295165393,43.1119592875318,418.16539440203564,8.005083482248212,0.16567088648185185,0.16551299375913558,5.5007821246079995,0.024383295796133877,49.772113281821426,0.15332876600900697,5.325859821169293,21.678624512847655,1.8956080474602328,32.28458362204492,0.33180718537115256,0.16276092731466893,3.6663310791531694,235.54591923584687,0.7164916263502362,0.8254061460168329,0.3671449333366107,0.8679938455889127,20.014967628672075,0.1397813625138581,7.147058823529412,0.1051038062283737,8.606185121107266,35.25,245.66176470588235,2274.220588235294,41.770440051230935,0.16290565053309355,27.11764705882353,0.39878892733564014,0.6479007001378464,23.385867597459104,0.09254478658897544,4.782388306188503,0.17302798982188294,212.26016435986156,1.6258628995519704,0.017116399804794055,74.6362831978733,0.0901114272910482,1.2116001472711042
57,AMBL-561,0,0.0,-1,-1,-1,-1,,-1,-1,-1.0,-1,/media/bendico765/Crucial X9/MRI Lesions/manifest-1728494830954/Advanced-MRI-Breast-Lesions/AMBL-561/10-07-2005-NA-MRI BREASTS - Delayed contrast-71836/600.000000-Registered Ax T2 FSE-55084,/media/bendico765/Crucial X9/MRI Lesions/manifest-1728494830954/Advanced-MRI-Breast-Lesions/AMBL-561/10-07-2005-NA-MRI BREASTS - Delayed contrast-71836/500.000000-ROI-35708/1-1.dcm,3.28,L,"[[[0 0 0 ... 0 0 0]
  [0 0 0 ... 0 0 0]
  [0 0 0 ... 0 0 0]
  ...
  [0 0 0 ... 0 0 0]
  [0 0 0 ... 0 0 0]
  [0 0 0 ... 0 0 0]]

 [[0 0 0 ... 0 0 0]
  [0 0 0 ... 0 0 0]
  [0 0 0 ... 0 0 0]
  ...
  [0 0 0 ... 0 0 0]
  [0 0 0 ... 0 0 0]
  [0 0 0 ... 0 0 0]]

 [[0 0 0 ... 0 0 0]
  [0 0 0 ... 0 0 0]
  [0 0 0 ... 0 0 0]
  ...
  [0 0 0 ... 0 0 0]
  [0 0 0 ... 0 0 0]
  [0 0 0 ... 0 0 0]]

 ...

 [[0 0 0 ... 0 0 0]
  [0 0 0 ... 0 0 0]
  [0 0 0 ... 0 0 0]
  ...
  [0 0 0 ... 0 0 0]
  [0 0 0 ... 0 0 0]
  [0 0 0 ... 0 0 0]]

 [[0 0 0 ... 0 0 0]
  [0 0 0 ... 0 0 0]
  [0 0 0 ... 0 0 0]
  ...
  [0 0 0 ... 0 0 0]
  [0 0 0 ... 0 0 0]
  [0 0 0 ... 0 0 0]]

 [[0 0 0 ... 0 0 0]
  [0 0 0 ... 0 0 0]
  [0 0 0 ... 0 0 0]
  ...
  [0 0 0 ... 0 0 0]
  [0 0 0 ... 0 0 0]
  [0 0 0 ... 0 0 0]]]","[55, 56, 57]","[180, 181, 182, 183, 184, 185, 186, 187, 188]","[144, 145, 146, 147, 148]",3,9,5,/media/bendico765/Crucial X9/Materiali Tesista/Roi masks/AMBL-561/ROI 0.npy,/media/bendico765/Crucial X9/Materiali Tesista/Cleaned Roi masks/AMBL-561/ROI 0.npy,0.7422,2.0,/media/bendico765/Crucial X9/MRI Lesions/manifest-1728494830954/Advanced-MRI-Breast-Lesions/AMBL-561/10-07-2005-NA-MRI BREASTS - Delayed contrast-71836/500.000000-Registered AX Sen Vibrant MultiPhase-00926,0.8095091800326514,0.45683799441511735,3.1575008510704587,6.911642397679638,6.399824025705707,7.936761377287338,7.041127438130913,8.074380751488004,74.36621340000003,5.595037970024553,0.726354749290497,117.73866928266918,1.5832279727539431,81.52740431999999,114.5,284.0,2.993406920772434,99.5,1.9444783851283953,298.0,55.100803506208905,211.55405405405406,234.0,80.0,218.0,43.79258833668486,220.790686006061,-0.4895496660080111,3974340.8729368793,0.1376917457998539,3993.409240321402,41.38311814049819,793.8511282145284,-43.01627903425751,20.938062232468845,4.5268125897051945,0.6400561313586467,1.5583968044521455,2.218952452411017,1.9342794829427183,0.5342284013202936,0.4758952526652914,0.9528162625784413,0.8669997682562914,-0.34341935437154764,0.9231659293839158,0.3841625159747037,6.103195043333428,0.04478762791483369,4.832899923831432,0.7716188864235302,0.09549151298689088,12.206390086666856,3.5458751411118703,6.3662187055435115,5.111018061370231,8.64864864864865,0.1168736303871439,9.164353542731922,6.228086194302411,41.74324324324324,30.027027027027028,1880.1756756756756,1.0673370521882426,0.09490625829911545,0.23342247633237895,6.114205061199109,0.033075863660478204,8.354607692826411,0.1307629711790213,6.131129382053657,39.24130939103598,1.530173560559655,69.12692071075176,0.13025855871151523,0.10230000252827137,3.5105521949950496,48.14952336911135,0.7485614453281204,0.8627858627858629,0.1656937716911662,0.8864972581942818,32.7319413585726,0.09689961276319299,2.7142857142857144,0.1292517006802721,4.943310657596372,27.61904761904762,29.333333333333332,1557.952380952381,1.5491533041788146,0.15093760872955886,7.571428571428571,0.36054421768707484,0.6084384185773074,13.864524176954733,0.09247424754979397,3.844232898763187,0.28378378378378377,16.91609977324263,0.1891299191092097,0.10540555889560177,30.298036251598777,0.17955833755697176,3.2377858795661627
58,AMBL-561,1,0.0,-1,-1,-1,-1,,-1.0,-1.0,-1.0,-1,/media/bendico765/Crucial X9/MRI Lesions/manifest-1728494830954/Advanced-MRI-Breast-Lesions/AMBL-561/10-07-2005-NA-MRI BREASTS - Delayed contrast-71836/600.000000-Registered Ax T2 FSE-55084,/media/bendico765/Crucial X9/MRI Lesions/manifest-1728494830954/Advanced-MRI-Breast-Lesions/AMBL-561/10-07-2005-NA-MRI BREASTS - Delayed contrast-71836/500.000000-ROI-35708/1-1.dcm,-16.72,L,"[[[0 0 0 ... 0 0 0]
  [0 0 0 ... 0 0 0]
  [0 0 0 ... 0 0 0]
  ...
  [0 0 0 ... 0 0 0]
  [0 0 0 ... 0 0 0]
  [0 0 0 ... 0 0 0]]

 [[0 0 0 ... 0 0 0]
  [0 0 0 ... 0 0 0]
  [0 0 0 ... 0 0 0]
  ...
  [0 0 0 ... 0 0 0]
  [0 0 0 ... 0 0 0]
  [0 0 0 ... 0 0 0]]

 [[0 0 0 ... 0 0 0]
  [0 0 0 ... 0 0 0]
  [0 0 0 ... 0 0 0]
  ...
  [0 0 0 ... 0 0 0]
  [0 0 0 ... 0 0 0]
  [0 0 0 ... 0 0 0]]

 ...

 [[0 0 0 ... 0 0 0]
  [0 0 0 ... 0 0 0]
  [0 0 0 ... 0 0 0]
  ...
  [0 0 0 ... 0 0 0]
  [0 0 0 ... 0 0 0]
  [0 0 0 ... 0 0 0]]

 [[0 0 0 ... 0 0 0]
  [0 0 0 ... 0 0 0]
  [0 0 0 ... 0 0 0]
  ...
  [0 0 0 ... 0 0 0]
  [0 0 0 ... 0 0 0]
  [0 0 0 ... 0 0 0]]

 [[0 0 0 ... 0 0 0]
  [0 0 0 ... 0 0 0]
  [0 0 0 ... 0 0 0]
  ...
  [0 0 0 ... 0 0 0]
  [0 0 0 ... 0 0 0]
  [0 0 0 ... 0 0 0]]]","[64, 65, 66, 67]","[137, 138, 140, 141, 144, 152, 153, 154, 155, 156, 157, 158, 159, 160, 161, 162, 163, 164, 165, 166, 167, 168, 169, 170, 171, 172, 173, 174, 175, 176, 177, 178, 179, 180, 181, 182, 190, 191, 192, 193, 196, 197, 201, 202, 203, 204, 210, 211, 212, 213, 214, 215, 216, 217, 218, 219, 220, 221, 222, 223, 224, 225, 226, 227, 229, 232, 233, 236, 237]","[113, 114, 115, 116, 117, 118, 119, 120, 121, 122, 123, 124, 125, 126, 127, 128, 129, 130, 131, 132, 133, 134, 135, 136, 137, 138, 139, 140, 141, 142, 143, 144]",4,101,32,/media/bendico765/Crucial X9/Materiali Tesista/Roi masks/AMBL-561/ROI 1.npy,/media/bendico765/Crucial X9/Materiali Tesista/Cleaned Roi masks/AMBL-561/ROI 1.npy,0.7422,2.0,/media/bendico765/Crucial X9/MRI Lesions/manifest-1728494830954/Advanced-MRI-Breast-Lesions/AMBL-561/10-07-2005-NA-MRI BREASTS - Delayed contrast-71836/500.000000-Registered AX Sen Vibrant MultiPhase-00926,0.19412156360280508,0.08298492435202223,7.273146375390173,87.64418877502942,23.008200000000002,74.9622,74.97689558924135,74.97689558924135,244.26087747000452,17.01362696570813,0.25754117100756996,733.7364041849769,3.003904725901431,361.3647110399999,83.0,269.0,3.296389529226126,101.25,4.08374889909658,439.0,60.56859756097561,154.34756097560975,128.5,40.0,399.0,43.656594493753175,171.57797061394567,1.194918366496403,10638215.728306558,0.13381171921475316,5615.830420880429,30.931550295113766,3022.1565947831778,173.44910698303073,22.88633805228314,4.864865132885872,0.6395961804032838,1.5168023197189677,2.2271941525151164,2.4871550010524044,0.5511244749270926,0.5027574951381656,0.9844795386830936,0.9242082856307235,-0.3034393432474535,0.9057987214995067,0.4257587787865855,5.13227498450894,0.05305306474008826,4.901067795831832,0.92736496151157,0.1259396669347892,10.264549969017882,3.604490031824515,6.937800796292253,5.497446667823628,67.65853658536585,0.2062760261748959,4.848304580606782,9.074128123140989,41.61280487804878,13.414634146341463,308.4176829268293,0.9900379655025441,0.0651338965432051,0.40059745660346346,22.418583074659402,0.024358946453548427,38.64780692366085,0.1270545099734462,9.334947399448499,42.99812526154774,1.2721642176808006,49.75572927887292,0.08418369656348584,0.06446482461037671,3.678506397017907,264.09412915619527,0.8639684374233082,0.9258911819887429,0.0906705610498588,0.9417275967722303,41.503490312227356,0.06015780399205495,15.02547770700637,0.09570367966246095,11.000446265568584,54.796178343949045,14.203821656050955,305.1528662420382,1.1050786801767727,0.06023496257099998,71.80254777070064,0.4573410686031888,0.7001522144819625,41.46257127851297,0.04291881707149756,4.915443956160414,0.47865853658536583,9.83918211692158,0.4574427038939089,0.02623407323421358,138.49765693219746,0.06999426216640421,4.341391050234364
59,AMBL-562,0,1.0,-1,-1,-1,-1,,-1,-1,-1.0,-1,/media/bendico765/Crucial X9/MRI Lesions/manifest-1728494830954/Advanced-MRI-Breast-Lesions/AMBL-562/10-14-2005-NA-MRI BREASTS - Delayed contrast-38911/600.000000-Registered Ax T2 FSE-40878,/media/bendico765/Crucial X9/MRI Lesions/manifest-1728494830954/Advanced-MRI-Breast-Lesions/AMBL-562/10-14-2005-NA-MRI BREASTS - Delayed contrast-38911/500.000000-ROI-84037/1-1.dcm,-45.83,R,"[[[0 0 0 ... 0 0 0]
  [0 0 0 ... 0 0 0]
  [0 0 0 ... 0 0 0]
  ...
  [0 0 0 ... 0 0 0]
  [0 0 0 ... 0 0 0]
  [0 0 0 ... 0 0 0]]

 [[0 0 0 ... 0 0 0]
  [0 0 0 ... 0 0 0]
  [0 0 0 ... 0 0 0]
  ...
  [0 0 0 ... 0 0 0]
  [0 0 0 ... 0 0 0]
  [0 0 0 ... 0 0 0]]

 [[0 0 0 ... 0 0 0]
  [0 0 0 ... 0 0 0]
  [0 0 0 ... 0 0 0]
  ...
  [0 0 0 ... 0 0 0]
  [0 0 0 ... 0 0 0]
  [0 0 0 ... 0 0 0]]

 ...

 [[0 0 0 ... 0 0 0]
  [0 0 0 ... 0 0 0]
  [0 0 0 ... 0 0 0]
  ...
  [0 0 0 ... 0 0 0]
  [0 0 0 ... 0 0 0]
  [0 0 0 ... 0 0 0]]

 [[0 0 0 ... 0 0 0]
  [0 0 0 ... 0 0 0]
  [0 0 0 ... 0 0 0]
  ...
  [0 0 0 ... 0 0 0]
  [0 0 0 ... 0 0 0]
  [0 0 0 ... 0 0 0]]

 [[0 0 0 ... 0 0 0]
  [0 0 0 ... 0 0 0]
  [0 0 0 ... 0 0 0]
  ...
  [0 0 0 ... 0 0 0]
  [0 0 0 ... 0 0 0]
  [0 0 0 ... 0 0 0]]]","[63, 64, 65, 66, 67, 68, 69, 70, 71, 72, 73, 74, 75, 76, 77, 78, 79, 80, 81, 82, 83, 84, 85, 86, 87, 88, 89, 90]","[141, 143, 144, 145, 146, 147, 148, 149, 150, 151, 152, 153, 154, 155, 156, 157, 158, 159, 160, 161, 162, 163, 164, 165, 166, 167, 168, 169, 170, 171, 172, 173, 174, 175, 176, 177, 178, 179, 180, 181, 182, 183, 184, 185, 186, 187, 188, 189, 190, 191, 192, 193, 194, 195, 196, 197, 198, 199, 200, 201, 202, 203, 204, 205, 206, 207, 208, 209, 210, 211, 212, 213, 214, 215, 216, 217, 218, 219, 220, 221, 222, 223, 224, 225, 226, 227, 228, 229, 230, 231, 232, 233, 234, 235, 236, 237, 238, 239, 241, 242, 243, 244, 245]","[369, 370, 371, 372, 373, 374, 375, 376, 377, 378, 379, 380, 381, 382, 383, 384, 385, 386, 387, 388, 389, 390, 391, 392, 393, 394, 395, 396, 397, 398, 399, 400, 401, 402, 403, 404, 405, 406, 407, 408, 409, 410, 411, 412, 413, 414, 415, 416, 417, 418, 419, 420, 421, 422, 423, 424, 425, 426, 427, 428, 429]",28,105,61,/media/bendico765/Crucial X9/Materiali Tesista/Roi masks/AMBL-562/ROI 0.npy,/media/bendico765/Crucial X9/Materiali Tesista/Cleaned Roi masks/AMBL-562/ROI 0.npy,0.6445,2.0,/media/bendico765/Crucial X9/MRI Lesions/manifest-1728494830954/Advanced-MRI-Breast-Lesions/AMBL-562/10-14-2005-NA-MRI BREASTS - Delayed contrast-38911/500.000000-Registered AX Sen Vibrant MultiPhase-87741,0.8881961988785696,0.36576270396268845,19.31577940076812,52.809592644357,58.79656534186329,56.65077069422798,70.12918194303995,70.7737001452517,17062.81683439565,46.90527945104355,0.25495171204948264,12571.68076309972,0.7367881215109462,17572.246096,170.0,496.0,4.279644722142693,183.0,2.5704681788001573,776.0,102.58348341290532,315.1405540847201,295.0,5.0,771.0,75.90199875151573,338.5792145165552,0.4671795565369269,2014409973.9131544,0.05855658921321017,15322.315673823097,174.55443080512194,17026.16940068026,419.8012108071796,76.97272467549793,13.220493264212925,0.7044196309375285,2.647029242258815,2.9524980830727205,5.833592386244437,0.41988630719818787,0.34391367378996757,0.9877500088511761,0.9279852575790054,-0.14187426058759162,0.7962010221473724,0.33372744866407916,12.593280401586831,0.006978601170163176,7.79121170913099,0.7082591577032942,0.018747709181557642,25.18656080317367,5.0777671805016995,22.548304484927712,7.354275244136086,2737.138615733737,0.1294033006681986,7.092175621780024,24.574952301159705,196.78101361573374,24.32299546142209,3646.7970877458397,0.27820416272245746,0.010024369922822664,0.21229921447262642,50.04335869283753,0.0019081015383891349,1066.8619888202152,0.057390050844275474,24.788508862898887,201.4649979995058,1.4991154937265907,281.48616121002385,0.015432457772761008,0.00988128692174418,4.880422031724572,14857.919498434223,0.7950265801273128,0.8788076050273479,0.18936599765555348,0.9103850485243986,186.41394560507695,0.00890158450406027,273.0683691936457,0.05491018885856539,25.775979834642158,245.9877337623165,568.5200080434346,59771.78604464106,6.65613795698762,0.008939502390393043,1685.4234868288759,0.33891483748821155,0.6026784551347183,149.68738192068065,0.0053131397495632966,6.67448014103848,0.23510779122541603,550.4288670989037,4.892850054914568,0.0005052682440404401,789.4788813134534,0.08796310171424646,0.2066104759973691
60,AMBL-563,0,0.0,-1,-1,-1,-1,,-1,-1,-1.0,-1,/media/bendico765/Crucial X9/MRI Lesions/manifest-1728494830954/Advanced-MRI-Breast-Lesions/AMBL-563/10-18-2005-NA-MRI BREASTS - Delayed contrast-99811/600.000000-Registered Ax T2 FSE-93137,/media/bendico765/Crucial X9/MRI Lesions/manifest-1728494830954/Advanced-MRI-Breast-Lesions/AMBL-563/10-18-2005-NA-MRI BREASTS - Delayed contrast-99811/500.000000-ROI-27523/1-1.dcm,-26.96,L,"[[[0 0 0 ... 0 0 0]
  [0 0 0 ... 0 0 0]
  [0 0 0 ... 0 0 0]
  ...
  [0 0 0 ... 0 0 0]
  [0 0 0 ... 0 0 0]
  [0 0 0 ... 0 0 0]]

 [[0 0 0 ... 0 0 0]
  [0 0 0 ... 0 0 0]
  [0 0 0 ... 0 0 0]
  ...
  [0 0 0 ... 0 0 0]
  [0 0 0 ... 0 0 0]
  [0 0 0 ... 0 0 0]]

 [[0 0 0 ... 0 0 0]
  [0 0 0 ... 0 0 0]
  [0 0 0 ... 0 0 0]
  ...
  [0 0 0 ... 0 0 0]
  [0 0 0 ... 0 0 0]
  [0 0 0 ... 0 0 0]]

 ...

 [[0 0 0 ... 0 0 0]
  [0 0 0 ... 0 0 0]
  [0 0 0 ... 0 0 0]
  ...
  [0 0 0 ... 0 0 0]
  [0 0 0 ... 0 0 0]
  [0 0 0 ... 0 0 0]]

 [[0 0 0 ... 0 0 0]
  [0 0 0 ... 0 0 0]
  [0 0 0 ... 0 0 0]
  ...
  [0 0 0 ... 0 0 0]
  [0 0 0 ... 0 0 0]
  [0 0 0 ... 0 0 0]]

 [[0 0 0 ... 0 0 0]
  [0 0 0 ... 0 0 0]
  [0 0 0 ... 0 0 0]
  ...
  [0 0 0 ... 0 0 0]
  [0 0 0 ... 0 0 0]
  [0 0 0 ... 0 0 0]]]","[75, 76, 77]","[232, 233, 234, 235, 236, 237, 238, 239, 240, 241, 242, 243, 244, 245, 246, 247, 248, 249, 250]","[142, 143, 144, 145, 146, 147, 148, 149, 150, 151, 152, 153, 154, 155, 156, 157, 158]",3,19,17,/media/bendico765/Crucial X9/Materiali Tesista/Roi masks/AMBL-563/ROI 0.npy,/media/bendico765/Crucial X9/Materiali Tesista/Cleaned Roi masks/AMBL-563/ROI 0.npy,0.6641,2.0,/media/bendico765/Crucial X9/MRI Lesions/manifest-1728494830954/Advanced-MRI-Breast-Lesions/AMBL-563/10-18-2005-NA-MRI BREASTS - Delayed contrast-99811/500.000000-Registered AX Sen Vibrant MultiPhase-94536,0.9052013112004287,0.5849228017658771,6.071148171405208,10.379400756948545,11.465484119303467,12.6179,13.232098759078244,13.332867326273071,362.5991866216668,9.395447174664545,0.62223293703963,395.19885595788725,1.0899055225135812,384.57712232000006,155.0,306.5,3.326457822752668,84.5,3.402900412540624,429.0,49.95709536234324,236.57110091743118,241.0,74.0,355.0,34.89560961355833,244.9023255964892,0.2583057929128892,23065839.399131943,0.12040232303678142,4011.263293283394,67.95132375221075,808.0346718854205,-9.58684043691651,15.08856798402422,7.189262468744373,0.35350028749659834,1.8019089544246993,2.476417937020442,3.798438119755945,0.51458571085544,0.456975712675043,0.9760269381596677,0.9081012542036262,-0.17583634197184478,0.8092842740261188,0.39878514328168274,8.122286394167993,0.027309472634473357,5.820920408038296,0.6106343428567631,0.07202889674460242,16.24457278833599,3.8440689752520525,5.5694576131921485,6.223338979352616,44.98623853211009,0.10317944617456443,10.158004376735965,6.506622969447017,70.25,34.65596330275229,2544.7591743119265,0.5937334057227136,0.026311988560217443,0.18469447531044098,14.980866511460588,0.0074068790627962655,42.09327450730811,0.11368836247539359,7.061917980375252,70.22718597858398,1.6878078552232465,119.07988742696928,0.040459254471740085,0.02764720857505465,4.014418551471161,278.629593150875,0.7467712929588989,0.8480945659844742,0.26566629907582556,0.8854555445517736,62.24892099218714,0.02537940411675327,7.275862068965517,0.08363059849385653,13.198573127229489,80.55172413793103,166.22988505747125,12601.643678160919,2.588254436117307,0.04170362933754834,30.103448275862068,0.3460166468489893,0.6092094411307909,53.83719801613314,0.027613602252107666,5.24994981835652,0.19954128440366972,141.11481041088652,0.35672436922366263,0.020360355993896986,123.7794292740613,0.06869290384723059,1.6234527040416797
61,AMBL-563,1,0.0,-1,-1,-1,-1,,-1.0,-1.0,-1.0,-1,/media/bendico765/Crucial X9/MRI Lesions/manifest-1728494830954/Advanced-MRI-Breast-Lesions/AMBL-563/10-18-2005-NA-MRI BREASTS - Delayed contrast-99811/600.000000-Registered Ax T2 FSE-93137,/media/bendico765/Crucial X9/MRI Lesions/manifest-1728494830954/Advanced-MRI-Breast-Lesions/AMBL-563/10-18-2005-NA-MRI BREASTS - Delayed contrast-99811/500.000000-ROI-27523/1-1.dcm,7.04,R,"[[[0 0 0 ... 0 0 0]
  [0 0 0 ... 0 0 0]
  [0 0 0 ... 0 0 0]
  ...
  [0 0 0 ... 0 0 0]
  [0 0 0 ... 0 0 0]
  [0 0 0 ... 0 0 0]]

 [[0 0 0 ... 0 0 0]
  [0 0 0 ... 0 0 0]
  [0 0 0 ... 0 0 0]
  ...
  [0 0 0 ... 0 0 0]
  [0 0 0 ... 0 0 0]
  [0 0 0 ... 0 0 0]]

 [[0 0 0 ... 0 0 0]
  [0 0 0 ... 0 0 0]
  [0 0 0 ... 0 0 0]
  ...
  [0 0 0 ... 0 0 0]
  [0 0 0 ... 0 0 0]
  [0 0 0 ... 0 0 0]]

 ...

 [[0 0 0 ... 0 0 0]
  [0 0 0 ... 0 0 0]
  [0 0 0 ... 0 0 0]
  ...
  [0 0 0 ... 0 0 0]
  [0 0 0 ... 0 0 0]
  [0 0 0 ... 0 0 0]]

 [[0 0 0 ... 0 0 0]
  [0 0 0 ... 0 0 0]
  [0 0 0 ... 0 0 0]
  ...
  [0 0 0 ... 0 0 0]
  [0 0 0 ... 0 0 0]
  [0 0 0 ... 0 0 0]]

 [[0 0 0 ... 0 0 0]
  [0 0 0 ... 0 0 0]
  [0 0 0 ... 0 0 0]
  ...
  [0 0 0 ... 0 0 0]
  [0 0 0 ... 0 0 0]
  [0 0 0 ... 0 0 0]]]","[59, 60]","[204, 205, 206, 207, 208, 209, 210, 211, 212, 213]","[361, 362, 363, 364, 365, 366, 367, 368, 369]",2,10,9,/media/bendico765/Crucial X9/Materiali Tesista/Roi masks/AMBL-563/ROI 1.npy,/media/bendico765/Crucial X9/Materiali Tesista/Cleaned Roi masks/AMBL-563/ROI 1.npy,0.6641,2.0,/media/bendico765/Crucial X9/MRI Lesions/manifest-1728494830954/Advanced-MRI-Breast-Lesions/AMBL-563/10-18-2005-NA-MRI BREASTS - Delayed contrast-99811/500.000000-Registered AX Sen Vibrant MultiPhase-94536,0.7390488294289594,0.600945176585553,3.9726852948086546,6.610728315319272,6.132732807647828,7.191893603912671,7.424863719288052,7.75260478806962,88.20576200000009,4.885651023109585,0.816776254198014,117.321874171945,1.3300930858909747,95.26222296000002,137.4,278.2,3.2501234091187703,74.5,6.56472720581776,535.0,54.014403292181065,225.37962962962962,216.5,107.0,428.0,31.32531097890752,238.72386418901092,1.5852868130162052,5428906.7627860205,0.1265432098765432,6193.105881344306,33.60657521700558,2963.2499298252233,110.49577331476449,21.111746160904183,11.271086963187797,0.3263849764892684,2.079204370191981,2.4570702315363175,6.632854636346452,0.5043562708740873,0.4501750634832575,0.9721832510400875,0.9086033207263825,-0.3279810966941929,0.9295927114458442,0.41346671011175545,5.575279092434132,0.034898981779572805,5.2077043420369105,0.8550059599149249,0.08728292563577264,11.150558184868263,3.680377130410054,8.095708281022995,5.439025150881463,14.24074074074074,0.13185871056241427,6.200274348422496,9.896776406035666,40.55555555555556,23.40740740740741,839.3148148148148,1.8458015169881234,0.11164965909990657,0.21436431628195501,16.454909278952943,0.02206801553370738,11.541066329226293,0.12134629650663069,10.74783879108369,41.76500743649083,1.47857072390755,57.242078664365,0.15835930797016706,0.11385505028901276,3.7609977023756054,75.04890436000947,0.782757814417667,0.8789173789173789,0.15538761420614577,0.9027902635438733,38.632523286122726,0.10399800829737016,2.466666666666667,0.08222222222222222,20.490000000000002,68.1,32.06666666666667,1041.5333333333333,2.3775619067354765,0.11982698846261153,8.933333333333334,0.29777777777777775,0.5478473202654488,52.03626894612089,0.05510083393257638,4.70689059560851,0.2777777777777778,19.106666666666666,0.16938865967726346,0.07424161115085219,153.06259232560174,0.13119006139396022,8.977812603766948
62,AMBL-563,2,0.0,-1.0,-1,-1,-1,,-1.0,-1.0,-1.0,-1,/media/bendico765/Crucial X9/MRI Lesions/manifest-1728494830954/Advanced-MRI-Breast-Lesions/AMBL-563/10-18-2005-NA-MRI BREASTS - Delayed contrast-99811/600.000000-Registered Ax T2 FSE-93137,/media/bendico765/Crucial X9/MRI Lesions/manifest-1728494830954/Advanced-MRI-Breast-Lesions/AMBL-563/10-18-2005-NA-MRI BREASTS - Delayed contrast-99811/500.000000-ROI-27523/1-1.dcm,-22.96,R,"[[[0 0 0 ... 0 0 0]
  [0 0 0 ... 0 0 0]
  [0 0 0 ... 0 0 0]
  ...
  [0 0 0 ... 0 0 0]
  [0 0 0 ... 0 0 0]
  [0 0 0 ... 0 0 0]]

 [[0 0 0 ... 0 0 0]
  [0 0 0 ... 0 0 0]
  [0 0 0 ... 0 0 0]
  ...
  [0 0 0 ... 0 0 0]
  [0 0 0 ... 0 0 0]
  [0 0 0 ... 0 0 0]]

 [[0 0 0 ... 0 0 0]
  [0 0 0 ... 0 0 0]
  [0 0 0 ... 0 0 0]
  ...
  [0 0 0 ... 0 0 0]
  [0 0 0 ... 0 0 0]
  [0 0 0 ... 0 0 0]]

 ...

 [[0 0 0 ... 0 0 0]
  [0 0 0 ... 0 0 0]
  [0 0 0 ... 0 0 0]
  ...
  [0 0 0 ... 0 0 0]
  [0 0 0 ... 0 0 0]
  [0 0 0 ... 0 0 0]]

 [[0 0 0 ... 0 0 0]
  [0 0 0 ... 0 0 0]
  [0 0 0 ... 0 0 0]
  ...
  [0 0 0 ... 0 0 0]
  [0 0 0 ... 0 0 0]
  [0 0 0 ... 0 0 0]]

 [[0 0 0 ... 0 0 0]
  [0 0 0 ... 0 0 0]
  [0 0 0 ... 0 0 0]
  ...
  [0 0 0 ... 0 0 0]
  [0 0 0 ... 0 0 0]
  [0 0 0 ... 0 0 0]]]","[73, 74]","[158, 159, 160, 161, 162, 163, 164, 165, 166, 167, 168, 169]","[357, 358, 359, 360, 361, 362, 363, 364, 365, 366]",2,12,10,/media/bendico765/Crucial X9/Materiali Tesista/Roi masks/AMBL-563/ROI 2.npy,/media/bendico765/Crucial X9/Materiali Tesista/Cleaned Roi masks/AMBL-563/ROI 2.npy,0.6641,2.0,/media/bendico765/Crucial X9/MRI Lesions/manifest-1728494830954/Advanced-MRI-Breast-Lesions/AMBL-563/10-18-2005-NA-MRI BREASTS - Delayed contrast-99811/500.000000-Registered AX Sen Vibrant MultiPhase-94536,0.7784285992378754,0.5987598471809464,3.814040526571303,6.369900293963253,6.132732807647828,7.191893603912672,7.571904998083375,8.43377740102263,71.81419122833339,4.958512563114746,0.749731070761013,111.4428296831472,1.5518218304348017,81.14930104000001,152.2,420.8,3.772133046736006,138.25,2.4369390239101842,515.0,79.4234404536862,278.9891304347826,264.5,68.0,447.0,56.97145061728395,295.2581957777176,0.2438188715878103,7074385.252896021,0.08459357277882797,9342.467273156899,106.7349326158473,2594.069255623282,32.48012176166198,29.201627660166807,27.469593498452028,0.03516241428627574,4.131491733461735,3.0877834757055433,8.288814151163068,0.31674477414780344,0.22641933167559614,0.9361418894732265,0.8364625471413815,-0.45421654687527446,0.9808764221809974,0.2284031062152837,10.306881538622854,0.021139700298432824,5.737778172691847,0.8196687906207533,0.042390141041644104,20.613763077245714,3.8622499679553286,14.167805289654712,5.182430673608586,22.91304347826087,0.249054820415879,1.5808128544423439,14.676157844990549,110.16304347826087,7.195652173913044,732.4021739130435,0.13649154909237496,0.02765708217732499,0.39868659420289865,41.145960144927535,0.017537403084258888,7.2600242813152915,0.08325342474065897,14.790770904138897,110.45049402630988,1.1952801403440665,130.75929590690765,0.031696028066796195,0.028257804510793953,3.959905987809928,79.42986736414939,0.9062314477274609,0.9473244147157192,0.06916348602683994,0.9603904103122953,106.21339534958499,0.027571789204664562,3.3555555555555556,0.0745679012345679,16.347654320987655,110.22222222222223,7.955555555555556,799.3555555555556,0.15926211686444194,0.03889887497150206,17.755555555555556,0.3945679012345679,0.6448774005486968,63.45374228395061,0.03314543038442556,4.6560833080088475,0.4891304347826087,3.7758024691358028,0.1514629792179694,0.05576653998748998,304.8702909677523,0.2940529889283096,5.698060634025249
63,AMBL-564,0,1.0,2,-1,-1,-1,,-1,-1,-1.0,-1,/media/bendico765/Crucial X9/MRI Lesions/manifest-1728494830954/Advanced-MRI-Breast-Lesions/AMBL-564/10-21-2005-NA-MRI BREASTS - Delayed contrast-76004/600.000000-Registered Ax T2 FSE-98564,/media/bendico765/Crucial X9/MRI Lesions/manifest-1728494830954/Advanced-MRI-Breast-Lesions/AMBL-564/10-21-2005-NA-MRI BREASTS - Delayed contrast-76004/500.000000-ROI-12939/1-1.dcm,-21.5,L,"[[[0 0 0 ... 0 0 0]
  [0 0 0 ... 0 0 0]
  [0 0 0 ... 0 0 0]
  ...
  [0 0 0 ... 0 0 0]
  [0 0 0 ... 0 0 0]
  [0 0 0 ... 0 0 0]]

 [[0 0 0 ... 0 0 0]
  [0 0 0 ... 0 0 0]
  [0 0 0 ... 0 0 0]
  ...
  [0 0 0 ... 0 0 0]
  [0 0 0 ... 0 0 0]
  [0 0 0 ... 0 0 0]]

 [[0 0 0 ... 0 0 0]
  [0 0 0 ... 0 0 0]
  [0 0 0 ... 0 0 0]
  ...
  [0 0 0 ... 0 0 0]
  [0 0 0 ... 0 0 0]
  [0 0 0 ... 0 0 0]]

 ...

 [[0 0 0 ... 0 0 0]
  [0 0 0 ... 0 0 0]
  [0 0 0 ... 0 0 0]
  ...
  [0 0 0 ... 0 0 0]
  [0 0 0 ... 0 0 0]
  [0 0 0 ... 0 0 0]]

 [[0 0 0 ... 0 0 0]
  [0 0 0 ... 0 0 0]
  [0 0 0 ... 0 0 0]
  ...
  [0 0 0 ... 0 0 0]
  [0 0 0 ... 0 0 0]
  [0 0 0 ... 0 0 0]]

 [[0 0 0 ... 0 0 0]
  [0 0 0 ... 0 0 0]
  [0 0 0 ... 0 0 0]
  ...
  [0 0 0 ... 0 0 0]
  [0 0 0 ... 0 0 0]
  [0 0 0 ... 0 0 0]]]","[60, 61, 62, 63, 64, 65, 66, 67]","[213, 214, 215, 216, 217, 218, 219, 220, 221, 222, 223, 224, 225, 226, 227, 228, 229, 230, 231, 232, 233, 234]","[122, 123, 124, 125, 126, 127, 128, 129, 130, 131, 132, 133, 134, 135, 136, 137, 138, 139, 140, 141, 142, 143, 144, 145]",8,22,24,/media/bendico765/Crucial X9/Materiali Tesista/Roi masks/AMBL-564/ROI 0.npy,/media/bendico765/Crucial X9/Materiali Tesista/Cleaned Roi masks/AMBL-564/ROI 0.npy,0.6641,2.0,/media/bendico765/Crucial X9/MRI Lesions/manifest-1728494830954/Advanced-MRI-Breast-Lesions/AMBL-564/10-21-2005-NA-MRI BREASTS - Delayed contrast-76004/500.000000-Registered AX Sen Vibrant MultiPhase-87586,0.7725125855955223,0.6358777561754719,10.962784694485123,17.240396582546783,17.87479086982558,16.85899889791799,19.812007492932157,20.99798252523323,984.8540851308345,13.318423340675423,0.43927372478549853,1089.7582318293225,1.1065174509425444,1007.3098020400001,83.0,230.0,3.2417071480487456,80.0,2.749540647245748,311.0,46.31745240629246,155.87653239929946,154.0,17.0,294.0,32.763875242665456,166.22912415183814,0.17418991140211618,27834107.055978462,0.12132676565217258,3334.628363457357,46.67402732344749,718.4658340112845,13.835679577301152,15.63428555530325,4.629313439895933,0.538570067481012,1.681623428794658,2.2297098633661103,1.5873628567940041,0.488882950634738,0.42284512268519364,0.9745630486530229,0.8924952718442102,-0.13648859258655774,0.7058214375618364,0.41220649622030664,6.627177571898382,0.02127367225938103,5.961304935796293,0.5654319729327514,0.04229298762200094,13.254355143796763,3.9808931387658353,5.065899748799797,6.172167673285608,152.58493870402802,0.13361203038881614,4.536877263902392,5.373315012529099,51.02451838879159,24.952714535901926,1165.8371278458844,0.8553012653861428,0.04016949350876242,0.12722452910391688,7.265168951692453,0.00553692961289044,117.6800640427913,0.11918315372267478,5.529854173945466,51.49692084722022,1.5996206681165464,80.3094001391517,0.06313081109352678,0.04086310130593052,3.877438652804204,773.3532217969139,0.771989709504144,0.8646773541694733,0.2185813527888503,0.8959371451226376,46.46300594187783,0.037210253533155865,15.285714285714286,0.09925788497217068,7.806881430258052,61.077922077922075,310.35064935064935,12978.948051948051,10.142668365709692,0.04729890869157853,28.87012987012987,0.1874683757800641,0.42917389760114155,26.673153561270727,0.016655307611560644,5.891333743024946,0.13485113835376533,255.35975712599088,1.7656452504314244,0.007219272278532198,72.17504639477083,0.07745075372119824,0.3935134987997115
64,AMBL-564,1,1.0,2,Moderate to strong,neg,neg,,100.0,0.0,0.0,2 to 3,/media/bendico765/Crucial X9/MRI Lesions/manifest-1728494830954/Advanced-MRI-Breast-Lesions/AMBL-564/10-21-2005-NA-MRI BREASTS - Delayed contrast-76004/600.000000-Registered Ax T2 FSE-98564,/media/bendico765/Crucial X9/MRI Lesions/manifest-1728494830954/Advanced-MRI-Breast-Lesions/AMBL-564/10-21-2005-NA-MRI BREASTS - Delayed contrast-76004/500.000000-ROI-12939/1-1.dcm,-3.5,L,"[[[0 0 0 ... 0 0 0]
  [0 0 0 ... 0 0 0]
  [0 0 0 ... 0 0 0]
  ...
  [0 0 0 ... 0 0 0]
  [0 0 0 ... 0 0 0]
  [0 0 0 ... 0 0 0]]

 [[0 0 0 ... 0 0 0]
  [0 0 0 ... 0 0 0]
  [0 0 0 ... 0 0 0]
  ...
  [0 0 0 ... 0 0 0]
  [0 0 0 ... 0 0 0]
  [0 0 0 ... 0 0 0]]

 [[0 0 0 ... 0 0 0]
  [0 0 0 ... 0 0 0]
  [0 0 0 ... 0 0 0]
  ...
  [0 0 0 ... 0 0 0]
  [0 0 0 ... 0 0 0]
  [0 0 0 ... 0 0 0]]

 ...

 [[0 0 0 ... 0 0 0]
  [0 0 0 ... 0 0 0]
  [0 0 0 ... 0 0 0]
  ...
  [0 0 0 ... 0 0 0]
  [0 0 0 ... 0 0 0]
  [0 0 0 ... 0 0 0]]

 [[0 0 0 ... 0 0 0]
  [0 0 0 ... 0 0 0]
  [0 0 0 ... 0 0 0]
  ...
  [0 0 0 ... 0 0 0]
  [0 0 0 ... 0 0 0]
  [0 0 0 ... 0 0 0]]

 [[0 0 0 ... 0 0 0]
  [0 0 0 ... 0 0 0]
  [0 0 0 ... 0 0 0]
  ...
  [0 0 0 ... 0 0 0]
  [0 0 0 ... 0 0 0]
  [0 0 0 ... 0 0 0]]]","[53, 54, 55, 56]","[214, 215, 216, 227, 229, 230, 231, 242, 243, 244, 245, 246, 247, 248, 249, 250, 251, 252, 253, 254, 255, 256, 257, 258, 259, 260, 261, 262, 263, 264, 265, 266, 267, 268]","[121, 122, 123, 128, 129, 130, 136, 137, 138, 139, 140, 141, 142, 143, 144, 145, 146, 147, 148, 149, 150, 151, 152]",4,55,32,/media/bendico765/Crucial X9/Materiali Tesista/Roi masks/AMBL-564/ROI 1.npy,/media/bendico765/Crucial X9/Materiali Tesista/Cleaned Roi masks/AMBL-564/ROI 1.npy,0.6641,2.0,/media/bendico765/Crucial X9/MRI Lesions/manifest-1728494830954/Advanced-MRI-Breast-Lesions/AMBL-564/10-21-2005-NA-MRI BREASTS - Delayed contrast-76004/500.000000-Registered AX Sen Vibrant MultiPhase-87586,0.30757494000350305,0.2315580937127027,5.573169654773923,24.06812720478098,9.252589458632649,12.775421731199327,40.401084463291326,40.401084463291326,367.0829795233332,7.402752781007189,0.5672159254520193,437.0977196137006,1.1907327334579318,388.98741042000006,136.0,276.0,2.4763414063088622,48.0,3.9556187140637165,298.0,42.87185894766069,232.10204081632654,255.0,42.0,256.0,27.20382527458654,238.455541666521,-1.440740926695975,22118230.785044022,0.27137355320056966,2989.6880003702163,78.83635671786641,911.44310648548,-79.61110689602381,14.822554321809516,5.706718613310281,0.447462083860002,1.508452883720234,2.2372006685735246,3.084906451614288,0.5987732800672408,0.5575637798368609,0.9612121867312358,0.895834431900201,-0.19568852616126328,0.737075056106122,0.36385562414940237,8.749641657313742,0.10712918948049469,4.484130254423832,0.5826363705843592,0.2847390018311108,17.499283314627483,3.2399989591613285,5.132318233779951,5.591288193531277,34.265306122448976,0.0776991068536258,23.105742977463095,4.7978157249294275,82.28571428571429,75.00453514739229,7183.351473922902,0.9068973990563919,0.021654890138033036,0.10350469385937892,7.073617479329512,0.005143176207028992,71.13353803349135,0.20943647162734877,5.343628892916781,78.82471983531748,2.5806600459674076,227.27488842535845,0.04507159232138372,0.024347400843981473,3.540527684969719,218.6710959861037,0.632675718639023,0.7613814756671898,0.6787122752016006,0.8170789799860823,62.32958256510378,0.021590411680354825,6.735849056603773,0.12709149163403347,6.650053399786401,64.75471698113208,804.2075471698113,78971.92452830188,8.906022741219894,0.04919403429950274,11.150943396226415,0.21039515841936632,0.4506450403379227,30.15679027161334,0.0322832408301579,4.885860256769023,0.12018140589569161,734.9725881096476,0.6055678455267562,0.012423947399933345,61.83776933250921,0.09058114317594133,1.0883136261498652
65,AMBL-565,0,1.0,1 to 2,strong,strong,weak,,100,100,10.0,10,/media/bendico765/Crucial X9/MRI Lesions/manifest-1728494830954/Advanced-MRI-Breast-Lesions/AMBL-565/10-21-2005-NA-MRI BREASTS - Delayed contrast-17253/600.000000-Registered Ax T2 FSE-51636,/media/bendico765/Crucial X9/MRI Lesions/manifest-1728494830954/Advanced-MRI-Breast-Lesions/AMBL-565/10-21-2005-NA-MRI BREASTS - Delayed contrast-17253/500.000000-ROI-14996/1-1.dcm,0.37,R,"[[[0 0 0 ... 0 0 0]
  [0 0 0 ... 0 0 0]
  [0 0 0 ... 0 0 0]
  ...
  [0 0 0 ... 0 0 0]
  [0 0 0 ... 0 0 0]
  [0 0 0 ... 0 0 0]]

 [[0 0 0 ... 0 0 0]
  [0 0 0 ... 0 0 0]
  [0 0 0 ... 0 0 0]
  ...
  [0 0 0 ... 0 0 0]
  [0 0 0 ... 0 0 0]
  [0 0 0 ... 0 0 0]]

 [[0 0 0 ... 0 0 0]
  [0 0 0 ... 0 0 0]
  [0 0 0 ... 0 0 0]
  ...
  [0 0 0 ... 0 0 0]
  [0 0 0 ... 0 0 0]
  [0 0 0 ... 0 0 0]]

 ...

 [[0 0 0 ... 0 0 0]
  [0 0 0 ... 0 0 0]
  [0 0 0 ... 0 0 0]
  ...
  [0 0 0 ... 0 0 0]
  [0 0 0 ... 0 0 0]
  [0 0 0 ... 0 0 0]]

 [[0 0 0 ... 0 0 0]
  [0 0 0 ... 0 0 0]
  [0 0 0 ... 0 0 0]
  ...
  [0 0 0 ... 0 0 0]
  [0 0 0 ... 0 0 0]
  [0 0 0 ... 0 0 0]]

 [[0 0 0 ... 0 0 0]
  [0 0 0 ... 0 0 0]
  [0 0 0 ... 0 0 0]
  ...
  [0 0 0 ... 0 0 0]
  [0 0 0 ... 0 0 0]
  [0 0 0 ... 0 0 0]]]","[48, 49, 50, 51, 52]","[211, 212, 213, 214, 215, 216, 217, 218, 219, 220, 221, 222, 223, 224, 225, 226, 227, 228]","[387, 388, 389, 390, 391, 392, 393, 394, 395, 396, 397, 398, 399, 400]",5,18,14,/media/bendico765/Crucial X9/Materiali Tesista/Roi masks/AMBL-565/ROI 0.npy,/media/bendico765/Crucial X9/Materiali Tesista/Cleaned Roi masks/AMBL-565/ROI 0.npy,0.6445,2.0,/media/bendico765/Crucial X9/MRI Lesions/manifest-1728494830954/Advanced-MRI-Breast-Lesions/AMBL-565/10-21-2005-NA-MRI BREASTS - Delayed contrast-17253/500.000000-Registered AX Sen Vibrant MultiPhase-06627,0.889879143768487,0.6574157775365684,6.995577574352497,10.641024772125082,12.258099781369053,13.05133495087763,11.88399280545053,13.566314615620557,453.9413832083325,9.469226013037927,0.7121552670268978,401.09072409071206,0.8835738245672017,472.70272449999993,191.8,514.2,4.251822146608591,192.0,2.3696985796477086,660.0,102.46330472169285,334.66608084358523,313.0,79.0,581.0,75.11836734693878,356.6880827848093,0.3066880929595262,60140260.42530749,0.059404931415457704,15225.00273349786,127.60293699123358,12375.55797869985,232.66487673953745,68.61524296989526,20.63654064803134,0.533474126321327,3.4264506306716194,3.2182171928499637,8.13387598072441,0.36310888342927183,0.2786047146222331,0.9679487486950542,0.8845239342967024,-0.17751135952940358,0.8638285047730337,0.2756272788815843,10.751145909873575,0.007140520902407166,7.589738780911076,0.5797962460023592,0.022929662614363435,21.50229181974715,4.9501371541135155,22.312945904481655,6.582502660252762,96.103690685413,0.1688992806422021,4.174004898675257,24.393098612865664,143.08435852372583,14.9402460456942,1752.0509666080843,0.39672144012062427,0.03192879741167937,0.28841773746535654,50.22533953301752,0.0074369119937553315,30.06484488269444,0.05791569795559284,24.87703007156708,145.4169848294049,1.329666413759507,184.5605188960455,0.04201056955818554,0.03198589754226302,4.663820532560041,439.72396958568356,0.8427981123982989,0.9122617277274572,0.11587250886837373,0.9330070620557257,137.3535048409295,0.029807795797396064,10.858585858585858,0.0548413427201306,27.156616671768187,172.85858585858585,31.62121212121212,3376.479797979798,0.6304454177585997,0.03183452243482748,67.07070707070707,0.33874094480155087,0.6017273687214076,111.59304225894839,0.01419619547251056,5.880520589737735,0.34797891036906853,23.362845627997142,0.33425515649216403,0.015403409182833214,476.1714450132947,0.19682514942886742,2.836704070688435
66,AMBL-565,1,0.0,-1,-1,-1,-1,,-1.0,-1.0,-1.0,-1,/media/bendico765/Crucial X9/MRI Lesions/manifest-1728494830954/Advanced-MRI-Breast-Lesions/AMBL-565/10-21-2005-NA-MRI BREASTS - Delayed contrast-17253/600.000000-Registered Ax T2 FSE-51636,/media/bendico765/Crucial X9/MRI Lesions/manifest-1728494830954/Advanced-MRI-Breast-Lesions/AMBL-565/10-21-2005-NA-MRI BREASTS - Delayed contrast-17253/500.000000-ROI-14996/1-1.dcm,-61.63,L,"[[[0 0 0 ... 0 0 0]
  [0 0 0 ... 0 0 0]
  [0 0 0 ... 0 0 0]
  ...
  [0 0 0 ... 0 0 0]
  [0 0 0 ... 0 0 0]
  [0 0 0 ... 0 0 0]]

 [[0 0 0 ... 0 0 0]
  [0 0 0 ... 0 0 0]
  [0 0 0 ... 0 0 0]
  ...
  [0 0 0 ... 0 0 0]
  [0 0 0 ... 0 0 0]
  [0 0 0 ... 0 0 0]]

 [[0 0 0 ... 0 0 0]
  [0 0 0 ... 0 0 0]
  [0 0 0 ... 0 0 0]
  ...
  [0 0 0 ... 0 0 0]
  [0 0 0 ... 0 0 0]
  [0 0 0 ... 0 0 0]]

 ...

 [[0 0 0 ... 0 0 0]
  [0 0 0 ... 0 0 0]
  [0 0 0 ... 0 0 0]
  ...
  [0 0 0 ... 0 0 0]
  [0 0 0 ... 0 0 0]
  [0 0 0 ... 0 0 0]]

 [[0 0 0 ... 0 0 0]
  [0 0 0 ... 0 0 0]
  [0 0 0 ... 0 0 0]
  ...
  [0 0 0 ... 0 0 0]
  [0 0 0 ... 0 0 0]
  [0 0 0 ... 0 0 0]]

 [[0 0 0 ... 0 0 0]
  [0 0 0 ... 0 0 0]
  [0 0 0 ... 0 0 0]
  ...
  [0 0 0 ... 0 0 0]
  [0 0 0 ... 0 0 0]
  [0 0 0 ... 0 0 0]]]","[80, 81, 82]","[177, 178, 179, 180, 181, 182, 183, 184, 185, 186, 187, 188, 189, 190, 191, 192, 193, 194, 195, 196, 197, 198, 199, 200, 201, 202, 203]","[154, 155, 156, 157, 158, 159, 160, 161, 162, 163, 164, 165, 166, 167, 168, 169, 170, 171, 172, 173, 174, 175, 176]",3,27,23,/media/bendico765/Crucial X9/Materiali Tesista/Roi masks/AMBL-565/ROI 1.npy,/media/bendico765/Crucial X9/Materiali Tesista/Cleaned Roi masks/AMBL-565/ROI 1.npy,0.6445,2.0,/media/bendico765/Crucial X9/MRI Lesions/manifest-1728494830954/Advanced-MRI-Breast-Lesions/AMBL-565/10-21-2005-NA-MRI BREASTS - Delayed contrast-17253/500.000000-Registered AX Sen Vibrant MultiPhase-06627,0.7302815407310541,0.3763173429928059,6.407305928006249,17.026337072455195,14.804819831730475,17.516055556260373,18.466921379861883,18.596018888461046,699.2926508749994,12.434019670278845,0.4595602894078037,829.0504123132658,1.1855557344638261,734.3922819999999,130.0,245.0,2.9745325433710645,52.0,7.1292731499032795,452.0,37.248469523556025,185.05429864253395,179.0,35.0,417.0,22.53569957885816,192.45219774346458,1.1695615319855528,27200310.018809,0.16676562723940955,2792.7549702094543,47.38849113222604,812.4812089486985,39.33361827064254,11.267689284834821,5.655844844615479,0.3214896420463926,1.4896359531611272,2.251846488132084,3.323906444245268,0.5647538719550773,0.519783709924943,0.9849474725034786,0.930354798671703,-0.15371160707474435,0.7411007897484385,0.43204804596911206,6.7810981370709795,0.040731447560347786,5.3954295012994375,0.6241929687289939,0.09851570728112022,13.56219627414196,3.6239223236561933,4.230883532362577,6.24523951884917,80.98868778280543,0.09161616265023238,11.80169836817428,4.51896971806474,52.44796380090498,44.38461538461539,1920.262443438914,1.2681892714922407,0.03113009266043359,0.13374157174615176,9.701683496357154,0.004620027797424195,113.35354840581712,0.1562319175223411,5.001350861387276,54.15494453870677,1.9279399338742447,95.70215602911551,0.058509246593321615,0.031610663941647556,3.813246309512359,520.7894641526891,0.7054773698772563,0.818917507831535,0.35891722682111343,0.8600981082255703,47.70230128941852,0.02752610311652289,13.353846153846154,0.10272189349112426,11.391775147928993,75.02307692307693,528.5846153846154,22928.138461538463,13.441746990182821,0.03885610473306463,36.06153846153846,0.277396449704142,0.5395471376481692,45.06544138226942,0.019159110233584915,5.5756984570795485,0.14705882352941177,482.3446153846154,0.6238517780638194,0.009801638362246104,145.06835165058982,0.03009720335161956,1.5216870280529773
67,AMBL-567,0,1.0,2,-1,-1,-1,,-1,-1,-1.0,-1,/media/bendico765/Crucial X9/MRI Lesions/manifest-1728494830954/Advanced-MRI-Breast-Lesions/AMBL-567/11-09-2005-NA-MRI BREASTS - Delayed contrast-75323/600.000000-Registered Ax T2 FSE-08667,/media/bendico765/Crucial X9/MRI Lesions/manifest-1728494830954/Advanced-MRI-Breast-Lesions/AMBL-567/11-09-2005-NA-MRI BREASTS - Delayed contrast-75323/500.000000-ROI-54461/1-1.dcm,6.76,R,"[[[0 0 0 ... 0 0 0]
  [0 0 0 ... 0 0 0]
  [0 0 0 ... 0 0 0]
  ...
  [0 0 0 ... 0 0 0]
  [0 0 0 ... 0 0 0]
  [0 0 0 ... 0 0 0]]

 [[0 0 0 ... 0 0 0]
  [0 0 0 ... 0 0 0]
  [0 0 0 ... 0 0 0]
  ...
  [0 0 0 ... 0 0 0]
  [0 0 0 ... 0 0 0]
  [0 0 0 ... 0 0 0]]

 [[0 0 0 ... 0 0 0]
  [0 0 0 ... 0 0 0]
  [0 0 0 ... 0 0 0]
  ...
  [0 0 0 ... 0 0 0]
  [0 0 0 ... 0 0 0]
  [0 0 0 ... 0 0 0]]

 ...

 [[0 0 0 ... 0 0 0]
  [0 0 0 ... 0 0 0]
  [0 0 0 ... 0 0 0]
  ...
  [0 0 0 ... 0 0 0]
  [0 0 0 ... 0 0 0]
  [0 0 0 ... 0 0 0]]

 [[0 0 0 ... 0 0 0]
  [0 0 0 ... 0 0 0]
  [0 0 0 ... 0 0 0]
  ...
  [0 0 0 ... 0 0 0]
  [0 0 0 ... 0 0 0]
  [0 0 0 ... 0 0 0]]

 [[0 0 0 ... 0 0 0]
  [0 0 0 ... 0 0 0]
  [0 0 0 ... 0 0 0]
  ...
  [0 0 0 ... 0 0 0]
  [0 0 0 ... 0 0 0]
  [0 0 0 ... 0 0 0]]]","[52, 53, 54, 55, 56, 57, 58, 59, 60, 61]","[143, 144, 145, 146, 147, 148, 149, 150, 151, 152, 153, 154, 155, 156, 157, 158, 159, 160, 161, 162, 163, 164, 165, 166, 167, 168, 169, 170, 171, 172, 173, 174, 175, 176, 177, 178, 179, 180, 181, 182, 183, 184, 185]","[349, 350, 351, 352, 353, 354, 355, 356, 357, 358, 359, 360, 361, 362, 363, 364, 365, 366, 367, 368, 369, 370, 371, 372, 373, 374, 375, 376, 377, 378, 379, 380, 381, 382]",10,43,34,/media/bendico765/Crucial X9/Materiali Tesista/Roi masks/AMBL-567/ROI 0.npy,/media/bendico765/Crucial X9/Materiali Tesista/Cleaned Roi masks/AMBL-567/ROI 0.npy,0.6641,2.2,/media/bendico765/Crucial X9/MRI Lesions/manifest-1728494830954/Advanced-MRI-Breast-Lesions/AMBL-567/11-09-2005-NA-MRI BREASTS - Delayed contrast-75323/500.000000-Registered AX Sen Vibrant MultiPhase-43852,0.8464964456159955,0.7649180902052696,17.501007482988516,22.879583718946996,26.271190980996654,27.621463198208744,32.60183172921423,33.231383108892715,4492.157748096325,19.367486295262232,0.4228145442341621,3113.8967311721194,0.6931850807090909,4575.762109512001,90.0,273.0,3.482922474311585,98.0,2.693953479213929,394.0,56.1750594047226,175.50169635284138,169.0,0.0,394.0,40.365930297458554,188.68785902249684,0.39082068470019804,162911353.21928057,0.10174187308144148,4802.262719768696,58.42296371488058,1323.7834912555204,45.21642317306139,21.744502577269657,6.653151933276489,0.5298423101515918,1.9565945296071805,2.5192854541840637,2.629876870119328,0.4659721051326348,0.3958219215123081,0.9761118967732167,0.8982399943996064,-0.09780984716704669,0.6360636611434205,0.3839077817255382,7.392480965728708,0.015144194248123983,6.50811917002936,0.5436157164476636,0.03231948514834803,14.784961931457415,4.21109707768173,7.099413627636538,6.643324076292202,558.4787955894826,0.11842213646935594,7.430650247007102,7.734556750484338,64.70568278201866,29.446564885496183,1529.8982188295165,0.8709480752674675,0.030317991528044506,0.15339481448991396,12.282023502279973,0.005312688507063322,400.296120601428,0.09892326381777974,8.03482545567623,66.19378954330688,1.6132882201813448,99.76999357216052,0.048523407427183265,0.030463973724303747,4.172507586290764,3105.329585350662,0.7624035242291577,0.8579956938735566,0.23480822732694565,0.8938790031539436,60.11875371207332,0.027335376603176174,56.989333333333335,0.07598577777777778,12.76982222222222,84.79333333333334,1127.28,51547.282666666666,29.480630044560694,0.03729798347378552,217.424,0.2898986666666667,0.5529212607485231,48.82897809900787,0.021101452851467487,6.135312493088245,0.15903307888040713,1087.7410559999998,4.895756437279178,0.0019466873905586554,127.73892107190834,0.08231961333047291,0.1588062624026909
68,AMBL-568,0,1.0,3,neg,neg,neg,1.0,0,0,0.0,60,/media/bendico765/Crucial X9/MRI Lesions/manifest-1728494830954/Advanced-MRI-Breast-Lesions/AMBL-568/11-10-2005-NA-MRI BREASTS - Delayed contrast-14994/600.000000-Registered Ax T2 FSE-30757,/media/bendico765/Crucial X9/MRI Lesions/manifest-1728494830954/Advanced-MRI-Breast-Lesions/AMBL-568/11-10-2005-NA-MRI BREASTS - Delayed contrast-14994/500.000000-ROI-65832/1-1.dcm,9.96,R,"[[[0 0 0 ... 0 0 0]
  [0 0 0 ... 0 0 0]
  [0 0 0 ... 0 0 0]
  ...
  [0 0 0 ... 0 0 0]
  [0 0 0 ... 0 0 0]
  [0 0 0 ... 0 0 0]]

 [[0 0 0 ... 0 0 0]
  [0 0 0 ... 0 0 0]
  [0 0 0 ... 0 0 0]
  ...
  [0 0 0 ... 0 0 0]
  [0 0 0 ... 0 0 0]
  [0 0 0 ... 0 0 0]]

 [[0 0 0 ... 0 0 0]
  [0 0 0 ... 0 0 0]
  [0 0 0 ... 0 0 0]
  ...
  [0 0 0 ... 0 0 0]
  [0 0 0 ... 0 0 0]
  [0 0 0 ... 0 0 0]]

 ...

 [[0 0 0 ... 0 0 0]
  [0 0 0 ... 0 0 0]
  [0 0 0 ... 0 0 0]
  ...
  [0 0 0 ... 0 0 0]
  [0 0 0 ... 0 0 0]
  [0 0 0 ... 0 0 0]]

 [[0 0 0 ... 0 0 0]
  [0 0 0 ... 0 0 0]
  [0 0 0 ... 0 0 0]
  ...
  [0 0 0 ... 0 0 0]
  [0 0 0 ... 0 0 0]
  [0 0 0 ... 0 0 0]]

 [[0 0 0 ... 0 0 0]
  [0 0 0 ... 0 0 0]
  [0 0 0 ... 0 0 0]
  ...
  [0 0 0 ... 0 0 0]
  [0 0 0 ... 0 0 0]
  [0 0 0 ... 0 0 0]]]","[58, 59, 60, 61]","[194, 195, 196, 197, 198, 199, 200, 201, 202, 203, 204, 205, 206, 207]","[346, 347, 348, 349, 350, 351, 352, 353, 354, 355]",4,14,10,/media/bendico765/Crucial X9/Materiali Tesista/Roi masks/AMBL-568/ROI 0.npy,/media/bendico765/Crucial X9/Materiali Tesista/Cleaned Roi masks/AMBL-568/ROI 0.npy,0.625,2.0,/media/bendico765/Crucial X9/MRI Lesions/manifest-1728494830954/Advanced-MRI-Breast-Lesions/AMBL-568/11-10-2005-NA-MRI BREASTS - Delayed contrast-14994/500.000000-Registered AX Sen Vibrant MultiPhase-64046,0.7136395332792749,0.5615712507457794,4.755647313430205,8.468466480637314,8.588691693150942,10.54825222489489,8.338540040078959,10.71360116860806,166.14583333333334,6.043432466833196,0.7898206282741957,185.04696012572464,1.113762267841352,173.4375,141.1,272.8,2.9553146104321537,51.5,5.586589386974535,440.0,40.09828747666585,194.45045045045046,183.0,94.0,346.0,23.019886363636363,202.3591045819466,1.4434915037535687,7102128.125,0.17437707978248518,3138.229526824121,27.01623039935669,779.6409406906865,52.90855607639639,10.855528438273048,4.518110562084839,0.3762133116894813,1.541657380343811,2.2527210772663975,2.061250952991908,0.5286407015850533,0.47351865353746414,0.9814820628965255,0.9132287697152593,-0.17154408823875086,0.7701882041168335,0.42577980356714284,5.041752895814046,0.04646396738482234,5.0763108641038475,0.7104260794939147,0.10971408019990461,10.083505791628088,3.392164227564138,3.8434097500894713,5.675248424256335,22.56756756756757,0.10165570976381787,10.372940508075644,5.2533276519763,33.07657657657658,37.207207207207205,806.7252252252252,2.116524037681526,0.06454025704452362,0.15518362289903248,8.440928937363442,0.008815351689736593,29.33169164022034,0.15679430847427006,5.858391358635436,35.045967317334146,1.741286123264908,52.213389105134056,0.10859308684404914,0.06558910496024392,3.6923906365176573,138.5010145271153,0.7322727691659084,0.8392238392238393,0.26981705160873076,0.8756619581317052,32.06391405714298,0.057960742642516175,3.9047619047619047,0.09297052154195011,10.771541950113377,58.11904761904762,172.38095238095238,3669.595238095238,9.356018213969742,0.06839279306692844,12.285714285714286,0.2925170068027211,0.51704830198783,32.06882335694064,0.02492247903818266,4.588164148711671,0.1891891891891892,144.4421768707483,0.39766047325136006,0.03391235517356159,92.34419196705461,0.06342019666802019,3.1885330863040102
69,AMBL-569,0,1.0,2,-1,-1,neg,,95,60,0.0,6 to 9,/media/bendico765/Crucial X9/MRI Lesions/manifest-1728494830954/Advanced-MRI-Breast-Lesions/AMBL-569/11-18-2005-NA-MRI BREASTS - Delayed contrast-71616/600.000000-Registered Ax T2 FSE-29760,/media/bendico765/Crucial X9/MRI Lesions/manifest-1728494830954/Advanced-MRI-Breast-Lesions/AMBL-569/11-18-2005-NA-MRI BREASTS - Delayed contrast-71616/500.000000-ROI-91131/1-1.dcm,-52.52,L,"[[[0 0 0 ... 0 0 0]
  [0 0 0 ... 0 0 0]
  [0 0 0 ... 0 0 0]
  ...
  [0 0 0 ... 0 0 0]
  [0 0 0 ... 0 0 0]
  [0 0 0 ... 0 0 0]]

 [[0 0 0 ... 0 0 0]
  [0 0 0 ... 0 0 0]
  [0 0 0 ... 0 0 0]
  ...
  [0 0 0 ... 0 0 0]
  [0 0 0 ... 0 0 0]
  [0 0 0 ... 0 0 0]]

 [[0 0 0 ... 0 0 0]
  [0 0 0 ... 0 0 0]
  [0 0 0 ... 0 0 0]
  ...
  [0 0 0 ... 0 0 0]
  [0 0 0 ... 0 0 0]
  [0 0 0 ... 0 0 0]]

 ...

 [[0 0 0 ... 0 0 0]
  [0 0 0 ... 0 0 0]
  [0 0 0 ... 0 0 0]
  ...
  [0 0 0 ... 0 0 0]
  [0 0 0 ... 0 0 0]
  [0 0 0 ... 0 0 0]]

 [[0 0 0 ... 0 0 0]
  [0 0 0 ... 0 0 0]
  [0 0 0 ... 0 0 0]
  ...
  [0 0 0 ... 0 0 0]
  [0 0 0 ... 0 0 0]
  [0 0 0 ... 0 0 0]]

 [[0 0 0 ... 0 0 0]
  [0 0 0 ... 0 0 0]
  [0 0 0 ... 0 0 0]
  ...
  [0 0 0 ... 0 0 0]
  [0 0 0 ... 0 0 0]
  [0 0 0 ... 0 0 0]]]","[76, 77, 78, 79, 80, 81, 82, 83, 84, 85, 86, 87, 88, 89, 90, 91, 92]","[117, 118, 119, 120, 121, 122, 127, 129, 130, 131, 132, 133, 134, 135, 136, 137, 138, 139, 140, 141, 142, 143, 144, 145, 146, 147, 148, 149, 150, 151, 152, 153, 154, 155, 156, 157, 158, 159, 160, 161, 162, 163, 164, 165, 166, 167, 168, 169, 170, 171, 172, 173, 174, 175, 176, 177, 178, 179, 180, 181, 182, 183, 184, 185, 186, 187, 188, 189, 190, 191, 192, 193, 194, 195, 196, 197, 198, 199, 200, 201, 202, 203, 204, 205, 206, 207, 208, 209, 210, 211, 212, 213, 214, 215, 216, 217, 218, 219, 221, 226, 227, 228, 229, 230, 231, 232, 233, 234, 235, 236, 237, 239, 240, 241, 245]","[103, 104, 105, 106, 107, 108, 109, 110, 111, 112, 113, 114, 115, 116, 117, 118, 119, 120, 121, 122, 123, 124, 125, 126, 127, 128, 129, 130, 131, 132, 133, 134, 135, 136, 137, 138, 139, 142, 143, 144, 145, 146, 147]",17,129,45,/media/bendico765/Crucial X9/Materiali Tesista/Roi masks/AMBL-569/ROI 0.npy,/media/bendico765/Crucial X9/Materiali Tesista/Cleaned Roi masks/AMBL-569/ROI 0.npy,0.7813,2.0,/media/bendico765/Crucial X9/MRI Lesions/manifest-1728494830954/Advanced-MRI-Breast-Lesions/AMBL-569/11-18-2005-NA-MRI BREASTS - Delayed contrast-71616/500.000000-Registered AX Sen Vibrant MultiPhase-20681,0.5963271722983848,0.3185915847995916,17.40804296590911,54.640623909949,34.953958567807454,86.15218655959929,100.25330341614684,101.00112856522941,8854.231784309102,32.5836887488394,0.27519948190680776,7520.910784642716,0.8494142651619747,9262.66011606,56.0,255.0,3.40955518773317,85.0,4.348430560280337,477.0,60.546130420273634,132.13892183998945,109.0,1.0,476.0,38.69838315536774,154.0088109578237,1.2950959491984337,219698384.80711317,0.12369001459959163,6258.019187607835,33.290390797004605,3504.7525848270534,187.9264598790178,25.152452151054767,5.85048078802287,0.614343752570834,1.6855227082973845,2.423258463204327,2.8955672368949403,0.5211742887381751,0.4659680529175324,0.98638366995883,0.9275486327395994,-0.11968682130357614,0.6886957475938135,0.417154167524414,5.334287513077209,0.02898646381881661,6.034570719170079,0.6244943069787117,0.07952848600048289,10.66857502615442,4.0600184395219605,7.750733234769409,6.726522307628751,685.7758007117437,0.09038826950200919,13.445207735603322,10.078989803252181,43.77619612495057,44.55740081718729,1023.717674970344,3.365458911071566,0.07130876314646593,0.15949950861465742,12.60318222171866,0.008586390750901361,696.6200323363317,0.11124312870265513,10.924332405621012,47.488103245371164,1.8319398192048089,69.0906199242596,0.13330988236423125,0.06995962004861402,4.270699569177006,4521.332101066499,0.717212633717431,0.823929596171589,0.3278763612634803,0.8696482145553037,43.785403455941065,0.0597113880463574,100.74324324324324,0.07563306549793036,14.000547281515749,85.55030030030031,2881.6914414414414,51034.13063063063,185.90735185242417,0.05214803215528986,448.8288288288288,0.33695858020182345,0.5985760943454353,54.474462276033165,0.02989170407914066,6.053357445358246,0.17556346381969157,2849.247641222303,8.054651629990865,0.0011125628120941483,240.83301694596065,0.0659355020087932,0.2772874821877946
70,AMBL-569,1,1.0,2,strong,strong,neg,,100.0,100.0,10.0,20,/media/bendico765/Crucial X9/MRI Lesions/manifest-1728494830954/Advanced-MRI-Breast-Lesions/AMBL-569/11-18-2005-NA-MRI BREASTS - Delayed contrast-71616/600.000000-Registered Ax T2 FSE-29760,/media/bendico765/Crucial X9/MRI Lesions/manifest-1728494830954/Advanced-MRI-Breast-Lesions/AMBL-569/11-18-2005-NA-MRI BREASTS - Delayed contrast-71616/500.000000-ROI-91131/1-1.dcm,-34.52,R,"[[[0 0 0 ... 0 0 0]
  [0 0 0 ... 0 0 0]
  [0 0 0 ... 0 0 0]
  ...
  [0 0 0 ... 0 0 0]
  [0 0 0 ... 0 0 0]
  [0 0 0 ... 0 0 0]]

 [[0 0 0 ... 0 0 0]
  [0 0 0 ... 0 0 0]
  [0 0 0 ... 0 0 0]
  ...
  [0 0 0 ... 0 0 0]
  [0 0 0 ... 0 0 0]
  [0 0 0 ... 0 0 0]]

 [[0 0 0 ... 0 0 0]
  [0 0 0 ... 0 0 0]
  [0 0 0 ... 0 0 0]
  ...
  [0 0 0 ... 0 0 0]
  [0 0 0 ... 0 0 0]
  [0 0 0 ... 0 0 0]]

 ...

 [[0 0 0 ... 0 0 0]
  [0 0 0 ... 0 0 0]
  [0 0 0 ... 0 0 0]
  ...
  [0 0 0 ... 0 0 0]
  [0 0 0 ... 0 0 0]
  [0 0 0 ... 0 0 0]]

 [[0 0 0 ... 0 0 0]
  [0 0 0 ... 0 0 0]
  [0 0 0 ... 0 0 0]
  ...
  [0 0 0 ... 0 0 0]
  [0 0 0 ... 0 0 0]
  [0 0 0 ... 0 0 0]]

 [[0 0 0 ... 0 0 0]
  [0 0 0 ... 0 0 0]
  [0 0 0 ... 0 0 0]
  ...
  [0 0 0 ... 0 0 0]
  [0 0 0 ... 0 0 0]
  [0 0 0 ... 0 0 0]]]","[68, 69, 70, 71, 72]","[122, 123, 124, 125, 126, 127, 128, 129, 130, 131, 132, 133, 135]","[329, 330, 331, 332, 333, 334, 335, 336, 337, 338, 339, 340, 341, 342]",5,14,14,/media/bendico765/Crucial X9/Materiali Tesista/Roi masks/AMBL-569/ROI 1.npy,/media/bendico765/Crucial X9/Materiali Tesista/Cleaned Roi masks/AMBL-569/ROI 1.npy,0.7813,2.0,/media/bendico765/Crucial X9/MRI Lesions/manifest-1728494830954/Advanced-MRI-Breast-Lesions/AMBL-569/11-18-2005-NA-MRI BREASTS - Delayed contrast-71616/500.000000-Registered AX Sen Vibrant MultiPhase-20681,0.7642623359916483,0.6087433902420443,6.278203069582491,10.313381911360379,12.690270643292049,10.121349651108789,11.375899712989735,13.208800936496848,250.9883408716665,7.882129351550295,0.6266641779809433,307.05649377572917,1.2233894718349925,268.58906360000003,82.0,264.1,3.376875563606415,126.25,2.009032563768099,314.0,62.06495867768595,185.68636363636364,205.0,21.0,293.0,49.32784321235914,199.01926585589192,-0.3995126667706946,10638455.09739766,0.10896694214876033,5129.242541322314,62.47095455452704,1121.3815251687925,-34.2074748031022,23.83865771954468,8.962931726553682,0.45608850921902344,2.282732460444344,2.6624992003748655,3.4465872823938395,0.43903265982655376,0.3645215793299835,0.9541392367793526,0.8632656661118864,-0.19198175567254958,0.8453066752415455,0.35198526451590606,7.66360236437021,0.019587563107412387,6.079708976057073,0.5775154581209672,0.056497667680377485,15.327204728740421,4.017846115845056,8.200397361524594,5.69998353377224,34.972727272727276,0.15896694214876034,5.171570247933884,8.376260330578514,71.86818181818182,19.2,1448.6318181818183,0.4911673003497751,0.034700188437246836,0.20778157112839568,14.688493392300847,0.0109383919720224,20.95714139234371,0.10645241243490634,8.401702971981926,71.56115964269178,1.4136686612384823,102.85100584464872,0.04658932525493414,0.035649825911378795,3.8433224761382996,161.398907094734,0.814041765379087,0.8944055944055945,0.1442699412236958,0.9185755740724224,65.6385659502769,0.033391253076096424,6.473684210526316,0.11357340720221606,8.718990458602647,72.43859649122807,45.333333333333336,3402.40350877193,1.1689696854800173,0.05008986445496938,14.228070175438596,0.24961526623576485,0.4842798180866619,34.52527728489694,0.031927147306986814,4.911322908673839,0.2590909090909091,30.436441982148352,0.32328418833790806,0.03165189795437646,93.15091511221456,0.15493685208692362,1.9096840520579172
71,AMBL-570,0,1.0,2,Moderate to strong,strong,neg,,90,90,0.0,10 to 20,/media/bendico765/Crucial X9/MRI Lesions/manifest-1728494830954/Advanced-MRI-Breast-Lesions/AMBL-570/11-23-2005-NA-MRI BREASTS - Delayed contrast-22275/600.000000-Registered Ax T2 FSE-20117,/media/bendico765/Crucial X9/MRI Lesions/manifest-1728494830954/Advanced-MRI-Breast-Lesions/AMBL-570/11-23-2005-NA-MRI BREASTS - Delayed contrast-22275/500.000000-ROI-40378/1-1.dcm,-40.15,L,"[[[0 0 0 ... 0 0 0]
  [0 0 0 ... 0 0 0]
  [0 0 0 ... 0 0 0]
  ...
  [0 0 0 ... 0 0 0]
  [0 0 0 ... 0 0 0]
  [0 0 0 ... 0 0 0]]

 [[0 0 0 ... 0 0 0]
  [0 0 0 ... 0 0 0]
  [0 0 0 ... 0 0 0]
  ...
  [0 0 0 ... 0 0 0]
  [0 0 0 ... 0 0 0]
  [0 0 0 ... 0 0 0]]

 [[0 0 0 ... 0 0 0]
  [0 0 0 ... 0 0 0]
  [0 0 0 ... 0 0 0]
  ...
  [0 0 0 ... 0 0 0]
  [0 0 0 ... 0 0 0]
  [0 0 0 ... 0 0 0]]

 ...

 [[0 0 0 ... 0 0 0]
  [0 0 0 ... 0 0 0]
  [0 0 0 ... 0 0 0]
  ...
  [0 0 0 ... 0 0 0]
  [0 0 0 ... 0 0 0]
  [0 0 0 ... 0 0 0]]

 [[0 0 0 ... 0 0 0]
  [0 0 0 ... 0 0 0]
  [0 0 0 ... 0 0 0]
  ...
  [0 0 0 ... 0 0 0]
  [0 0 0 ... 0 0 0]
  [0 0 0 ... 0 0 0]]

 [[0 0 0 ... 0 0 0]
  [0 0 0 ... 0 0 0]
  [0 0 0 ... 0 0 0]
  ...
  [0 0 0 ... 0 0 0]
  [0 0 0 ... 0 0 0]
  [0 0 0 ... 0 0 0]]]","[70, 71, 72, 73, 74]","[101, 102, 103, 104, 105, 106, 107, 108, 109, 110, 111, 112, 113, 114, 115, 116, 117, 118]","[139, 140, 141, 142, 143, 144, 145, 146, 147, 148, 149, 150, 151, 152, 153]",5,18,15,/media/bendico765/Crucial X9/Materiali Tesista/Roi masks/AMBL-570/ROI 0.npy,/media/bendico765/Crucial X9/Materiali Tesista/Cleaned Roi masks/AMBL-570/ROI 0.npy,0.7031,2.2,/media/bendico765/Crucial X9/MRI Lesions/manifest-1728494830954/Advanced-MRI-Breast-Lesions/AMBL-570/11-23-2005-NA-MRI BREASTS - Delayed contrast-22275/500.000000-Registered AX Sen Vibrant MultiPhase-73793,0.768887846855012,0.5071714419727295,7.44358033391563,14.676655106925109,13.446795261697117,14.28262931536067,12.964523415845257,16.289569856813287,316.75451260749986,11.284701744197262,0.44561425055822956,504.2821479715439,1.5920282992034758,348.02212543999997,45.0,174.0,2.933340170565883,56.5,3.438032762416195,256.0,38.4969921875,103.08125,94.5,8.0,248.0,25.762913492643225,114.52734389655599,0.7946014481363309,4564836.558610328,0.16234375,2490.7683984375,22.18557168917819,392.7298493126531,23.34137755679671,10.62253307184702,4.523646630110146,0.4083782898826991,1.595260710141258,2.2624005775953506,1.8300160160666539,0.5154737134438275,0.45482363115082247,0.9667130832451597,0.8833683977843503,-0.14607711634495926,0.7396184198300078,0.4056169251627582,4.54393466921724,0.036369398496748806,5.352838318748974,0.5411873171262043,0.10678903519822065,9.087869338434482,3.576832336352727,3.786544925489293,5.69135855071045,41.5375,0.1298046875,7.4896484375,4.089052734375,25.740625,25.2875,477.259375,2.1827722903289817,0.09610692679490875,0.20553141702049516,7.460220195535122,0.017690898455116785,43.03180927603327,0.15324270526993874,4.305560040878397,26.54097211573439,1.5284323377325484,37.026720050853285,0.1445043861258175,0.09670694347883223,3.5241036551008524,223.3384117009437,0.7882841105881002,0.8762019230769232,0.19396683123400033,0.9051814939228948,24.54172739314896,0.08784087190430648,9.602409638554217,0.11569168239221948,6.08099869356946,36.13253012048193,44.28915662650602,826.3975903614457,3.711609662806821,0.09245120559573175,21.19277108433735,0.25533459137755843,0.5158960859289532,22.072017594802116,0.038167327476835114,5.023075583050951,0.259375,29.424880243867037,1.0332784186034647,0.022698173373310152,50.84873157186516,0.08131567797660058,0.9996337481357237
72,AMBL-570,1,0.0,-1,-1,-1,-1,,-1.0,-1.0,-1.0,-1,/media/bendico765/Crucial X9/MRI Lesions/manifest-1728494830954/Advanced-MRI-Breast-Lesions/AMBL-570/11-23-2005-NA-MRI BREASTS - Delayed contrast-22275/600.000000-Registered Ax T2 FSE-20117,/media/bendico765/Crucial X9/MRI Lesions/manifest-1728494830954/Advanced-MRI-Breast-Lesions/AMBL-570/11-23-2005-NA-MRI BREASTS - Delayed contrast-22275/500.000000-ROI-40378/1-1.dcm,-13.75,R,"[[[0 0 0 ... 0 0 0]
  [0 0 0 ... 0 0 0]
  [0 0 0 ... 0 0 0]
  ...
  [0 0 0 ... 0 0 0]
  [0 0 0 ... 0 0 0]
  [0 0 0 ... 0 0 0]]

 [[0 0 0 ... 0 0 0]
  [0 0 0 ... 0 0 0]
  [0 0 0 ... 0 0 0]
  ...
  [0 0 0 ... 0 0 0]
  [0 0 0 ... 0 0 0]
  [0 0 0 ... 0 0 0]]

 [[0 0 0 ... 0 0 0]
  [0 0 0 ... 0 0 0]
  [0 0 0 ... 0 0 0]
  ...
  [0 0 0 ... 0 0 0]
  [0 0 0 ... 0 0 0]
  [0 0 0 ... 0 0 0]]

 ...

 [[0 0 0 ... 0 0 0]
  [0 0 0 ... 0 0 0]
  [0 0 0 ... 0 0 0]
  ...
  [0 0 0 ... 0 0 0]
  [0 0 0 ... 0 0 0]
  [0 0 0 ... 0 0 0]]

 [[0 0 0 ... 0 0 0]
  [0 0 0 ... 0 0 0]
  [0 0 0 ... 0 0 0]
  ...
  [0 0 0 ... 0 0 0]
  [0 0 0 ... 0 0 0]
  [0 0 0 ... 0 0 0]]

 [[0 0 0 ... 0 0 0]
  [0 0 0 ... 0 0 0]
  [0 0 0 ... 0 0 0]
  ...
  [0 0 0 ... 0 0 0]
  [0 0 0 ... 0 0 0]
  [0 0 0 ... 0 0 0]]]","[57, 58, 59, 60]","[155, 157, 158, 159, 160, 161, 162, 163, 164, 165, 166, 167]","[351, 353, 354, 355, 356, 357, 358, 359, 360]",4,13,10,/media/bendico765/Crucial X9/Materiali Tesista/Roi masks/AMBL-570/ROI 1.npy,/media/bendico765/Crucial X9/Materiali Tesista/Cleaned Roi masks/AMBL-570/ROI 1.npy,0.7031,2.2,/media/bendico765/Crucial X9/MRI Lesions/manifest-1728494830954/Advanced-MRI-Breast-Lesions/AMBL-570/11-23-2005-NA-MRI BREASTS - Delayed contrast-22275/500.000000-Registered AX Sen Vibrant MultiPhase-73793,0.8242049806542439,0.4816332671067083,4.35960700806617,9.051714874795552,9.238484386521417,11.715643508147556,8.696866696115332,11.736722388299043,182.75693123691602,7.4604684832686,0.7306063799909975,213.1653289997859,1.1663871107763903,194.674876418,89.0,223.40000000000003,3.086474008663371,74.0,2.7734251867147117,303.0,41.56611841078618,153.11173184357543,152.0,43.0,260.0,29.598572530864203,161.60516405820493,0.2678059365834264,5084173.6628673095,0.1367310633251147,2673.026622140382,35.221539573354455,290.93845146191666,5.609080367181222,9.908064792078791,5.769689474194407,0.25934977492020467,1.8765165032858273,2.3649036712547957,2.0820901611842126,0.46146376186475613,0.3906224227412779,0.9641454128726971,0.8741705285485022,-0.15430826020288518,0.7704908580224811,0.4044571167074376,5.846220355660942,0.02794802807714464,5.52523246777084,0.49630321670749245,0.061937257717554456,11.692440711321886,3.582191845509261,3.919438566568299,5.351953608468866,27.089385474860336,0.15133734902156612,5.053962111045224,4.4051683780156665,36.36871508379888,19.022346368715084,709.6648044692737,0.7299937197964961,0.06381527129356582,0.22634405613883657,8.556192141142366,0.024191172822502483,21.32565258707787,0.13310611532913277,4.622193938409542,36.397791022525475,1.4017086196860558,50.97096802682346,0.0831100006495431,0.06640772490719025,3.567848802717902,130.9002301665965,0.8115777675516298,0.8947142243231627,0.13658275006775544,0.9172796489226502,33.42204170403726,0.06277477443241454,5.36,0.1072,7.8864,38.8,39.14,1438.04,1.4600370073649296,0.10520135312619079,14.52,0.2904,0.5471386868959511,20.839906189404278,0.07113122393890745,4.833269689515097,0.27932960893854747,26.323600000000003,0.39982900933438154,0.040449166752496005,70.50857802898818,0.08674137837030538,1.7578165332721727
73,AMBL-571,0,1.0,3,neg,neg,neg,1.0,0,0,0.0,30 to 40,/media/bendico765/Crucial X9/MRI Lesions/manifest-1728494830954/Advanced-MRI-Breast-Lesions/AMBL-571/11-24-2005-NA-MRI BREASTS - Delayed contrast-46377/700.000000-Registered Ax T2 FSE-04965,/media/bendico765/Crucial X9/MRI Lesions/manifest-1728494830954/Advanced-MRI-Breast-Lesions/AMBL-571/11-24-2005-NA-MRI BREASTS - Delayed contrast-46377/600.000000-ROI-73182/1-1.dcm,-6.66,L,"[[[0 0 0 ... 0 0 0]
  [0 0 0 ... 0 0 0]
  [0 0 0 ... 0 0 0]
  ...
  [0 0 0 ... 0 0 0]
  [0 0 0 ... 0 0 0]
  [0 0 0 ... 0 0 0]]

 [[0 0 0 ... 0 0 0]
  [0 0 0 ... 0 0 0]
  [0 0 0 ... 0 0 0]
  ...
  [0 0 0 ... 0 0 0]
  [0 0 0 ... 0 0 0]
  [0 0 0 ... 0 0 0]]

 [[0 0 0 ... 0 0 0]
  [0 0 0 ... 0 0 0]
  [0 0 0 ... 0 0 0]
  ...
  [0 0 0 ... 0 0 0]
  [0 0 0 ... 0 0 0]
  [0 0 0 ... 0 0 0]]

 ...

 [[0 0 0 ... 0 0 0]
  [0 0 0 ... 0 0 0]
  [0 0 0 ... 0 0 0]
  ...
  [0 0 0 ... 0 0 0]
  [0 0 0 ... 0 0 0]
  [0 0 0 ... 0 0 0]]

 [[0 0 0 ... 0 0 0]
  [0 0 0 ... 0 0 0]
  [0 0 0 ... 0 0 0]
  ...
  [0 0 0 ... 0 0 0]
  [0 0 0 ... 0 0 0]
  [0 0 0 ... 0 0 0]]

 [[0 0 0 ... 0 0 0]
  [0 0 0 ... 0 0 0]
  [0 0 0 ... 0 0 0]
  ...
  [0 0 0 ... 0 0 0]
  [0 0 0 ... 0 0 0]
  [0 0 0 ... 0 0 0]]]","[50, 51, 52, 53, 54, 55, 56, 57, 58, 59]","[164, 165, 166, 167, 168, 169, 170, 171, 172, 173, 174, 175, 176, 177, 178, 179, 180, 181, 182, 183, 184, 185, 186, 187, 188, 189, 190, 191, 192, 193, 194, 195, 196, 197, 198, 199, 200, 201, 202, 203, 204, 205, 206, 207, 208, 209, 210, 211, 212, 213, 214, 215, 216, 217, 218, 219]","[139, 140, 141, 142, 143, 144, 145, 146, 147, 148, 149, 150, 151, 152, 153, 154, 155, 156, 157, 158, 159, 160, 161, 162, 163, 164, 165, 166, 167, 168, 169, 170, 171, 172, 173, 174, 175, 176, 177, 178, 179, 180, 182]",10,56,44,/media/bendico765/Crucial X9/Materiali Tesista/Roi masks/AMBL-571/ROI 0.npy,/media/bendico765/Crucial X9/Materiali Tesista/Cleaned Roi masks/AMBL-571/ROI 0.npy,0.6641,2.0,/media/bendico765/Crucial X9/MRI Lesions/manifest-1728494830954/Advanced-MRI-Breast-Lesions/AMBL-571/11-24-2005-NA-MRI BREASTS - Delayed contrast-46377/600.000000-Registered AX Sen Vibrant MultiPhase-67422,0.903556934870447,0.7636021855771563,20.248400361102625,26.516949196260096,29.179826416378834,35.447734797021944,36.74219900074028,38.40953256679909,7685.845824270531,23.959573337888134,0.45883169796839307,4104.7983176434645,0.534072425012904,7774.455862680001,125.0,311.0,3.378097283339037,89.0,3.7216482450470156,558.0,56.37869230362468,199.8438847288405,183.0,36.0,522.0,38.556068528394725,212.2863148309102,1.0229703188674626,350359581.0271764,0.11791825709547117,5127.901200974232,56.41418941903829,2180.2908492181514,119.65754262159271,23.33215799918217,5.46992740713243,0.615835468961429,1.6534714323475066,2.3846172295531627,2.579924986307496,0.5230418241445277,0.4670868605149912,0.9892850943820785,0.9342377990824952,-0.13294718802301347,0.7062428764498071,0.4120971580608478,7.207088065449238,0.024972606555902173,6.105422558161233,0.6235271054511835,0.06894498784957198,14.414176130898474,4.123588708889552,7.200521351578648,6.820443401852127,747.2704787837531,0.08478221905874213,13.960418911905988,8.274441578055498,64.64533696392104,52.337417744497394,2188.8016791468117,1.7064152688662544,0.026469973458502077,0.11142930391266134,11.444270735775232,0.002140398930607983,772.1119449437524,0.10924148926044655,8.801994830595403,69.04005851486212,2.050730295055599,117.28973311044425,0.05825921431126671,0.02536898055207326,4.306751395430007,4912.837039441865,0.6863086341054692,0.8001954931839208,0.42670073834819494,0.8509345580398213,61.48147368449498,0.02092484511175357,81.32032854209446,0.0834910970658054,11.946067993709127,115.63449691991786,5943.402464065708,207740.53593429158,189.91572110980042,0.01802967503243159,280.24024640657086,0.2877209922038715,0.5523773078676019,66.485545985544,0.009243303073968371,6.264978319068888,0.11050601316088042,5861.5129717627515,5.341461896240038,0.0010706546377085117,230.74996646093825,0.04366341249842273,0.2514151194957225
74,AMBL-573,0,0.0,-1,-1,-1,-1,,-1,-1,-1.0,-1,/media/bendico765/Crucial X9/MRI Lesions/manifest-1728494830954/Advanced-MRI-Breast-Lesions/AMBL-573/11-26-2005-NA-MRI BREASTS - Delayed contrast-61733/600.000000-Registered Ax T2 FSE-70959,/media/bendico765/Crucial X9/MRI Lesions/manifest-1728494830954/Advanced-MRI-Breast-Lesions/AMBL-573/11-26-2005-NA-MRI BREASTS - Delayed contrast-61733/500.000000-ROI-28902/1-1.dcm,-15.7,R,"[[[0 0 0 ... 0 0 0]
  [0 0 0 ... 0 0 0]
  [0 0 0 ... 0 0 0]
  ...
  [0 0 0 ... 0 0 0]
  [0 0 0 ... 0 0 0]
  [0 0 0 ... 0 0 0]]

 [[0 0 0 ... 0 0 0]
  [0 0 0 ... 0 0 0]
  [0 0 0 ... 0 0 0]
  ...
  [0 0 0 ... 0 0 0]
  [0 0 0 ... 0 0 0]
  [0 0 0 ... 0 0 0]]

 [[0 0 0 ... 0 0 0]
  [0 0 0 ... 0 0 0]
  [0 0 0 ... 0 0 0]
  ...
  [0 0 0 ... 0 0 0]
  [0 0 0 ... 0 0 0]
  [0 0 0 ... 0 0 0]]

 ...

 [[0 0 0 ... 0 0 0]
  [0 0 0 ... 0 0 0]
  [0 0 0 ... 0 0 0]
  ...
  [0 0 0 ... 0 0 0]
  [0 0 0 ... 0 0 0]
  [0 0 0 ... 0 0 0]]

 [[0 0 0 ... 0 0 0]
  [0 0 0 ... 0 0 0]
  [0 0 0 ... 0 0 0]
  ...
  [0 0 0 ... 0 0 0]
  [0 0 0 ... 0 0 0]
  [0 0 0 ... 0 0 0]]

 [[0 0 0 ... 0 0 0]
  [0 0 0 ... 0 0 0]
  [0 0 0 ... 0 0 0]
  ...
  [0 0 0 ... 0 0 0]
  [0 0 0 ... 0 0 0]
  [0 0 0 ... 0 0 0]]]","[64, 65, 66, 67]","[158, 159, 160, 161, 162, 163, 164, 165, 166, 167, 168]","[385, 386, 387, 388, 389, 390, 391, 392]",4,11,8,/media/bendico765/Crucial X9/Materiali Tesista/Roi masks/AMBL-573/ROI 0.npy,/media/bendico765/Crucial X9/Materiali Tesista/Cleaned Roi masks/AMBL-573/ROI 0.npy,0.6445,2.0,/media/bendico765/Crucial X9/MRI Lesions/manifest-1728494830954/Advanced-MRI-Breast-Lesions/AMBL-573/11-26-2005-NA-MRI BREASTS - Delayed contrast-61733/500.000000-Registered AX Sen Vibrant MultiPhase-45697,0.9016722104099197,0.5618109778411773,3.8047856140961622,6.7723589679868565,8.6246452825609,8.885588838113094,7.348430614763943,9.274435467994804,83.2145100833332,6.1064478803541515,0.6558711885016447,140.53945926248198,1.6888816520309027,90.5528945,86.6,256.40000000000003,3.2318665911666082,79.0,2.9563468901510155,331.0,51.69093510647253,158.954128440367,148.0,56.0,275.0,35.555291319857304,171.67774377135208,0.7461848371874502,2668887.8901319997,0.12078107903375139,4206.832758185337,23.329615965725363,628.9076865536258,32.419978823933285,13.761594182058817,9.609723340862201,0.17966896771668564,2.4527407060091004,2.611882562642463,3.19719694713561,0.3995547496661189,0.3152496069648151,0.9436347409215329,0.8434722841716209,-0.22853475346638913,0.8690559876795135,0.34351969012725336,4.716927283717448,0.025192793974531533,5.573963002123056,0.6367509857747113,0.05690327171426789,9.433854567434896,3.628813037997382,5.842829380730255,4.954240605776371,24.137614678899084,0.22144600622843194,1.5486911876104705,6.66677889066577,30.577981651376145,9.073394495412844,199.25688073394497,1.1333925975178856,0.13294579188431704,0.29180173292558614,13.712013251783894,0.03931132607879674,12.142567561094122,0.11935166157668914,6.824977107611348,31.250062498011662,1.2425173090946773,36.40979875182195,0.16454974167216857,0.13312494877459316,3.523553157721651,89.7221472552632,0.8771071767777328,0.9329569513055751,0.08056262605458445,0.9477990037217735,30.084676988466526,0.12623404383596176,3.6842105263157894,0.09695290858725762,9.640581717451523,44.078947368421055,16.763157894736842,361.9736842105263,1.856210244067743,0.15163574979635017,11.526315789473685,0.3033240997229917,0.560770599155197,31.890561432167154,0.08041635735960326,4.556752184325409,0.3486238532110092,8.535318559556787,0.4278224232328667,0.05704850080197648,91.22909758657241,0.16569122149137347,2.842483989545807
75,AMBL-575,0,1.0,2 to3,Moderate to strong,neg,-1,,95,0,-1.0,-1,/media/bendico765/Crucial X9/MRI Lesions/manifest-1728494830954/Advanced-MRI-Breast-Lesions/AMBL-575/12-07-2005-NA-MRI BREASTS - Delayed contrast-99773/600.000000-Registered Ax T2 FSE-63524,/media/bendico765/Crucial X9/MRI Lesions/manifest-1728494830954/Advanced-MRI-Breast-Lesions/AMBL-575/12-07-2005-NA-MRI BREASTS - Delayed contrast-99773/500.000000-ROI-33765/1-1.dcm,-14.9,R,"[[[0 0 0 ... 0 0 0]
  [0 0 0 ... 0 0 0]
  [0 0 0 ... 0 0 0]
  ...
  [0 0 0 ... 0 0 0]
  [0 0 0 ... 0 0 0]
  [0 0 0 ... 0 0 0]]

 [[0 0 0 ... 0 0 0]
  [0 0 0 ... 0 0 0]
  [0 0 0 ... 0 0 0]
  ...
  [0 0 0 ... 0 0 0]
  [0 0 0 ... 0 0 0]
  [0 0 0 ... 0 0 0]]

 [[0 0 0 ... 0 0 0]
  [0 0 0 ... 0 0 0]
  [0 0 0 ... 0 0 0]
  ...
  [0 0 0 ... 0 0 0]
  [0 0 0 ... 0 0 0]
  [0 0 0 ... 0 0 0]]

 ...

 [[0 0 0 ... 0 0 0]
  [0 0 0 ... 0 0 0]
  [0 0 0 ... 0 0 0]
  ...
  [0 0 0 ... 0 0 0]
  [0 0 0 ... 0 0 0]
  [0 0 0 ... 0 0 0]]

 [[0 0 0 ... 0 0 0]
  [0 0 0 ... 0 0 0]
  [0 0 0 ... 0 0 0]
  ...
  [0 0 0 ... 0 0 0]
  [0 0 0 ... 0 0 0]
  [0 0 0 ... 0 0 0]]

 [[0 0 0 ... 0 0 0]
  [0 0 0 ... 0 0 0]
  [0 0 0 ... 0 0 0]
  ...
  [0 0 0 ... 0 0 0]
  [0 0 0 ... 0 0 0]
  [0 0 0 ... 0 0 0]]]","[53, 54, 55, 56, 57, 58, 59, 60, 61, 62, 63, 64, 65, 66, 67, 68, 69, 70, 71, 72, 73, 74, 75]","[113, 114, 115, 116, 117, 118, 119, 120, 121, 122, 123, 124, 125, 126, 127, 128, 129, 130, 131, 132, 133, 134, 135, 136, 137, 138, 139, 140, 141, 142, 143, 144, 145, 146, 147, 148, 149, 150, 151, 152, 153, 154, 155, 156, 157, 158, 159, 160, 161, 162, 163, 164, 165, 166, 167, 168, 169, 170, 171, 172, 173, 174, 175, 176, 177, 178, 179, 180, 181, 182, 183, 184, 185, 186, 187, 188, 189, 190, 191, 192, 193, 194, 195, 196, 197, 198, 199, 200, 201, 202, 203, 204, 205, 206, 207, 208, 209, 210, 211, 212, 213, 214, 215, 216, 217, 218, 219, 220, 221, 222, 223, 224, 225, 226, 227, 228, 229, 230, 231, 232, 233, 234]","[328, 329, 330, 331, 332, 333, 334, 335, 336, 337, 338, 339, 340, 341, 342, 343, 344, 345, 346, 347, 348, 349, 350, 351, 352, 353, 354, 355, 356, 357, 358, 359, 360, 361, 362, 363, 364, 365, 366, 367, 368, 369, 370, 371, 372, 373, 374, 375, 376, 377, 378, 379, 380, 381, 382, 383, 384, 385, 386, 387, 388, 389, 390, 391, 392, 393, 394, 395, 396, 397, 398, 399, 400, 401, 402, 403, 404, 405, 406, 407, 408, 409, 410, 411, 412, 413, 414, 415, 416, 417, 418, 419]",23,122,92,/media/bendico765/Crucial X9/Materiali Tesista/Roi masks/AMBL-575/ROI 0.npy,/media/bendico765/Crucial X9/Materiali Tesista/Cleaned Roi masks/AMBL-575/ROI 0.npy,0.6445,2.0,/media/bendico765/Crucial X9/MRI Lesions/manifest-1728494830954/Advanced-MRI-Breast-Lesions/AMBL-575/12-07-2005-NA-MRI BREASTS - Delayed contrast-99773/500.000000-Registered AX Sen Vibrant MultiPhase-32292,0.7832502537932846,0.618214445299084,41.00126064578342,66.32206826863704,66.72716018421583,78.59691851465935,77.53578759676076,82.07987135254294,57326.420612375274,51.94677680350551,0.155622692361006,46200.61433488105,0.8059218392035373,58443.1704145,120.0,411.0,4.177484610935672,187.0,2.5499331409876764,702.0,97.73061612355684,263.780863978166,257.0,-35.0,737.0,74.58029782185518,288.22432108433185,0.36310252432937334,4855064648.0845175,0.06188105984510166,13492.915063456305,176.03646645731564,13672.602486094256,269.1645602418781,70.77232671067421,11.833668008830871,0.712152524969947,2.4683137535097126,2.8734242979462885,5.396833626823544,0.4378014815627373,0.36476713929483695,0.9883538857553448,0.9305635316513879,-0.15195200580418944,0.8095494426079239,0.3445554458047758,12.700100567304304,0.007335219079397232,7.647801233952783,0.7165270765900582,0.022771692587058582,25.4002011346086,5.025428516784258,20.651498679876276,7.364641685621905,8646.99832264851,0.1229157247814256,7.515328940285186,21.686669227660797,192.5452245234474,27.27963439423446,4680.572033717608,0.2871610806888215,0.009157143897672346,0.1780766176853067,38.02077356391039,0.0015118538844863597,3744.4582104967435,0.06137058802242146,21.512644557733434,194.69910915818645,1.5626476537757743,294.77967133207153,0.014724884651612742,0.009027276689002876,4.818941649772983,47736.21349177137,0.7777042580884708,0.8674728305142385,0.21630451797521627,0.9017952302195774,177.02729306431317,0.00806079057621097,788.9100387250521,0.058751119952714634,22.183838241559105,220.30183199285077,2938.5787161155795,290081.7885016384,41.33427795348739,0.008416861781330076,4100.179624664879,0.3053455186673279,0.5704442555403256,127.33343723987039,0.004810930270961732,6.841848399021165,0.19087691367325763,2911.131822965568,14.865086250867614,0.00015731856514092946,669.3785724671085,0.07362922504747398,0.06155414194855698
76,AMBL-575,1,0.0,-1,-1,-1,-1,,-1.0,-1.0,-1.0,-1,/media/bendico765/Crucial X9/MRI Lesions/manifest-1728494830954/Advanced-MRI-Breast-Lesions/AMBL-575/12-07-2005-NA-MRI BREASTS - Delayed contrast-99773/600.000000-Registered Ax T2 FSE-63524,/media/bendico765/Crucial X9/MRI Lesions/manifest-1728494830954/Advanced-MRI-Breast-Lesions/AMBL-575/12-07-2005-NA-MRI BREASTS - Delayed contrast-99773/500.000000-ROI-33765/1-1.dcm,-20.9,L,"[[[0 0 0 ... 0 0 0]
  [0 0 0 ... 0 0 0]
  [0 0 0 ... 0 0 0]
  ...
  [0 0 0 ... 0 0 0]
  [0 0 0 ... 0 0 0]
  [0 0 0 ... 0 0 0]]

 [[0 0 0 ... 0 0 0]
  [0 0 0 ... 0 0 0]
  [0 0 0 ... 0 0 0]
  ...
  [0 0 0 ... 0 0 0]
  [0 0 0 ... 0 0 0]
  [0 0 0 ... 0 0 0]]

 [[0 0 0 ... 0 0 0]
  [0 0 0 ... 0 0 0]
  [0 0 0 ... 0 0 0]
  ...
  [0 0 0 ... 0 0 0]
  [0 0 0 ... 0 0 0]
  [0 0 0 ... 0 0 0]]

 ...

 [[0 0 0 ... 0 0 0]
  [0 0 0 ... 0 0 0]
  [0 0 0 ... 0 0 0]
  ...
  [0 0 0 ... 0 0 0]
  [0 0 0 ... 0 0 0]
  [0 0 0 ... 0 0 0]]

 [[0 0 0 ... 0 0 0]
  [0 0 0 ... 0 0 0]
  [0 0 0 ... 0 0 0]
  ...
  [0 0 0 ... 0 0 0]
  [0 0 0 ... 0 0 0]
  [0 0 0 ... 0 0 0]]

 [[0 0 0 ... 0 0 0]
  [0 0 0 ... 0 0 0]
  [0 0 0 ... 0 0 0]
  ...
  [0 0 0 ... 0 0 0]
  [0 0 0 ... 0 0 0]
  [0 0 0 ... 0 0 0]]]","[65, 66, 67]","[148, 149, 150, 151, 152, 153, 154, 155, 156, 157, 158, 159, 160]","[116, 117, 118, 119, 120, 121, 122, 123, 124, 125]",3,13,10,/media/bendico765/Crucial X9/Materiali Tesista/Roi masks/AMBL-575/ROI 1.npy,/media/bendico765/Crucial X9/Materiali Tesista/Cleaned Roi masks/AMBL-575/ROI 1.npy,0.6445,2.0,/media/bendico765/Crucial X9/MRI Lesions/manifest-1728494830954/Advanced-MRI-Breast-Lesions/AMBL-575/12-07-2005-NA-MRI BREASTS - Delayed contrast-99773/500.000000-Registered AX Sen Vibrant MultiPhase-32292,0.8439407535810789,0.733271202019718,5.4692364388946215,7.458681622611373,7.911026229257491,8.80556784086069,8.378499999999999,9.284355780020496,176.19045604166624,6.294685389307986,0.8448132048497375,179.90573894785567,1.0210867432303532,183.59807049999998,366.0,588.0,3.6709700376838947,94.0,3.497907690528639,703.0,65.65053950574311,461.0542986425339,448.0,287.0,416.0,41.46005298605127,469.19758691366997,0.7142160450515828,40418449.781414494,0.09870805266067444,7575.30926885199,76.21790463544752,4243.888977402755,152.99268866339796,38.07769475615558,15.53485890530992,0.4265102351285624,2.9340625959098383,3.0179420912933606,6.468415525380108,0.40020508723637466,0.3193177834598667,0.9587117695394152,0.8720952119122234,-0.2424072077876611,0.9085134701557837,0.29231057635293706,8.398653399762823,0.015912114762800064,6.47339604576692,0.627383324546362,0.05047366411826092,16.79730679952565,4.354745363637529,13.403138415366378,5.833992704926801,37.55203619909502,0.16991871583300916,4.460924223500747,12.388403185847958,75.95475113122171,17.271493212669682,1032.4886877828055,0.4956303543315158,0.0472019185676219,0.21753983548164857,19.1181096174843,0.01237561514182341,18.69541452458875,0.09393886001523341,12.857668234977117,77.11724622214756,1.3687562134932623,101.4057915401201,0.06055439817636942,0.04892142848478382,4.119404015775972,164.2101886973393,0.8201255043217939,0.9008005569091544,0.12367322810472534,0.9220327641615943,71.97147606652163,0.046366531419744075,4.682539682539683,0.07432602670697909,17.699672461577222,84.52380952380952,36.84126984126984,2232.7936507936506,0.9761510100629839,0.06965106914811386,14.777777777777779,0.2345679012345679,0.47441367302083526,43.92978733425795,0.026663107707770316,5.27466623292069,0.2850678733031674,24.535651297556058,0.2374339509976539,0.03323283233839261,221.63390950340178,0.14474178806009086,3.7942180290361454
77,AMBL-575,2,0.0,-1.0,-1,-1,-1,,-1.0,-1.0,-1.0,-1,/media/bendico765/Crucial X9/MRI Lesions/manifest-1728494830954/Advanced-MRI-Breast-Lesions/AMBL-575/12-07-2005-NA-MRI BREASTS - Delayed contrast-99773/600.000000-Registered Ax T2 FSE-63524,/media/bendico765/Crucial X9/MRI Lesions/manifest-1728494830954/Advanced-MRI-Breast-Lesions/AMBL-575/12-07-2005-NA-MRI BREASTS - Delayed contrast-99773/500.000000-ROI-33765/1-1.dcm,-26.9,R,"[[[0 0 0 ... 0 0 0]
  [0 0 0 ... 0 0 0]
  [0 0 0 ... 0 0 0]
  ...
  [0 0 0 ... 0 0 0]
  [0 0 0 ... 0 0 0]
  [0 0 0 ... 0 0 0]]

 [[0 0 0 ... 0 0 0]
  [0 0 0 ... 0 0 0]
  [0 0 0 ... 0 0 0]
  ...
  [0 0 0 ... 0 0 0]
  [0 0 0 ... 0 0 0]
  [0 0 0 ... 0 0 0]]

 [[0 0 0 ... 0 0 0]
  [0 0 0 ... 0 0 0]
  [0 0 0 ... 0 0 0]
  ...
  [0 0 0 ... 0 0 0]
  [0 0 0 ... 0 0 0]
  [0 0 0 ... 0 0 0]]

 ...

 [[0 0 0 ... 0 0 0]
  [0 0 0 ... 0 0 0]
  [0 0 0 ... 0 0 0]
  ...
  [0 0 0 ... 0 0 0]
  [0 0 0 ... 0 0 0]
  [0 0 0 ... 0 0 0]]

 [[0 0 0 ... 0 0 0]
  [0 0 0 ... 0 0 0]
  [0 0 0 ... 0 0 0]
  ...
  [0 0 0 ... 0 0 0]
  [0 0 0 ... 0 0 0]
  [0 0 0 ... 0 0 0]]

 [[0 0 0 ... 0 0 0]
  [0 0 0 ... 0 0 0]
  [0 0 0 ... 0 0 0]
  ...
  [0 0 0 ... 0 0 0]
  [0 0 0 ... 0 0 0]
  [0 0 0 ... 0 0 0]]]","[67, 68, 69, 70]","[187, 188, 189, 190, 191, 192, 193, 194, 195, 196, 197, 198, 199, 200]","[397, 398, 399, 400, 401, 402, 403, 404, 405, 406, 407]",4,14,11,/media/bendico765/Crucial X9/Materiali Tesista/Roi masks/AMBL-575/ROI 2.npy,/media/bendico765/Crucial X9/Materiali Tesista/Cleaned Roi masks/AMBL-575/ROI 2.npy,0.6445,2.0,/media/bendico765/Crucial X9/MRI Lesions/manifest-1728494830954/Advanced-MRI-Breast-Lesions/AMBL-575/12-07-2005-NA-MRI BREASTS - Delayed contrast-99773/500.000000-Registered AX Sen Vibrant MultiPhase-32292,0.870788555170707,0.689738873993487,6.014081779125777,8.719360334593185,9.184423348800948,11.127207915735196,9.515928462320426,11.602355041111265,271.8663736249994,7.592719187773172,0.7997701146417874,253.75967867024696,0.933398549024941,280.79704899999996,237.0,508.0,3.8383953624653904,182.75,1.686581678923434,567.0,90.98237106543888,375.2396449704142,378.5,177.0,390.0,75.66501630237893,388.9143324540325,-0.08103396518196504,42471777.371466495,0.07424459927873674,10449.566830643185,78.68117980376495,4968.0683654945315,15.87870989864614,53.46182173030339,11.640902930464263,0.6402471237078425,2.5726768770875483,2.849178589012924,4.687802467801412,0.4178617894369009,0.33855217824529116,0.9603647873966137,0.8728945120398163,-0.20977330796144128,0.8829760406454462,0.31940480027670265,8.259465000846387,0.011032540859050447,6.836777069765629,0.6803900803964722,0.02968984916259469,16.518930001692777,4.6033726518289875,16.275681165191916,6.205694509934567,53.42603550295858,0.15806519379573544,4.37509190854662,16.93568152375617,89.63905325443787,19.39644970414201,1704.5029585798816,0.9956824139936085,0.052726389160252844,0.1756136919483989,14.696454724093233,0.008753867868120805,22.17145352632034,0.0737898928901591,16.61993682039096,89.75397342581549,1.4379344488103811,128.08690774649043,0.07756256896921351,0.05266492195299528,4.31379629499918,243.87441775555283,0.8058541789365079,0.8893946290395995,0.15581792368762296,0.9153268765570431,82.17730729847963,0.04836428897470119,5.933333333333334,0.0791111111111111,13.68888888888889,79.84,54.693333333333335,5278.533333333334,2.302238499449048,0.06291762545374072,14.573333333333334,0.1943111111111111,0.4210218963403726,30.23342131258477,0.022519985898547118,5.448427690322786,0.22189349112426035,34.383288888888885,0.3554092572301435,0.026112474162900134,144.89830347214368,0.22309859700868068,2.2870016649261373
78,AMBL-577,0,1.0,3,neg,neg,neg,1.0,0,0,0.0,60,/media/bendico765/Crucial X9/MRI Lesions/manifest-1728494830954/Advanced-MRI-Breast-Lesions/AMBL-577/12-20-2005-NA-MRI BREASTS - Delayed contrast-29275/600.000000-Registered Ax T2 FSE-48442,/media/bendico765/Crucial X9/MRI Lesions/manifest-1728494830954/Advanced-MRI-Breast-Lesions/AMBL-577/12-20-2005-NA-MRI BREASTS - Delayed contrast-29275/500.000000-ROI-20966/1-1.dcm,-50.32,R,"[[[0 0 0 ... 0 0 0]
  [0 0 0 ... 0 0 0]
  [0 0 0 ... 0 0 0]
  ...
  [0 0 0 ... 0 0 0]
  [0 0 0 ... 0 0 0]
  [0 0 0 ... 0 0 0]]

 [[0 0 0 ... 0 0 0]
  [0 0 0 ... 0 0 0]
  [0 0 0 ... 0 0 0]
  ...
  [0 0 0 ... 0 0 0]
  [0 0 0 ... 0 0 0]
  [0 0 0 ... 0 0 0]]

 [[0 0 0 ... 0 0 0]
  [0 0 0 ... 0 0 0]
  [0 0 0 ... 0 0 0]
  ...
  [0 0 0 ... 0 0 0]
  [0 0 0 ... 0 0 0]
  [0 0 0 ... 0 0 0]]

 ...

 [[0 0 0 ... 0 0 0]
  [0 0 0 ... 0 0 0]
  [0 0 0 ... 0 0 0]
  ...
  [0 0 0 ... 0 0 0]
  [0 0 0 ... 0 0 0]
  [0 0 0 ... 0 0 0]]

 [[0 0 0 ... 0 0 0]
  [0 0 0 ... 0 0 0]
  [0 0 0 ... 0 0 0]
  ...
  [0 0 0 ... 0 0 0]
  [0 0 0 ... 0 0 0]
  [0 0 0 ... 0 0 0]]

 [[0 0 0 ... 0 0 0]
  [0 0 0 ... 0 0 0]
  [0 0 0 ... 0 0 0]
  ...
  [0 0 0 ... 0 0 0]
  [0 0 0 ... 0 0 0]
  [0 0 0 ... 0 0 0]]]","[87, 88, 89, 90, 91, 92, 93, 94, 95]","[180, 181, 182, 183, 184, 185, 187, 188, 189, 190, 191, 192, 193, 194, 195, 196, 197, 198, 199, 200, 201, 202, 203, 204, 205, 206]","[377, 378, 379, 380, 381, 382, 383, 384, 385, 386, 387, 388, 389, 390, 391, 392, 393, 394, 395, 396, 397]",9,27,21,/media/bendico765/Crucial X9/Materiali Tesista/Roi masks/AMBL-577/ROI 0.npy,/media/bendico765/Crucial X9/Materiali Tesista/Cleaned Roi masks/AMBL-577/ROI 0.npy,0.7031,2.0,/media/bendico765/Crucial X9/MRI Lesions/manifest-1728494830954/Advanced-MRI-Breast-Lesions/AMBL-577/12-20-2005-NA-MRI BREASTS - Delayed contrast-29275/500.000000-Registered AX Sen Vibrant MultiPhase-66789,0.7090012247037393,0.6291252693847956,10.398826282465244,16.52902337341174,18.85837678698779,23.28106909078705,16.549008548550574,24.455877210192234,887.9342911616665,11.719097814905655,0.4996679525119066,894.1077259949301,1.0069525807198942,926.4111691399999,138.0,313.0,3.398400952262918,92.0,2.614325922209808,399.0,54.05478781141475,237.4119530416222,247.0,59.0,340.0,39.15073630293607,246.55907568267313,-0.43519607692479034,56317811.382713616,0.10808923777491004,4426.942354456707,67.50985485844727,1518.1185097771563,-59.5429534907263,23.844039992858672,5.498085341466773,0.6261420792441007,1.7695617776824315,2.3518958563316903,2.0600674663502607,0.49582998980281406,0.42935559942545726,0.9742289591802135,0.8956803413855249,-0.1757745896952281,0.7937226628238734,0.3747847784994833,7.932281845880054,0.018850191725468764,6.195007746032728,0.6752408156602653,0.04148744226634934,15.864563691760102,4.19239618274512,7.3355313335813594,6.540380291087205,102.17395944503735,0.10904371338851372,7.940216568010943,7.187003185761685,71.64887940234792,32.982924226254,2499.0960512273214,0.992525401862687,0.034576752208343525,0.13643196407534544,8.84763644550931,0.005213146127382223,84.86906075873914,0.1072119271193462,7.163799147797996,71.10405818667152,1.7294608334513877,125.97282377659982,0.057960165575602574,0.03498320454051663,4.079125187741218,602.5870507567362,0.7453657609249849,0.8459896560216732,0.26731534677585855,0.8805589010492567,62.32374452968862,0.030962430596354937,14.85234899328859,0.09968019458582947,7.941624251159858,68.13422818791946,287.28187919463085,23188.476510067114,5.9316406606340095,0.03830892337277172,33.48322147651007,0.22471960722489978,0.4693468484349412,28.495272460540434,0.019059270307368353,5.564033636703764,0.15901814300960512,247.7355074095761,0.969225324393674,0.009313418456823121,86.6495768699478,0.09249555721846636,0.6051420559674164
79,AMBL-578,0,1.0,2,strong,strong,neg,,100,90,0.0,40,/media/bendico765/Crucial X9/MRI Lesions/manifest-1728494830954/Advanced-MRI-Breast-Lesions/AMBL-578/12-21-2005-NA-MRI BREASTS - Delayed contrast-01821/600.000000-Registered Ax T2 FSE-52081,/media/bendico765/Crucial X9/MRI Lesions/manifest-1728494830954/Advanced-MRI-Breast-Lesions/AMBL-578/12-21-2005-NA-MRI BREASTS - Delayed contrast-01821/500.000000-ROI-65564/1-1.dcm,-0.57,R,"[[[0 0 0 ... 0 0 0]
  [0 0 0 ... 0 0 0]
  [0 0 0 ... 0 0 0]
  ...
  [0 0 0 ... 0 0 0]
  [0 0 0 ... 0 0 0]
  [0 0 0 ... 0 0 0]]

 [[0 0 0 ... 0 0 0]
  [0 0 0 ... 0 0 0]
  [0 0 0 ... 0 0 0]
  ...
  [0 0 0 ... 0 0 0]
  [0 0 0 ... 0 0 0]
  [0 0 0 ... 0 0 0]]

 [[0 0 0 ... 0 0 0]
  [0 0 0 ... 0 0 0]
  [0 0 0 ... 0 0 0]
  ...
  [0 0 0 ... 0 0 0]
  [0 0 0 ... 0 0 0]
  [0 0 0 ... 0 0 0]]

 ...

 [[0 0 0 ... 0 0 0]
  [0 0 0 ... 0 0 0]
  [0 0 0 ... 0 0 0]
  ...
  [0 0 0 ... 0 0 0]
  [0 0 0 ... 0 0 0]
  [0 0 0 ... 0 0 0]]

 [[0 0 0 ... 0 0 0]
  [0 0 0 ... 0 0 0]
  [0 0 0 ... 0 0 0]
  ...
  [0 0 0 ... 0 0 0]
  [0 0 0 ... 0 0 0]
  [0 0 0 ... 0 0 0]]

 [[0 0 0 ... 0 0 0]
  [0 0 0 ... 0 0 0]
  [0 0 0 ... 0 0 0]
  ...
  [0 0 0 ... 0 0 0]
  [0 0 0 ... 0 0 0]
  [0 0 0 ... 0 0 0]]]","[51, 52, 53, 54, 55, 56, 57, 58, 59, 60]","[175, 176, 177, 178, 179, 180, 181, 182, 183, 184, 185, 186, 187, 188, 189, 190, 191, 192, 193, 194, 195, 196, 197, 198, 199, 200, 201, 202, 203, 204, 205, 206, 207, 208, 209, 210, 211, 212, 213, 214, 215, 216, 217, 218, 219, 220, 221, 222]","[360, 361, 362, 363, 364, 365, 366, 367, 368, 369, 370, 371, 372, 373, 374, 375, 376, 377, 378, 379, 380, 381, 382, 383, 384, 385, 386, 387, 388, 389, 390, 391]",10,48,32,/media/bendico765/Crucial X9/Materiali Tesista/Roi masks/AMBL-578/ROI 0.npy,/media/bendico765/Crucial X9/Materiali Tesista/Cleaned Roi masks/AMBL-578/ROI 0.npy,0.6445,2.0,/media/bendico765/Crucial X9/MRI Lesions/manifest-1728494830954/Advanced-MRI-Breast-Lesions/AMBL-578/12-21-2005-NA-MRI BREASTS - Delayed contrast-01821/500.000000-Registered AX Sen Vibrant MultiPhase-62381,0.6678457043030553,0.6190353895196885,15.871642589657327,25.639313774891264,25.283572215966636,35.23598972996218,27.099673097659313,35.324086545160654,3347.2378995624877,17.123105565839282,0.48699719092116295,2222.0238793011863,0.6638380497518935,3403.6257684999996,146.0,416.4000000000001,3.9437329677692787,180.0,1.8667490813787104,535.0,91.82535331727694,280.648035147669,265.0,48.0,487.0,73.68690548780488,299.45045876012205,0.05866091563953083,305205087.40997744,0.07157400811621568,10907.257619400276,129.18639902371416,6474.279543942863,15.394366542283688,58.166130536977775,7.942364197833156,0.7577082884687895,1.9398806032955105,2.596407415287489,3.928341313986387,0.5054336203018992,0.44701674319452245,0.9833910054314392,0.9219332092853166,-0.20147114815907022,0.8629514240681128,0.38397719814857406,10.799456983491357,0.01226530225789536,6.985492287864892,0.7701453873987799,0.03990272236398161,21.59891396698272,4.789732624910487,16.527123683702726,7.460289244310095,363.8913839394679,0.0888189855844442,15.643318670399989,17.556013082552827,133.02538442762997,50.29997559189651,6692.487917988772,0.7752485654677069,0.01683123624449805,0.13698970351227568,18.11036425108476,0.0025287214107866103,229.55285999809306,0.06899678684919669,17.54166853095576,133.02015830913294,1.9341064610662282,256.41585796582433,0.03196402661587977,0.017009965184935957,4.781149010161396,2373.588395245285,0.7043887707730717,0.8120388276600139,0.37102168653754836,0.8611441816988477,114.47989082135054,0.014746775657710506,39.05298013245033,0.06465725187491776,18.001894105521686,133.84933774834437,900.9718543046357,122146.63079470198,10.83853369192789,0.019257752438675706,172.17218543046357,0.2850532871365291,0.5499577964845034,72.61383190176038,0.01087065520497784,6.3818231339906095,0.14742494508176715,854.9612379939477,1.7758005612713155,0.002683893408724244,234.01219439664285,0.11220199198966635,0.41465615906248676
80,AMBL-578,1,0.0,-1,-1,-1,-1,,-1.0,-1.0,-1.0,-1,/media/bendico765/Crucial X9/MRI Lesions/manifest-1728494830954/Advanced-MRI-Breast-Lesions/AMBL-578/12-21-2005-NA-MRI BREASTS - Delayed contrast-01821/600.000000-Registered Ax T2 FSE-52081,/media/bendico765/Crucial X9/MRI Lesions/manifest-1728494830954/Advanced-MRI-Breast-Lesions/AMBL-578/12-21-2005-NA-MRI BREASTS - Delayed contrast-01821/500.000000-ROI-65564/1-1.dcm,-42.57,L,"[[[0 0 0 ... 0 0 0]
  [0 0 0 ... 0 0 0]
  [0 0 0 ... 0 0 0]
  ...
  [0 0 0 ... 0 0 0]
  [0 0 0 ... 0 0 0]
  [0 0 0 ... 0 0 0]]

 [[0 0 0 ... 0 0 0]
  [0 0 0 ... 0 0 0]
  [0 0 0 ... 0 0 0]
  ...
  [0 0 0 ... 0 0 0]
  [0 0 0 ... 0 0 0]
  [0 0 0 ... 0 0 0]]

 [[0 0 0 ... 0 0 0]
  [0 0 0 ... 0 0 0]
  [0 0 0 ... 0 0 0]
  ...
  [0 0 0 ... 0 0 0]
  [0 0 0 ... 0 0 0]
  [0 0 0 ... 0 0 0]]

 ...

 [[0 0 0 ... 0 0 0]
  [0 0 0 ... 0 0 0]
  [0 0 0 ... 0 0 0]
  ...
  [0 0 0 ... 0 0 0]
  [0 0 0 ... 0 0 0]
  [0 0 0 ... 0 0 0]]

 [[0 0 0 ... 0 0 0]
  [0 0 0 ... 0 0 0]
  [0 0 0 ... 0 0 0]
  ...
  [0 0 0 ... 0 0 0]
  [0 0 0 ... 0 0 0]
  [0 0 0 ... 0 0 0]]

 [[0 0 0 ... 0 0 0]
  [0 0 0 ... 0 0 0]
  [0 0 0 ... 0 0 0]
  ...
  [0 0 0 ... 0 0 0]
  [0 0 0 ... 0 0 0]
  [0 0 0 ... 0 0 0]]]","[75, 76, 77, 78]","[142, 143, 144, 145, 146, 147, 148, 149, 150, 151, 152, 153, 154, 155, 156, 157, 158]","[121, 122, 123, 124, 125, 126, 127, 128, 129, 130, 131, 132, 133, 134]",4,17,14,/media/bendico765/Crucial X9/Materiali Tesista/Roi masks/AMBL-578/ROI 1.npy,/media/bendico765/Crucial X9/Materiali Tesista/Cleaned Roi masks/AMBL-578/ROI 1.npy,0.6445,2.0,/media/bendico765/Crucial X9/MRI Lesions/manifest-1728494830954/Advanced-MRI-Breast-Lesions/AMBL-578/12-21-2005-NA-MRI BREASTS - Delayed contrast-01821/500.000000-Registered AX Sen Vibrant MultiPhase-62381,0.8227132575263683,0.7089479032555858,6.353778790359768,8.962264732263607,9.517580364777594,9.28768056352069,11.255708607191284,11.255708607191284,233.68600564583292,7.373374012694277,0.6614395404110635,277.38466101032475,1.18699731395435,246.73586849999998,104.0,201.40000000000003,2.6626419959376237,52.0,5.275443161641902,334.0,33.76523937466698,146.78114478114477,136.0,72.0,262.0,22.19935032836664,153.3437633694627,1.3577640912263942,5801823.641875,0.1964992234352504,1969.6053010463784,21.480144097614293,332.94507021152043,24.694637519930986,9.150216778948948,3.6758622766331137,0.4323839516554852,1.342090712632055,2.1270803436940335,1.8016144337221396,0.5671843772651548,0.5220991688705913,0.9771915062782307,0.907774759389253,-0.14653168949751,0.7249274221134757,0.4454711166916358,4.483396042086328,0.0461915032273252,5.031157259126053,0.6075325275279913,0.11444571543464842,8.966792084172658,3.4586083692634406,3.2065197638955163,5.5888158921222235,30.62962962962963,0.10313006609302905,7.7575984309991055,3.2548606151299753,22.531986531986533,39.33670033670034,644.1750841750842,3.3935268419925233,0.08121750523874213,0.10383169501678308,4.324797302696978,0.010057109831322412,45.66880248768584,0.18624837411657294,3.568624418625309,23.679803740099324,1.8132294273919933,37.714040944503054,0.14897563464172028,0.08062495045612285,3.458994448871803,172.76372441776178,0.6959207874225849,0.8223258223258223,0.27908622455530735,0.8550289912876898,21.076664672659827,0.06857512999008392,3.4516129032258065,0.1113423517169615,9.893860561914671,47.064516129032256,467.4516129032258,7312.322580645161,38.886773871722724,0.09510171899066605,8.225806451612904,0.26534859521331944,0.5150481374151049,29.365286187366895,0.06129919061706701,4.54274832644611,0.10437710437710437,375.6628511966702,0.6956077889173237,0.026104471864489612,54.22122776479589,0.04118867994134258,1.898415239548092
81,AMBL-580,0,1.0,2 to3,neg,neg,strong,,0,0,100.0,30,/media/bendico765/Crucial X9/MRI Lesions/manifest-1728494830954/Advanced-MRI-Breast-Lesions/AMBL-580/12-22-2005-NA-MRI BREASTS - Delayed contrast-10880/600.000000-Registered Ax T2 FSE-62016,/media/bendico765/Crucial X9/MRI Lesions/manifest-1728494830954/Advanced-MRI-Breast-Lesions/AMBL-580/12-22-2005-NA-MRI BREASTS - Delayed contrast-10880/500.000000-ROI-58022/1-1.dcm,-10.72,R,"[[[0 0 0 ... 0 0 0]
  [0 0 0 ... 0 0 0]
  [0 0 0 ... 0 0 0]
  ...
  [0 0 0 ... 0 0 0]
  [0 0 0 ... 0 0 0]
  [0 0 0 ... 0 0 0]]

 [[0 0 0 ... 0 0 0]
  [0 0 0 ... 0 0 0]
  [0 0 0 ... 0 0 0]
  ...
  [0 0 0 ... 0 0 0]
  [0 0 0 ... 0 0 0]
  [0 0 0 ... 0 0 0]]

 [[0 0 0 ... 0 0 0]
  [0 0 0 ... 0 0 0]
  [0 0 0 ... 0 0 0]
  ...
  [0 0 0 ... 0 0 0]
  [0 0 0 ... 0 0 0]
  [0 0 0 ... 0 0 0]]

 ...

 [[0 0 0 ... 0 0 0]
  [0 0 0 ... 0 0 0]
  [0 0 0 ... 0 0 0]
  ...
  [0 0 0 ... 0 0 0]
  [0 0 0 ... 0 0 0]
  [0 0 0 ... 0 0 0]]

 [[0 0 0 ... 0 0 0]
  [0 0 0 ... 0 0 0]
  [0 0 0 ... 0 0 0]
  ...
  [0 0 0 ... 0 0 0]
  [0 0 0 ... 0 0 0]
  [0 0 0 ... 0 0 0]]

 [[0 0 0 ... 0 0 0]
  [0 0 0 ... 0 0 0]
  [0 0 0 ... 0 0 0]
  ...
  [0 0 0 ... 0 0 0]
  [0 0 0 ... 0 0 0]
  [0 0 0 ... 0 0 0]]]","[53, 54, 55, 56, 57, 58, 59, 60, 61, 62, 63, 64, 65, 66, 67, 68, 69, 70, 71, 72, 73, 74, 75]","[175, 176, 177, 178, 179, 180, 181, 182, 183, 184, 185, 186, 187, 188, 189, 190, 191, 192, 193, 194, 195, 196, 197, 198, 199, 200, 201, 202, 203, 204, 205, 206, 207, 208, 209, 210, 211, 212, 213, 214, 215, 216, 217, 218, 219, 220, 221, 222, 223, 224, 225, 226, 227, 228, 229, 230, 231, 232, 233, 234, 235, 236, 237, 238, 239, 240, 241, 242, 243, 244, 245, 246, 247, 248, 249, 250, 251, 252, 253, 254, 255, 256, 257, 260, 261]","[348, 349, 350, 351, 352, 353, 354, 355, 356, 357, 358, 359, 360, 361, 362, 363, 364, 365, 366, 367, 368, 369, 370, 371, 372, 373, 374, 375, 376, 377, 378, 379, 380, 381, 382, 383, 384, 385, 386, 387, 388, 389, 390, 391, 392, 393, 394, 395, 396, 397, 398, 399, 400]",23,87,53,/media/bendico765/Crucial X9/Materiali Tesista/Roi masks/AMBL-580/ROI 0.npy,/media/bendico765/Crucial X9/Materiali Tesista/Cleaned Roi masks/AMBL-580/ROI 0.npy,0.7031,2.0,/media/bendico765/Crucial X9/MRI Lesions/manifest-1728494830954/Advanced-MRI-Breast-Lesions/AMBL-580/12-22-2005-NA-MRI BREASTS - Delayed contrast-10880/500.000000-Registered AX Sen Vibrant MultiPhase-77624,0.8708911500181328,0.6534124449064233,29.399128343754978,44.993217642136116,47.1935235201823,60.02895050565185,61.49613415898595,61.49613415898595,27919.30053236875,39.184195055376065,0.2457465471789288,18110.609050974545,0.6486770336519598,28132.447605879996,144.0,377.0,3.7946211661310882,132.0,2.8754762004307954,606.0,74.71346516215807,245.1952273845505,226.0,18.0,588.0,54.67776515747164,261.4885474652226,0.6758753765434034,1923591564.7495701,0.08425356054813554,8255.560923310566,104.2355994194044,4335.561900879029,175.3983807456258,36.07680602246954,11.060217343886608,0.5270781003450679,2.4687313638200648,2.861834311320586,4.701176975941832,0.4298422820144611,0.3542791932428474,0.9833939674877418,0.9156458799170374,-0.08138734628744794,0.6073524294913931,0.3383883595105273,9.898240135355596,0.011806262884822739,7.084453719260524,0.5383065601035709,0.0352309658389166,19.796480270711193,4.495971792137933,11.784255841589037,6.8676098960705545,3522.5552822098825,0.12379824566703741,8.567216558431479,13.296302136320236,119.92039783510226,28.08104308708793,2298.417621424053,0.4690193878830068,0.013701150739501825,0.19162429656787108,29.76810030183616,0.0023045266847255127,1991.5200771813227,0.08056020719258343,13.647083717618802,124.1009892130225,1.5552738318877286,173.9891857455684,0.02224368498920437,0.013396713010062903,4.449933579903338,19388.974242328793,0.7810270186868811,0.8685597806986716,0.2167147953219015,0.9037980687772346,114.83085219869176,0.011917337686204564,401.8092328581127,0.06819572859098993,16.77556402205068,164.73727087576376,3225.059063136456,197082.47097759673,55.82491229908986,0.01171089162029582,1893.8143245078072,0.3214213042273943,0.585626470082549,98.77171434783001,0.006916096544999117,6.463331750251252,0.20707106206508752,3201.7373108577153,12.97713554860271,0.00029062431796933013,467.84250818012083,0.0748881121633135,0.07534330672180142
82,AMBL-581,0,1.0,3,neg,neg,-1,,0,0,-1.0,-1,/media/bendico765/Crucial X9/MRI Lesions/manifest-1728494830954/Advanced-MRI-Breast-Lesions/AMBL-581/12-29-2005-NA-MRI BREASTS - Delayed contrast-25443/600.000000-Registered Ax T2 FSE-50320,/media/bendico765/Crucial X9/MRI Lesions/manifest-1728494830954/Advanced-MRI-Breast-Lesions/AMBL-581/12-29-2005-NA-MRI BREASTS - Delayed contrast-25443/500.000000-ROI-84521/1-1.dcm,-17.79,L,"[[[0 0 0 ... 0 0 0]
  [0 0 0 ... 0 0 0]
  [0 0 0 ... 0 0 0]
  ...
  [0 0 0 ... 0 0 0]
  [0 0 0 ... 0 0 0]
  [0 0 0 ... 0 0 0]]

 [[0 0 0 ... 0 0 0]
  [0 0 0 ... 0 0 0]
  [0 0 0 ... 0 0 0]
  ...
  [0 0 0 ... 0 0 0]
  [0 0 0 ... 0 0 0]
  [0 0 0 ... 0 0 0]]

 [[0 0 0 ... 0 0 0]
  [0 0 0 ... 0 0 0]
  [0 0 0 ... 0 0 0]
  ...
  [0 0 0 ... 0 0 0]
  [0 0 0 ... 0 0 0]
  [0 0 0 ... 0 0 0]]

 ...

 [[0 0 0 ... 0 0 0]
  [0 0 0 ... 0 0 0]
  [0 0 0 ... 0 0 0]
  ...
  [0 0 0 ... 0 0 0]
  [0 0 0 ... 0 0 0]
  [0 0 0 ... 0 0 0]]

 [[0 0 0 ... 0 0 0]
  [0 0 0 ... 0 0 0]
  [0 0 0 ... 0 0 0]
  ...
  [0 0 0 ... 0 0 0]
  [0 0 0 ... 0 0 0]
  [0 0 0 ... 0 0 0]]

 [[0 0 0 ... 0 0 0]
  [0 0 0 ... 0 0 0]
  [0 0 0 ... 0 0 0]
  ...
  [0 0 0 ... 0 0 0]
  [0 0 0 ... 0 0 0]
  [0 0 0 ... 0 0 0]]]","[61, 62, 63, 64, 65, 66, 67, 68, 69, 70]","[222, 223, 224, 225, 226, 227, 228, 229, 230, 231, 232, 233, 234, 235, 236, 237, 238, 239, 240, 241, 242, 243, 244, 245, 246, 247, 248, 249, 250, 251, 252, 253, 254, 255, 256, 257, 258, 259, 260, 261, 262, 263, 264, 265, 266, 267, 268, 269, 270, 271, 272, 273]","[113, 114, 115, 116, 117, 118, 119, 120, 121, 122, 123, 124, 125, 126, 127, 128, 129, 130, 131, 132, 133, 134, 135, 136, 137, 138, 139, 140, 141]",10,52,29,/media/bendico765/Crucial X9/Materiali Tesista/Roi masks/AMBL-581/ROI 0.npy,/media/bendico765/Crucial X9/Materiali Tesista/Cleaned Roi masks/AMBL-581/ROI 0.npy,0.6641,2.0,/media/bendico765/Crucial X9/MRI Lesions/manifest-1728494830954/Advanced-MRI-Breast-Lesions/AMBL-581/12-29-2005-NA-MRI BREASTS - Delayed contrast-25443/500.000000-Registered AX Sen Vibrant MultiPhase-30212,0.532491803735883,0.25974962262325063,7.943499139145572,30.58136931604741,19.685226659604407,22.74884617931204,30.068406351185292,39.42939738063467,1843.2431589941716,16.284328507815275,0.43457875943752833,1672.9028298683766,0.907586620737143,1901.7162287200001,83.0,257.0,3.302477620243764,108.0,2.0863845043253817,345.0,56.1423378172318,158.6609461966605,145.0,19.0,326.0,43.82727564192106,171.7517854011923,0.35516900679005675,56098110.472734906,0.11401757532157743,4325.379940477624,47.32988004660669,762.7046697731495,31.13548971727508,17.307922286976,8.844416027793862,0.3147410869034108,2.1541022215521624,2.599955784718318,3.5745236714991986,0.4733501315793367,0.40733967870835647,0.9609663760703703,0.8792483337861678,-0.10931471223377802,0.5600776285869602,0.3600140807214408,6.723567382600228,0.021087737297848845,6.118312009787885,0.4012770568541161,0.060889731515020654,13.447134765200454,3.9600083741545444,6.538084578692462,6.473969017041435,236.95269016697588,0.10990384516093502,8.310633310500789,6.997391539682158,54.189703153988866,33.757884972170686,1550.8260667903526,1.2221817264970347,0.03733354254342311,0.1350933403376242,8.218039498059335,0.005321214379168446,199.6659279708339,0.10953343623019349,7.128500378541388,55.19990748154391,1.8112860046443644,94.37001002552687,0.06734640350305109,0.0374487448634733,4.021385685532861,1397.5639279750974,0.7501226423507054,0.8444412730127018,0.3234445485998662,0.8821981459312606,49.26862925324643,0.03310492206018242,28.14666666666667,0.09382222222222222,8.908888888888889,61.71333333333333,675.4333333333333,24361.163333333334,24.795876292549927,0.04501455247548113,76.08666666666667,0.25362222222222225,0.5194354764246087,32.380501510711774,0.02231632645703022,5.985078397320786,0.1391465677179963,623.7851555555555,4.549570160746117,0.002784481593513786,128.21584396840112,0.12478482487065706,0.18922404440205062
83,AMBL-582,0,1.0,2,pos,pos,neg,,-1,-1,-1.0,15,/media/bendico765/Crucial X9/MRI Lesions/manifest-1728494830954/Advanced-MRI-Breast-Lesions/AMBL-582/12-30-2005-NA-MRI BREASTS - Delayed contrast-98705/600.000000-Registered Ax T2 FSE-87092,/media/bendico765/Crucial X9/MRI Lesions/manifest-1728494830954/Advanced-MRI-Breast-Lesions/AMBL-582/12-30-2005-NA-MRI BREASTS - Delayed contrast-98705/500.000000-ROI-79742/1-1.dcm,-23.0,R,"[[[0 0 0 ... 0 0 0]
  [0 0 0 ... 0 0 0]
  [0 0 0 ... 0 0 0]
  ...
  [0 0 0 ... 0 0 0]
  [0 0 0 ... 0 0 0]
  [0 0 0 ... 0 0 0]]

 [[0 0 0 ... 0 0 0]
  [0 0 0 ... 0 0 0]
  [0 0 0 ... 0 0 0]
  ...
  [0 0 0 ... 0 0 0]
  [0 0 0 ... 0 0 0]
  [0 0 0 ... 0 0 0]]

 [[0 0 0 ... 0 0 0]
  [0 0 0 ... 0 0 0]
  [0 0 0 ... 0 0 0]
  ...
  [0 0 0 ... 0 0 0]
  [0 0 0 ... 0 0 0]
  [0 0 0 ... 0 0 0]]

 ...

 [[0 0 0 ... 0 0 0]
  [0 0 0 ... 0 0 0]
  [0 0 0 ... 0 0 0]
  ...
  [0 0 0 ... 0 0 0]
  [0 0 0 ... 0 0 0]
  [0 0 0 ... 0 0 0]]

 [[0 0 0 ... 0 0 0]
  [0 0 0 ... 0 0 0]
  [0 0 0 ... 0 0 0]
  ...
  [0 0 0 ... 0 0 0]
  [0 0 0 ... 0 0 0]
  [0 0 0 ... 0 0 0]]

 [[0 0 0 ... 0 0 0]
  [0 0 0 ... 0 0 0]
  [0 0 0 ... 0 0 0]
  ...
  [0 0 0 ... 0 0 0]
  [0 0 0 ... 0 0 0]
  [0 0 0 ... 0 0 0]]]","[58, 59, 60, 61, 62, 63, 64, 65, 66, 67, 68, 69, 70, 71, 72]","[175, 176, 177, 179, 180, 181, 182, 183, 184, 185, 186, 187, 188, 189, 190, 191, 192, 193, 194, 195, 196, 197, 198, 199, 200, 201, 202, 203, 204, 205, 206, 207, 208, 209, 210, 211, 212, 213, 214, 215, 216, 217, 218, 219, 220, 221, 222, 223, 224, 225, 226, 227, 228, 229, 230, 231, 232, 233, 234]","[335, 336, 337, 338, 339, 340, 341, 342, 343, 344, 345, 346, 347, 348, 349, 350, 351, 352, 353, 354, 355, 356, 357, 358, 359, 360, 361, 362, 363, 364, 365, 366, 367, 368, 369, 370, 371, 372, 373, 374, 375, 376, 377, 378, 379, 380, 381, 382, 383, 384, 385, 386, 387, 388, 389, 390, 391, 392, 393, 394, 395, 396, 397, 398, 399, 400, 401, 402, 403]",15,60,69,/media/bendico765/Crucial X9/Materiali Tesista/Roi masks/AMBL-582/ROI 0.npy,/media/bendico765/Crucial X9/Materiali Tesista/Cleaned Roi masks/AMBL-582/ROI 0.npy,0.6836,2.0,/media/bendico765/Crucial X9/MRI Lesions/manifest-1728494830954/Advanced-MRI-Breast-Lesions/AMBL-582/12-30-2005-NA-MRI BREASTS - Delayed contrast-98705/500.000000-Registered AX Sen Vibrant MultiPhase-38534,0.4397916175915645,0.23167922370358396,12.810548858671975,55.29433608195314,36.273212791810984,36.75315140555977,53.48269013578131,55.45578234954404,6694.200852000002,24.31798550913378,0.3733651485597273,4600.617993217646,0.687254251094533,6861.96476864,95.0,243.0,3.25035777363517,65.0,5.274099265522629,486.0,46.54485824348199,163.3873603922637,155.0,7.0,479.0,28.65934507022549,175.39226535043156,1.1876279661561708,211090825.75968128,0.13423409391387403,4067.01720880474,53.34726548533884,2026.603330390924,107.72511472697812,18.64517087971762,5.0795740141893555,0.5703467681563357,1.580576669953215,2.3342773264692225,2.4677731752217067,0.531290040087975,0.4780216112274584,0.9880981385661541,0.9313694267442097,-0.11501628743600284,0.6699950073617392,0.4267743453779863,7.067896170003544,0.028066359288349548,5.962317773869757,0.6315634957085307,0.06521762292801218,14.135792340007082,3.953309876154009,5.931186223476742,6.796178010084635,630.8934895123945,0.08592937748738688,13.007600561610616,6.5955892299640535,56.41895941160447,49.06973576682103,2309.1781530918006,1.353246666196006,0.03171884726607963,0.1224189912321853,8.903673394582936,0.005143315223730864,745.1499952260747,0.1254690590990465,7.266387278111616,58.255075712154394,1.960819395610664,104.65770441417075,0.059670442834335584,0.03250224344326404,4.172932703244423,4161.388404318252,0.6933063633835184,0.8074932422521636,0.3793396342307395,0.8555140458782732,51.01457098500937,0.02832632068202238,69.24862486248625,0.0761811054592808,14.207561350194426,79.74807480748075,4190.897689768977,180919.1705170517,105.17427072173085,0.045300480052184004,276.17271727172715,0.3038203710360035,0.5698354593202803,45.13447741415754,0.02776223534716665,6.2409069727146385,0.12380822664124216,4125.659636370678,5.106111928309336,0.0011515421790288906,212.2745054751479,0.03868795232199724,0.25267857026618523
84,AMBL-583,0,1.0,2,strong,strong,neg,,100,10,10.0,15,/media/bendico765/Crucial X9/MRI Lesions/manifest-1728494830954/Advanced-MRI-Breast-Lesions/AMBL-583/01-04-2006-NA-MRI BREASTS - Delayed contrast-14463/600.000000-Registered Ax T2 FSE-25349,/media/bendico765/Crucial X9/MRI Lesions/manifest-1728494830954/Advanced-MRI-Breast-Lesions/AMBL-583/01-04-2006-NA-MRI BREASTS - Delayed contrast-14463/500.000000-ROI-96917/1-1.dcm,-23.74,R,"[[[0 0 0 ... 0 0 0]
  [0 0 0 ... 0 0 0]
  [0 0 0 ... 0 0 0]
  ...
  [0 0 0 ... 0 0 0]
  [0 0 0 ... 0 0 0]
  [0 0 0 ... 0 0 0]]

 [[0 0 0 ... 0 0 0]
  [0 0 0 ... 0 0 0]
  [0 0 0 ... 0 0 0]
  ...
  [0 0 0 ... 0 0 0]
  [0 0 0 ... 0 0 0]
  [0 0 0 ... 0 0 0]]

 [[0 0 0 ... 0 0 0]
  [0 0 0 ... 0 0 0]
  [0 0 0 ... 0 0 0]
  ...
  [0 0 0 ... 0 0 0]
  [0 0 0 ... 0 0 0]
  [0 0 0 ... 0 0 0]]

 ...

 [[0 0 0 ... 0 0 0]
  [0 0 0 ... 0 0 0]
  [0 0 0 ... 0 0 0]
  ...
  [0 0 0 ... 0 0 0]
  [0 0 0 ... 0 0 0]
  [0 0 0 ... 0 0 0]]

 [[0 0 0 ... 0 0 0]
  [0 0 0 ... 0 0 0]
  [0 0 0 ... 0 0 0]
  ...
  [0 0 0 ... 0 0 0]
  [0 0 0 ... 0 0 0]
  [0 0 0 ... 0 0 0]]

 [[0 0 0 ... 0 0 0]
  [0 0 0 ... 0 0 0]
  [0 0 0 ... 0 0 0]
  ...
  [0 0 0 ... 0 0 0]
  [0 0 0 ... 0 0 0]
  [0 0 0 ... 0 0 0]]]","[64, 65, 66, 67, 68, 69, 70, 71, 72, 73]","[161, 162, 163, 164, 165, 166, 167, 168, 169, 170, 171, 172, 173, 174, 175, 176, 177, 178, 179, 180, 181, 182, 183, 184, 185, 186, 187, 188, 189, 190, 191, 192, 193, 194, 195, 196, 197, 198, 199, 200, 201, 202, 203, 204, 205, 206, 207, 208, 209, 210, 211, 212]","[369, 370, 371, 372, 373, 374, 375, 376, 377, 378, 379, 380, 381, 382, 383, 384, 385, 386, 387, 388, 389, 390, 391, 392, 393, 394, 395, 396, 397, 398, 399, 400, 401, 402, 403, 404, 405]",10,52,37,/media/bendico765/Crucial X9/Materiali Tesista/Roi masks/AMBL-583/ROI 0.npy,/media/bendico765/Crucial X9/Materiali Tesista/Cleaned Roi masks/AMBL-583/ROI 0.npy,0.6641,2.0,/media/bendico765/Crucial X9/MRI Lesions/manifest-1728494830954/Advanced-MRI-Breast-Lesions/AMBL-583/01-04-2006-NA-MRI BREASTS - Delayed contrast-14463/500.000000-Registered AX Sen Vibrant MultiPhase-22986,0.7970950019939613,0.7063289710931098,18.106641645019902,25.634856258264744,25.914732060355167,32.785822741087344,35.42212535196046,36.20184057337416,5955.947069446457,20.433415800296448,0.5040880583261388,3152.184299523862,0.5292498846563498,6012.104737920001,127.0,333.0,3.6020804896539937,123.25,2.360702076712915,578.0,65.22377235832838,224.14964788732394,216.0,24.0,554.0,50.246303080333654,237.12889712088077,0.23726393230195708,338061333.88995475,0.08976040564592563,5987.04920175395,89.82875511756333,2184.265384278631,47.49122319993947,29.727536593193197,8.088269404834708,0.5715161494587695,2.0480021861735316,2.5971120331581266,3.4844414333915688,0.47807623414378686,0.41237012388117733,0.986740376592149,0.9262215848763198,-0.128835932697082,0.6815683670297428,0.3730793140464519,9.187573053046737,0.013265623272278664,6.699651999258275,0.6158312374044316,0.030085592745656954,18.375146106093478,4.419584149890517,9.453951499506978,6.987965059301482,704.7526408450705,0.10339680763572043,9.660483256050387,9.682313363750579,99.66490610328638,39.20774647887324,3463.6602112676055,0.7238865579725774,0.01650664671422795,0.11426142152395172,13.640885373357525,0.0017290529741622277,503.44826042735906,0.08911295475693724,9.652267984823148,101.3729700207314,1.8446669989057116,178.6733997583729,0.03136225581821676,0.016215159941057603,4.376547318333878,4159.686297876654,0.7232153286141252,0.8293946370530877,0.32732811380670734,0.8702623424276335,89.3008105528517,0.013927463895965766,65.53896961690884,0.08657723859565238,11.089725311448062,130.29458388375164,2120.3804491413475,137262.1215323646,41.606070920008655,0.014297533753724221,175.7688243064729,0.23219131348279118,0.4934718974203852,66.45341128066447,0.007680938157786658,6.469171431947462,0.11106220657276995,2039.3090992218818,2.877682536634166,0.0013023294390009717,371.90340355246354,0.04795597273798538,0.3435251970627223
85,AMBL-583,2,0.0,-1.0,-1,-1,-1,,-1.0,-1.0,-1.0,-1,/media/bendico765/Crucial X9/MRI Lesions/manifest-1728494830954/Advanced-MRI-Breast-Lesions/AMBL-583/01-04-2006-NA-MRI BREASTS - Delayed contrast-14463/600.000000-Registered Ax T2 FSE-25349,/media/bendico765/Crucial X9/MRI Lesions/manifest-1728494830954/Advanced-MRI-Breast-Lesions/AMBL-583/01-04-2006-NA-MRI BREASTS - Delayed contrast-14463/500.000000-ROI-96917/1-1.dcm,-43.74,L,"[[[0 0 0 ... 0 0 0]
  [0 0 0 ... 0 0 0]
  [0 0 0 ... 0 0 0]
  ...
  [0 0 0 ... 0 0 0]
  [0 0 0 ... 0 0 0]
  [0 0 0 ... 0 0 0]]

 [[0 0 0 ... 0 0 0]
  [0 0 0 ... 0 0 0]
  [0 0 0 ... 0 0 0]
  ...
  [0 0 0 ... 0 0 0]
  [0 0 0 ... 0 0 0]
  [0 0 0 ... 0 0 0]]

 [[0 0 0 ... 0 0 0]
  [0 0 0 ... 0 0 0]
  [0 0 0 ... 0 0 0]
  ...
  [0 0 0 ... 0 0 0]
  [0 0 0 ... 0 0 0]
  [0 0 0 ... 0 0 0]]

 ...

 [[0 0 0 ... 0 0 0]
  [0 0 0 ... 0 0 0]
  [0 0 0 ... 0 0 0]
  ...
  [0 0 0 ... 0 0 0]
  [0 0 0 ... 0 0 0]
  [0 0 0 ... 0 0 0]]

 [[0 0 0 ... 0 0 0]
  [0 0 0 ... 0 0 0]
  [0 0 0 ... 0 0 0]
  ...
  [0 0 0 ... 0 0 0]
  [0 0 0 ... 0 0 0]
  [0 0 0 ... 0 0 0]]

 [[0 0 0 ... 0 0 0]
  [0 0 0 ... 0 0 0]
  [0 0 0 ... 0 0 0]
  ...
  [0 0 0 ... 0 0 0]
  [0 0 0 ... 0 0 0]
  [0 0 0 ... 0 0 0]]]","[75, 76, 77, 78, 79, 80, 81]","[102, 104, 105, 106, 107, 108, 109, 110, 111, 112, 113, 114, 115, 116, 117, 118, 119, 120, 121, 122, 123, 124, 125, 126, 127, 128, 129, 130, 131, 132, 133, 134, 135, 136, 137, 138, 139, 140, 141, 142, 143]","[157, 158, 159, 160, 161, 162, 163, 164, 165, 166, 167, 168, 169, 170, 171, 172, 173, 174, 175, 176, 177, 178, 179, 180, 181, 182, 183, 184, 185, 186, 187, 188, 189, 190, 191, 192, 193, 194, 195, 196]",7,42,40,/media/bendico765/Crucial X9/Materiali Tesista/Roi masks/AMBL-583/ROI 1.npy,/media/bendico765/Crucial X9/Materiali Tesista/Cleaned Roi masks/AMBL-583/ROI 1.npy,0.6641,2.0,/media/bendico765/Crucial X9/MRI Lesions/manifest-1728494830954/Advanced-MRI-Breast-Lesions/AMBL-583/01-04-2006-NA-MRI BREASTS - Delayed contrast-14463/500.000000-Registered AX Sen Vibrant MultiPhase-22986,0.9133639878502892,0.5641774772430234,13.193391325298522,23.385179057077778,24.69472219645323,27.881345548771495,27.63805164840677,29.36063625213187,935.752877617495,21.359180400165624,0.2573673578901734,1797.6484911570858,1.9210718279959225,1078.7564692600001,144.2,418.0,3.754514688539996,144.0,2.8719037663378755,552.0,84.31689430371411,249.30089942763695,214.0,113.0,439.0,60.66402574428846,269.5485748028548,0.9274169143057911,78378598.40315078,0.09033521446732663,10505.495722821446,48.40203707253576,7254.810344266585,327.3510122951081,49.717309700902995,8.382201913234685,0.6995221884795697,2.059925077540177,2.6089917098032753,3.7524111971870604,0.48103505023381427,0.4158637663230521,0.9788676852555913,0.9097262863107415,-0.20657315145250416,0.853574071224749,0.3693654924479797,6.16710567166996,0.01861769043666994,6.509178902326088,0.7323483348743255,0.055091552675590766,12.334211343339923,4.463275004942525,14.524877903534424,6.514229171835029,177.11447260834015,0.1448196832447589,6.400545820800426,16.99722075322468,59.103843008994275,20.406377759607523,712.0817661488144,2.1309071298362654,0.08416831989566266,0.2625336473836278,20.55754064338904,0.020488683102337125,94.93228108159113,0.08661459069355168,17.259437509361472,61.32441855960592,1.4377166007484734,78.83129457668848,0.12498092123106122,0.08281833871261698,4.276268247674402,904.7296093328237,0.8181320253355373,0.8945216680294357,0.1581244925396603,0.919558490834966,57.83853034204971,0.07534391029111788,27.15228426395939,0.06891442706588678,18.229431317477907,77.91878172588832,43.236040609137056,1165.5329949238578,4.629175176701199,0.07846739873582183,128.26395939086294,0.32554304413924606,0.5897500490122657,49.502456770006816,0.04497530476641196,5.995171771088428,0.3221586263286999,33.60084645314231,1.8827457595624653,0.008274101898947768,200.86200774479659,0.1274867976749842,1.437171629597931
86,AMBL-584,0,1.0,1,Moderate to strong,strong,neg,,90,100,10.0,5,/media/bendico765/Crucial X9/MRI Lesions/manifest-1728494830954/Advanced-MRI-Breast-Lesions/AMBL-584/01-10-2006-NA-MRI BREASTS - Delayed contrast-74775/600.000000-Registered Ax T2 FSE-10673,/media/bendico765/Crucial X9/MRI Lesions/manifest-1728494830954/Advanced-MRI-Breast-Lesions/AMBL-584/01-10-2006-NA-MRI BREASTS - Delayed contrast-74775/500.000000-ROI-16506/1-1.dcm,11.62,R,"[[[0 0 0 ... 0 0 0]
  [0 0 0 ... 0 0 0]
  [0 0 0 ... 0 0 0]
  ...
  [0 0 0 ... 0 0 0]
  [0 0 0 ... 0 0 0]
  [0 0 0 ... 0 0 0]]

 [[0 0 0 ... 0 0 0]
  [0 0 0 ... 0 0 0]
  [0 0 0 ... 0 0 0]
  ...
  [0 0 0 ... 0 0 0]
  [0 0 0 ... 0 0 0]
  [0 0 0 ... 0 0 0]]

 [[0 0 0 ... 0 0 0]
  [0 0 0 ... 0 0 0]
  [0 0 0 ... 0 0 0]
  ...
  [0 0 0 ... 0 0 0]
  [0 0 0 ... 0 0 0]
  [0 0 0 ... 0 0 0]]

 ...

 [[0 0 0 ... 0 0 0]
  [0 0 0 ... 0 0 0]
  [0 0 0 ... 0 0 0]
  ...
  [0 0 0 ... 0 0 0]
  [0 0 0 ... 0 0 0]
  [0 0 0 ... 0 0 0]]

 [[0 0 0 ... 0 0 0]
  [0 0 0 ... 0 0 0]
  [0 0 0 ... 0 0 0]
  ...
  [0 0 0 ... 0 0 0]
  [0 0 0 ... 0 0 0]
  [0 0 0 ... 0 0 0]]

 [[0 0 0 ... 0 0 0]
  [0 0 0 ... 0 0 0]
  [0 0 0 ... 0 0 0]
  ...
  [0 0 0 ... 0 0 0]
  [0 0 0 ... 0 0 0]
  [0 0 0 ... 0 0 0]]]","[33, 34, 35, 36, 37, 38, 41, 42, 43, 44, 45, 46, 47, 48, 49, 50, 51]","[195, 196, 197, 198, 199, 200, 201, 202, 203, 204, 205, 206, 207, 208, 209, 210, 211, 212, 213, 214, 215, 216, 217, 218, 219, 220, 221, 222, 223, 224, 225, 226, 227, 228, 229, 230, 231, 232, 233, 234, 235, 236, 237, 238, 239, 240, 241, 242, 243, 244, 245, 246, 247, 248, 249, 250, 251, 252, 253, 254, 255, 256, 257, 258, 259, 260, 261, 262, 263, 264, 265, 266, 267, 268, 269, 270, 271, 272, 273, 274, 275, 276]","[329, 330, 331, 332, 333, 334, 335, 336, 337, 338, 339, 340, 341, 342, 343, 344, 345, 346, 347, 348, 349, 350, 351, 352, 353, 354, 355, 356, 357, 358, 359, 360, 361, 362, 363, 364, 365, 366, 367, 368, 369, 370, 371, 372, 373, 374, 375, 376]",19,82,48,/media/bendico765/Crucial X9/Materiali Tesista/Roi masks/AMBL-584/ROI 0.npy,/media/bendico765/Crucial X9/Materiali Tesista/Cleaned Roi masks/AMBL-584/ROI 0.npy,0.6641,2.0,/media/bendico765/Crucial X9/MRI Lesions/manifest-1728494830954/Advanced-MRI-Breast-Lesions/AMBL-584/01-10-2006-NA-MRI BREASTS - Delayed contrast-74775/500.000000-Registered AX Sen Vibrant MultiPhase-53845,0.5829536331844787,0.33807301515610755,16.604583247039862,49.11537597691014,37.72873342811815,60.32296258051324,43.248158148180146,61.681567284400295,6291.864013063422,28.631986870961427,0.3061197630484578,5384.089960466831,0.8557225568270652,6495.47231368,119.0,338.0,3.6787536176981956,103.0,3.8032624131123582,586.0,67.39970070348254,209.21347093970667,188.0,1.0,585.0,45.091963897849894,226.30418329893635,0.9733977207694612,332656412.9200294,0.09767314955590875,7443.306955959096,83.38697151770128,4564.797294685657,193.8596620425954,32.61163071749458,11.533340682958086,0.4759863484340326,2.392790190053507,2.8497333899239354,5.536672662827438,0.4495977317653996,0.3797768111505088,0.9817377236509367,0.916044659992668,-0.08531618065478656,0.6140200782812937,0.35561927076350874,8.83837397298192,0.015259646698386106,6.908702105620999,0.49288988614843193,0.04453484157560425,17.676747945963847,4.39366155998081,11.036242850113165,6.778810712149484,851.6545355784899,0.11565107761793726,8.346867816507395,11.988811104036522,91.06205866376969,28.682509505703422,1945.7307170016295,0.5651840890838783,0.02038584696187803,0.19803336228685736,24.597671668843702,0.004053643559563423,585.6402162894423,0.09183661237752806,12.706150751411895,94.10295878344833,1.5746378563439418,134.60561123916068,0.03198640375169268,0.0204264691216307,4.360752405080529,4959.077895290149,0.7735092884741135,0.8650190114068441,0.21910148114557867,0.899520812281457,86.65731101340121,0.01839490255812262,105.14993804213135,0.0651486604969835,18.855944500490597,129.1449814126394,1137.171003717472,64260.010532837674,21.316711403506655,0.021231043031050504,560.0470879801735,0.3469932391450889,0.6104419998496443,83.37451365695743,0.012647418008461352,6.257398346425454,0.2191743617599131,1116.3538907545349,3.9267340596125146,0.0011108352378722528,417.44820574694404,0.07044377639020982,0.29309185010996397
87,AMBL-585,0,1.0,-1,pos,pos,pos,,30,100,-1.0,50 to 60,/media/bendico765/Crucial X9/MRI Lesions/manifest-1728494830954/Advanced-MRI-Breast-Lesions/AMBL-585/01-12-2006-NA-MRI BREASTS - Delayed contrast-41589/600.000000-Registered Ax T2 FSE-29653,/media/bendico765/Crucial X9/MRI Lesions/manifest-1728494830954/Advanced-MRI-Breast-Lesions/AMBL-585/01-12-2006-NA-MRI BREASTS - Delayed contrast-41589/500.000000-ROI-05032/1-1.dcm,0.16,R,"[[[0 0 0 ... 0 0 0]
  [0 0 0 ... 0 0 0]
  [0 0 0 ... 0 0 0]
  ...
  [0 0 0 ... 0 0 0]
  [0 0 0 ... 0 0 0]
  [0 0 0 ... 0 0 0]]

 [[0 0 0 ... 0 0 0]
  [0 0 0 ... 0 0 0]
  [0 0 0 ... 0 0 0]
  ...
  [0 0 0 ... 0 0 0]
  [0 0 0 ... 0 0 0]
  [0 0 0 ... 0 0 0]]

 [[0 0 0 ... 0 0 0]
  [0 0 0 ... 0 0 0]
  [0 0 0 ... 0 0 0]
  ...
  [0 0 0 ... 0 0 0]
  [0 0 0 ... 0 0 0]
  [0 0 0 ... 0 0 0]]

 ...

 [[0 0 0 ... 0 0 0]
  [0 0 0 ... 0 0 0]
  [0 0 0 ... 0 0 0]
  ...
  [0 0 0 ... 0 0 0]
  [0 0 0 ... 0 0 0]
  [0 0 0 ... 0 0 0]]

 [[0 0 0 ... 0 0 0]
  [0 0 0 ... 0 0 0]
  [0 0 0 ... 0 0 0]
  ...
  [0 0 0 ... 0 0 0]
  [0 0 0 ... 0 0 0]
  [0 0 0 ... 0 0 0]]

 [[0 0 0 ... 0 0 0]
  [0 0 0 ... 0 0 0]
  [0 0 0 ... 0 0 0]
  ...
  [0 0 0 ... 0 0 0]
  [0 0 0 ... 0 0 0]
  [0 0 0 ... 0 0 0]]]","[56, 57, 58, 59, 60, 61, 62]","[186, 187, 188, 189, 190, 191, 192, 193, 194, 195, 196, 197, 198, 199, 200, 201, 202, 203, 204, 205, 206, 207, 208, 209, 210, 211]","[330, 331, 332, 333, 334, 335, 336, 337, 338, 339, 340, 341, 342, 343, 344, 345, 346, 347]",7,26,18,/media/bendico765/Crucial X9/Materiali Tesista/Roi masks/AMBL-585/ROI 0.npy,/media/bendico765/Crucial X9/Materiali Tesista/Cleaned Roi masks/AMBL-585/ROI 0.npy,0.6641,2.0,/media/bendico765/Crucial X9/MRI Lesions/manifest-1728494830954/Advanced-MRI-Breast-Lesions/AMBL-585/01-12-2006-NA-MRI BREASTS - Delayed contrast-41589/500.000000-Registered AX Sen Vibrant MultiPhase-27345,0.846492407649939,0.7110140590004981,9.703598777867521,13.647548392373945,15.495253499055767,16.72252989980882,17.38116034245125,17.394726337887583,879.962733152499,11.552546097179675,0.5691842722110408,780.2026481286761,0.8866314660094425,902.3449452600001,166.2,379.80000000000007,3.7118861658693723,122.0,2.6751788932376326,475.0,67.68042930487354,264.34897360703815,256.0,10.0,465.0,49.498056147741764,276.92095099275036,-0.0029863325875649264,69196514.41582426,0.0878914965567127,6804.833251634688,120.9116614393719,2575.3050959584502,-6.350217203673945,30.188034586259768,10.959155672088743,0.46611788004687804,2.492950474685701,2.817058444119065,4.361221034999877,0.42463437948384014,0.347445619832485,0.9748915595597243,0.8968576811131239,-0.11976164724504729,0.7214338526991815,0.3320928649779401,10.774941454872122,0.012240393325532737,6.873951909578445,0.5416448819774283,0.043393094494301176,21.549882909744248,4.4258210074604785,10.28679756458713,6.4714263395104465,146.92375366568916,0.14362048256665605,6.054265099199354,11.034828466291904,134.26001955034212,22.360703812316714,2440.887585532747,0.28895537940149224,0.013982579807954702,0.18556057565099587,27.95638700420156,0.0035159517576604246,76.86146462276982,0.08506508570505805,11.333753990331333,136.45478953594204,1.486945479526327,193.5871549701414,0.020464438253780394,0.014117444516682473,4.271736366774858,727.8721986317926,0.8004932111937174,0.8831491089555604,0.1851426308893669,0.9126975636121333,126.06488563354324,0.01299924944460774,16.154545454545456,0.0734297520661157,15.511074380165287,156.47272727272727,129.01363636363635,13061.736363636364,1.552274714453194,0.01814717020971615,54.08181818181818,0.24582644628099173,0.5002678104271003,78.64406054072374,0.01184196423884644,6.064949539476907,0.21505376344086022,107.39113636363635,0.608744702177246,0.007570126122757552,275.6289775374558,0.09830980445441392,1.0312849066963898
88,AMBL-585,1,1.0,3,Moderate to strong,neg,-1,,80.0,0.0,-1.0,-1,/media/bendico765/Crucial X9/MRI Lesions/manifest-1728494830954/Advanced-MRI-Breast-Lesions/AMBL-585/01-12-2006-NA-MRI BREASTS - Delayed contrast-41589/600.000000-Registered Ax T2 FSE-29653,/media/bendico765/Crucial X9/MRI Lesions/manifest-1728494830954/Advanced-MRI-Breast-Lesions/AMBL-585/01-12-2006-NA-MRI BREASTS - Delayed contrast-41589/500.000000-ROI-05032/1-1.dcm,-15.84,R,"[[[0 0 0 ... 0 0 0]
  [0 0 0 ... 0 0 0]
  [0 0 0 ... 0 0 0]
  ...
  [0 0 0 ... 0 0 0]
  [0 0 0 ... 0 0 0]
  [0 0 0 ... 0 0 0]]

 [[0 0 0 ... 0 0 0]
  [0 0 0 ... 0 0 0]
  [0 0 0 ... 0 0 0]
  ...
  [0 0 0 ... 0 0 0]
  [0 0 0 ... 0 0 0]
  [0 0 0 ... 0 0 0]]

 [[0 0 0 ... 0 0 0]
  [0 0 0 ... 0 0 0]
  [0 0 0 ... 0 0 0]
  ...
  [0 0 0 ... 0 0 0]
  [0 0 0 ... 0 0 0]
  [0 0 0 ... 0 0 0]]

 ...

 [[0 0 0 ... 0 0 0]
  [0 0 0 ... 0 0 0]
  [0 0 0 ... 0 0 0]
  ...
  [0 0 0 ... 0 0 0]
  [0 0 0 ... 0 0 0]
  [0 0 0 ... 0 0 0]]

 [[0 0 0 ... 0 0 0]
  [0 0 0 ... 0 0 0]
  [0 0 0 ... 0 0 0]
  ...
  [0 0 0 ... 0 0 0]
  [0 0 0 ... 0 0 0]
  [0 0 0 ... 0 0 0]]

 [[0 0 0 ... 0 0 0]
  [0 0 0 ... 0 0 0]
  [0 0 0 ... 0 0 0]
  ...
  [0 0 0 ... 0 0 0]
  [0 0 0 ... 0 0 0]
  [0 0 0 ... 0 0 0]]]","[64, 65, 66, 67, 68, 69, 70, 71, 72, 73]","[126, 127, 128, 129, 130, 131, 132, 133, 134, 135, 136, 137, 138, 139, 140, 141, 142, 143, 144, 145, 146, 147, 148, 149, 150, 151, 152, 153, 154, 155, 156, 157, 158, 159, 160, 161, 162, 163, 164, 165, 166, 167, 168, 169, 170, 171, 172, 173, 174, 175, 176, 177, 178, 179, 180, 181, 182, 183, 184, 185, 186, 188]","[338, 339, 340, 341, 342, 343, 344, 345, 346, 347, 348, 349, 350, 351, 352, 353, 354, 355, 356, 357, 358, 359, 360, 361, 362, 363, 364, 365, 366, 367, 368, 369, 370, 371, 372, 373, 374, 375]",10,63,38,/media/bendico765/Crucial X9/Materiali Tesista/Roi masks/AMBL-585/ROI 1.npy,/media/bendico765/Crucial X9/Materiali Tesista/Cleaned Roi masks/AMBL-585/ROI 1.npy,0.6641,2.0,/media/bendico765/Crucial X9/MRI Lesions/manifest-1728494830954/Advanced-MRI-Breast-Lesions/AMBL-585/01-12-2006-NA-MRI BREASTS - Delayed contrast-41589/500.000000-Registered AX Sen Vibrant MultiPhase-27345,0.5069827728302592,0.27355687663373884,10.623622276539463,38.83514977678031,25.038075589190157,31.784157080061135,43.37035709617803,44.72839864113178,1965.7389109716887,19.6887519171105,0.2857510563562232,2655.7070687212818,1.3509968459689967,2061.36865794,134.0,413.4000000000001,3.999730246634633,167.0,2.024268486244588,540.0,87.62911024286245,272.97903294822424,274.0,26.0,514.0,68.09233012811102,291.65999161015105,0.07324239075149558,175351460.09582305,0.06634558677185988,10547.99827668569,109.79386528726428,5730.613447289363,61.79331057766486,50.22587321713718,13.860782477470803,0.5665616206549425,2.8335510368235166,2.933890262160517,5.07842939979105,0.39831350357099243,0.31686266809766117,0.9713523962691959,0.8895151753204105,-0.1315187797718264,0.7425330514388047,0.3031996175898236,10.031912247885787,0.007434848980725102,7.385644028435702,0.5979860812163765,0.01610780406560399,20.063824495771566,4.784224514741203,16.021663923651996,6.6326325760879685,399.92939666238766,0.17112939523422666,3.306066443543971,16.951766058434856,125.97860504920838,14.164741121095421,1591.497646555413,0.31051651303604966,0.018257466409198144,0.25604153780781436,34.85563044596318,0.004601901115194502,141.5241135730666,0.06642987730397124,16.838159193366213,126.82578500880855,1.3616470146061854,169.11688501318596,0.025412627375738864,0.01806403562800693,4.433792187246224,1824.5024506300763,0.8484080877333978,0.911721141502913,0.1342270544653278,0.9338879633769885,118.99475164358927,0.016748587372439352,47.71270718232044,0.06590152925734867,17.017558987820887,135.53867403314916,30.82734806629834,3383.0662983425414,0.6439203869992866,0.017932567065409643,216.08287292817678,0.29845700680687404,0.5641918947510387,79.77446051851616,0.010436623044667701,6.3352387797707905,0.30979888746255885,20.408006089557702,1.5712834935807194,0.0035469449181431446,323.21236299952085,0.1503713252936573,0.5202998006653102
89,AMBL-586,0,1.0,2,strong,moderate,neg,,100,40,0.0,15,/media/bendico765/Crucial X9/MRI Lesions/manifest-1728494830954/Advanced-MRI-Breast-Lesions/AMBL-586/01-17-2006-NA-MRI BREASTS - Delayed contrast-25061/600.000000-Registered Ax T2 FSE-09696,/media/bendico765/Crucial X9/MRI Lesions/manifest-1728494830954/Advanced-MRI-Breast-Lesions/AMBL-586/01-17-2006-NA-MRI BREASTS - Delayed contrast-25061/500.000000-ROI-63529/1-1.dcm,-2.12,L,"[[[0 0 0 ... 0 0 0]
  [0 0 0 ... 0 0 0]
  [0 0 0 ... 0 0 0]
  ...
  [0 0 0 ... 0 0 0]
  [0 0 0 ... 0 0 0]
  [0 0 0 ... 0 0 0]]

 [[0 0 0 ... 0 0 0]
  [0 0 0 ... 0 0 0]
  [0 0 0 ... 0 0 0]
  ...
  [0 0 0 ... 0 0 0]
  [0 0 0 ... 0 0 0]
  [0 0 0 ... 0 0 0]]

 [[0 0 0 ... 0 0 0]
  [0 0 0 ... 0 0 0]
  [0 0 0 ... 0 0 0]
  ...
  [0 0 0 ... 0 0 0]
  [0 0 0 ... 0 0 0]
  [0 0 0 ... 0 0 0]]

 ...

 [[0 0 0 ... 0 0 0]
  [0 0 0 ... 0 0 0]
  [0 0 0 ... 0 0 0]
  ...
  [0 0 0 ... 0 0 0]
  [0 0 0 ... 0 0 0]
  [0 0 0 ... 0 0 0]]

 [[0 0 0 ... 0 0 0]
  [0 0 0 ... 0 0 0]
  [0 0 0 ... 0 0 0]
  ...
  [0 0 0 ... 0 0 0]
  [0 0 0 ... 0 0 0]
  [0 0 0 ... 0 0 0]]

 [[0 0 0 ... 0 0 0]
  [0 0 0 ... 0 0 0]
  [0 0 0 ... 0 0 0]
  ...
  [0 0 0 ... 0 0 0]
  [0 0 0 ... 0 0 0]
  [0 0 0 ... 0 0 0]]]","[57, 58, 59, 60, 61, 62, 63, 64, 65, 66]","[191, 192, 193, 194, 195, 196, 197, 198, 199, 200, 201, 202, 203, 204, 205, 206, 207, 208, 209, 210, 211, 212, 213, 214, 215, 216]","[127, 128, 129, 130, 131, 132, 133, 134, 135, 136, 137, 138, 139, 140, 141, 142, 143, 144, 145, 146, 147, 148, 149, 150, 151, 152, 153, 154, 155]",10,26,29,/media/bendico765/Crucial X9/Materiali Tesista/Roi masks/AMBL-586/ROI 0.npy,/media/bendico765/Crucial X9/Materiali Tesista/Cleaned Roi masks/AMBL-586/ROI 0.npy,0.6641,2.0,/media/bendico765/Crucial X9/MRI Lesions/manifest-1728494830954/Advanced-MRI-Breast-Lesions/AMBL-586/01-17-2006-NA-MRI BREASTS - Delayed contrast-25061/500.000000-Registered AX Sen Vibrant MultiPhase-87932,0.8115073475095274,0.7140651388113856,12.786955057604057,17.907266946106475,22.0554221623618,21.78379831181881,19.36167576683382,22.80262783803656,1972.0970763158373,14.5318787005799,0.5771297500654072,1317.7393713135618,0.6681919400110311,1999.6246245400002,30.0,157.4000000000001,2.7330646404758534,48.0,6.374899772807611,321.0,41.1376604818293,78.34980149977945,61.0,-1.0,322.0,22.09591836734694,97.4569385640817,1.8813664594472446,18992144.48692394,0.2118396143902396,3359.163479228352,22.853506725623717,1664.5666811197373,115.30650848674077,14.64088414198692,2.715926294161542,0.6823417209312113,1.032840165749931,1.9361449796331291,1.6174956261661786,0.648117032834208,0.6189319141274298,0.9873415369727253,0.9371893765979954,-0.17310887063037494,0.7471349211450994,0.42781354257760396,4.457559801374274,0.08047944287065088,4.713168104082941,0.6965074095145783,0.1820983595434956,8.91511960274855,3.4310680830600484,4.339202609037116,6.577202511876252,119.44993383325982,0.05269075158061747,32.910876582344365,5.452449161742023,27.089104543449494,116.89148654609616,1740.5897662108514,9.626660283572745,0.07540025499296911,0.08926783022840687,5.086972337721319,0.00449594208958681,260.3812146320255,0.16657097684907665,6.758500903644408,31.87333199481003,3.1909211100827095,67.14719513984376,0.25126457638866906,0.07226982354493235,4.168716634262699,875.4124181572593,0.5552690453513927,0.6859964032438668,0.972405945043342,0.771263463932218,27.636157168914572,0.053557386723971735,21.12727272727273,0.09603305785123967,9.597086776859504,63.086363636363636,4306.622727272727,59134.33181818182,350.5975634286963,0.04898332502000899,66.2909090909091,0.30132231404958676,0.5648436500692018,36.0944042045656,0.024947365457437778,5.573004561651201,0.09704455227172475,4200.439070247934,3.9078152946325324,0.003933707210441031,66.71603576127193,0.0443516023656708,0.4975088877529234
90,AMBL-587,0,1.0,3,neg,neg,neg,1.0,0,0,0.0,-1,/media/bendico765/Crucial X9/MRI Lesions/manifest-1728494830954/Advanced-MRI-Breast-Lesions/AMBL-587/01-21-2006-NA-MRI BREASTS - Delayed contrast-87561/600.000000-Registered Ax T2 FSE-60740,/media/bendico765/Crucial X9/MRI Lesions/manifest-1728494830954/Advanced-MRI-Breast-Lesions/AMBL-587/01-21-2006-NA-MRI BREASTS - Delayed contrast-87561/500.000000-ROI-08179/1-1.dcm,19.88,L,"[[[0 0 0 ... 0 0 0]
  [0 0 0 ... 0 0 0]
  [0 0 0 ... 0 0 0]
  ...
  [0 0 0 ... 0 0 0]
  [0 0 0 ... 0 0 0]
  [0 0 0 ... 0 0 0]]

 [[0 0 0 ... 0 0 0]
  [0 0 0 ... 0 0 0]
  [0 0 0 ... 0 0 0]
  ...
  [0 0 0 ... 0 0 0]
  [0 0 0 ... 0 0 0]
  [0 0 0 ... 0 0 0]]

 [[0 0 0 ... 0 0 0]
  [0 0 0 ... 0 0 0]
  [0 0 0 ... 0 0 0]
  ...
  [0 0 0 ... 0 0 0]
  [0 0 0 ... 0 0 0]
  [0 0 0 ... 0 0 0]]

 ...

 [[0 0 0 ... 0 0 0]
  [0 0 0 ... 0 0 0]
  [0 0 0 ... 0 0 0]
  ...
  [0 0 0 ... 0 0 0]
  [0 0 0 ... 0 0 0]
  [0 0 0 ... 0 0 0]]

 [[0 0 0 ... 0 0 0]
  [0 0 0 ... 0 0 0]
  [0 0 0 ... 0 0 0]
  ...
  [0 0 0 ... 0 0 0]
  [0 0 0 ... 0 0 0]
  [0 0 0 ... 0 0 0]]

 [[0 0 0 ... 0 0 0]
  [0 0 0 ... 0 0 0]
  [0 0 0 ... 0 0 0]
  ...
  [0 0 0 ... 0 0 0]
  [0 0 0 ... 0 0 0]
  [0 0 0 ... 0 0 0]]]","[44, 45, 46, 47, 48, 49, 50, 51, 52, 53, 54, 55, 56, 57, 58, 59, 60, 61, 62, 63, 64, 65, 66, 67, 68]","[138, 139, 140, 141, 142, 143, 144, 145, 146, 147, 148, 149, 150, 151, 152, 153, 154, 155, 156, 157, 158, 159, 160, 161, 162, 163, 164, 165, 166, 167, 168, 169, 170, 171, 172, 173, 174, 175, 176, 177, 178, 179, 180, 181, 182, 183, 184, 185, 186, 187, 188, 189, 190, 191, 192, 193, 194, 195, 196, 197, 198, 199, 200, 201, 202, 203, 204, 205, 206, 207, 208, 209, 210, 211, 212, 213, 214, 215, 216, 217, 218, 219, 220, 221, 222, 223, 224, 225, 226]","[146, 147, 148, 149, 150, 151, 152, 153, 154, 155, 156, 157, 158, 159, 160, 161, 162, 163, 164, 165, 166, 167, 168, 169, 170, 171, 172, 173, 174, 175, 176, 177, 178, 179, 180, 181, 182, 183, 184, 185, 186, 187, 188, 189, 190, 191, 192, 193, 194, 195, 196, 197, 198, 199, 200, 201, 202, 203, 204]",25,89,59,/media/bendico765/Crucial X9/Materiali Tesista/Roi masks/AMBL-587/ROI 0.npy,/media/bendico765/Crucial X9/Materiali Tesista/Cleaned Roi masks/AMBL-587/ROI 0.npy,0.6836,2.0,/media/bendico765/Crucial X9/MRI Lesions/manifest-1728494830954/Advanced-MRI-Breast-Lesions/AMBL-587/01-21-2006-NA-MRI BREASTS - Delayed contrast-87561/500.000000-Registered AX Sen Vibrant MultiPhase-25175,0.47844095574974543,0.3891099868143129,22.710316023366957,58.36477292525658,48.33912358162899,70.73313617364919,43.84109661584664,73.36226769559404,18461.429888933264,27.924097740476626,0.33360450230842137,10125.794551468203,0.5484837638463816,18692.3584,82.0,220.0,3.1208930234574495,75.0,4.767130547187636,445.0,45.723484930000005,142.85445,130.0,-11.0,456.0,30.84269583297622,154.54616834460828,1.1790868136978223,446457973.471105,0.14199249000000003,3477.1242651975003,53.83207818143724,1240.5977447201915,72.20146598558026,16.676434014231056,4.031470415938562,0.6098252965965145,1.3314591592571525,2.1725135850183217,2.1596958010550953,0.5829910654015023,0.5409900354561497,0.9895813308168192,0.9390274569748971,-0.15404289887116493,0.7396239104497196,0.4334982930655229,7.118332083476404,0.03504366902152934,5.65437774557421,0.650386471499494,0.08287362078485733,14.236664166952808,3.898736534551487,5.176976107542407,6.976698998622606,1320.3405,0.066017025,23.242364390000002,5.6584831975,57.99575,81.641,3751.65665,2.2494183650591077,0.02552599064277393,0.09205084570562469,8.273091799900945,0.002038696799537135,1949.0393256639518,0.13059426510787617,6.340338065316538,61.53993528523457,2.5912002539985775,136.67235475223646,0.06844661317793682,0.024963594814527996,4.2733692176420215,9481.648352601322,0.6260183584450139,0.7445423076923077,0.7017860534910931,0.8150994624834709,52.37739142348702,0.02000834292260382,149.8783709411117,0.08248672038586226,11.555043799933907,99.4314804623005,17461.841496973033,694921.5525591634,492.9649238335267,0.021688574131391924,524.5476059438635,0.28868883100928094,0.5539441968588323,58.50720389852315,0.011847738207291295,6.297380610742254,0.09085,17340.6840434725,12.683275052259523,0.0004783015276614412,155.27431030676584,0.03100972805648223,0.0878041729238391
91,AMBL-587,1,0.0,-1,-1,-1,-1,,-1.0,-1.0,-1.0,-1,/media/bendico765/Crucial X9/MRI Lesions/manifest-1728494830954/Advanced-MRI-Breast-Lesions/AMBL-587/01-21-2006-NA-MRI BREASTS - Delayed contrast-87561/600.000000-Registered Ax T2 FSE-60740,/media/bendico765/Crucial X9/MRI Lesions/manifest-1728494830954/Advanced-MRI-Breast-Lesions/AMBL-587/01-21-2006-NA-MRI BREASTS - Delayed contrast-87561/500.000000-ROI-08179/1-1.dcm,-30.12,L,"[[[0 0 0 ... 0 0 0]
  [0 0 0 ... 0 0 0]
  [0 0 0 ... 0 0 0]
  ...
  [0 0 0 ... 0 0 0]
  [0 0 0 ... 0 0 0]
  [0 0 0 ... 0 0 0]]

 [[0 0 0 ... 0 0 0]
  [0 0 0 ... 0 0 0]
  [0 0 0 ... 0 0 0]
  ...
  [0 0 0 ... 0 0 0]
  [0 0 0 ... 0 0 0]
  [0 0 0 ... 0 0 0]]

 [[0 0 0 ... 0 0 0]
  [0 0 0 ... 0 0 0]
  [0 0 0 ... 0 0 0]
  ...
  [0 0 0 ... 0 0 0]
  [0 0 0 ... 0 0 0]
  [0 0 0 ... 0 0 0]]

 ...

 [[0 0 0 ... 0 0 0]
  [0 0 0 ... 0 0 0]
  [0 0 0 ... 0 0 0]
  ...
  [0 0 0 ... 0 0 0]
  [0 0 0 ... 0 0 0]
  [0 0 0 ... 0 0 0]]

 [[0 0 0 ... 0 0 0]
  [0 0 0 ... 0 0 0]
  [0 0 0 ... 0 0 0]
  ...
  [0 0 0 ... 0 0 0]
  [0 0 0 ... 0 0 0]
  [0 0 0 ... 0 0 0]]

 [[0 0 0 ... 0 0 0]
  [0 0 0 ... 0 0 0]
  [0 0 0 ... 0 0 0]
  ...
  [0 0 0 ... 0 0 0]
  [0 0 0 ... 0 0 0]
  [0 0 0 ... 0 0 0]]]","[73, 74, 75, 76]","[194, 195, 196, 197, 198, 199, 200, 201, 202, 203, 204, 205, 206, 207, 208, 209, 211]","[163, 164, 165, 166, 167, 168, 169, 170, 171, 172, 173, 174, 175, 176]",4,18,14,/media/bendico765/Crucial X9/Materiali Tesista/Roi masks/AMBL-587/ROI 1.npy,/media/bendico765/Crucial X9/Materiali Tesista/Cleaned Roi masks/AMBL-587/ROI 1.npy,0.6836,2.0,/media/bendico765/Crucial X9/MRI Lesions/manifest-1728494830954/Advanced-MRI-Breast-Lesions/AMBL-587/01-21-2006-NA-MRI BREASTS - Delayed contrast-87561/500.000000-Registered AX Sen Vibrant MultiPhase-25175,0.6546139026559116,0.5692834257603563,6.378085269996619,11.203707997431701,10.979270657015428,10.522874892347623,14.076185528757428,14.076185528757428,296.27388064000087,7.334103016416013,0.6860153178650148,313.2895354442435,1.0574321798718334,309.35853152,81.0,243.0,3.150043804108286,97.0,2.9161137128368413,362.0,53.70626409032411,148.3595166163142,131.0,47.0,315.0,40.35769894373606,161.55994650345548,0.7884253893854328,8074757.6932592,0.13713821524082476,4091.070143572987,32.095310301504234,1441.1613977015973,93.45129961666711,21.026835032683532,4.913225715854759,0.6197407399729937,1.5631006801019511,2.3253829010656317,2.3797174375680052,0.540738582633515,0.48717240339002676,0.9773554652670664,0.9077815580770479,-0.20977257114427508,0.8479937891561737,0.4033344042208056,5.297174451376334,0.03863422270114078,5.570460320480361,0.6987994478274514,0.1251931918840938,10.594348902752664,3.8471489652565727,6.4850151871345725,6.076257048617315,34.00906344410876,0.10274641523899927,14.804465092505545,6.551108514891247,36.453172205438065,45.47129909365559,873.4924471299094,3.8728396031733396,0.06389576514895745,0.14760975461581918,7.895439838860866,0.009462574177693904,33.63392808775832,0.12287165901689544,6.763914813729684,39.16301095332109,1.7904686295923642,57.8773046489756,0.1226332170103568,0.060994283939842804,3.904476513574067,195.11894474663484,0.7077172165551123,0.8254706019056474,0.29047430611789243,0.8647448966940459,35.8115167557561,0.050758509670161815,6.185185185185185,0.11454046639231824,8.121056241426611,55.833333333333336,209.5,3675.185185185185,17.60061634436026,0.06313949595472856,12.333333333333334,0.22839506172839505,0.48478845584232755,29.438100529681215,0.0380195466911586,5.007396243337526,0.16314199395770393,171.9276406035665,0.5607200622746192,0.02864481705421493,80.45059468239242,0.07020910610611468,2.3357710419306055
92,AMBL-588,0,0.0,-1,-1,-1,-1,,-1,-1,-1.0,-1,/media/bendico765/Crucial X9/MRI Lesions/manifest-1728494830954/Advanced-MRI-Breast-Lesions/AMBL-588/01-27-2006-NA-MRI BREASTS - Delayed contrast-20532/600.000000-Registered Ax T2 FSE-44336,/media/bendico765/Crucial X9/MRI Lesions/manifest-1728494830954/Advanced-MRI-Breast-Lesions/AMBL-588/01-27-2006-NA-MRI BREASTS - Delayed contrast-20532/500.000000-ROI-44526/1-1.dcm,46.22,L,"[[[0 0 0 ... 0 0 0]
  [0 0 0 ... 0 0 0]
  [0 0 0 ... 0 0 0]
  ...
  [0 0 0 ... 0 0 0]
  [0 0 0 ... 0 0 0]
  [0 0 0 ... 0 0 0]]

 [[0 0 0 ... 0 0 0]
  [0 0 0 ... 0 0 0]
  [0 0 0 ... 0 0 0]
  ...
  [0 0 0 ... 0 0 0]
  [0 0 0 ... 0 0 0]
  [0 0 0 ... 0 0 0]]

 [[0 0 0 ... 0 0 0]
  [0 0 0 ... 0 0 0]
  [0 0 0 ... 0 0 0]
  ...
  [0 0 0 ... 0 0 0]
  [0 0 0 ... 0 0 0]
  [0 0 0 ... 0 0 0]]

 ...

 [[0 0 0 ... 0 0 0]
  [0 0 0 ... 0 0 0]
  [0 0 0 ... 0 0 0]
  ...
  [0 0 0 ... 0 0 0]
  [0 0 0 ... 0 0 0]
  [0 0 0 ... 0 0 0]]

 [[0 0 0 ... 0 0 0]
  [0 0 0 ... 0 0 0]
  [0 0 0 ... 0 0 0]
  ...
  [0 0 0 ... 0 0 0]
  [0 0 0 ... 0 0 0]
  [0 0 0 ... 0 0 0]]

 [[0 0 0 ... 0 0 0]
  [0 0 0 ... 0 0 0]
  [0 0 0 ... 0 0 0]
  ...
  [0 0 0 ... 0 0 0]
  [0 0 0 ... 0 0 0]
  [0 0 0 ... 0 0 0]]]","[24, 25, 26, 27, 28, 29, 30, 31, 32, 33, 34]","[248, 249, 250, 251, 252, 253, 254, 255, 256, 257, 258, 259, 260, 261, 262, 263, 264, 265, 266, 267, 268, 269, 270, 271, 272, 273, 274, 275, 276, 277, 278, 279, 280, 281, 282, 283, 284, 285, 286, 287, 288, 289, 290]","[112, 113, 114, 115, 116, 117, 118, 119, 120, 121, 122, 123, 124, 125, 126, 127, 128, 129, 130, 131, 132, 133, 134, 135, 136, 137, 138, 139, 140, 141, 142, 143, 144, 145, 146, 147, 148, 149, 150, 151, 152, 153, 154, 155, 156, 157, 158, 159, 160, 161, 162, 163, 164, 165, 166, 167, 168, 169, 170, 171, 173]",11,43,62,/media/bendico765/Crucial X9/Materiali Tesista/Roi masks/AMBL-588/ROI 0.npy,/media/bendico765/Crucial X9/Materiali Tesista/Cleaned Roi masks/AMBL-588/ROI 0.npy,0.7227,2.0,/media/bendico765/Crucial X9/MRI Lesions/manifest-1728494830954/Advanced-MRI-Breast-Lesions/AMBL-588/01-27-2006-NA-MRI BREASTS - Delayed contrast-20532/500.000000-Registered AX Sen Vibrant MultiPhase-58212,0.6501344726328809,0.5038496885134227,19.737290487374146,39.17297348264281,41.96428666807051,30.183145164313142,47.114275782399545,47.114275782399545,3819.806603415021,25.46770045659981,0.20404742660460903,5791.360317414881,1.5161396684945339,4135.53410622,48.0,268.0,3.5782893719208184,124.0,2.6356588410475807,411.0,69.4473871198476,137.31750442030815,116.0,-14.0,425.0,51.5989147498295,160.77689322882253,0.7395820982651186,106900287.0772716,0.09887422105885657,6993.1123760908495,55.14796453725581,3587.6149194938107,167.40898120934725,35.89971097334532,8.460948529918083,0.6185917475920382,2.0977045281331494,2.664452002108743,3.805969133052451,0.4721680932209073,0.40586450513256495,0.9763694182648839,0.9037128479139945,-0.12979433729163653,0.7390563959477569,0.37372825334292525,6.948925846531882,0.016282667645267607,6.6753099247448295,0.6467562489662728,0.05990574785736046,13.897851693063766,4.396974280475574,11.090164875815853,6.528795515475698,533.972972972973,0.13487571936675247,6.533887221514843,11.282770524677643,60.442030815862594,22.767112907299822,1002.9664056579944,1.1150641125259775,0.04166470203517639,0.21799402348541155,15.800713224293046,0.00874630241936722,332.79232661955797,0.0950764055420775,11.333775478641947,61.95458379734137,1.4809707841250745,84.96859290830004,0.06369736800610504,0.04104261949648948,4.16098155150277,2825.1858276187986,0.8015281912186626,0.8834981638719956,0.17915690886254187,0.9126113172845687,57.482654036837815,0.037083515678064574,82.30186823992133,0.08092612412971616,11.632224649010093,74.62930186823992,176.83677482792527,5071.679449360865,10.059304644766938,0.039448866492458025,316.5614552605703,0.31126986751285185,0.5772319784696711,44.222476371376196,0.023937473863482692,6.091514309841157,0.25688305127557465,161.68271150519826,5.1907496775150435,0.0020913389023293045,196.3002064329218,0.10465434825735953,0.28444344980654657
93,AMBL-591,0,1.0,2,weak,neg,neg,,2 to 3,0,0.0,70,/media/bendico765/Crucial X9/MRI Lesions/manifest-1728494830954/Advanced-MRI-Breast-Lesions/AMBL-591/02-08-2006-NA-MRI BREASTS - Delayed contrast-86630/600.000000-Registered Ax T2 FSE-23168,/media/bendico765/Crucial X9/MRI Lesions/manifest-1728494830954/Advanced-MRI-Breast-Lesions/AMBL-591/02-08-2006-NA-MRI BREASTS - Delayed contrast-86630/500.000000-ROI-17032/1-1.dcm,22.3,R,"[[[0 0 0 ... 0 0 0]
  [0 0 0 ... 0 0 0]
  [0 0 0 ... 0 0 0]
  ...
  [0 0 0 ... 0 0 0]
  [0 0 0 ... 0 0 0]
  [0 0 0 ... 0 0 0]]

 [[0 0 0 ... 0 0 0]
  [0 0 0 ... 0 0 0]
  [0 0 0 ... 0 0 0]
  ...
  [0 0 0 ... 0 0 0]
  [0 0 0 ... 0 0 0]
  [0 0 0 ... 0 0 0]]

 [[0 0 0 ... 0 0 0]
  [0 0 0 ... 0 0 0]
  [0 0 0 ... 0 0 0]
  ...
  [0 0 0 ... 0 0 0]
  [0 0 0 ... 0 0 0]
  [0 0 0 ... 0 0 0]]

 ...

 [[0 0 0 ... 0 0 0]
  [0 0 0 ... 0 0 0]
  [0 0 0 ... 0 0 0]
  ...
  [0 0 0 ... 0 0 0]
  [0 0 0 ... 0 0 0]
  [0 0 0 ... 0 0 0]]

 [[0 0 0 ... 0 0 0]
  [0 0 0 ... 0 0 0]
  [0 0 0 ... 0 0 0]
  ...
  [0 0 0 ... 0 0 0]
  [0 0 0 ... 0 0 0]
  [0 0 0 ... 0 0 0]]

 [[0 0 0 ... 0 0 0]
  [0 0 0 ... 0 0 0]
  [0 0 0 ... 0 0 0]
  ...
  [0 0 0 ... 0 0 0]
  [0 0 0 ... 0 0 0]
  [0 0 0 ... 0 0 0]]]","[42, 43, 44, 45, 46, 47, 48, 49, 50, 51]","[185, 186, 187, 188, 189, 190, 191, 192, 193, 194, 195, 196, 197, 198, 199, 200, 201, 202, 203, 204, 205, 206, 207, 208, 209, 210, 211, 212, 213, 214, 215, 216, 217, 218, 219, 220, 221, 222, 223, 224, 225, 226, 227, 228, 229, 230, 231, 232, 233, 234]","[373, 374, 375, 376, 377, 378, 379, 380, 381, 382, 383, 384, 385, 386, 387, 388, 389, 390, 391, 392, 393, 394, 395, 396, 397, 398, 399, 400, 401, 402, 403, 404, 405, 406]",10,50,34,/media/bendico765/Crucial X9/Materiali Tesista/Roi masks/AMBL-591/ROI 0.npy,/media/bendico765/Crucial X9/Materiali Tesista/Cleaned Roi masks/AMBL-591/ROI 0.npy,0.6641,2.0,/media/bendico765/Crucial X9/MRI Lesions/manifest-1728494830954/Advanced-MRI-Breast-Lesions/AMBL-591/02-08-2006-NA-MRI BREASTS - Delayed contrast-86630/500.000000-Registered AX Sen Vibrant MultiPhase-07229,0.787833338169844,0.5843408243322238,14.780132680529455,25.29368489257956,24.896358898642188,35.45725542057648,32.56799484232948,38.49859289714366,4291.100064097466,19.927208203537106,0.4084854869161796,3126.2227656887094,0.72853644030467,4407.641927140001,166.0,427.0,3.9869060995399503,158.0,2.5167971601284793,653.0,84.16313474296305,284.13908345007,268.0,16.0,637.0,63.34162966466453,301.51746992637504,0.3700024271395979,400711001.4280797,0.07177158005830114,10177.765926956614,139.88247986296452,6323.866558145687,144.63586196040603,48.181784160759214,9.376654689283374,0.6696845154622744,2.20525899755095,2.7500452669894795,4.325693391250053,0.46442946621932474,0.3968915647047974,0.987778004265633,0.9289994964061818,-0.15239506213716933,0.8063322029259794,0.36387007068579647,11.408988323833963,0.01112504132816114,7.156072153256919,0.7163561006583878,0.036295921610762706,22.81797664766792,4.7634330011972175,14.389609712510644,7.215339174906103,540.5429257554533,0.10817348924463743,12.82164327613979,16.384333381698017,157.58835301180707,37.609965979587756,3980.9235541324797,0.4989409129131113,0.011718301884535128,0.182676044449035,37.14953462632888,0.0017131526090307387,292.10029914906323,0.06898791992925005,16.7454224874307,164.33870384133778,1.696449736107635,245.01790840714742,0.020605415089663674,0.01149953792915968,4.699884781944175,3215.8747138062777,0.7559706807632078,0.8469697202937148,0.2852647518971053,0.8909057818703622,150.44291818872617,0.010120038390159607,66.38461538461539,0.06631829708752786,18.515266950831386,210.00999000999002,619.6473526473526,53932.98801198801,8.32239047058492,0.010024639632946076,317.9250749250749,0.3176074674576173,0.583369506031509,127.40834655608622,0.0047219625546944385,6.368930608552602,0.20032019211526916,594.727208855081,1.47624131218347,0.0020856015174970763,461.19880906790615,0.06872585165666431,0.5984381753568276
94,AMBL-593,0,1.0,2,strong,strong,neg,,100,80,10.0,10 to 20,/media/bendico765/Crucial X9/MRI Lesions/manifest-1728494830954/Advanced-MRI-Breast-Lesions/AMBL-593/03-29-2006-NA-MRI BREASTS - Delayed contrast-39811/600.000000-Registered Ax T2 FSE-88480,/media/bendico765/Crucial X9/MRI Lesions/manifest-1728494830954/Advanced-MRI-Breast-Lesions/AMBL-593/03-29-2006-NA-MRI BREASTS - Delayed contrast-39811/500.000000-ROI-81727/1-1.dcm,-3.06,R,"[[[0 0 0 ... 0 0 0]
  [0 0 0 ... 0 0 0]
  [0 0 0 ... 0 0 0]
  ...
  [0 0 0 ... 0 0 0]
  [0 0 0 ... 0 0 0]
  [0 0 0 ... 0 0 0]]

 [[0 0 0 ... 0 0 0]
  [0 0 0 ... 0 0 0]
  [0 0 0 ... 0 0 0]
  ...
  [0 0 0 ... 0 0 0]
  [0 0 0 ... 0 0 0]
  [0 0 0 ... 0 0 0]]

 [[0 0 0 ... 0 0 0]
  [0 0 0 ... 0 0 0]
  [0 0 0 ... 0 0 0]
  ...
  [0 0 0 ... 0 0 0]
  [0 0 0 ... 0 0 0]
  [0 0 0 ... 0 0 0]]

 ...

 [[0 0 0 ... 0 0 0]
  [0 0 0 ... 0 0 0]
  [0 0 0 ... 0 0 0]
  ...
  [0 0 0 ... 0 0 0]
  [0 0 0 ... 0 0 0]
  [0 0 0 ... 0 0 0]]

 [[0 0 0 ... 0 0 0]
  [0 0 0 ... 0 0 0]
  [0 0 0 ... 0 0 0]
  ...
  [0 0 0 ... 0 0 0]
  [0 0 0 ... 0 0 0]
  [0 0 0 ... 0 0 0]]

 [[0 0 0 ... 0 0 0]
  [0 0 0 ... 0 0 0]
  [0 0 0 ... 0 0 0]
  ...
  [0 0 0 ... 0 0 0]
  [0 0 0 ... 0 0 0]
  [0 0 0 ... 0 0 0]]]","[31, 32, 33, 34, 35, 36, 37, 38, 39, 41, 42, 43, 45, 46, 47]","[243, 244, 245, 246, 247, 248, 249, 250, 251, 252, 253, 254, 255, 256, 257, 258, 259, 260, 261, 262, 263, 264, 265, 266, 267, 268, 269, 270, 271, 272, 273, 274, 275, 276, 277, 278, 279, 280, 281]","[381, 382, 383, 384, 385, 386, 387, 388, 389, 390, 391, 392, 393, 394, 395, 396, 397, 398, 399, 400, 401, 402, 403, 404, 405, 406, 407, 408, 409, 410, 411, 412, 413, 414, 415, 416, 417, 418, 419]",17,39,39,/media/bendico765/Crucial X9/Materiali Tesista/Roi masks/AMBL-593/ROI 0.npy,/media/bendico765/Crucial X9/Materiali Tesista/Cleaned Roi masks/AMBL-593/ROI 0.npy,0.6641,2.0,/media/bendico765/Crucial X9/MRI Lesions/manifest-1728494830954/Advanced-MRI-Breast-Lesions/AMBL-593/03-29-2006-NA-MRI BREASTS - Delayed contrast-39811/500.000000-Registered AX Sen Vibrant MultiPhase-54210,0.4455918674282132,0.2069219324920322,9.737225882282184,47.05748571460461,41.56408711568197,31.62006777997163,19.978265016011775,42.823606585270234,2378.799143937465,20.968432936047133,0.44555467511529523,1934.1417599156255,0.8130748511680442,2455.6484140800003,92.0,362.0,3.870808875461455,134.0,2.786627328163174,536.0,80.25232857709076,204.0344827586207,182.0,13.0,523.0,57.461948627234605,227.00673600061998,0.7378749474941464,126544616.96770501,0.08009386560311799,9901.988035077286,83.87255562990688,7974.79461257672,284.71705499456726,52.55684947156455,9.118161144412742,0.7033298444693065,2.0718927018642397,2.671297981518811,4.640598876483311,0.4822260041968454,0.41991487278485745,0.9829318234631679,0.9205513715044381,-0.17578465423222617,0.8408924214882917,0.3912483945095261,8.544400680378654,0.012494619057905903,6.998747768103099,0.7165551958327783,0.030618454383841493,17.088801360757312,4.726188029924776,15.418752653994321,7.083234207870275,306.42241379310343,0.11006552219579865,9.534655647212313,15.927516716004424,91.33153735632185,32.6257183908046,2159.618893678161,0.9956111088292547,0.02716639807976046,0.17567166533882608,20.90152714225446,0.004237591747670904,184.01187974719778,0.07736946868075743,16.387499965291845,94.67665706225279,1.637644120297877,139.7674418539352,0.04577682398410701,0.02672232162355715,4.5722985419598015,1809.6720530935659,0.7549420617727403,0.8536416887709992,0.2387606709048664,0.8894178126911854,86.42962187117291,0.023458870557682168,35.050632911392405,0.06338269965893745,19.374308800591223,125.09584086799276,240.46654611211574,12700.786618444847,7.662169560024659,0.0247154736678936,165.42314647377938,0.29913769705927556,0.5653446055873056,72.48428876238086,0.013536811936054337,6.364609459181441,0.19863505747126436,215.12178516655823,1.7023821790326286,0.0037442028184175307,278.1239782820987,0.09495401633046396,0.7357518944438963
95,AMBL-594,0,1.0,2,moderate ,strong,neg,,90,2 to 3,10.0,30 to 40,/media/bendico765/Crucial X9/MRI Lesions/manifest-1728494830954/Advanced-MRI-Breast-Lesions/AMBL-594/04-06-2006-NA-MRI BREASTS - Delayed contrast-78882/600.000000-Registered Ax T2 FSE-82517,/media/bendico765/Crucial X9/MRI Lesions/manifest-1728494830954/Advanced-MRI-Breast-Lesions/AMBL-594/04-06-2006-NA-MRI BREASTS - Delayed contrast-78882/500.000000-ROI-49419/1-1.dcm,31.23,R,"[[[0 0 0 ... 0 0 0]
  [0 0 0 ... 0 0 0]
  [0 0 0 ... 0 0 0]
  ...
  [0 0 0 ... 0 0 0]
  [0 0 0 ... 0 0 0]
  [0 0 0 ... 0 0 0]]

 [[0 0 0 ... 0 0 0]
  [0 0 0 ... 0 0 0]
  [0 0 0 ... 0 0 0]
  ...
  [0 0 0 ... 0 0 0]
  [0 0 0 ... 0 0 0]
  [0 0 0 ... 0 0 0]]

 [[0 0 0 ... 0 0 0]
  [0 0 0 ... 0 0 0]
  [0 0 0 ... 0 0 0]
  ...
  [0 0 0 ... 0 0 0]
  [0 0 0 ... 0 0 0]
  [0 0 0 ... 0 0 0]]

 ...

 [[0 0 0 ... 0 0 0]
  [0 0 0 ... 0 0 0]
  [0 0 0 ... 0 0 0]
  ...
  [0 0 0 ... 0 0 0]
  [0 0 0 ... 0 0 0]
  [0 0 0 ... 0 0 0]]

 [[0 0 0 ... 0 0 0]
  [0 0 0 ... 0 0 0]
  [0 0 0 ... 0 0 0]
  ...
  [0 0 0 ... 0 0 0]
  [0 0 0 ... 0 0 0]
  [0 0 0 ... 0 0 0]]

 [[0 0 0 ... 0 0 0]
  [0 0 0 ... 0 0 0]
  [0 0 0 ... 0 0 0]
  ...
  [0 0 0 ... 0 0 0]
  [0 0 0 ... 0 0 0]
  [0 0 0 ... 0 0 0]]]","[40, 41, 42, 43, 44, 45, 46, 47, 48, 49, 50, 51, 52, 53]","[233, 234, 235, 236, 237, 238, 239, 240, 241, 242, 243, 244, 245, 246, 247, 248, 249, 250, 251, 252, 253, 254, 255, 256, 257, 258, 259, 260, 261, 262, 263, 264, 265, 266, 267, 268, 269, 270, 271]","[377, 378, 379, 380, 381, 382, 383, 384, 385, 386, 387, 388, 389, 390, 391, 392, 393, 394, 395, 396, 397, 398, 399, 400, 401, 402, 403, 404, 405, 406, 407]",14,39,31,/media/bendico765/Crucial X9/Materiali Tesista/Roi masks/AMBL-594/ROI 0.npy,/media/bendico765/Crucial X9/Materiali Tesista/Cleaned Roi masks/AMBL-594/ROI 0.npy,0.7031,2.0,/media/bendico765/Crucial X9/MRI Lesions/manifest-1728494830954/Advanced-MRI-Breast-Lesions/AMBL-594/04-06-2006-NA-MRI BREASTS - Delayed contrast-78882/500.000000-Registered AX Sen Vibrant MultiPhase-79560,0.6243504759855489,0.5550658079411245,16.582220636354133,29.87433273517904,30.444491082788687,34.228206120683566,27.45693273564984,34.66591150467559,4651.33548048997,18.6520538629597,0.4493148081770372,2999.0600988882734,0.6447739818957013,4738.835361459999,161.0,314.0,3.3049923288514935,84.0,2.8765792697456445,425.0,48.687724626579836,233.8443563530148,229.0,6.0,419.0,34.975463293102706,241.4415068952014,0.05315579096573281,276245674.4931445,0.11771352347286136,3610.818253669799,96.09299178792473,817.3652722719983,8.911548363611542,16.34320344962898,5.637251291779323,0.48444121604298146,1.749106895937414,2.4407692847425517,2.4793519767018513,0.4996170544589112,0.4378763209657277,0.9837013615925534,0.9169727693027477,-0.08874557041623861,0.6149799564646906,0.40556076816364073,9.665134459052386,0.02058962652837359,6.213475009961637,0.4981670344493575,0.05570265082142471,19.33026891810477,4.030602702247296,5.495113685352077,6.644431136871632,486.0853327769664,0.10141567552200426,10.900430939149079,5.845267254401054,103.31608595868975,39.868766951804716,3610.0283747131234,0.5163859315879544,0.013270358146107854,0.13367234949910015,15.587371482754083,0.0021276660575564295,449.91855315091203,0.11287348745730971,6.168615867982605,105.0370459216487,1.7744396021401316,177.4630508354339,0.023309128648256475,0.013356913661802463,4.100898438149465,2904.5621494542606,0.7245659898602897,0.8314529201238986,0.3078060897576191,0.8745082687712269,92.9352215026594,0.011741742031439685,54.1904,0.08670464,10.911216640000001,120.44,2345.1504,204175.9808,28.87530794197325,0.016684822819724797,196.0016,0.31360256,0.5788775298038612,71.0793675639861,0.010457342334383854,5.9227188527953905,0.13039849780930524,2286.33990656,2.7456282616622367,0.0017855374410445026,164.82693389655046,0.04564264869169703,0.20684472785974936
96,AMBL-594,1,0.0,-1,-1,-1,-1,,-1.0,-1.0,-1.0,-1,/media/bendico765/Crucial X9/MRI Lesions/manifest-1728494830954/Advanced-MRI-Breast-Lesions/AMBL-594/04-06-2006-NA-MRI BREASTS - Delayed contrast-78882/600.000000-Registered Ax T2 FSE-82517,/media/bendico765/Crucial X9/MRI Lesions/manifest-1728494830954/Advanced-MRI-Breast-Lesions/AMBL-594/04-06-2006-NA-MRI BREASTS - Delayed contrast-78882/500.000000-ROI-49419/1-1.dcm,1.23,R,"[[[0 0 0 ... 0 0 0]
  [0 0 0 ... 0 0 0]
  [0 0 0 ... 0 0 0]
  ...
  [0 0 0 ... 0 0 0]
  [0 0 0 ... 0 0 0]
  [0 0 0 ... 0 0 0]]

 [[0 0 0 ... 0 0 0]
  [0 0 0 ... 0 0 0]
  [0 0 0 ... 0 0 0]
  ...
  [0 0 0 ... 0 0 0]
  [0 0 0 ... 0 0 0]
  [0 0 0 ... 0 0 0]]

 [[0 0 0 ... 0 0 0]
  [0 0 0 ... 0 0 0]
  [0 0 0 ... 0 0 0]
  ...
  [0 0 0 ... 0 0 0]
  [0 0 0 ... 0 0 0]
  [0 0 0 ... 0 0 0]]

 ...

 [[0 0 0 ... 0 0 0]
  [0 0 0 ... 0 0 0]
  [0 0 0 ... 0 0 0]
  ...
  [0 0 0 ... 0 0 0]
  [0 0 0 ... 0 0 0]
  [0 0 0 ... 0 0 0]]

 [[0 0 0 ... 0 0 0]
  [0 0 0 ... 0 0 0]
  [0 0 0 ... 0 0 0]
  ...
  [0 0 0 ... 0 0 0]
  [0 0 0 ... 0 0 0]
  [0 0 0 ... 0 0 0]]

 [[0 0 0 ... 0 0 0]
  [0 0 0 ... 0 0 0]
  [0 0 0 ... 0 0 0]
  ...
  [0 0 0 ... 0 0 0]
  [0 0 0 ... 0 0 0]
  [0 0 0 ... 0 0 0]]]","[50, 51, 52, 53, 54, 55, 56, 57, 58, 59, 60, 61, 62]","[189, 190, 191, 192, 193, 194, 195, 196, 197, 198, 199, 200, 201, 202, 203, 204, 205, 206, 207, 208, 209, 210, 211, 212, 213, 214, 215, 216, 217, 218, 219, 220, 221, 222, 223, 224, 225, 226, 227, 228, 229, 230, 231, 232, 233, 234, 235, 236, 237, 238, 239, 240, 241, 242, 243, 244, 245, 246, 247, 248, 249, 250, 251, 252, 253, 254, 255, 256, 257, 258, 259, 260, 261, 262, 263, 264, 265, 266, 267, 268, 269, 270, 271, 272, 273, 274, 275, 276]","[367, 369, 370, 371, 372, 373, 374, 375, 376, 377, 378, 379, 380, 381, 382, 383, 384, 385, 386, 387, 388, 389, 390, 391, 392, 393, 394, 395, 396, 397, 398, 399, 400, 401, 402, 403]",13,88,37,/media/bendico765/Crucial X9/Materiali Tesista/Roi masks/AMBL-594/ROI 1.npy,/media/bendico765/Crucial X9/Materiali Tesista/Cleaned Roi masks/AMBL-594/ROI 1.npy,0.7031,2.0,/media/bendico765/Crucial X9/MRI Lesions/manifest-1728494830954/Advanced-MRI-Breast-Lesions/AMBL-594/04-06-2006-NA-MRI BREASTS - Delayed contrast-78882/500.000000-Registered AX Sen Vibrant MultiPhase-79560,0.5095792461276214,0.3685601867570795,18.518541505901755,50.2456374055059,29.23115134937384,59.599755437082116,62.5442920171777,62.70793967473337,6811.602080389211,25.604134030299512,0.2057363600413284,8446.418299547515,1.2400046567407372,7055.357633919999,118.0,288.0,3.373403008219551,93.25,2.6589617039732136,428.0,52.87405534874017,194.45375560538116,186.0,13.0,415.0,38.48855986025766,204.92697280156742,0.44258181379690026,296290196.66071314,0.10988023839208509,4182.801112577043,68.53714999217847,1094.6608549534174,46.607948700472065,19.601021382594947,6.039406756646822,0.5274027234504102,1.839381298987986,2.4777129564478337,2.5320129453305547,0.48353661050399005,0.4174266320424641,0.9825563311238927,0.9129391328948853,-0.09296546253354752,0.6307952312445905,0.3945341164741402,8.071228075925207,0.01747582328204665,6.342629650399289,0.5430723372053594,0.04094691593377861,16.142456151850414,4.119898379716553,6.410107034810442,6.450478029021693,910.9041479820628,0.12764912387641014,6.935367190170725,6.764158909256922,75.64531950672645,25.56446188340807,1528.7142656950673,0.5732446857887831,0.020259501158375545,0.1829746878147956,16.696653816960346,0.0035904912892122088,667.6390935015438,0.10722228728975332,6.944711508457124,77.30372252845164,1.520185610464801,110.32231162381719,0.0313761663120824,0.02006065055687559,4.006468091891413,4895.897813538054,0.7819400899110364,0.8724560193170061,0.1909982439999943,0.9038906053283751,70.9646150400098,0.018004714472611504,134.10721510451788,0.09042967977378144,9.121856199890056,93.33310856372219,355.01281186783547,18098.250168577208,8.02015915723149,0.019843144591308207,413.1915037086986,0.2786186808554947,0.5430275291835323,53.00382000341245,0.010876154244129738,6.169025523967961,0.2078195067264574,331.85873980181776,5.367841939703511,0.0011973260609626278,171.29230732835921,0.054518246980485754,0.14368408636992985
97,AMBL-596,0,1.0,2,strong,moderate,neg,,100,15,0.0,30 to 40,/media/bendico765/Crucial X9/MRI Lesions/manifest-1728494830954/Advanced-MRI-Breast-Lesions/AMBL-596/04-28-2006-NA-MRI BREASTS - Delayed contrast-79133/600.000000-Registered Ax T2 FSE-28383,/media/bendico765/Crucial X9/MRI Lesions/manifest-1728494830954/Advanced-MRI-Breast-Lesions/AMBL-596/04-28-2006-NA-MRI BREASTS - Delayed contrast-79133/500.000000-ROI-31894/1-1.dcm,-20.61,R,"[[[0 0 0 ... 0 0 0]
  [0 0 0 ... 0 0 0]
  [0 0 0 ... 0 0 0]
  ...
  [0 0 0 ... 0 0 0]
  [0 0 0 ... 0 0 0]
  [0 0 0 ... 0 0 0]]

 [[0 0 0 ... 0 0 0]
  [0 0 0 ... 0 0 0]
  [0 0 0 ... 0 0 0]
  ...
  [0 0 0 ... 0 0 0]
  [0 0 0 ... 0 0 0]
  [0 0 0 ... 0 0 0]]

 [[0 0 0 ... 0 0 0]
  [0 0 0 ... 0 0 0]
  [0 0 0 ... 0 0 0]
  ...
  [0 0 0 ... 0 0 0]
  [0 0 0 ... 0 0 0]
  [0 0 0 ... 0 0 0]]

 ...

 [[0 0 0 ... 0 0 0]
  [0 0 0 ... 0 0 0]
  [0 0 0 ... 0 0 0]
  ...
  [0 0 0 ... 0 0 0]
  [0 0 0 ... 0 0 0]
  [0 0 0 ... 0 0 0]]

 [[0 0 0 ... 0 0 0]
  [0 0 0 ... 0 0 0]
  [0 0 0 ... 0 0 0]
  ...
  [0 0 0 ... 0 0 0]
  [0 0 0 ... 0 0 0]
  [0 0 0 ... 0 0 0]]

 [[0 0 0 ... 0 0 0]
  [0 0 0 ... 0 0 0]
  [0 0 0 ... 0 0 0]
  ...
  [0 0 0 ... 0 0 0]
  [0 0 0 ... 0 0 0]
  [0 0 0 ... 0 0 0]]]","[73, 74, 75, 76, 77, 78, 79, 80, 81, 82, 83, 84, 85, 86, 87, 88, 89]","[67, 68, 69, 70, 71, 72, 73, 74, 75, 76, 77, 78, 79, 80, 81, 82, 83, 84, 85, 86, 87, 88, 89, 90, 91, 92, 93, 94, 95, 96, 97, 98, 99, 100, 101, 102, 103, 104, 105, 106, 107, 108, 109, 110, 111, 112, 113, 114, 115, 116, 117, 118, 119, 120, 121, 122, 123, 124, 125, 126, 127, 128, 129, 130, 131, 132, 133, 134, 135, 136, 137, 138, 139, 140, 141, 142, 143, 144, 145, 146, 147, 148]","[359, 360, 361, 362, 363, 364, 365, 366, 367, 368, 369, 370, 371, 372, 373, 374, 375, 376, 377, 378, 379, 380, 381, 382, 383, 384, 385, 386, 387, 388, 389, 390, 391, 392, 393, 394, 395, 396, 397, 398, 399, 400, 401, 402, 403, 404, 405, 406, 407, 408, 409, 410, 411, 412, 413, 414, 415, 416, 417, 418, 419, 420, 421, 422, 423, 424, 427]",17,82,69,/media/bendico765/Crucial X9/Materiali Tesista/Roi masks/AMBL-596/ROI 0.npy,/media/bendico765/Crucial X9/Materiali Tesista/Cleaned Roi masks/AMBL-596/ROI 0.npy,0.6836,2.0,/media/bendico765/Crucial X9/MRI Lesions/manifest-1728494830954/Advanced-MRI-Breast-Lesions/AMBL-596/04-28-2006-NA-MRI BREASTS - Delayed contrast-79133/500.000000-Registered AX Sen Vibrant MultiPhase-29958,0.6283281433448341,0.5391106080490666,26.428353898821964,49.02213665292339,44.030363697793824,46.04710243044615,62.02704787171481,63.89794381543118,26270.357322601314,30.801988105928093,0.5157627836171513,8285.997094518843,0.31541242445873047,26363.70228736,61.0,151.0,2.278858481871608,37.0,4.435999236859736,328.0,27.007725167132165,94.0255246738514,83.0,12.0,316.0,17.383592127870422,100.38389973288244,1.3067351668722096,265665111.9829907,0.26056959449035755,1236.1280353883587,18.651752031635233,177.53297461508166,19.834188868637856,6.097522687777489,0.9903427037375164,0.7170800480660121,0.5960043156984298,1.4516064356763194,0.6204657011180548,0.7545007982610817,0.7398279544009713,0.9950958348736487,0.9618202915925618,-0.24816898526217532,0.7952892238228648,0.36462828950900317,4.168238374041442,0.13190596294141904,3.8141893910227935,0.7266883445466188,0.2378711432031548,8.336476748082882,2.997546189937241,1.771966347878752,6.571067483615985,1098.6634997163926,0.03894864930928788,52.94538454553147,2.05505031534442,20.384607203630175,245.1168462847419,3474.3796440726037,20.518015892838108,0.071302158984251,0.029883518156276195,1.01107063219321,0.0018919350757739917,2790.837506582394,0.19484057447214329,2.5956023537329194,24.86481005175327,8.32745239823732,128.82935210074348,0.6826960039592209,0.06299062336794956,4.367990005695792,6000.788551097095,0.4100984293652336,0.5052849164448711,4.025586949158388,0.6600515832277,18.453731101005218,0.03826052811530994,77.9717868338558,0.12221283202798715,5.701037234303909,38.91692789968652,307620.4263322884,4405178.374608151,24596.581466332893,0.06923547750500186,168.73667711598745,0.2644775503385383,0.5274380184507473,20.286944493652747,0.040083607212114694,5.730729353968969,0.02261769710720363,305665.6222717937,33.687584392274516,0.00036171899470748784,49.56760199454571,0.01063121580022412,0.06044170657187465
98,AMBL-597,0,1.0,2,strong,neg,pos,,100,0,10.0,15 to 20,/media/bendico765/Crucial X9/MRI Lesions/manifest-1728494830954/Advanced-MRI-Breast-Lesions/AMBL-597/05-02-2006-NA-MRI BREASTS - Delayed contrast-37196/600.000000-Registered Ax T2 FSE-64771,/media/bendico765/Crucial X9/MRI Lesions/manifest-1728494830954/Advanced-MRI-Breast-Lesions/AMBL-597/05-02-2006-NA-MRI BREASTS - Delayed contrast-37196/500.000000-ROI-09357/1-1.dcm,-20.41,L,"[[[0 0 0 ... 0 0 0]
  [0 0 0 ... 0 0 0]
  [0 0 0 ... 0 0 0]
  ...
  [0 0 0 ... 0 0 0]
  [0 0 0 ... 0 0 0]
  [0 0 0 ... 0 0 0]]

 [[0 0 0 ... 0 0 0]
  [0 0 0 ... 0 0 0]
  [0 0 0 ... 0 0 0]
  ...
  [0 0 0 ... 0 0 0]
  [0 0 0 ... 0 0 0]
  [0 0 0 ... 0 0 0]]

 [[0 0 0 ... 0 0 0]
  [0 0 0 ... 0 0 0]
  [0 0 0 ... 0 0 0]
  ...
  [0 0 0 ... 0 0 0]
  [0 0 0 ... 0 0 0]
  [0 0 0 ... 0 0 0]]

 ...

 [[0 0 0 ... 0 0 0]
  [0 0 0 ... 0 0 0]
  [0 0 0 ... 0 0 0]
  ...
  [0 0 0 ... 0 0 0]
  [0 0 0 ... 0 0 0]
  [0 0 0 ... 0 0 0]]

 [[0 0 0 ... 0 0 0]
  [0 0 0 ... 0 0 0]
  [0 0 0 ... 0 0 0]
  ...
  [0 0 0 ... 0 0 0]
  [0 0 0 ... 0 0 0]
  [0 0 0 ... 0 0 0]]

 [[0 0 0 ... 0 0 0]
  [0 0 0 ... 0 0 0]
  [0 0 0 ... 0 0 0]
  ...
  [0 0 0 ... 0 0 0]
  [0 0 0 ... 0 0 0]
  [0 0 0 ... 0 0 0]]]","[68, 69, 70, 71, 72, 73, 74, 75, 76, 77, 78, 79, 80, 81, 82, 83, 84, 85, 86, 87, 88, 89]","[70, 71, 72, 73, 74, 75, 76, 77, 78, 79, 80, 84, 85, 86, 87, 88, 89, 90, 91, 92, 93, 94, 95, 96, 97, 98, 99, 100, 101, 102, 103, 104, 105, 106, 107, 108, 109, 110, 111, 112, 113, 114, 115, 116, 117, 118, 119, 120, 121, 122, 123, 124, 125, 126, 127, 128, 129, 130, 131, 132, 133, 134, 135, 136, 137, 138, 139, 140, 141, 142, 143, 144, 145, 146, 147, 148, 149, 150, 151, 152, 153, 154, 155, 156, 157, 158, 159, 160, 161, 162, 163, 164, 165, 166, 167, 168, 169, 170, 171, 172]","[122, 123, 124, 125, 126, 127, 128, 129, 130, 131, 132, 133, 134, 135, 136, 137, 138, 139, 140, 141, 142, 143, 144, 145, 146, 147, 148, 149, 150, 151, 152, 153, 154, 155, 156, 157, 158, 159, 160, 161, 162, 163, 164, 165, 166, 167, 168, 169, 170, 171, 172, 173, 174, 175, 176, 177, 178, 179, 180, 181, 182, 183, 184, 185, 186, 187, 188]",22,103,67,/media/bendico765/Crucial X9/Materiali Tesista/Roi masks/AMBL-597/ROI 0.npy,/media/bendico765/Crucial X9/Materiali Tesista/Cleaned Roi masks/AMBL-597/ROI 0.npy,0.625,2.0,/media/bendico765/Crucial X9/MRI Lesions/manifest-1728494830954/Advanced-MRI-Breast-Lesions/AMBL-597/05-02-2006-NA-MRI BREASTS - Delayed contrast-37196/500.000000-Registered AX Sen Vibrant MultiPhase-64547,0.7897020848609902,0.5215251061782511,25.16526069205624,48.253210428291545,43.373559053875205,65.41036328442154,57.79814010848446,69.26692031554457,9150.065104166666,38.10566087645791,0.18728511360612338,11296.146648336642,1.2345427622359446,9464.84375,44.0,223.0,3.207501899894704,73.0,4.4635621670462955,430.0,54.10736439156393,109.74676021460999,87.0,-9.0,439.0,34.14290045297285,130.66023143726866,1.3763276717609032,161584721.875,0.14399855968280315,5027.744701637509,37.82021304117053,2975.2087139573046,174.72611916534365,23.954791943490154,4.65259935446848,0.670882223998263,1.438974530529093,2.24679384889877,2.421680184519143,0.5680002948310793,0.5223743993466343,0.9880383095324468,0.9346731928184672,-0.15823559140105312,0.7342633760660372,0.4222106227041537,5.743880154461585,0.036941314174609,5.768555590168813,0.688284861285529,0.10333360890825115,11.487760308923168,3.97594661100013,7.151847824489656,6.738849270324286,1024.4611638464712,0.08456138372649372,14.247559021749371,8.14131487538003,43.06487825010318,51.86702434997937,1373.0371440363185,2.9505623181406717,0.049987500397496595,0.11841638683035292,8.362434236792392,0.004515877838796257,1272.3975790760535,0.13044815215957314,8.814016093100731,46.27976876963706,2.0178125727545266,76.42743507029788,0.1054855009428306,0.048573660819285124,4.157506983770232,6779.550765539101,0.6851246737127982,0.8025588113908378,0.39438330266222177,0.8492362518186589,41.396354127043146,0.04032998201710276,129.1903584672435,0.0798457098067018,12.313159587520493,75.85908529048207,3692.5395550061803,64111.24289245983,231.14761439395699,0.03798014293530284,402.78368355995053,0.24893923582197192,0.5100192210398771,42.11368886426716,0.01729623251323152,6.518858249103864,0.13355344614114734,3636.474816304827,11.216349203396756,0.0007634498762199718,173.26137836090595,0.04668595006139755,0.1755203994189682
99,AMBL-598,0,1.0,1,Moderate to strong,weak to moderate,neg,,100,90,0.0,3 to 5,/media/bendico765/Crucial X9/MRI Lesions/manifest-1728494830954/Advanced-MRI-Breast-Lesions/AMBL-598/05-02-2006-NA-MRI BREASTS - Delayed contrast-78155/600.000000-Registered Ax T2 FSE-38166,/media/bendico765/Crucial X9/MRI Lesions/manifest-1728494830954/Advanced-MRI-Breast-Lesions/AMBL-598/05-02-2006-NA-MRI BREASTS - Delayed contrast-78155/500.000000-ROI-20504/1-1.dcm,-29.29,L,"[[[0 0 0 ... 0 0 0]
  [0 0 0 ... 0 0 0]
  [0 0 0 ... 0 0 0]
  ...
  [0 0 0 ... 0 0 0]
  [0 0 0 ... 0 0 0]
  [0 0 0 ... 0 0 0]]

 [[0 0 0 ... 0 0 0]
  [0 0 0 ... 0 0 0]
  [0 0 0 ... 0 0 0]
  ...
  [0 0 0 ... 0 0 0]
  [0 0 0 ... 0 0 0]
  [0 0 0 ... 0 0 0]]

 [[0 0 0 ... 0 0 0]
  [0 0 0 ... 0 0 0]
  [0 0 0 ... 0 0 0]
  ...
  [0 0 0 ... 0 0 0]
  [0 0 0 ... 0 0 0]
  [0 0 0 ... 0 0 0]]

 ...

 [[0 0 0 ... 0 0 0]
  [0 0 0 ... 0 0 0]
  [0 0 0 ... 0 0 0]
  ...
  [0 0 0 ... 0 0 0]
  [0 0 0 ... 0 0 0]
  [0 0 0 ... 0 0 0]]

 [[0 0 0 ... 0 0 0]
  [0 0 0 ... 0 0 0]
  [0 0 0 ... 0 0 0]
  ...
  [0 0 0 ... 0 0 0]
  [0 0 0 ... 0 0 0]
  [0 0 0 ... 0 0 0]]

 [[0 0 0 ... 0 0 0]
  [0 0 0 ... 0 0 0]
  [0 0 0 ... 0 0 0]
  ...
  [0 0 0 ... 0 0 0]
  [0 0 0 ... 0 0 0]
  [0 0 0 ... 0 0 0]]]","[76, 77, 78, 79, 80]","[205, 206, 207, 208, 209, 210, 211, 212, 213, 214, 215, 216, 217, 218]","[163, 164, 165, 166, 167, 168, 169, 170, 171, 172, 173, 174, 175, 176, 177, 178, 179]",5,14,17,/media/bendico765/Crucial X9/Materiali Tesista/Roi masks/AMBL-598/ROI 0.npy,/media/bendico765/Crucial X9/Materiali Tesista/Cleaned Roi masks/AMBL-598/ROI 0.npy,0.6641,2.0,/media/bendico765/Crucial X9/MRI Lesions/manifest-1728494830954/Advanced-MRI-Breast-Lesions/AMBL-598/05-02-2006-NA-MRI BREASTS - Delayed contrast-78155/500.000000-Registered AX Sen Vibrant MultiPhase-23208,0.8203745898225631,0.6095474709867388,6.90802699068784,11.33304183758664,14.114938265894045,12.004285942945545,11.972233010178176,14.36272756860618,463.99906052083503,9.297339548952086,0.7110431101997455,407.6301130654351,0.8785149534739871,477.19317242000005,102.0,339.0,3.6075290624084446,121.0,3.2344298310573367,505.0,76.19115692511643,191.0536044362292,158.0,46.0,459.0,52.75614036023446,212.86032840457327,1.060162557707397,21621393.307369,0.10738312360556375,8808.03964042763,57.741642765085324,6315.294761464154,314.4522882101099,43.06244508534708,9.173051991789746,0.6429046354999113,2.106950382340882,2.6650910097529357,4.537044285726085,0.4799481114283045,0.41810782373673744,0.9792793151778587,0.9124226996669674,-0.19408426045564398,0.8517874063345375,0.390765536561323,7.018535499284547,0.023019585774553892,6.350014585860673,0.7033046030780292,0.06536835212618859,14.037070998569098,4.325277650879088,13.058874269284209,6.449080857926336,59.513863216266174,0.11000714088034413,10.206798528090312,14.317273755385559,65.54158964879852,33.85767097966728,1167.3160813308687,1.4995209550134772,0.041394879047095344,0.175523660725572,17.372184536894565,0.007457994948266088,44.702280695077064,0.09684168376738414,15.192126262021722,69.76652973456925,1.64677879933755,95.54670474818585,0.06908739994736338,0.041051317425443656,4.315315699431865,349.32951862853224,0.7528791094398561,0.8514147589933173,0.24420237442978426,0.8886869570701473,64.74847027453347,0.0362253935409829,7.542056074766355,0.07048650537164818,19.84085946370862,103.89719626168224,207.44859813084113,6046.355140186916,9.33758877090798,0.04343474673609952,32.345794392523366,0.30229714385535855,0.5674816640897282,61.29157829411157,0.025693638358474744,5.6642858558760665,0.1977818853974122,181.8847060878679,0.5036528712235353,0.01736312747885762,222.56680723299925,0.0979853821522876,3.340088378969783
100,AMBL-599,0,1.0,2,strong,weak to moderate,neg,,100,40,5.0,10,/media/bendico765/Crucial X9/MRI Lesions/manifest-1728494830954/Advanced-MRI-Breast-Lesions/AMBL-599/05-04-2006-NA-MRI BREASTS - Delayed contrast-94577/600.000000-Registered Ax T2 FSE-44286,/media/bendico765/Crucial X9/MRI Lesions/manifest-1728494830954/Advanced-MRI-Breast-Lesions/AMBL-599/05-04-2006-NA-MRI BREASTS - Delayed contrast-94577/500.000000-ROI-09097/1-1.dcm,-12.46,L,"[[[0 0 0 ... 0 0 0]
  [0 0 0 ... 0 0 0]
  [0 0 0 ... 0 0 0]
  ...
  [0 0 0 ... 0 0 0]
  [0 0 0 ... 0 0 0]
  [0 0 0 ... 0 0 0]]

 [[0 0 0 ... 0 0 0]
  [0 0 0 ... 0 0 0]
  [0 0 0 ... 0 0 0]
  ...
  [0 0 0 ... 0 0 0]
  [0 0 0 ... 0 0 0]
  [0 0 0 ... 0 0 0]]

 [[0 0 0 ... 0 0 0]
  [0 0 0 ... 0 0 0]
  [0 0 0 ... 0 0 0]
  ...
  [0 0 0 ... 0 0 0]
  [0 0 0 ... 0 0 0]
  [0 0 0 ... 0 0 0]]

 ...

 [[0 0 0 ... 0 0 0]
  [0 0 0 ... 0 0 0]
  [0 0 0 ... 0 0 0]
  ...
  [0 0 0 ... 0 0 0]
  [0 0 0 ... 0 0 0]
  [0 0 0 ... 0 0 0]]

 [[0 0 0 ... 0 0 0]
  [0 0 0 ... 0 0 0]
  [0 0 0 ... 0 0 0]
  ...
  [0 0 0 ... 0 0 0]
  [0 0 0 ... 0 0 0]
  [0 0 0 ... 0 0 0]]

 [[0 0 0 ... 0 0 0]
  [0 0 0 ... 0 0 0]
  [0 0 0 ... 0 0 0]
  ...
  [0 0 0 ... 0 0 0]
  [0 0 0 ... 0 0 0]
  [0 0 0 ... 0 0 0]]]","[70, 71, 72, 73, 74, 75]","[199, 200, 201, 202, 203, 204, 205, 206, 207, 208, 209, 210, 211, 212, 213, 214, 215, 216, 217, 218, 219]","[113, 114, 115, 116, 117, 118, 119, 120, 121, 122, 123, 124, 125]",6,21,13,/media/bendico765/Crucial X9/Materiali Tesista/Roi masks/AMBL-599/ROI 0.npy,/media/bendico765/Crucial X9/Materiali Tesista/Cleaned Roi masks/AMBL-599/ROI 0.npy,0.7422,2.0,/media/bendico765/Crucial X9/MRI Lesions/manifest-1728494830954/Advanced-MRI-Breast-Lesions/AMBL-599/05-04-2006-NA-MRI BREASTS - Delayed contrast-94577/500.000000-Registered AX Sen Vibrant MultiPhase-37372,0.7182162814339548,0.64390704925677,8.35684648706866,12.978342909453398,12.361786822300408,15.873522754574676,14.1213180716249,16.519728707215503,621.6005528700007,9.321257183602352,0.6596273517403389,533.9817286791683,0.8590432009973508,638.9985743999999,59.0,221.0,3.2330783512318755,106.5,2.2136826218370187,350.0,53.72437574316291,136.06896551724137,127.0,17.0,333.0,42.40622945430638,149.8283155412589,0.3668936630604834,14344574.921521917,0.11875743162901307,3933.7607609988104,37.2360966892726,897.3558620584912,39.76483443745954,20.408102486885614,4.724133898737656,0.6245500019840399,1.5875056357920483,2.319932804721516,2.11792340417454,0.5229797540579743,0.46533716896119215,0.9806264358797716,0.9108984249677005,-0.16412940648140328,0.7954843194404456,0.4115007870318531,5.771820305748861,0.023561426254199134,5.90376807296759,0.6836144655182862,0.06187352999280276,11.543640611497723,4.011090259692227,6.283059096405817,6.412077397283312,56.793103448275865,0.0979191438763377,10.03271105826397,6.313495838287751,42.10689655172414,40.358620689655176,1373.7137931034483,2.4147712830186956,0.054118251415674896,0.1244204324053687,6.153806587126051,0.005939645215102303,55.39602557143289,0.11544842995028849,6.346531388452191,43.270152564622855,1.8070715342010932,71.81160087485881,0.1008269967287999,0.05333012418621674,3.9958999291178188,346.00231511656443,0.7140413957834804,0.8266578249336871,0.3046266296450733,0.8676407338757491,38.22298262014378,0.0458495857270244,9.078947368421053,0.11945983379501385,7.000519390581716,53.276315789473685,319.1578947368421,9037.631578947368,20.122566994875292,0.05201213861631021,18.05263157894737,0.23753462603878117,0.4980377504889946,26.46137058957356,0.022405835708241707,5.13548886286483,0.1310344827586207,260.9168975069252,0.8245010960394688,0.015986176376180987,87.96554856116613,0.07325448104924008,1.1925309737347332
101,AMBL-599,1,0.0,-1,-1,-1,-1,,-1.0,-1.0,-1.0,-1,/media/bendico765/Crucial X9/MRI Lesions/manifest-1728494830954/Advanced-MRI-Breast-Lesions/AMBL-599/05-04-2006-NA-MRI BREASTS - Delayed contrast-94577/600.000000-Registered Ax T2 FSE-44286,/media/bendico765/Crucial X9/MRI Lesions/manifest-1728494830954/Advanced-MRI-Breast-Lesions/AMBL-599/05-04-2006-NA-MRI BREASTS - Delayed contrast-94577/500.000000-ROI-09097/1-1.dcm,-2.46,L,"[[[0 0 0 ... 0 0 0]
  [0 0 0 ... 0 0 0]
  [0 0 0 ... 0 0 0]
  ...
  [0 0 0 ... 0 0 0]
  [0 0 0 ... 0 0 0]
  [0 0 0 ... 0 0 0]]

 [[0 0 0 ... 0 0 0]
  [0 0 0 ... 0 0 0]
  [0 0 0 ... 0 0 0]
  ...
  [0 0 0 ... 0 0 0]
  [0 0 0 ... 0 0 0]
  [0 0 0 ... 0 0 0]]

 [[0 0 0 ... 0 0 0]
  [0 0 0 ... 0 0 0]
  [0 0 0 ... 0 0 0]
  ...
  [0 0 0 ... 0 0 0]
  [0 0 0 ... 0 0 0]
  [0 0 0 ... 0 0 0]]

 ...

 [[0 0 0 ... 0 0 0]
  [0 0 0 ... 0 0 0]
  [0 0 0 ... 0 0 0]
  ...
  [0 0 0 ... 0 0 0]
  [0 0 0 ... 0 0 0]
  [0 0 0 ... 0 0 0]]

 [[0 0 0 ... 0 0 0]
  [0 0 0 ... 0 0 0]
  [0 0 0 ... 0 0 0]
  ...
  [0 0 0 ... 0 0 0]
  [0 0 0 ... 0 0 0]
  [0 0 0 ... 0 0 0]]

 [[0 0 0 ... 0 0 0]
  [0 0 0 ... 0 0 0]
  [0 0 0 ... 0 0 0]
  ...
  [0 0 0 ... 0 0 0]
  [0 0 0 ... 0 0 0]
  [0 0 0 ... 0 0 0]]]","[67, 68, 69]","[145, 146, 147, 148, 149, 150, 151, 152, 153, 154, 155, 156, 157]","[123, 124, 125, 126, 127, 128, 129]",3,13,7,/media/bendico765/Crucial X9/Materiali Tesista/Roi masks/AMBL-599/ROI 1.npy,/media/bendico765/Crucial X9/Materiali Tesista/Cleaned Roi masks/AMBL-599/ROI 1.npy,0.7422,2.0,/media/bendico765/Crucial X9/MRI Lesions/manifest-1728494830954/Advanced-MRI-Breast-Lesions/AMBL-599/05-04-2006-NA-MRI BREASTS - Delayed contrast-94577/500.000000-Registered AX Sen Vibrant MultiPhase-37372,0.6344537466595948,0.4682177784457509,4.15261984483438,8.86899224249665,6.694309033798783,9.128195931288943,9.762116846258294,9.964884611474435,85.01618964000005,5.62696535734688,0.5627169037470129,166.1608049210714,1.9544607400623006,94.74806447999998,52.0,211.5,3.182025465418472,109.25,1.9971844892874961,275.0,54.00567874526771,140.3139534883721,147.0,22.0,253.0,42.458044982698965,153.52156882022558,-0.12815751281042292,2233105.0127906394,0.12439156300703084,3880.866549486209,40.41741356031972,701.4962150214168,-19.280636891931653,19.31984547565638,4.018499193114577,0.6633160893200029,1.5418713518282483,2.036896374813211,1.3585556787423543,0.5099014402221465,0.45279391712747147,0.9742226846444868,0.8936054417379496,-0.41282416814570044,0.9574977480333574,0.4542385872703981,6.039856362629904,0.04084135434952125,4.928413430414636,0.8598461943604777,0.08542773091678926,12.079712725259808,3.571544294629386,5.8345861671927395,5.040700621026836,15.813953488372093,0.1838831800973499,2.684694429421309,6.293672255273122,43.41860465116279,13.744186046511627,676.0232558139535,0.6308885645083483,0.07243541451450063,0.24882875717039615,12.814591492497085,0.016991744993774607,9.577333849727312,0.12226116603001283,6.3760832207507105,43.14935637070789,1.3400988446508808,58.63982293609877,0.0931157642423524,0.07425902121624567,3.533010053716611,66.26813951297444,0.8412606488063871,0.9105545617173524,0.11953693067920088,0.9319178753984291,39.975183566917806,0.07060833019729301,3.0,0.10714285714285714,7.5357142857142865,49.785714285714285,18.714285714285715,846.1428571428571,0.9485136461855503,0.08060920034636795,8.214285714285714,0.29336734693877553,0.545774062601231,32.62106662010042,0.029187885834746123,4.39629152904592,0.32558139534883723,9.28061224489796,0.10919891237857941,0.12653496650123044,47.95015521101502,0.08576175124744911,5.702031166177841
102,AMBL-600,0,0.0,-1,-1,-1,-1,,-1,-1,-1.0,-1,/media/bendico765/Crucial X9/MRI Lesions/manifest-1728494830954/Advanced-MRI-Breast-Lesions/AMBL-600/05-05-2006-NA-MRI BREASTS - Delayed contrast-73303/600.000000-Registered Ax T2 FSE-73650,/media/bendico765/Crucial X9/MRI Lesions/manifest-1728494830954/Advanced-MRI-Breast-Lesions/AMBL-600/05-05-2006-NA-MRI BREASTS - Delayed contrast-73303/500.000000-ROI-74961/1-1.dcm,-10.19,R,"[[[0 0 0 ... 0 0 0]
  [0 0 0 ... 0 0 0]
  [0 0 0 ... 0 0 0]
  ...
  [0 0 0 ... 0 0 0]
  [0 0 0 ... 0 0 0]
  [0 0 0 ... 0 0 0]]

 [[0 0 0 ... 0 0 0]
  [0 0 0 ... 0 0 0]
  [0 0 0 ... 0 0 0]
  ...
  [0 0 0 ... 0 0 0]
  [0 0 0 ... 0 0 0]
  [0 0 0 ... 0 0 0]]

 [[0 0 0 ... 0 0 0]
  [0 0 0 ... 0 0 0]
  [0 0 0 ... 0 0 0]
  ...
  [0 0 0 ... 0 0 0]
  [0 0 0 ... 0 0 0]
  [0 0 0 ... 0 0 0]]

 ...

 [[0 0 0 ... 0 0 0]
  [0 0 0 ... 0 0 0]
  [0 0 0 ... 0 0 0]
  ...
  [0 0 0 ... 0 0 0]
  [0 0 0 ... 0 0 0]
  [0 0 0 ... 0 0 0]]

 [[0 0 0 ... 0 0 0]
  [0 0 0 ... 0 0 0]
  [0 0 0 ... 0 0 0]
  ...
  [0 0 0 ... 0 0 0]
  [0 0 0 ... 0 0 0]
  [0 0 0 ... 0 0 0]]

 [[0 0 0 ... 0 0 0]
  [0 0 0 ... 0 0 0]
  [0 0 0 ... 0 0 0]
  ...
  [0 0 0 ... 0 0 0]
  [0 0 0 ... 0 0 0]
  [0 0 0 ... 0 0 0]]]","[59, 60, 61, 62, 63, 64, 65, 66]","[184, 185, 186, 187, 188, 189, 190, 191, 192, 193, 194, 195, 196, 197, 198, 199, 200, 201, 202, 203, 204, 205, 206, 207, 208, 209, 210]","[409, 410, 411, 412, 413, 414, 415, 416, 417, 418, 419, 420, 421, 422]",8,27,14,/media/bendico765/Crucial X9/Materiali Tesista/Roi masks/AMBL-600/ROI 0.npy,/media/bendico765/Crucial X9/Materiali Tesista/Cleaned Roi masks/AMBL-600/ROI 0.npy,0.7227,2.0,/media/bendico765/Crucial X9/MRI Lesions/manifest-1728494830954/Advanced-MRI-Breast-Lesions/AMBL-600/05-05-2006-NA-MRI BREASTS - Delayed contrast-73303/500.000000-Registered AX Sen Vibrant MultiPhase-50437,0.7878345510508655,0.49501717267043016,8.109437988147896,16.38213467302669,17.01255120668267,20.62095230487671,18.804092940899864,23.77391031530152,764.8579275975022,12.906411715378802,0.40589059801657185,996.4656092207712,1.3028113761607631,789.71047848,122.0,248.0,2.94257338358377,66.25,2.97130732811666,343.0,38.441109571400574,178.9695767195767,172.5,78.0,265.0,27.217612206845455,185.2481211837691,0.553148808505599,27100388.98634958,0.14933792447019958,2286.757010931945,20.95210204304323,385.73882357583506,22.495804484507456,10.926394963023286,3.7755106384760166,0.4867242412127571,1.438352428932044,2.1839648189852525,1.6176430731831404,0.5407123364541027,0.4869781646793874,0.9718466345614044,0.8933304678766809,-0.11634156168930307,0.6669022503101047,0.4265352113532717,4.377043289690489,0.03193712651069554,5.470397205348963,0.5421016449536724,0.08267653400541584,8.75408657938098,3.6700945514574816,3.6754764003748264,6.051449796958566,80.1931216931217,0.10607555779513451,10.371812099325327,3.771834145180706,25.414021164021165,38.08730158730159,593.5039682539683,4.392561717281449,0.09445007393706402,0.13594459742399073,4.8981845229477,0.010607199116771677,91.88814271482205,0.14537797855716594,3.865303682614785,26.809718035306542,1.7534413723619275,40.227583917905385,0.17568700943748355,0.09117257942420617,3.6731865756890447,464.4914518539256,0.7292343362868882,0.8359788359788359,0.29184452613719025,0.8766503364813218,24.40624911127275,0.07781312807449468,13.666666666666666,0.13015873015873017,4.686984126984127,39.10476190476191,329.18095238095236,5658.695238095238,32.3472616597749,0.07253918560004934,29.076190476190476,0.2769160997732426,0.543069493791701,21.791351549029056,0.043955767672998594,5.197413915362447,0.1388888888888889,277.3409523809524,2.1542454751764932,0.010722773678418113,47.371138899035316,0.06686153538795483,0.46528840445405234
103,AMBL-600,1,0.0,-1,-1,-1,-1,,-1.0,-1.0,-1.0,-1,/media/bendico765/Crucial X9/MRI Lesions/manifest-1728494830954/Advanced-MRI-Breast-Lesions/AMBL-600/05-05-2006-NA-MRI BREASTS - Delayed contrast-73303/600.000000-Registered Ax T2 FSE-73650,/media/bendico765/Crucial X9/MRI Lesions/manifest-1728494830954/Advanced-MRI-Breast-Lesions/AMBL-600/05-05-2006-NA-MRI BREASTS - Delayed contrast-73303/500.000000-ROI-74961/1-1.dcm,-17.19,R,"[[[0 0 0 ... 0 0 0]
  [0 0 0 ... 0 0 0]
  [0 0 0 ... 0 0 0]
  ...
  [0 0 0 ... 0 0 0]
  [0 0 0 ... 0 0 0]
  [0 0 0 ... 0 0 0]]

 [[0 0 0 ... 0 0 0]
  [0 0 0 ... 0 0 0]
  [0 0 0 ... 0 0 0]
  ...
  [0 0 0 ... 0 0 0]
  [0 0 0 ... 0 0 0]
  [0 0 0 ... 0 0 0]]

 [[0 0 0 ... 0 0 0]
  [0 0 0 ... 0 0 0]
  [0 0 0 ... 0 0 0]
  ...
  [0 0 0 ... 0 0 0]
  [0 0 0 ... 0 0 0]
  [0 0 0 ... 0 0 0]]

 ...

 [[0 0 0 ... 0 0 0]
  [0 0 0 ... 0 0 0]
  [0 0 0 ... 0 0 0]
  ...
  [0 0 0 ... 0 0 0]
  [0 0 0 ... 0 0 0]
  [0 0 0 ... 0 0 0]]

 [[0 0 0 ... 0 0 0]
  [0 0 0 ... 0 0 0]
  [0 0 0 ... 0 0 0]
  ...
  [0 0 0 ... 0 0 0]
  [0 0 0 ... 0 0 0]
  [0 0 0 ... 0 0 0]]

 [[0 0 0 ... 0 0 0]
  [0 0 0 ... 0 0 0]
  [0 0 0 ... 0 0 0]
  ...
  [0 0 0 ... 0 0 0]
  [0 0 0 ... 0 0 0]
  [0 0 0 ... 0 0 0]]]","[68, 69, 70, 71, 72]","[217, 218, 219, 220, 221, 222, 223, 224, 225, 226, 227, 228, 229, 230, 231, 232, 233, 234, 235, 236, 237, 238, 239]","[404, 405, 406, 407, 408, 409, 410, 411, 412, 413, 414, 415, 416, 417, 418, 419, 420, 421, 422, 423, 424]",5,23,21,/media/bendico765/Crucial X9/Materiali Tesista/Roi masks/AMBL-600/ROI 1.npy,/media/bendico765/Crucial X9/Materiali Tesista/Cleaned Roi masks/AMBL-600/ROI 1.npy,0.7227,2.0,/media/bendico765/Crucial X9/MRI Lesions/manifest-1728494830954/Advanced-MRI-Breast-Lesions/AMBL-600/05-05-2006-NA-MRI BREASTS - Delayed contrast-73303/500.000000-Registered AX Sen Vibrant MultiPhase-50437,0.5195730464073792,0.37036460506782587,6.619628969730385,17.8732764393566,11.929204436591737,12.338133124585745,21.107294529853892,21.107294529853892,550.4992356600004,9.286472688877746,0.47954119199128364,677.375294594829,1.2304745414999811,570.34645668,110.0,281.5,3.173403237415842,73.0,2.5598028297054523,329.0,47.08946182023105,184.52197802197801,175.0,47.0,282.0,33.04454626117548,193.72815722320516,0.4480358047252185,21405444.10032006,0.12898334876356854,3482.238527955561,46.60897369793759,753.9336115668841,34.852446994787336,15.94853130340709,6.284336439376843,0.42879067457837855,1.8445462199788405,2.4294286186759106,2.579533331572996,0.4911364557666714,0.4269998679053983,0.9672388600672552,0.8860654526794597,-0.13764347334141624,0.7292903019614235,0.3901300624842972,6.64660103494881,0.023804243219614434,5.899640389396928,0.5627296736184075,0.07062368668495497,13.293202069897623,3.874624485507902,5.558216935695982,5.978409398557671,69.18315018315019,0.12670906626950584,6.452682848287245,5.556374028901501,53.333333333333336,27.15018315018315,1160.7069597069597,0.9082698935461576,0.03299635257198794,0.15129960657910774,9.658355994171812,0.006498735212690864,58.55576723573524,0.12425050884800476,5.684765992496808,54.501830249766385,1.5619230199770466,80.39191924197296,0.0514151201402686,0.033010049016819004,3.805637745252331,363.14629145403774,0.7632826791692006,0.8634826711749789,0.19527725087714817,0.8931651365559218,49.532681687943345,0.029469916643876957,10.591397849462366,0.11388599838131576,7.264192392184069,65.54838709677419,228.90322580645162,9213.139784946237,7.078404691828752,0.04237497621773963,21.9247311827957,0.23574979766446988,0.49047585816821915,33.877954736742375,0.02682281077784913,5.127328435342987,0.17032967032967034,194.43496357960458,0.7724912852199524,0.016288811074661052,74.55998180543311,0.08089184590344019,0.8204134286303082
104,AMBL-600,2,0.0,-1.0,-1,-1,-1,,-1.0,-1.0,-1.0,-1,/media/bendico765/Crucial X9/MRI Lesions/manifest-1728494830954/Advanced-MRI-Breast-Lesions/AMBL-600/05-05-2006-NA-MRI BREASTS - Delayed contrast-73303/600.000000-Registered Ax T2 FSE-73650,/media/bendico765/Crucial X9/MRI Lesions/manifest-1728494830954/Advanced-MRI-Breast-Lesions/AMBL-600/05-05-2006-NA-MRI BREASTS - Delayed contrast-73303/500.000000-ROI-74961/1-1.dcm,-57.19,L,"[[[0 0 0 ... 0 0 0]
  [0 0 0 ... 0 0 0]
  [0 0 0 ... 0 0 0]
  ...
  [0 0 0 ... 0 0 0]
  [0 0 0 ... 0 0 0]
  [0 0 0 ... 0 0 0]]

 [[0 0 0 ... 0 0 0]
  [0 0 0 ... 0 0 0]
  [0 0 0 ... 0 0 0]
  ...
  [0 0 0 ... 0 0 0]
  [0 0 0 ... 0 0 0]
  [0 0 0 ... 0 0 0]]

 [[0 0 0 ... 0 0 0]
  [0 0 0 ... 0 0 0]
  [0 0 0 ... 0 0 0]
  ...
  [0 0 0 ... 0 0 0]
  [0 0 0 ... 0 0 0]
  [0 0 0 ... 0 0 0]]

 ...

 [[0 0 0 ... 0 0 0]
  [0 0 0 ... 0 0 0]
  [0 0 0 ... 0 0 0]
  ...
  [0 0 0 ... 0 0 0]
  [0 0 0 ... 0 0 0]
  [0 0 0 ... 0 0 0]]

 [[0 0 0 ... 0 0 0]
  [0 0 0 ... 0 0 0]
  [0 0 0 ... 0 0 0]
  ...
  [0 0 0 ... 0 0 0]
  [0 0 0 ... 0 0 0]
  [0 0 0 ... 0 0 0]]

 [[0 0 0 ... 0 0 0]
  [0 0 0 ... 0 0 0]
  [0 0 0 ... 0 0 0]
  ...
  [0 0 0 ... 0 0 0]
  [0 0 0 ... 0 0 0]
  [0 0 0 ... 0 0 0]]]","[88, 89, 90, 91]","[160, 161, 162, 163, 164, 165, 166, 167, 168, 169, 170, 171, 172, 173, 174, 175]","[127, 128, 129, 130, 131, 132, 133, 134, 135, 136, 137, 139, 140, 141, 142, 143]",4,16,17,/media/bendico765/Crucial X9/Materiali Tesista/Roi masks/AMBL-600/ROI 2.npy,/media/bendico765/Crucial X9/Materiali Tesista/Cleaned Roi masks/AMBL-600/ROI 2.npy,0.7227,2.0,/media/bendico765/Crucial X9/MRI Lesions/manifest-1728494830954/Advanced-MRI-Breast-Lesions/AMBL-600/05-05-2006-NA-MRI BREASTS - Delayed contrast-73303/500.000000-Registered AX Sen Vibrant MultiPhase-50437,0.5024859755223153,0.341758252891893,4.721986759654541,13.816745373953644,12.390175150093723,8.90002931231128,13.286677839851466,16.15256401720792,156.07924249500013,6.942720777774534,0.5066855520716415,276.6786849547623,1.7726808544936745,175.49121743999999,99.7,198.0,2.5910809971777433,61.0,2.080384603207132,225.0,32.0671768707483,144.92857142857142,143.5,69.0,156.0,24.81975308641975,149.7222825926786,0.21852667880826895,3933944.83772928,0.18494897959183673,1412.471088435374,20.32495035138982,95.80138139264703,3.176385451497952,6.194166208987307,2.3009400756080494,0.448144024284269,1.1184150783323257,1.837244056285453,0.9740905083376215,0.5926342710860952,0.5531167189161017,0.9678174919133846,0.8876465654263459,-0.1795528081884503,0.7534086782216101,0.46956815485556647,4.398242391010164,0.055115418524435904,4.543218691860447,0.6335655072320819,0.12431990105889332,8.796484782020329,3.21481076289454,2.123776571148839,5.318329328425028,19.142857142857142,0.11394557823129252,6.249858276643991,2.3446712018140587,20.916666666666668,29.726190476190474,519.3452380952381,2.757664837760501,0.08968022824209049,0.15691990343315457,3.642164194381456,0.013780686020069467,25.921140197782567,0.18094945313910712,2.3765372635446265,21.32899031325763,1.6564770615983329,33.44666681142674,0.14779655703429218,0.08967161258636,3.2271170765665365,107.87847466085663,0.7425745088978473,0.852106227106227,0.23357810601209472,0.8810991018485764,19.075991629210105,0.07889114243534995,5.0625,0.158203125,2.9912109375,24.09375,91.9375,1582.75,7.657411777210885,0.10021812110260771,8.6875,0.271484375,0.5235539686041284,12.155712359548769,0.043083546155885645,4.2386085007312335,0.19047619047619047,64.375,0.863070113797228,0.043762127281278575,18.750561620634286,0.0645136530953472,0.9433258329734958
105,AMBL-603,0,1.0,-1,neg,neg,neg,1.0,0,0,0.0,95,/media/bendico765/Crucial X9/MRI Lesions/manifest-1728494830954/Advanced-MRI-Breast-Lesions/AMBL-603/05-19-2006-NA-MRI BREASTS - Delayed contrast-39175/600.000000-Registered Ax T2 FSE-05564,/media/bendico765/Crucial X9/MRI Lesions/manifest-1728494830954/Advanced-MRI-Breast-Lesions/AMBL-603/05-19-2006-NA-MRI BREASTS - Delayed contrast-39175/500.000000-ROI-00642/1-1.dcm,14.99,R,"[[[0 0 0 ... 0 0 0]
  [0 0 0 ... 0 0 0]
  [0 0 0 ... 0 0 0]
  ...
  [0 0 0 ... 0 0 0]
  [0 0 0 ... 0 0 0]
  [0 0 0 ... 0 0 0]]

 [[0 0 0 ... 0 0 0]
  [0 0 0 ... 0 0 0]
  [0 0 0 ... 0 0 0]
  ...
  [0 0 0 ... 0 0 0]
  [0 0 0 ... 0 0 0]
  [0 0 0 ... 0 0 0]]

 [[0 0 0 ... 0 0 0]
  [0 0 0 ... 0 0 0]
  [0 0 0 ... 0 0 0]
  ...
  [0 0 0 ... 0 0 0]
  [0 0 0 ... 0 0 0]
  [0 0 0 ... 0 0 0]]

 ...

 [[0 0 0 ... 0 0 0]
  [0 0 0 ... 0 0 0]
  [0 0 0 ... 0 0 0]
  ...
  [0 0 0 ... 0 0 0]
  [0 0 0 ... 0 0 0]
  [0 0 0 ... 0 0 0]]

 [[0 0 0 ... 0 0 0]
  [0 0 0 ... 0 0 0]
  [0 0 0 ... 0 0 0]
  ...
  [0 0 0 ... 0 0 0]
  [0 0 0 ... 0 0 0]
  [0 0 0 ... 0 0 0]]

 [[0 0 0 ... 0 0 0]
  [0 0 0 ... 0 0 0]
  [0 0 0 ... 0 0 0]
  ...
  [0 0 0 ... 0 0 0]
  [0 0 0 ... 0 0 0]
  [0 0 0 ... 0 0 0]]]","[50, 51, 52, 53, 54, 55, 56, 57, 58, 59, 60, 61, 62, 63]","[174, 175, 176, 177, 178, 179, 180, 181, 182, 183, 184, 185, 186, 187, 188, 189, 190, 191, 192, 193, 194, 195, 196, 197, 198, 199, 200, 201, 202, 203, 204, 205, 206, 207, 208, 209, 210, 211, 212, 213, 214, 215, 216, 217, 218, 219, 220, 221, 222, 223, 224, 225, 226, 227, 228, 229, 230, 231, 232, 233, 234, 235, 236, 237, 238, 239, 240, 241, 242]","[371, 372, 373, 374, 375, 376, 377, 378, 379, 380, 381, 382, 383, 384, 385, 386, 387, 388, 389, 390, 391, 392, 393, 394, 395, 396, 397, 398, 399, 400, 401, 402, 403, 404, 405, 406, 407, 408, 409, 410, 411, 412, 413, 414, 415, 416, 417, 418, 419, 420, 421, 422, 423]",14,69,53,/media/bendico765/Crucial X9/Materiali Tesista/Roi masks/AMBL-603/ROI 0.npy,/media/bendico765/Crucial X9/Materiali Tesista/Cleaned Roi masks/AMBL-603/ROI 0.npy,0.625,2.0,/media/bendico765/Crucial X9/MRI Lesions/manifest-1728494830954/Advanced-MRI-Breast-Lesions/AMBL-603/05-19-2006-NA-MRI BREASTS - Delayed contrast-39175/500.000000-Registered AX Sen Vibrant MultiPhase-10789,0.7545881489680549,0.6158304837974391,24.30053455562917,39.45977861599684,36.97317439712203,37.1165815370974,47.50411166414966,50.9173656525944,13726.7578125,29.775881304534288,0.37789343180161894,7336.5761311185015,0.534472614096651,13815.625,183.0,437.0,3.982566798863914,130.0,3.94910097796096,744.0,81.19317201051652,295.96663650757745,276.0,28.0,716.0,55.216322566431714,313.6233497670627,0.9406142938715057,1358899425.0,0.07667840984923133,10763.355593504833,137.28144127352587,10256.674732500951,313.22222346472864,50.86238328050039,11.03478110529809,0.6414330779734725,2.3522248372937797,2.8201803361777733,5.241377238595072,0.44888786915014245,0.37849640080805674,0.9876989215813261,0.9296192058432399,-0.1270815239049185,0.7538300138002468,0.35948281561124645,11.283780918029796,0.010190638211867118,7.330651513516876,0.650796951486799,0.026637195326464823,22.56756183605959,4.7785370237315785,15.474291096449617,7.2419117808437665,1927.0572268717485,0.10897179523138138,7.8886550183750614,17.299263296369695,146.30230717032345,31.35885546256503,3811.2175978285454,0.3684312829326055,0.011774900442444676,0.1612162105171035,31.89260881003624,0.001828381095214176,1116.6556879670281,0.07404635657950104,18.140650918350108,150.00678814805258,1.6492793800017098,230.48878581268977,0.01943416736247237,0.01176516393443077,4.711362199903061,11452.917433463286,0.7544764396583227,0.8521305656569174,0.2488483976285935,0.8896982589287533,135.92516852076685,0.010457268925662833,149.84607402282947,0.05183191768344153,28.095703205154518,213.20062262193014,2412.520235212729,228843.48391560014,29.309012142755595,0.011526319300177916,1009.9173296437219,0.34933148725137386,0.6130657858474144,137.16879551393572,0.006791906005055704,6.6489617757348105,0.16348111287039133,2375.1035914485983,4.9387850668004,0.0005753751323316071,572.957699964314,0.06613931443053116,0.21248632766867745
106,AMBL-603,1,0.0,-1,-1,-1,-1,,-1.0,-1.0,-1.0,-1,/media/bendico765/Crucial X9/MRI Lesions/manifest-1728494830954/Advanced-MRI-Breast-Lesions/AMBL-603/05-19-2006-NA-MRI BREASTS - Delayed contrast-39175/600.000000-Registered Ax T2 FSE-05564,/media/bendico765/Crucial X9/MRI Lesions/manifest-1728494830954/Advanced-MRI-Breast-Lesions/AMBL-603/05-19-2006-NA-MRI BREASTS - Delayed contrast-39175/500.000000-ROI-00642/1-1.dcm,24.99,R,"[[[0 0 0 ... 0 0 0]
  [0 0 0 ... 0 0 0]
  [0 0 0 ... 0 0 0]
  ...
  [0 0 0 ... 0 0 0]
  [0 0 0 ... 0 0 0]
  [0 0 0 ... 0 0 0]]

 [[0 0 0 ... 0 0 0]
  [0 0 0 ... 0 0 0]
  [0 0 0 ... 0 0 0]
  ...
  [0 0 0 ... 0 0 0]
  [0 0 0 ... 0 0 0]
  [0 0 0 ... 0 0 0]]

 [[0 0 0 ... 0 0 0]
  [0 0 0 ... 0 0 0]
  [0 0 0 ... 0 0 0]
  ...
  [0 0 0 ... 0 0 0]
  [0 0 0 ... 0 0 0]
  [0 0 0 ... 0 0 0]]

 ...

 [[0 0 0 ... 0 0 0]
  [0 0 0 ... 0 0 0]
  [0 0 0 ... 0 0 0]
  ...
  [0 0 0 ... 0 0 0]
  [0 0 0 ... 0 0 0]
  [0 0 0 ... 0 0 0]]

 [[0 0 0 ... 0 0 0]
  [0 0 0 ... 0 0 0]
  [0 0 0 ... 0 0 0]
  ...
  [0 0 0 ... 0 0 0]
  [0 0 0 ... 0 0 0]
  [0 0 0 ... 0 0 0]]

 [[0 0 0 ... 0 0 0]
  [0 0 0 ... 0 0 0]
  [0 0 0 ... 0 0 0]
  ...
  [0 0 0 ... 0 0 0]
  [0 0 0 ... 0 0 0]
  [0 0 0 ... 0 0 0]]]","[50, 51, 52]","[196, 197, 198, 199, 200, 201, 202, 203, 204, 205, 206, 207, 208, 209, 210, 211, 212, 213, 214]","[342, 343, 344, 345, 346, 347, 348, 349, 350, 351, 352, 353]",3,19,12,/media/bendico765/Crucial X9/Materiali Tesista/Roi masks/AMBL-603/ROI 1.npy,/media/bendico765/Crucial X9/Materiali Tesista/Cleaned Roi masks/AMBL-603/ROI 1.npy,0.625,2.0,/media/bendico765/Crucial X9/MRI Lesions/manifest-1728494830954/Advanced-MRI-Breast-Lesions/AMBL-603/05-19-2006-NA-MRI BREASTS - Delayed contrast-39175/500.000000-Registered AX Sen Vibrant MultiPhase-10789,0.6048060943915831,0.5411825264231963,5.76968045313402,10.661246753968957,8.22439207479799,11.661903789690601,12.655285457072868,12.812347560068764,264.84375,6.447987010612907,0.7049721049128502,282.9037325730257,1.068191084641513,275.78125,134.0,411.6,3.9003680458278263,209.0,1.749693146764083,498.0,98.34848205185821,261.34844192634563,234.0,67.0,431.0,80.91243491615577,283.841075910337,0.23304963349340901,22218525.0,0.07557239043728783,12262.748276609236,107.05179643986004,6734.918548802393,-14.046733625212958,63.49387036848171,15.597691465128804,0.6071468970941674,2.907894170853199,3.0232740122731383,6.772914907351382,0.39753919405597665,0.3185532571333808,0.9589624681172284,0.8733847512204669,-0.21649967908127674,0.8982327051566639,0.3212537545020832,9.749565434805927,0.010876572338340166,6.934847924172475,0.6780971807545645,0.031215637310972082,19.499130869611854,4.671597381692307,19.772890458402625,6.055398985255191,61.64589235127479,0.1746342559526198,3.8216019709651787,19.685544382829487,100.73654390934844,15.090651558073654,1952.0906515580737,0.346813731722955,0.03925581527150601,0.24477399563329688,19.792516678033085,0.013266579151068235,23.694735310532216,0.07382189627020123,19.434206965592033,98.76220151569744,1.3361597296655745,139.46263381675448,0.049404554030394884,0.04055436874663249,4.320810856881753,269.78151645486196,0.8365042147873895,0.9093484419263457,0.11613338207790067,0.9301921720439827,90.46762820674134,0.03867805429839095,7.703703703703703,0.07133058984910837,17.00617283950617,84.61111111111111,32.00925925925926,4248.666666666667,0.6980498708719886,0.05646323828313508,29.64814814814815,0.274519890260631,0.5278762720935515,38.95628163032252,0.031763628027609285,5.562441498445747,0.3059490084985836,21.326045953360765,0.36203503571162077,0.022392149393072543,217.9073448929827,0.23217862092090635,2.647679860417595
107,AMBL-604,0,1.0,-1,neg,neg,neg,1.0,0,0,0.0,50,/media/bendico765/Crucial X9/MRI Lesions/manifest-1728494830954/Advanced-MRI-Breast-Lesions/AMBL-604/05-24-2006-NA-MRI BREASTS - Delayed contrast-13928/600.000000-Registered Ax T2 FSE-16656,/media/bendico765/Crucial X9/MRI Lesions/manifest-1728494830954/Advanced-MRI-Breast-Lesions/AMBL-604/05-24-2006-NA-MRI BREASTS - Delayed contrast-13928/500.000000-ROI-13482/1-1.dcm,-1.24,R,"[[[0 0 0 ... 0 0 0]
  [0 0 0 ... 0 0 0]
  [0 0 0 ... 0 0 0]
  ...
  [0 0 0 ... 0 0 0]
  [0 0 0 ... 0 0 0]
  [0 0 0 ... 0 0 0]]

 [[0 0 0 ... 0 0 0]
  [0 0 0 ... 0 0 0]
  [0 0 0 ... 0 0 0]
  ...
  [0 0 0 ... 0 0 0]
  [0 0 0 ... 0 0 0]
  [0 0 0 ... 0 0 0]]

 [[0 0 0 ... 0 0 0]
  [0 0 0 ... 0 0 0]
  [0 0 0 ... 0 0 0]
  ...
  [0 0 0 ... 0 0 0]
  [0 0 0 ... 0 0 0]
  [0 0 0 ... 0 0 0]]

 ...

 [[0 0 0 ... 0 0 0]
  [0 0 0 ... 0 0 0]
  [0 0 0 ... 0 0 0]
  ...
  [0 0 0 ... 0 0 0]
  [0 0 0 ... 0 0 0]
  [0 0 0 ... 0 0 0]]

 [[0 0 0 ... 0 0 0]
  [0 0 0 ... 0 0 0]
  [0 0 0 ... 0 0 0]
  ...
  [0 0 0 ... 0 0 0]
  [0 0 0 ... 0 0 0]
  [0 0 0 ... 0 0 0]]

 [[0 0 0 ... 0 0 0]
  [0 0 0 ... 0 0 0]
  [0 0 0 ... 0 0 0]
  ...
  [0 0 0 ... 0 0 0]
  [0 0 0 ... 0 0 0]
  [0 0 0 ... 0 0 0]]]","[59, 60, 61, 62, 63, 64, 65, 66, 67, 68, 69]","[207, 208, 209, 210, 211, 212, 213, 214, 215, 216, 217, 218, 219, 220, 221, 222, 223, 224, 225, 226, 227, 228, 229, 230, 231, 232, 233, 234, 235, 236, 237, 238, 239, 240, 241, 242, 243, 244, 245, 246, 247]","[345, 346, 347, 348, 349, 350, 351, 352, 353, 354, 355, 356, 357, 358, 359, 360, 361, 362, 363, 364, 365, 366, 367, 368, 369, 370, 371, 372, 373, 374, 375, 376, 377, 378, 379]",11,41,35,/media/bendico765/Crucial X9/Materiali Tesista/Roi masks/AMBL-604/ROI 0.npy,/media/bendico765/Crucial X9/Materiali Tesista/Cleaned Roi masks/AMBL-604/ROI 0.npy,0.6641,2.0,/media/bendico765/Crucial X9/MRI Lesions/manifest-1728494830954/Advanced-MRI-Breast-Lesions/AMBL-604/05-24-2006-NA-MRI BREASTS - Delayed contrast-13928/500.000000-Registered AX Sen Vibrant MultiPhase-31344,0.949609004704936,0.742511021449311,17.536070493276636,23.61725279046753,29.669519276354983,31.0528641849669,27.381544459726886,32.11412077591414,5652.556000567446,22.42715591622074,0.5137239134683748,2987.107997733706,0.5284526146107774,5723.671896180001,75.0,174.0,2.6746813066033615,43.0,4.850615279788052,357.0,29.9095145925555,123.19340422253043,120.0,9.0,348.0,18.743166093327094,129.7972113466037,0.8664325650113239,96428509.5351231,0.1988659115402357,1670.7012294191284,30.893642272923067,245.4747086442555,14.515234623162225,7.135621271612075,2.2438872802698984,0.517901145772286,1.0042753960757673,1.8528579322087237,1.2008737147952042,0.6333155258778286,0.6036002411601726,0.9906119950882838,0.941305890545797,-0.13151958524559754,0.6655364832401838,0.4655730170132447,5.447023991443852,0.06345570837842328,4.793929398194742,0.5688708687385426,0.14514729787890424,10.894047982887704,3.359747520121019,2.3448771379704927,6.6397274138149145,379.748959778086,0.05852195404193034,23.64450630571489,2.7350558590790377,32.31329942980428,101.95977808599167,2921.0188010479274,4.327192400414633,0.04692333743472469,0.06474030261773815,2.898646430048637,0.003889199996030555,797.6138560192497,0.17572177589038385,3.221847979494835,33.58217743392559,3.007336416769322,91.8153348707066,0.13467395390114192,0.048476838740570946,4.0220695139234595,2582.268853006791,0.5607804438962293,0.698092630131465,0.8578763105707709,0.7735546581155875,26.7633807018092,0.03845942540527442,41.1436170212766,0.10942451335445903,8.186446072883657,48.35372340425532,18163.364361702126,517470.80053191487,685.4386785756958,0.07085923315440862,113.84042553191489,0.3027670891806247,0.5682502049276038,29.934023336038386,0.037204403825087023,5.600538939677339,0.05794421328401911,17865.526532084652,6.867337273461083,0.001354574348584942,81.01052148049776,0.019383113177262982,0.17372953423461107
108,AMBL-605,0,1.0,2,weak to moderate,strong,neg,,80,100,0.0,20,/media/bendico765/Crucial X9/MRI Lesions/manifest-1728494830954/Advanced-MRI-Breast-Lesions/AMBL-605/05-26-2006-NA-MRI BREASTS - Delayed contrast-56659/600.000000-Registered Ax T2 FSE-03305,/media/bendico765/Crucial X9/MRI Lesions/manifest-1728494830954/Advanced-MRI-Breast-Lesions/AMBL-605/05-26-2006-NA-MRI BREASTS - Delayed contrast-56659/500.000000-ROI-37136/1-1.dcm,-24.02,R,"[[[0 0 0 ... 0 0 0]
  [0 0 0 ... 0 0 0]
  [0 0 0 ... 0 0 0]
  ...
  [0 0 0 ... 0 0 0]
  [0 0 0 ... 0 0 0]
  [0 0 0 ... 0 0 0]]

 [[0 0 0 ... 0 0 0]
  [0 0 0 ... 0 0 0]
  [0 0 0 ... 0 0 0]
  ...
  [0 0 0 ... 0 0 0]
  [0 0 0 ... 0 0 0]
  [0 0 0 ... 0 0 0]]

 [[0 0 0 ... 0 0 0]
  [0 0 0 ... 0 0 0]
  [0 0 0 ... 0 0 0]
  ...
  [0 0 0 ... 0 0 0]
  [0 0 0 ... 0 0 0]
  [0 0 0 ... 0 0 0]]

 ...

 [[0 0 0 ... 0 0 0]
  [0 0 0 ... 0 0 0]
  [0 0 0 ... 0 0 0]
  ...
  [0 0 0 ... 0 0 0]
  [0 0 0 ... 0 0 0]
  [0 0 0 ... 0 0 0]]

 [[0 0 0 ... 0 0 0]
  [0 0 0 ... 0 0 0]
  [0 0 0 ... 0 0 0]
  ...
  [0 0 0 ... 0 0 0]
  [0 0 0 ... 0 0 0]
  [0 0 0 ... 0 0 0]]

 [[0 0 0 ... 0 0 0]
  [0 0 0 ... 0 0 0]
  [0 0 0 ... 0 0 0]
  ...
  [0 0 0 ... 0 0 0]
  [0 0 0 ... 0 0 0]
  [0 0 0 ... 0 0 0]]]","[67, 68, 69, 70, 71, 72, 73, 74, 75]","[114, 115, 116, 117, 118, 119, 120, 121, 122, 123, 124, 125, 126, 127, 128, 129, 130, 131, 132, 133, 134, 135, 136, 137, 138, 139, 140, 141, 142, 143, 144, 145, 146, 147, 148, 149, 150, 151, 152, 153, 154, 155, 156, 157, 158, 159, 160, 161, 162, 163, 164, 165, 166, 168]","[374, 375, 376, 377, 378, 379, 380, 381, 382, 383, 384, 385, 386, 387, 388, 389, 390, 391, 392, 393, 394, 395, 396, 397, 398, 399, 400]",9,55,27,/media/bendico765/Crucial X9/Materiali Tesista/Roi masks/AMBL-605/ROI 0.npy,/media/bendico765/Crucial X9/Materiali Tesista/Cleaned Roi masks/AMBL-605/ROI 0.npy,0.6836,2.0,/media/bendico765/Crucial X9/MRI Lesions/manifest-1728494830954/Advanced-MRI-Breast-Lesions/AMBL-605/05-26-2006-NA-MRI BREASTS - Delayed contrast-56659/500.000000-Registered AX Sen Vibrant MultiPhase-83906,0.7212788766455475,0.5590576926943668,13.815313809011739,24.71178554476037,21.958541314030857,35.1037376927301,36.996593678878064,39.25814769140286,3634.3007243333545,17.824088917630437,0.5521912705464002,2070.181841538334,0.5696231540988042,3706.69467072,97.0,245.0,3.073150891606,92.0,2.19897433461561,332.0,48.75527917708998,158.9394856278366,146.0,1.0,331.0,38.289544624434136,168.8619526475443,0.3843435187221141,105694022.73682816,0.13980559414631022,3252.5989603002217,49.13210027834037,693.8806428170986,34.083479430251174,17.210549395015715,3.4438110707903173,0.6660197014443143,1.2835403666164225,2.1319472033144122,1.706280794802441,0.5881209623115093,0.5442145372372293,0.9836681370658437,0.9224299708819752,-0.16780087547716635,0.7603816060480977,0.4143145771559809,6.7593994653180705,0.038726778652922275,5.542873424478564,0.6751384733203593,0.1366610481275427,13.518798930636144,3.9017872378742586,5.163590116451507,6.882427860055753,263.92687846696924,0.06654737228113193,26.425153898912313,5.269869279699432,52.62481089258699,87.76651538073625,3670.6883509833588,3.1477528645402093,0.033121094369683676,0.08394954889377311,5.3174914576110694,0.0023492328679866575,366.3019033287859,0.12518989480096376,5.295524512289134,55.140832871018986,2.6835357594894536,128.20230643576295,0.09244430951172451,0.03233676299198857,4.194696724216626,1837.4298536214505,0.6191705622873814,0.7372279762597463,0.7600816643934678,0.811437956966744,45.99679331371617,0.025791610395728186,34.42307692307692,0.11033037475345167,6.323307034845496,65.6923076923077,4477.173076923077,150296.72435897434,156.84743696395822,0.029976940286623257,80.59615384615384,0.2583210059171598,0.5217181772319128,34.96186619820428,0.013296425973659933,5.695242771790998,0.07866868381240545,4315.589866863906,4.649928149175443,0.0022836514289396753,74.11864680784835,0.05204405702211206,0.1720619108986207
109,AMBL-606,0,0.0,-1,-1,-1,-1,,-1,-1,-1.0,-1,/media/bendico765/Crucial X9/MRI Lesions/manifest-1728494830954/Advanced-MRI-Breast-Lesions/AMBL-606/05-31-2006-NA-MRI BREASTS - Delayed contrast-21991/600.000000-Registered Ax T2 FSE-37560,/media/bendico765/Crucial X9/MRI Lesions/manifest-1728494830954/Advanced-MRI-Breast-Lesions/AMBL-606/05-31-2006-NA-MRI BREASTS - Delayed contrast-21991/500.000000-ROI-05790/1-1.dcm,-12.5,L,"[[[0 0 0 ... 0 0 0]
  [0 0 0 ... 0 0 0]
  [0 0 0 ... 0 0 0]
  ...
  [0 0 0 ... 0 0 0]
  [0 0 0 ... 0 0 0]
  [0 0 0 ... 0 0 0]]

 [[0 0 0 ... 0 0 0]
  [0 0 0 ... 0 0 0]
  [0 0 0 ... 0 0 0]
  ...
  [0 0 0 ... 0 0 0]
  [0 0 0 ... 0 0 0]
  [0 0 0 ... 0 0 0]]

 [[0 0 0 ... 0 0 0]
  [0 0 0 ... 0 0 0]
  [0 0 0 ... 0 0 0]
  ...
  [0 0 0 ... 0 0 0]
  [0 0 0 ... 0 0 0]
  [0 0 0 ... 0 0 0]]

 ...

 [[0 0 0 ... 0 0 0]
  [0 0 0 ... 0 0 0]
  [0 0 0 ... 0 0 0]
  ...
  [0 0 0 ... 0 0 0]
  [0 0 0 ... 0 0 0]
  [0 0 0 ... 0 0 0]]

 [[0 0 0 ... 0 0 0]
  [0 0 0 ... 0 0 0]
  [0 0 0 ... 0 0 0]
  ...
  [0 0 0 ... 0 0 0]
  [0 0 0 ... 0 0 0]
  [0 0 0 ... 0 0 0]]

 [[0 0 0 ... 0 0 0]
  [0 0 0 ... 0 0 0]
  [0 0 0 ... 0 0 0]
  ...
  [0 0 0 ... 0 0 0]
  [0 0 0 ... 0 0 0]
  [0 0 0 ... 0 0 0]]]","[72, 73, 74, 75]","[113, 114, 115, 116, 117, 118, 119, 120, 121, 122, 123, 124]","[113, 114, 115, 116, 117, 118, 119, 120, 121, 122]",4,12,10,/media/bendico765/Crucial X9/Materiali Tesista/Roi masks/AMBL-606/ROI 0.npy,/media/bendico765/Crucial X9/Materiali Tesista/Cleaned Roi masks/AMBL-606/ROI 0.npy,0.6641,2.0,/media/bendico765/Crucial X9/MRI Lesions/manifest-1728494830954/Advanced-MRI-Breast-Lesions/AMBL-606/05-31-2006-NA-MRI BREASTS - Delayed contrast-21991/500.000000-Registered AX Sen Vibrant MultiPhase-87468,0.8776712593657772,0.6183603007878922,5.233807047986973,8.464008833229183,9.98615709920488,10.83348909677764,8.400274376471282,11.015159794574021,216.1041168999999,7.428617291943319,0.7395096856366905,235.49532227156686,1.089730846638799,224.04263548000003,139.0,225.40000000000003,2.457418935840064,40.0,4.757249910004531,320.0,26.206894413788827,179.21259842519686,179.0,91.0,229.0,17.112475430124487,182.6601982685228,0.8293864544130944,7475126.081102521,0.22267344534689068,1247.592597185194,23.587912519008267,101.01853632100473,8.252124717495153,4.705322744732775,2.6276931113751933,0.28552779808266976,1.1781360243427377,1.9728934132916616,1.1849799637259681,0.5901411252366937,0.5471662433134431,0.9758491858887595,0.9028832450763316,-0.11917078812687837,0.6348122911735026,0.43803379900791195,4.802856559038111,0.07087983413618738,4.4862929561821465,0.5018920584093932,0.18350131469478206,9.605713118076222,2.997864175982239,1.833253964026992,5.484083814267637,24.055118110236222,0.09470518941037882,18.255998511997028,2.036037572075144,24.318897637795274,59.94488188976378,1457.240157480315,2.779582312875573,0.06266064460196444,0.10235800132507603,2.725125216710104,0.011582160761661426,40.42118360463811,0.20097747931076035,2.3186218582463507,24.38470707987745,2.110170031567655,51.14499585153726,0.12044089622964783,0.06606899212814851,3.3554102990358734,135.7843968536104,0.6674917015151769,0.7901271956390067,0.44611627515899155,0.8407350200465756,20.53677986509924,0.05776562780768882,3.933333333333333,0.13111111111111112,4.912222222222222,27.633333333333333,374.8666666666667,8419.766666666666,19.459667286050223,0.10871188166624673,6.533333333333333,0.21777777777777776,0.4574306534523759,12.24982668346932,0.0732011004308122,4.389898095464281,0.11811023622047244,303.1822222222222,0.7502038013391511,0.025031396128943364,38.24709164112541,0.04062839312115325,0.9552462682395396
110,AMBL-606,1,0.0,-1,-1,-1,-1,,-1.0,-1.0,-1.0,-1,/media/bendico765/Crucial X9/MRI Lesions/manifest-1728494830954/Advanced-MRI-Breast-Lesions/AMBL-606/05-31-2006-NA-MRI BREASTS - Delayed contrast-21991/600.000000-Registered Ax T2 FSE-37560,/media/bendico765/Crucial X9/MRI Lesions/manifest-1728494830954/Advanced-MRI-Breast-Lesions/AMBL-606/05-31-2006-NA-MRI BREASTS - Delayed contrast-21991/500.000000-ROI-05790/1-1.dcm,27.49,L,"[[[0 0 0 ... 0 0 0]
  [0 0 0 ... 0 0 0]
  [0 0 0 ... 0 0 0]
  ...
  [0 0 0 ... 0 0 0]
  [0 0 0 ... 0 0 0]
  [0 0 0 ... 0 0 0]]

 [[0 0 0 ... 0 0 0]
  [0 0 0 ... 0 0 0]
  [0 0 0 ... 0 0 0]
  ...
  [0 0 0 ... 0 0 0]
  [0 0 0 ... 0 0 0]
  [0 0 0 ... 0 0 0]]

 [[0 0 0 ... 0 0 0]
  [0 0 0 ... 0 0 0]
  [0 0 0 ... 0 0 0]
  ...
  [0 0 0 ... 0 0 0]
  [0 0 0 ... 0 0 0]
  [0 0 0 ... 0 0 0]]

 ...

 [[0 0 0 ... 0 0 0]
  [0 0 0 ... 0 0 0]
  [0 0 0 ... 0 0 0]
  ...
  [0 0 0 ... 0 0 0]
  [0 0 0 ... 0 0 0]
  [0 0 0 ... 0 0 0]]

 [[0 0 0 ... 0 0 0]
  [0 0 0 ... 0 0 0]
  [0 0 0 ... 0 0 0]
  ...
  [0 0 0 ... 0 0 0]
  [0 0 0 ... 0 0 0]
  [0 0 0 ... 0 0 0]]

 [[0 0 0 ... 0 0 0]
  [0 0 0 ... 0 0 0]
  [0 0 0 ... 0 0 0]
  ...
  [0 0 0 ... 0 0 0]
  [0 0 0 ... 0 0 0]
  [0 0 0 ... 0 0 0]]]","[53, 54, 55]","[126, 127, 128, 129, 130, 131, 132, 133, 134, 135, 136, 137, 138]","[116, 117, 118, 119]",3,13,4,/media/bendico765/Crucial X9/Materiali Tesista/Roi masks/AMBL-606/ROI 1.npy,/media/bendico765/Crucial X9/Materiali Tesista/Cleaned Roi masks/AMBL-606/ROI 1.npy,0.6641,2.0,/media/bendico765/Crucial X9/MRI Lesions/manifest-1728494830954/Advanced-MRI-Breast-Lesions/AMBL-606/05-31-2006-NA-MRI BREASTS - Delayed contrast-21991/500.000000-Registered AX Sen Vibrant MultiPhase-87468,0.5637179634006737,0.2656153243645286,2.256409446120239,8.495027354007476,6.1452514383058405,9.4532791141487,8.6333,9.997458549551482,43.220823379999985,4.788799519034108,0.62091316637679,95.92134935853632,2.2193318372301762,52.041399580000004,110.8,161.4,1.765967307116955,25.0,7.218038415565767,234.0,17.16575696638897,137.25423728813558,134.0,100.0,134.0,10.76233589859665,139.38095582775154,1.5996586225712301,1011010.9158135201,0.3478885377765011,588.325193909796,3.9256852616499747,9.66659098996666,0.8835491320320137,1.4511586891393977,0.9935201311668667,0.20711579817306508,0.6186028021113745,1.3353057393849754,0.5742417206711282,0.7397903049766661,0.7258044273746402,0.9759684698018585,0.9175972131861478,-0.1748141656318902,0.6093391575731685,0.40041198516030546,1.9503864018155268,0.1836071355874331,2.845796048655307,0.5091285291420368,0.335450882593717,3.9007728036310536,2.1070824309201486,0.6111697050765661,4.551637540667242,5.135593220338983,0.08704395288710141,13.756966388968689,0.9658144211433497,5.033898305084746,59.03389830508475,207.0677966101695,25.3035263653484,0.4447693032015066,0.12148116628435038,1.6371657430575737,0.03795707168300941,14.786109994995288,0.31985888539421775,1.1424948844552771,5.485286696014135,2.093238151015476,9.48289658516771,0.9166391136598134,0.44281413682010257,2.6656079954930516,29.477021092370613,0.6234464179834185,0.7796610169491525,0.32178067859794884,0.8056039843730022,4.806830224815985,0.3507809669996544,1.8888888888888888,0.20987654320987653,2.9876543209876543,11.333333333333334,117.22222222222223,459.6666666666667,43.47126543209876,0.4002777777777778,3.2222222222222223,0.35802469135802467,0.5646709276644156,9.687181145743416,0.1457218520350784,3.169925001442309,0.15254237288135594,74.24691358024691,0.6943275991398551,0.12244135092313672,9.59869062872118,0.036611501574213265,2.175478961426075
111,AMBL-607,0,1.0,2,strong,strong,neg,,100,100,0.0,5 to 10,/media/bendico765/Crucial X9/MRI Lesions/manifest-1728494830954/Advanced-MRI-Breast-Lesions/AMBL-607/05-31-2006-NA-MRI BREASTS - Delayed contrast-08485/600.000000-Registered Ax T2 FSE-39711,/media/bendico765/Crucial X9/MRI Lesions/manifest-1728494830954/Advanced-MRI-Breast-Lesions/AMBL-607/05-31-2006-NA-MRI BREASTS - Delayed contrast-08485/500.000000-ROI-53343/1-1.dcm,-52.07,L,"[[[0 0 0 ... 0 0 0]
  [0 0 0 ... 0 0 0]
  [0 0 0 ... 0 0 0]
  ...
  [0 0 0 ... 0 0 0]
  [0 0 0 ... 0 0 0]
  [0 0 0 ... 0 0 0]]

 [[0 0 0 ... 0 0 0]
  [0 0 0 ... 0 0 0]
  [0 0 0 ... 0 0 0]
  ...
  [0 0 0 ... 0 0 0]
  [0 0 0 ... 0 0 0]
  [0 0 0 ... 0 0 0]]

 [[0 0 0 ... 0 0 0]
  [0 0 0 ... 0 0 0]
  [0 0 0 ... 0 0 0]
  ...
  [0 0 0 ... 0 0 0]
  [0 0 0 ... 0 0 0]
  [0 0 0 ... 0 0 0]]

 ...

 [[0 0 0 ... 0 0 0]
  [0 0 0 ... 0 0 0]
  [0 0 0 ... 0 0 0]
  ...
  [0 0 0 ... 0 0 0]
  [0 0 0 ... 0 0 0]
  [0 0 0 ... 0 0 0]]

 [[0 0 0 ... 0 0 0]
  [0 0 0 ... 0 0 0]
  [0 0 0 ... 0 0 0]
  ...
  [0 0 0 ... 0 0 0]
  [0 0 0 ... 0 0 0]
  [0 0 0 ... 0 0 0]]

 [[0 0 0 ... 0 0 0]
  [0 0 0 ... 0 0 0]
  [0 0 0 ... 0 0 0]
  ...
  [0 0 0 ... 0 0 0]
  [0 0 0 ... 0 0 0]
  [0 0 0 ... 0 0 0]]]","[83, 84, 85, 86, 87, 88, 89, 90]","[219, 220, 221, 222, 223, 224, 225, 226, 227, 228, 229, 230, 231, 232, 233, 234, 235, 236, 237, 238, 239, 240, 241, 242, 243, 244, 245, 246, 247, 248]","[131, 132, 133, 134, 135, 136, 137, 138, 139, 140, 141, 142, 143, 144, 145, 146]",8,30,16,/media/bendico765/Crucial X9/Materiali Tesista/Roi masks/AMBL-607/ROI 0.npy,/media/bendico765/Crucial X9/Materiali Tesista/Cleaned Roi masks/AMBL-607/ROI 0.npy,0.7031,2.0,/media/bendico765/Crucial X9/MRI Lesions/manifest-1728494830954/Advanced-MRI-Breast-Lesions/AMBL-607/05-31-2006-NA-MRI BREASTS - Delayed contrast-08485/500.000000-Registered AX Sen Vibrant MultiPhase-52084,0.629263583748709,0.36034503791530015,6.703933622230998,18.604206848567102,14.27969165493429,18.573327818406696,20.76229418730021,23.57520605254597,681.131370978335,11.70694987433161,0.5013731210160889,746.695726599291,1.0962580177841221,706.9199422999999,79.4,207.60000000000002,2.9115187001686214,75.5,2.246409703509671,257.0,39.755919604870655,136.55944055944056,129.0,16.0,241.0,29.897190844096293,144.59706252033783,0.3085335865058054,14780501.644835237,0.1469900728641987,2259.8296836031104,36.9279832676133,249.26867671035254,8.60953416159348,10.492329283320563,3.93963346673758,0.45372387117591045,1.4852059700351545,2.17370997582851,1.5968437657446894,0.52916139351835,0.4749387558898637,0.9705645026576792,0.890108631508146,-0.11800344825815043,0.6501316369725553,0.4405154046896715,5.940400303067159,0.03205299960337146,5.4058033284125635,0.5171859883097746,0.08245898819268657,11.880800606134319,3.6286062061698567,3.6079906875145364,5.950882383335657,81.88671328671329,0.11452687172966894,9.555882439239083,3.690202943909237,39.37202797202797,36.14685314685315,1058.241958041958,1.7043297853577764,0.04083339550424359,0.11647136668372213,5.137627462517179,0.006103552149883424,85.75845746538636,0.14272470688850783,3.7543658561319577,40.539178567100166,1.734586748918932,64.41395357731133,0.0726559625240232,0.040364047513914834,3.6284672959320683,447.3408389267504,0.735278735601855,0.8401291016675633,0.2753347031332947,0.8778657291574568,36.29023985300712,0.03520283802351301,10.688888888888888,0.11876543209876543,5.898888888888888,45.58888888888889,371.25555555555553,10973.322222222223,15.192651249071373,0.05577407597991412,15.844444444444445,0.1760493827160494,0.40404929608254153,17.665529521163485,0.02981281279858944,5.528196919071874,0.1258741258741259,308.1413580246914,1.7221388450206205,0.010695038390524237,48.74320434504105,0.06716269030948305,0.4208316578952587
112,AMBL-608,0,1.0,-1,strong,weak ,strong,,50,20,-1.0,10,/media/bendico765/Crucial X9/MRI Lesions/manifest-1728494830954/Advanced-MRI-Breast-Lesions/AMBL-608/06-07-2006-NA-MRI BREASTS - Delayed contrast-57426/600.000000-Registered Ax T2 FSE-98977,/media/bendico765/Crucial X9/MRI Lesions/manifest-1728494830954/Advanced-MRI-Breast-Lesions/AMBL-608/06-07-2006-NA-MRI BREASTS - Delayed contrast-57426/500.000000-ROI-92345/1-1.dcm,8.01,L,"[[[0 0 0 ... 0 0 0]
  [0 0 0 ... 0 0 0]
  [0 0 0 ... 0 0 0]
  ...
  [0 0 0 ... 0 0 0]
  [0 0 0 ... 0 0 0]
  [0 0 0 ... 0 0 0]]

 [[0 0 0 ... 0 0 0]
  [0 0 0 ... 0 0 0]
  [0 0 0 ... 0 0 0]
  ...
  [0 0 0 ... 0 0 0]
  [0 0 0 ... 0 0 0]
  [0 0 0 ... 0 0 0]]

 [[0 0 0 ... 0 0 0]
  [0 0 0 ... 0 0 0]
  [0 0 0 ... 0 0 0]
  ...
  [0 0 0 ... 0 0 0]
  [0 0 0 ... 0 0 0]
  [0 0 0 ... 0 0 0]]

 ...

 [[0 0 0 ... 0 0 0]
  [0 0 0 ... 0 0 0]
  [0 0 0 ... 0 0 0]
  ...
  [0 0 0 ... 0 0 0]
  [0 0 0 ... 0 0 0]
  [0 0 0 ... 0 0 0]]

 [[0 0 0 ... 0 0 0]
  [0 0 0 ... 0 0 0]
  [0 0 0 ... 0 0 0]
  ...
  [0 0 0 ... 0 0 0]
  [0 0 0 ... 0 0 0]
  [0 0 0 ... 0 0 0]]

 [[0 0 0 ... 0 0 0]
  [0 0 0 ... 0 0 0]
  [0 0 0 ... 0 0 0]
  ...
  [0 0 0 ... 0 0 0]
  [0 0 0 ... 0 0 0]
  [0 0 0 ... 0 0 0]]]","[56, 57, 58, 59, 60]","[114, 115, 116, 117, 118, 119, 122, 123, 124, 125, 126, 127, 128, 129, 130, 131, 132, 133]","[121, 123, 124, 125, 126, 127, 128, 129, 130, 131]",5,20,11,/media/bendico765/Crucial X9/Materiali Tesista/Roi masks/AMBL-608/ROI 0.npy,/media/bendico765/Crucial X9/Materiali Tesista/Cleaned Roi masks/AMBL-608/ROI 0.npy,0.6836,2.0,/media/bendico765/Crucial X9/MRI Lesions/manifest-1728494830954/Advanced-MRI-Breast-Lesions/AMBL-608/06-07-2006-NA-MRI BREASTS - Delayed contrast-57426/500.000000-Registered AX Sen Vibrant MultiPhase-49996,0.5301435569751131,0.4656514851666438,5.623870985101522,12.077425208015592,9.321917133293987,11.957224353502781,12.770701900835366,16.277593890990154,98.05699677333358,6.402769158878281,0.572340949278767,179.67253565027755,1.8323275397226848,111.21953248,69.0,187.60000000000002,2.7011600665743596,55.5,2.44636301815415,207.0,34.96010168773392,114.2016806722689,104.0,43.0,164.0,24.978732638888896,121.88946638986785,0.6323528301827033,1652393.26714496,0.1754819574888779,1815.0181484358454,15.637113536824906,147.41562255487108,11.790608346088577,7.064281364203082,3.100658994954875,0.3816824663032218,1.3155825853312149,1.9397941475223273,1.2181455793594027,0.5555810685241943,0.5043298113795054,0.9582414032717528,0.8712020770161619,-0.23853285779223873,0.8270121567815232,0.43492654331672514,3.8239974026608476,0.05446039131641042,4.6125335644926775,0.6870491689599901,0.12632672259923544,7.6479948053216935,3.1358529802926274,2.5412350897894886,5.319076382175892,16.26050420168067,0.1366428924510981,6.430901772473695,2.9945625308947106,19.949579831932773,27.252100840336134,421.05882352941177,2.9016949279711888,0.11923977924503133,0.1510628399463042,3.5663397453815593,0.017524664326082996,17.4149953360494,0.16976012833864917,3.0792764109720263,20.410118299829506,1.6469238152447223,31.754850996941244,0.19705825299295665,0.12051719763487244,3.2541590643820983,81.08279340611911,0.7714109299319654,0.8629605688429218,0.22039240359542542,0.8904934093411702,18.52991060568802,0.10899984006142806,3.5217391304347827,0.15311909262759923,3.8979206049149338,24.73913043478261,74.21739130434783,1096.4347826086957,7.717848824312334,0.11800613723750368,5.0,0.21739130434782608,0.4477809827559323,11.313202242987142,0.03668195694055353,4.055958151615117,0.19327731092436976,47.44801512287334,0.6523775633152735,0.07204174831263499,18.46093261527084,0.08819149125371915,1.3681156085260302
113,AMBL-608,1,0.0,-1,-1,-1,-1,,-1.0,-1.0,-1.0,-1,/media/bendico765/Crucial X9/MRI Lesions/manifest-1728494830954/Advanced-MRI-Breast-Lesions/AMBL-608/06-07-2006-NA-MRI BREASTS - Delayed contrast-57426/600.000000-Registered Ax T2 FSE-98977,/media/bendico765/Crucial X9/MRI Lesions/manifest-1728494830954/Advanced-MRI-Breast-Lesions/AMBL-608/06-07-2006-NA-MRI BREASTS - Delayed contrast-57426/500.000000-ROI-92345/1-1.dcm,4.01,L,"[[[0 0 0 ... 0 0 0]
  [0 0 0 ... 0 0 0]
  [0 0 0 ... 0 0 0]
  ...
  [0 0 0 ... 0 0 0]
  [0 0 0 ... 0 0 0]
  [0 0 0 ... 0 0 0]]

 [[0 0 0 ... 0 0 0]
  [0 0 0 ... 0 0 0]
  [0 0 0 ... 0 0 0]
  ...
  [0 0 0 ... 0 0 0]
  [0 0 0 ... 0 0 0]
  [0 0 0 ... 0 0 0]]

 [[0 0 0 ... 0 0 0]
  [0 0 0 ... 0 0 0]
  [0 0 0 ... 0 0 0]
  ...
  [0 0 0 ... 0 0 0]
  [0 0 0 ... 0 0 0]
  [0 0 0 ... 0 0 0]]

 ...

 [[0 0 0 ... 0 0 0]
  [0 0 0 ... 0 0 0]
  [0 0 0 ... 0 0 0]
  ...
  [0 0 0 ... 0 0 0]
  [0 0 0 ... 0 0 0]
  [0 0 0 ... 0 0 0]]

 [[0 0 0 ... 0 0 0]
  [0 0 0 ... 0 0 0]
  [0 0 0 ... 0 0 0]
  ...
  [0 0 0 ... 0 0 0]
  [0 0 0 ... 0 0 0]
  [0 0 0 ... 0 0 0]]

 [[0 0 0 ... 0 0 0]
  [0 0 0 ... 0 0 0]
  [0 0 0 ... 0 0 0]
  ...
  [0 0 0 ... 0 0 0]
  [0 0 0 ... 0 0 0]
  [0 0 0 ... 0 0 0]]]","[61, 62]","[122, 123, 124, 125]","[157, 160]",2,4,4,/media/bendico765/Crucial X9/Materiali Tesista/Roi masks/AMBL-608/ROI 1.npy,/media/bendico765/Crucial X9/Materiali Tesista/Cleaned Roi masks/AMBL-608/ROI 1.npy,0.6836,2.0,/media/bendico765/Crucial X9/MRI Lesions/manifest-1728494830954/Advanced-MRI-Breast-Lesions/AMBL-608/06-07-2006-NA-MRI BREASTS - Delayed contrast-57426/500.000000-Registered AX Sen Vibrant MultiPhase-49996,0.7059416852993986,0.3377427003365164,1.5255667198774276,4.51694949545142,4.495084052606803,4.227201892505254,3.4179999999999997,4.698405738120113,3.3490475466666667,3.1887029392312436,0.5630166886472685,19.22695007059626,5.741020335687081,6.54232544,33.0,100.80000000000001,1.8423709931771073,39.5,2.0093334716023024,114.0,24.612244897959187,63.285714285714285,54.0,30.0,84.0,16.96,69.39020103732227,0.5610921268169909,31501.2969936,0.30612244897959184,809.9183673469388,2.3125,6.140625,1.125,0.9375,0.5,0.10416666666666693,0.5,0.4999999999999995,0.125,0.75,0.75,0.9705882352941178,0.9,-0.4427062054650599,0.5854194724854488,0.5,1.4375,0.515625,1.2499999999999991,0.5833333333333314,0.5625,2.875,0.7499999999999993,0.359375,1.8423709931771075,2.4285714285714284,0.3469387755102041,0.693877551020408,1.1428571428571428,5.142857142857143,5.285714285714286,12.0,4.16765873015873,0.5248015873015873,0.40476190476190477,3.9047619047619047,0.09027777777777778,1.8603174603174601,0.29232048374905517,1.1777248677248677,5.54920634920635,1.3666666666666665,6.215873015873016,0.7833884479717813,0.4917217813051147,2.058716568199054,5.377777777777777,0.8274074074074074,0.9047619047619048,0.0862962962962963,0.9083333333333333,5.382539682539683,0.418805114638448,1.0,0.25,1.25,7.5,3.75,12.5,2.5434027777777777,0.3559027777777778,1.5,0.375,0.5902777777777778,6.527777777777778,0.08680555555555555,1.9999999999999987,0.5714285714285714,0.6875,0.9999999999999998,0.8750000000000002,3.2357142857142853,0.12018140589569158,4.787061994609165
114,AMBL-608,2,0.0,-1.0,-1,-1,-1,,-1.0,-1.0,-1.0,-1,/media/bendico765/Crucial X9/MRI Lesions/manifest-1728494830954/Advanced-MRI-Breast-Lesions/AMBL-608/06-07-2006-NA-MRI BREASTS - Delayed contrast-57426/600.000000-Registered Ax T2 FSE-98977,/media/bendico765/Crucial X9/MRI Lesions/manifest-1728494830954/Advanced-MRI-Breast-Lesions/AMBL-608/06-07-2006-NA-MRI BREASTS - Delayed contrast-57426/500.000000-ROI-92345/1-1.dcm,4.01,R,"[[[0 0 0 ... 0 0 0]
  [0 0 0 ... 0 0 0]
  [0 0 0 ... 0 0 0]
  ...
  [0 0 0 ... 0 0 0]
  [0 0 0 ... 0 0 0]
  [0 0 0 ... 0 0 0]]

 [[0 0 0 ... 0 0 0]
  [0 0 0 ... 0 0 0]
  [0 0 0 ... 0 0 0]
  ...
  [0 0 0 ... 0 0 0]
  [0 0 0 ... 0 0 0]
  [0 0 0 ... 0 0 0]]

 [[0 0 0 ... 0 0 0]
  [0 0 0 ... 0 0 0]
  [0 0 0 ... 0 0 0]
  ...
  [0 0 0 ... 0 0 0]
  [0 0 0 ... 0 0 0]
  [0 0 0 ... 0 0 0]]

 ...

 [[0 0 0 ... 0 0 0]
  [0 0 0 ... 0 0 0]
  [0 0 0 ... 0 0 0]
  ...
  [0 0 0 ... 0 0 0]
  [0 0 0 ... 0 0 0]
  [0 0 0 ... 0 0 0]]

 [[0 0 0 ... 0 0 0]
  [0 0 0 ... 0 0 0]
  [0 0 0 ... 0 0 0]
  ...
  [0 0 0 ... 0 0 0]
  [0 0 0 ... 0 0 0]
  [0 0 0 ... 0 0 0]]

 [[0 0 0 ... 0 0 0]
  [0 0 0 ... 0 0 0]
  [0 0 0 ... 0 0 0]
  ...
  [0 0 0 ... 0 0 0]
  [0 0 0 ... 0 0 0]
  [0 0 0 ... 0 0 0]]]","[53, 54]","[88, 89, 90, 91, 92]","[338, 339, 340, 341]",2,5,4,/media/bendico765/Crucial X9/Materiali Tesista/Roi masks/AMBL-608/ROI 2.npy,/media/bendico765/Crucial X9/Materiali Tesista/Cleaned Roi masks/AMBL-608/ROI 2.npy,0.6836,2.0,/media/bendico765/Crucial X9/MRI Lesions/manifest-1728494830954/Advanced-MRI-Breast-Lesions/AMBL-608/06-07-2006-NA-MRI BREASTS - Delayed contrast-57426/500.000000-Registered AX Sen Vibrant MultiPhase-49996,0.6398209530579866,0.36140948924615224,1.5876948232187849,4.393063465296625,4.495084052606803,4.495084052606803,3.4856897394920274,4.893286453908048,11.643781586666668,2.810774053210308,0.7346987673791091,33.8145942190457,2.9040903908543685,14.95388672,100.5,233.5,2.72721700146248,53.25,2.6579879433539992,251.0,40.671875,178.0625,193.0,69.0,182.0,25.055555555555554,185.07380284632399,-0.6728820048143002,512205.20102304,0.1796875,2546.0585937500005,27.23820346320346,70.18002758237132,-2.8989772727272687,3.7499170274170277,11.895714285714288,-0.3424317796217417,2.704069264069264,1.5002487291135143,3.031511900076835,0.3947068903318903,0.30986436933495753,0.8924822170155744,0.7929956275898788,-0.819758512444556,0.9858234726541273,0.3030390271765272,5.35,0.13563515371713422,3.013029624019846,0.974472307834416,0.1767099567099567,10.7,1.7432565431668805,3.911407828282828,3.20281953111478,4.625,0.2890625,0.984375,4.62109375,35.5625,5.5,215.1875,0.22905868134290755,0.10802599048878811,0.4348958333333333,10.8125,0.09332047981229528,2.60534632034632,0.17170999067671144,4.7981227330119385,35.103257575757574,1.219220779220779,44.27702380952381,0.11978712743595113,0.11398619292073091,2.869254197480383,13.83835497835498,0.9010345383332397,0.94375,0.04948273083338018,0.9451948051948051,32.80981601731602,0.11253595929192586,1.2222222222222223,0.13580246913580246,6.098765432098766,30.0,4.666666666666667,177.66666666666666,0.26994212088127434,0.17161676604798298,3.888888888888889,0.43209876543209874,0.6433333333333333,13.243333333333332,0.1625909828952157,3.1699250014423095,0.5625,1.506172839506173,0.08616739436940009,0.26602447794675554,50.755461014266814,0.3149167984250992,6.149656857647916
115,AMBL-610,0,1.0,2,strong,strong,neg,,100,90,0.0,20,/media/bendico765/Crucial X9/MRI Lesions/manifest-1728494830954/Advanced-MRI-Breast-Lesions/AMBL-610/06-22-2006-NA-MRI BREASTS - Delayed contrast-91740/600.000000-Registered Ax T2 FSE-93781,/media/bendico765/Crucial X9/MRI Lesions/manifest-1728494830954/Advanced-MRI-Breast-Lesions/AMBL-610/06-22-2006-NA-MRI BREASTS - Delayed contrast-91740/500.000000-ROI-69655/1-1.dcm,53.44,R,"[[[0 0 0 ... 0 0 0]
  [0 0 0 ... 0 0 0]
  [0 0 0 ... 0 0 0]
  ...
  [0 0 0 ... 0 0 0]
  [0 0 0 ... 0 0 0]
  [0 0 0 ... 0 0 0]]

 [[0 0 0 ... 0 0 0]
  [0 0 0 ... 0 0 0]
  [0 0 0 ... 0 0 0]
  ...
  [0 0 0 ... 0 0 0]
  [0 0 0 ... 0 0 0]
  [0 0 0 ... 0 0 0]]

 [[0 0 0 ... 0 0 0]
  [0 0 0 ... 0 0 0]
  [0 0 0 ... 0 0 0]
  ...
  [0 0 0 ... 0 0 0]
  [0 0 0 ... 0 0 0]
  [0 0 0 ... 0 0 0]]

 ...

 [[0 0 0 ... 0 0 0]
  [0 0 0 ... 0 0 0]
  [0 0 0 ... 0 0 0]
  ...
  [0 0 0 ... 0 0 0]
  [0 0 0 ... 0 0 0]
  [0 0 0 ... 0 0 0]]

 [[0 0 0 ... 0 0 0]
  [0 0 0 ... 0 0 0]
  [0 0 0 ... 0 0 0]
  ...
  [0 0 0 ... 0 0 0]
  [0 0 0 ... 0 0 0]
  [0 0 0 ... 0 0 0]]

 [[0 0 0 ... 0 0 0]
  [0 0 0 ... 0 0 0]
  [0 0 0 ... 0 0 0]
  ...
  [0 0 0 ... 0 0 0]
  [0 0 0 ... 0 0 0]
  [0 0 0 ... 0 0 0]]]","[40, 41, 42, 43]","[227, 228, 229, 230, 231, 232, 233, 234, 235, 236, 237, 238, 239, 240]","[378, 379, 380, 381, 382, 383, 384, 385, 386, 387, 388, 389]",4,14,12,/media/bendico765/Crucial X9/Materiali Tesista/Roi masks/AMBL-610/ROI 0.npy,/media/bendico765/Crucial X9/Materiali Tesista/Cleaned Roi masks/AMBL-610/ROI 0.npy,0.7422,2.0,/media/bendico765/Crucial X9/MRI Lesions/manifest-1728494830954/Advanced-MRI-Breast-Lesions/AMBL-610/06-22-2006-NA-MRI BREASTS - Delayed contrast-91740/500.000000-Registered AX Sen Vibrant MultiPhase-72866,0.8531201441468869,0.823089002214645,7.017666624392455,8.526011896052998,9.538982186795403,10.912657054998109,9.762116846258294,11.645252646464996,266.47893134999924,7.2737124977588055,0.7300574428403516,274.3062335456035,1.029373062087688,277.63386335999996,156.0,378.6,3.800778077692541,127.25,3.0908868436810715,555.0,72.9887566137566,265.69444444444446,256.0,90.0,465.0,52.28246825573624,280.6244666272727,0.5069174046469803,21863692.079198636,0.08128621819098009,8156.553461199293,72.19402839778417,5025.924099481888,117.76089026465785,43.87068805774657,14.184738323678058,0.516527278517057,2.795249900570122,2.9341302081718603,5.895042356891224,0.399695154714617,0.31837663535080085,0.9688452723380931,0.8869112606705228,-0.2408359742015614,0.9143352285970627,0.31511371057801,8.046143346325131,0.011752086696578241,6.743966780533445,0.6491052873604067,0.032152371220050054,16.09228669265026,4.518470139425179,14.513856595356156,5.97252533690492,41.45238095238095,0.16449357520786093,3.7675736961451247,13.235764676240866,79.41269841269842,15.198412698412698,1002.6428571428571,0.5546767773253243,0.03632196908394007,0.2677680762545568,24.942760585581194,0.01056696148966118,18.47664171307592,0.0806940106886995,13.361268429226575,80.42770301267,1.3382896911766027,103.7293493604316,0.048312742413165626,0.03642842223422186,4.210086515649788,191.70053965089122,0.8338003678984495,0.9084249084249085,0.11582538674417193,0.9293128344375207,75.42751878917437,0.03392365162987629,6.69620253164557,0.08476205736260214,14.579714789296588,96.49367088607595,31.645569620253166,2044.1012658227849,1.1650298564310078,0.03883008678068635,28.49367088607595,0.3606793783047589,0.6226904525697878,62.010717490970165,0.025691203840099253,5.1548167485504,0.3134920634920635,21.4702771991668,0.25154890600635094,0.031076847796727695,255.61437776973898,0.13963511529786812,4.004728086219682
116,AMBL-610,1,1.0,2,strong,strong,neg,,95.0,95.0,0.0,10,/media/bendico765/Crucial X9/MRI Lesions/manifest-1728494830954/Advanced-MRI-Breast-Lesions/AMBL-610/06-22-2006-NA-MRI BREASTS - Delayed contrast-91740/600.000000-Registered Ax T2 FSE-93781,/media/bendico765/Crucial X9/MRI Lesions/manifest-1728494830954/Advanced-MRI-Breast-Lesions/AMBL-610/06-22-2006-NA-MRI BREASTS - Delayed contrast-91740/500.000000-ROI-69655/1-1.dcm,-8.56,R,"[[[0 0 0 ... 0 0 0]
  [0 0 0 ... 0 0 0]
  [0 0 0 ... 0 0 0]
  ...
  [0 0 0 ... 0 0 0]
  [0 0 0 ... 0 0 0]
  [0 0 0 ... 0 0 0]]

 [[0 0 0 ... 0 0 0]
  [0 0 0 ... 0 0 0]
  [0 0 0 ... 0 0 0]
  ...
  [0 0 0 ... 0 0 0]
  [0 0 0 ... 0 0 0]
  [0 0 0 ... 0 0 0]]

 [[0 0 0 ... 0 0 0]
  [0 0 0 ... 0 0 0]
  [0 0 0 ... 0 0 0]
  ...
  [0 0 0 ... 0 0 0]
  [0 0 0 ... 0 0 0]
  [0 0 0 ... 0 0 0]]

 ...

 [[0 0 0 ... 0 0 0]
  [0 0 0 ... 0 0 0]
  [0 0 0 ... 0 0 0]
  ...
  [0 0 0 ... 0 0 0]
  [0 0 0 ... 0 0 0]
  [0 0 0 ... 0 0 0]]

 [[0 0 0 ... 0 0 0]
  [0 0 0 ... 0 0 0]
  [0 0 0 ... 0 0 0]
  ...
  [0 0 0 ... 0 0 0]
  [0 0 0 ... 0 0 0]
  [0 0 0 ... 0 0 0]]

 [[0 0 0 ... 0 0 0]
  [0 0 0 ... 0 0 0]
  [0 0 0 ... 0 0 0]
  ...
  [0 0 0 ... 0 0 0]
  [0 0 0 ... 0 0 0]
  [0 0 0 ... 0 0 0]]]","[72, 73, 74, 75, 76]","[147, 148, 149, 150, 151, 152, 153, 154, 155, 156, 157, 158, 159, 160, 161, 162, 163, 164, 165, 166, 167, 168, 169, 170, 171, 172, 173, 174, 175, 176, 177, 178, 179, 180, 181, 182, 183]","[379, 380, 381, 382, 383, 384, 385, 386, 387, 388, 389, 390, 391, 392, 393, 394, 395, 396, 397, 398, 399, 400, 401]",5,37,23,/media/bendico765/Crucial X9/Materiali Tesista/Roi masks/AMBL-610/ROI 1.npy,/media/bendico765/Crucial X9/Materiali Tesista/Cleaned Roi masks/AMBL-610/ROI 1.npy,0.7422,2.0,/media/bendico765/Crucial X9/MRI Lesions/manifest-1728494830954/Advanced-MRI-Breast-Lesions/AMBL-610/06-22-2006-NA-MRI BREASTS - Delayed contrast-91740/500.000000-Registered AX Sen Vibrant MultiPhase-72866,0.38697783410982456,0.3243858981671204,8.345902034321766,25.72831334986714,12.042440576560882,20.434714393893543,28.86957656288017,28.86957656288017,612.7867794299996,9.956286975430471,0.46009793305917135,758.2983312639129,1.2374586996952919,662.1347296799999,132.0,272.0,3.1949708724557264,83.0,4.0998177127776385,469.0,46.034518176859976,207.34276206322795,212.0,58.0,411.0,33.506454477153206,215.2423430065788,0.28730505465266626,30676216.166813515,0.12610983912004675,3338.24524295337,46.47060427606929,988.0842245451272,23.01513591848994,17.494719903546937,7.434630595955041,0.4163506161675994,2.049637223219224,2.567494659007613,3.017011846591376,0.4598984623967046,0.38855127119315164,0.97644660315943,0.8996828422632688,-0.11768863611164862,0.7108858348495531,0.37248152665699635,6.629728504182192,0.01773603498310428,6.171266212641375,0.49335101672225434,0.03613560833279186,13.259457008364384,4.020591892024156,6.232337624875494,5.914195961790025,89.34941763727122,0.14866791620178238,4.6689294880136,5.403390356062138,51.67054908485857,19.352745424292845,939.5207986688852,0.6846575979970919,0.0406963794764539,0.19984885363680482,11.469096239135046,0.009285893969174707,67.39095402825915,0.12583774164396594,5.4949223784079955,51.969625672794365,1.4184422613092802,72.36380858345093,0.056349095263865695,0.041301322244947876,3.7191588377707774,434.2774536260539,0.8059516490551017,0.8910789709458592,0.14446492238337397,0.9153410184953115,47.74210025938443,0.0382571915562766,15.690140845070422,0.110493949613172,7.440785558420949,58.63380281690141,71.44366197183099,3198.9014084507044,2.509434019817757,0.04805362370836176,36.690140845070424,0.25838127355683393,0.5164039949705539,31.82279896155384,0.023761935895283307,5.4452743605956995,0.23627287853577372,53.530499900813325,0.6544200067638799,0.01202118508767911,146.35747257948626,0.05802097744834724,1.270587347781275
117,AMBL-610,2,1.0,3.0,strong,strong,neg,,100.0,90.0,0.0,25,/media/bendico765/Crucial X9/MRI Lesions/manifest-1728494830954/Advanced-MRI-Breast-Lesions/AMBL-610/06-22-2006-NA-MRI BREASTS - Delayed contrast-91740/600.000000-Registered Ax T2 FSE-93781,/media/bendico765/Crucial X9/MRI Lesions/manifest-1728494830954/Advanced-MRI-Breast-Lesions/AMBL-610/06-22-2006-NA-MRI BREASTS - Delayed contrast-91740/500.000000-ROI-69655/1-1.dcm,-20.56,R,"[[[0 0 0 ... 0 0 0]
  [0 0 0 ... 0 0 0]
  [0 0 0 ... 0 0 0]
  ...
  [0 0 0 ... 0 0 0]
  [0 0 0 ... 0 0 0]
  [0 0 0 ... 0 0 0]]

 [[0 0 0 ... 0 0 0]
  [0 0 0 ... 0 0 0]
  [0 0 0 ... 0 0 0]
  ...
  [0 0 0 ... 0 0 0]
  [0 0 0 ... 0 0 0]
  [0 0 0 ... 0 0 0]]

 [[0 0 0 ... 0 0 0]
  [0 0 0 ... 0 0 0]
  [0 0 0 ... 0 0 0]
  ...
  [0 0 0 ... 0 0 0]
  [0 0 0 ... 0 0 0]
  [0 0 0 ... 0 0 0]]

 ...

 [[0 0 0 ... 0 0 0]
  [0 0 0 ... 0 0 0]
  [0 0 0 ... 0 0 0]
  ...
  [0 0 0 ... 0 0 0]
  [0 0 0 ... 0 0 0]
  [0 0 0 ... 0 0 0]]

 [[0 0 0 ... 0 0 0]
  [0 0 0 ... 0 0 0]
  [0 0 0 ... 0 0 0]
  ...
  [0 0 0 ... 0 0 0]
  [0 0 0 ... 0 0 0]
  [0 0 0 ... 0 0 0]]

 [[0 0 0 ... 0 0 0]
  [0 0 0 ... 0 0 0]
  [0 0 0 ... 0 0 0]
  ...
  [0 0 0 ... 0 0 0]
  [0 0 0 ... 0 0 0]
  [0 0 0 ... 0 0 0]]]","[73, 74, 75, 76, 77, 78, 79, 80, 81, 82, 83, 84, 85, 86, 87]","[95, 96, 97, 98, 99, 100, 101, 102, 103, 104, 105, 106, 107, 108, 109, 110, 111, 112, 113, 114, 115, 116, 117, 118, 119, 120, 121, 122, 123, 124, 125, 126, 127, 128, 129, 130, 131, 132, 133, 134, 135, 136, 137, 138, 139, 140, 141, 142, 143, 144, 145, 146, 147, 148, 149, 150, 151, 152, 153, 154, 155, 156, 157, 158]","[352, 353, 354, 355, 356, 357, 358, 359, 360, 361, 362, 363, 364, 365, 366, 367, 368, 369, 370, 371, 372, 373, 374, 375, 376, 377, 378, 379, 380, 381, 382, 383, 384, 385, 386, 387, 388, 389, 390, 391, 392, 393, 394, 395, 396, 397, 398, 399, 400, 401, 402, 403, 404, 405, 406, 407]",15,64,56,/media/bendico765/Crucial X9/Materiali Tesista/Roi masks/AMBL-610/ROI 2.npy,/media/bendico765/Crucial X9/Materiali Tesista/Cleaned Roi masks/AMBL-610/ROI 2.npy,0.7422,2.0,/media/bendico765/Crucial X9/MRI Lesions/manifest-1728494830954/Advanced-MRI-Breast-Lesions/AMBL-610/06-22-2006-NA-MRI BREASTS - Delayed contrast-91740/500.000000-Registered AX Sen Vibrant MultiPhase-72866,0.6172011610388087,0.4964238290559448,21.187043616631364,42.67934449666331,37.59191535423541,46.40591631419424,52.575847069923654,54.58158342151682,13772.714531819875,26.341740975715886,0.4183961802595748,6641.142169392415,0.48219558708263444,13927.965478559998,81.0,202.0,2.778589851371541,65.0,3.291425066082246,333.0,39.04873043428987,128.48354690713495,113.0,16.0,317.0,27.81577607133714,137.15879585075092,0.9427458323136206,262020341.93327925,0.18475287010717875,2304.5134533900236,31.563834330633536,427.90609978639503,36.074862339795956,10.719648896774318,2.032408923080513,0.6757922502724341,0.920858301915168,1.8336819757349387,1.1434918378062977,0.6692279056352989,0.6400815597359516,0.9901686275879555,0.9428334448022742,-0.20407946720163864,0.7823205668079832,0.3994294824320587,5.421065074255562,0.0814402198403915,4.697131135370312,0.6962270073667842,0.22213487887707378,10.842130148511124,3.4765859460627926,3.188014454963707,6.777980929497742,619.3042240151875,0.048987836103083965,49.59810107565652,3.769470747133009,35.79726309128303,156.44454991298846,3319.1620787850024,8.717821326580196,0.04294501895212247,0.06444657580249634,3.6015988497853453,0.0022610229176990406,1194.2887777855665,0.1470577035921655,4.159881600090913,41.79980287076329,4.639594893441101,122.03816569016882,0.23883819817790403,0.03802982523240101,4.247331818078317,4577.112205031603,0.5552825215369164,0.6408978618280945,2.0648523475697167,0.7701234571795129,34.87672948922628,0.027305146662930532,91.61219195849546,0.11882255766341823,6.076128665418434,62.199740596627755,31534.049286640726,675620.4993514916,1632.7741812534673,0.034281481629267065,187.24902723735408,0.2428651455737407,0.5027243182725092,30.681661680637223,0.019820153320113224,5.9728674460711755,0.06098718557190318,31265.191378118267,14.524448030585615,0.0007733609264914672,60.69605059305699,0.02864529670367952,0.07496956140558615
118,AMBL-612,0,1.0,1,strong,weak to moderate,neg,,100,30,10.0,3 to 5,/media/bendico765/Crucial X9/MRI Lesions/manifest-1728494830954/Advanced-MRI-Breast-Lesions/AMBL-612/07-12-2006-NA-MRI BREASTS - Delayed contrast-66769/600.000000-Registered Ax T2 FSE-86475,/media/bendico765/Crucial X9/MRI Lesions/manifest-1728494830954/Advanced-MRI-Breast-Lesions/AMBL-612/07-12-2006-NA-MRI BREASTS - Delayed contrast-66769/500.000000-ROI-13439/1-1.dcm,18.41,R,"[[[0 0 0 ... 0 0 0]
  [0 0 0 ... 0 0 0]
  [0 0 0 ... 0 0 0]
  ...
  [0 0 0 ... 0 0 0]
  [0 0 0 ... 0 0 0]
  [0 0 0 ... 0 0 0]]

 [[0 0 0 ... 0 0 0]
  [0 0 0 ... 0 0 0]
  [0 0 0 ... 0 0 0]
  ...
  [0 0 0 ... 0 0 0]
  [0 0 0 ... 0 0 0]
  [0 0 0 ... 0 0 0]]

 [[0 0 0 ... 0 0 0]
  [0 0 0 ... 0 0 0]
  [0 0 0 ... 0 0 0]
  ...
  [0 0 0 ... 0 0 0]
  [0 0 0 ... 0 0 0]
  [0 0 0 ... 0 0 0]]

 ...

 [[0 0 0 ... 0 0 0]
  [0 0 0 ... 0 0 0]
  [0 0 0 ... 0 0 0]
  ...
  [0 0 0 ... 0 0 0]
  [0 0 0 ... 0 0 0]
  [0 0 0 ... 0 0 0]]

 [[0 0 0 ... 0 0 0]
  [0 0 0 ... 0 0 0]
  [0 0 0 ... 0 0 0]
  ...
  [0 0 0 ... 0 0 0]
  [0 0 0 ... 0 0 0]
  [0 0 0 ... 0 0 0]]

 [[0 0 0 ... 0 0 0]
  [0 0 0 ... 0 0 0]
  [0 0 0 ... 0 0 0]
  ...
  [0 0 0 ... 0 0 0]
  [0 0 0 ... 0 0 0]
  [0 0 0 ... 0 0 0]]]","[55, 56, 57, 58, 59, 60, 61, 62, 63, 64]","[173, 174, 175, 176, 177, 178, 179, 180, 181, 182, 183, 184, 185, 186, 187, 188, 189, 190, 191, 192, 193, 194, 195, 196, 197]","[330, 331, 332, 333, 334, 335, 336, 337, 338, 339, 340, 341, 342, 343, 344, 345, 346, 347, 348, 349]",10,25,20,/media/bendico765/Crucial X9/Materiali Tesista/Roi masks/AMBL-612/ROI 0.npy,/media/bendico765/Crucial X9/Materiali Tesista/Cleaned Roi masks/AMBL-612/ROI 0.npy,0.6641,2.0,/media/bendico765/Crucial X9/MRI Lesions/manifest-1728494830954/Advanced-MRI-Breast-Lesions/AMBL-612/07-12-2006-NA-MRI BREASTS - Delayed contrast-66769/500.000000-Registered AX Sen Vibrant MultiPhase-27760,0.35605522266589396,0.2306038836021521,5.552716384224276,24.07902372452697,19.96331307398649,24.38224159526765,10.708290741290133,25.993133828955678,599.5786671950004,8.573462153813793,0.5114516569535974,672.3214739150593,1.1213232069452543,620.0865068600001,78.0,238.0,3.1277988182615766,80.0,3.3931325172976172,363.0,49.87954893577413,140.58179231863443,122.0,42.0,321.0,34.52430104158508,153.77551483117583,1.0234250546574224,14663129.176030742,0.14174772211756564,3883.6686300735114,25.45271623904569,950.8010546054952,67.58161408865587,15.187219990593425,5.972396177740051,0.4265198511562841,1.7818792260154113,2.446254780987803,2.649308307365212,0.49924502757896055,0.43830679088022345,0.9726910876840739,0.896069515996383,-0.09888226113880397,0.6274928497617951,0.40614572543579447,4.811142661934996,0.032565217790072,5.656617764423753,0.4967094631054652,0.08352089691030598,9.622285323869992,3.7410553246184426,5.28990404208337,5.995353226694609,75.06543385490754,0.10677871103116293,9.00998160697195,6.289638594198002,32.688477951635846,32.524893314367,574.7140825035561,2.9059236490024345,0.0742795956236463,0.17990260982782988,9.667052849385563,0.01081915773298239,78.3030753961195,0.1304688930772442,6.579646324913281,34.82825801768809,1.651044046051176,47.83733604186979,0.1284927971583359,0.07218890613311003,3.8279276127146247,455.9426973359692,0.7549922201170572,0.8519531677426416,0.24803780522868715,0.889660318802778,32.411427365767736,0.06278710824722882,15.503597122302159,0.11153666994461985,7.618239221572382,56.92086330935252,332.294964028777,4729.093525179856,28.742318084272387,0.06256480242605779,46.92805755395683,0.3376119248486103,0.6022665024468173,36.68906034978896,0.035067771272280515,5.1366545143486775,0.19772403982930298,306.71611200248435,1.727667329851452,0.009938136000593997,107.01497572830023,0.08735400592171391,0.8861364519294973
119,AMBL-613,0,1.0,3,neg,neg,pos,,0,0,10.0,60 to 70,/media/bendico765/Crucial X9/MRI Lesions/manifest-1728494830954/Advanced-MRI-Breast-Lesions/AMBL-613/08-18-2006-NA-MRI BREASTS - Delayed contrast-59944/600.000000-Registered Ax T2 FSE-26348,/media/bendico765/Crucial X9/MRI Lesions/manifest-1728494830954/Advanced-MRI-Breast-Lesions/AMBL-613/08-18-2006-NA-MRI BREASTS - Delayed contrast-59944/500.000000-ROI-32992/1-1.dcm,3.0,L,"[[[0 0 0 ... 0 0 0]
  [0 0 0 ... 0 0 0]
  [0 0 0 ... 0 0 0]
  ...
  [0 0 0 ... 0 0 0]
  [0 0 0 ... 0 0 0]
  [0 0 0 ... 0 0 0]]

 [[0 0 0 ... 0 0 0]
  [0 0 0 ... 0 0 0]
  [0 0 0 ... 0 0 0]
  ...
  [0 0 0 ... 0 0 0]
  [0 0 0 ... 0 0 0]
  [0 0 0 ... 0 0 0]]

 [[0 0 0 ... 0 0 0]
  [0 0 0 ... 0 0 0]
  [0 0 0 ... 0 0 0]
  ...
  [0 0 0 ... 0 0 0]
  [0 0 0 ... 0 0 0]
  [0 0 0 ... 0 0 0]]

 ...

 [[0 0 0 ... 0 0 0]
  [0 0 0 ... 0 0 0]
  [0 0 0 ... 0 0 0]
  ...
  [0 0 0 ... 0 0 0]
  [0 0 0 ... 0 0 0]
  [0 0 0 ... 0 0 0]]

 [[0 0 0 ... 0 0 0]
  [0 0 0 ... 0 0 0]
  [0 0 0 ... 0 0 0]
  ...
  [0 0 0 ... 0 0 0]
  [0 0 0 ... 0 0 0]
  [0 0 0 ... 0 0 0]]

 [[0 0 0 ... 0 0 0]
  [0 0 0 ... 0 0 0]
  [0 0 0 ... 0 0 0]
  ...
  [0 0 0 ... 0 0 0]
  [0 0 0 ... 0 0 0]
  [0 0 0 ... 0 0 0]]]","[52, 53, 54, 55, 56, 57, 58, 59, 60, 61]","[197, 198, 199, 200, 201, 202, 203, 204, 205, 206, 207, 208, 209, 210, 211, 212, 213, 214, 215, 216, 217, 218, 219, 220, 221, 222, 223, 224, 225, 226, 227, 229]","[114, 115, 116, 117, 118, 119, 120, 121, 122, 123, 124, 125, 126, 127, 128, 129, 130, 131, 132, 133, 134, 135, 136, 137, 138, 139, 140, 141, 142, 143, 144]",10,33,31,/media/bendico765/Crucial X9/Materiali Tesista/Roi masks/AMBL-613/ROI 0.npy,/media/bendico765/Crucial X9/Materiali Tesista/Cleaned Roi masks/AMBL-613/ROI 0.npy,0.7227,2.0,/media/bendico765/Crucial X9/MRI Lesions/manifest-1728494830954/Advanced-MRI-Breast-Lesions/AMBL-613/08-18-2006-NA-MRI BREASTS - Delayed contrast-59944/500.000000-Registered AX Sen Vibrant MultiPhase-26477,0.8943280762143898,0.7094745594168655,14.262216158843605,20.102505395776372,22.74898767527909,26.952449911835473,23.540503450223827,26.962137369652282,2957.5841288400056,17.978234977694076,0.5383127852930513,1851.004613136464,0.6258501981691547,2995.8857834399996,92.0,228.0,2.9825224764961336,74.0,2.824002451284055,338.0,42.27247422138968,149.57043235704325,138.0,42.0,296.0,30.251575142300617,158.3765506606429,0.7022555814753831,75146197.96126476,0.14894381128559456,2711.817563690334,29.537250396852055,439.9684315772441,33.426413494830584,11.426383632998997,4.049166139144263,0.47282950139658353,1.4376438950112183,2.2309761448402563,1.8836953397010407,0.5535109767636236,0.5032873635169447,0.9780876337326033,0.9082187990723551,-0.09558403030772557,0.5850071694912723,0.42080405365206475,5.262203494309644,0.035975397347912094,5.471640785830365,0.5139608044720998,0.08668357817557656,10.52440698861929,3.6401286859926554,3.8688874430358147,6.582234552046216,223.79776847977683,0.07803269472795567,18.993134457263235,4.404763085769195,34.731520223152025,63.58647140864714,1579.6094839609484,3.4889283324482263,0.052021486271937346,0.11084156775289927,5.545456181518992,0.0055583927648155135,305.9051638782331,0.1362560701841214,4.730381208933631,36.823040032325,2.20182091333685,68.65768266424901,0.11685626517469122,0.05124794307492951,3.9657114439830234,1526.0118778552142,0.67198467891434,0.7816221435468298,0.5100233216012421,0.8431837292692629,32.267214764729424,0.04270503857184742,38.533546325878596,0.12311037164817443,6.219559248333657,56.11821086261981,2712.108626198083,54399.0607028754,161.31952601752334,0.048557200034511985,99.00638977635782,0.3163143443334116,0.5774960920133109,32.90293163681999,0.029994661870448934,5.390924442389984,0.10913528591352858,2628.1491696352928,5.35592979677224,0.0027701509191205356,75.49667916997342,0.05920497857358722,0.1784206268955215
120,AMBL-615,0,0.0,-1,-1,-1,-1,,-1,-1,-1.0,-1,/media/bendico765/Crucial X9/MRI Lesions/manifest-1728494830954/Advanced-MRI-Breast-Lesions/AMBL-615/09-29-2006-NA-MRI BREASTS - Delayed contrast-50493/600.000000-Registered Ax T2 FSE-38288,/media/bendico765/Crucial X9/MRI Lesions/manifest-1728494830954/Advanced-MRI-Breast-Lesions/AMBL-615/09-29-2006-NA-MRI BREASTS - Delayed contrast-50493/500.000000-ROI-42272/1-1.dcm,-65.5,R,"[[[0 0 0 ... 0 0 0]
  [0 0 0 ... 0 0 0]
  [0 0 0 ... 0 0 0]
  ...
  [0 0 0 ... 0 0 0]
  [0 0 0 ... 0 0 0]
  [0 0 0 ... 0 0 0]]

 [[0 0 0 ... 0 0 0]
  [0 0 0 ... 0 0 0]
  [0 0 0 ... 0 0 0]
  ...
  [0 0 0 ... 0 0 0]
  [0 0 0 ... 0 0 0]
  [0 0 0 ... 0 0 0]]

 [[0 0 0 ... 0 0 0]
  [0 0 0 ... 0 0 0]
  [0 0 0 ... 0 0 0]
  ...
  [0 0 0 ... 0 0 0]
  [0 0 0 ... 0 0 0]
  [0 0 0 ... 0 0 0]]

 ...

 [[0 0 0 ... 0 0 0]
  [0 0 0 ... 0 0 0]
  [0 0 0 ... 0 0 0]
  ...
  [0 0 0 ... 0 0 0]
  [0 0 0 ... 0 0 0]
  [0 0 0 ... 0 0 0]]

 [[0 0 0 ... 0 0 0]
  [0 0 0 ... 0 0 0]
  [0 0 0 ... 0 0 0]
  ...
  [0 0 0 ... 0 0 0]
  [0 0 0 ... 0 0 0]
  [0 0 0 ... 0 0 0]]

 [[0 0 0 ... 0 0 0]
  [0 0 0 ... 0 0 0]
  [0 0 0 ... 0 0 0]
  ...
  [0 0 0 ... 0 0 0]
  [0 0 0 ... 0 0 0]
  [0 0 0 ... 0 0 0]]]","[80, 81, 82, 83, 84, 85, 86, 87, 88, 89, 90]","[55, 56, 57, 58, 59, 60, 61, 62, 63, 64, 65, 66, 67, 68, 69, 70, 71, 72, 73, 74, 75, 76, 77, 78, 79, 80, 81, 82, 83, 84, 85, 86, 87, 88, 89, 90, 91, 92, 93, 94, 95, 96, 97, 98, 99, 100, 101, 102, 103, 104, 105, 106, 107, 108, 109, 110, 111, 112, 113, 114, 115, 116, 117, 118, 119, 120, 121, 122, 123, 124, 125, 126, 127, 128, 129, 130, 131, 132, 133, 134, 135, 136, 137, 138, 139, 140, 141, 142, 143, 144, 145, 146, 147, 148, 149, 150, 151, 152, 153, 154, 155, 156, 157, 158, 159, 160, 161, 162, 163, 164, 165, 166, 167, 168, 169, 170, 171, 172, 173, 174, 175, 176, 177, 178, 179, 180, 181, 182, 183, 184, 185, 187]","[380, 381, 382, 383, 384, 385, 386, 387, 388, 389, 390, 391, 392, 393, 394, 395, 396, 397, 398, 399, 400, 401, 402, 403, 404, 405, 406, 407, 408, 409, 410, 411, 412, 413, 414, 415, 416, 417, 418, 419, 420, 421, 422, 423, 424, 425, 426, 427, 428, 429, 430, 431, 432, 433, 434, 435, 436, 437, 438, 439, 440, 441, 442, 443, 444, 445, 446, 447, 448]",11,133,69,/media/bendico765/Crucial X9/Materiali Tesista/Roi masks/AMBL-615/ROI 0.npy,/media/bendico765/Crucial X9/Materiali Tesista/Cleaned Roi masks/AMBL-615/ROI 0.npy,0.6641,2.0,/media/bendico765/Crucial X9/MRI Lesions/manifest-1728494830954/Advanced-MRI-Breast-Lesions/AMBL-615/09-29-2006-NA-MRI BREASTS - Delayed contrast-50493/500.000000-Registered AX Sen Vibrant MultiPhase-49829,0.5610595728828601,0.2363783225326017,14.62439172448581,61.868582397054574,44.803423108619725,88.88958667971183,71.11143603851635,88.88958667971183,12970.694054501233,34.71196041455948,0.2672196641897434,9990.591176539556,0.7702433759180767,13198.22816806,112.0,337.0,3.709583807915294,118.0,3.9383630111141046,628.0,71.255235256523,208.49542204103454,190.0,33.0,595.0,50.16558415809605,226.91351590667634,1.0036347117617206,679573385.6824368,0.09088149798217546,8019.402689060335,66.96994739635637,7079.2401599729355,289.212339778971,41.783709304305816,5.502966863922202,0.7624084773176748,1.6959487221753191,2.3954865904962763,2.4297907481664054,0.5151645287336298,0.4566516698162274,0.9915015648868438,0.9396969828977907,-0.19121312062224377,0.8318931673491096,0.40199825523934246,7.608402160744458,0.016126463541499755,6.5837653931387585,0.8272283745426396,0.0424941186605899,15.216804321488919,4.530417192058175,11.821669042057001,7.191475328087485,1411.1336630354876,0.09430820443998446,11.639423831474268,12.91614130958304,74.65668649335026,43.71015170754528,2517.6544810532646,1.6329657366080708,0.029633896815891132,0.12306580886009026,11.65368751223766,0.0030702098339567556,1088.380069683396,0.08861747225219206,13.0089675387755,77.23845263041935,1.8956468731134615,132.95323808145366,0.05976240248310216,0.02854664495405608,4.531812127332976,8885.071033750894,0.7132907292470787,0.8206499108056283,0.3558238011507697,0.8660095146122943,68.52538736172416,0.02403583744686833,153.05356186395286,0.08197834058058535,15.47227420461206,99.95072308516336,2708.1815747188,98483.60792715587,107.68253231223582,0.024633741017234687,504.6379217996786,0.27029347712891194,0.5350428509870186,55.529278904788555,0.013332497694178142,6.548899425374307,0.12477444362761478,2643.9499783256624,7.195671619070482,0.0006851836030232215,375.1198302168223,0.050521560754798536,0.26016467710175695
121,AMBL-618,0,1.0,2,moderate,strong,neg,,100,100,0.0,10,/media/bendico765/Crucial X9/MRI Lesions/manifest-1728494830954/Advanced-MRI-Breast-Lesions/AMBL-618/10-28-2006-NA-MRI BREASTS - Delayed contrast-33369/600.000000-Registered Ax T2 FSE-54545,/media/bendico765/Crucial X9/MRI Lesions/manifest-1728494830954/Advanced-MRI-Breast-Lesions/AMBL-618/10-28-2006-NA-MRI BREASTS - Delayed contrast-33369/500.000000-ROI-84811/1-1.dcm,2.78,R,"[[[0 0 0 ... 0 0 0]
  [0 0 0 ... 0 0 0]
  [0 0 0 ... 0 0 0]
  ...
  [0 0 0 ... 0 0 0]
  [0 0 0 ... 0 0 0]
  [0 0 0 ... 0 0 0]]

 [[0 0 0 ... 0 0 0]
  [0 0 0 ... 0 0 0]
  [0 0 0 ... 0 0 0]
  ...
  [0 0 0 ... 0 0 0]
  [0 0 0 ... 0 0 0]
  [0 0 0 ... 0 0 0]]

 [[0 0 0 ... 0 0 0]
  [0 0 0 ... 0 0 0]
  [0 0 0 ... 0 0 0]
  ...
  [0 0 0 ... 0 0 0]
  [0 0 0 ... 0 0 0]
  [0 0 0 ... 0 0 0]]

 ...

 [[0 0 0 ... 0 0 0]
  [0 0 0 ... 0 0 0]
  [0 0 0 ... 0 0 0]
  ...
  [0 0 0 ... 0 0 0]
  [0 0 0 ... 0 0 0]
  [0 0 0 ... 0 0 0]]

 [[0 0 0 ... 0 0 0]
  [0 0 0 ... 0 0 0]
  [0 0 0 ... 0 0 0]
  ...
  [0 0 0 ... 0 0 0]
  [0 0 0 ... 0 0 0]
  [0 0 0 ... 0 0 0]]

 [[0 0 0 ... 0 0 0]
  [0 0 0 ... 0 0 0]
  [0 0 0 ... 0 0 0]
  ...
  [0 0 0 ... 0 0 0]
  [0 0 0 ... 0 0 0]
  [0 0 0 ... 0 0 0]]]","[60, 61, 62, 63, 64]","[140, 142, 143, 144, 145, 146, 147, 148, 149, 150, 151]","[387, 388, 389, 390, 391, 392, 393, 394, 395]",5,12,9,/media/bendico765/Crucial X9/Materiali Tesista/Roi masks/AMBL-618/ROI 0.npy,/media/bendico765/Crucial X9/Materiali Tesista/Cleaned Roi masks/AMBL-618/ROI 0.npy,0.7031,2.2,/media/bendico765/Crucial X9/MRI Lesions/manifest-1728494830954/Advanced-MRI-Breast-Lesions/AMBL-618/10-28-2006-NA-MRI BREASTS - Delayed contrast-33369/500.000000-Registered AX Sen Vibrant MultiPhase-42529,0.7012871336555097,0.5927705258088865,5.502397276718982,9.282508217173056,11.548105483151772,11.548105483151772,9.167302422195963,12.07134957243804,210.4446289769996,6.509703580755008,0.7455588340115671,229.48841585543616,1.0904931001138447,220.77653582599999,95.0,266.20000000000005,3.0458263312668206,88.0,2.9157864761594174,334.0,52.24713048120556,158.49261083743843,137.0,75.0,259.0,37.39986282578875,170.93385924518643,0.9546790323608275,6450733.654157144,0.1464485913271373,4098.476546385497,18.911370885559844,1260.1284950709105,88.9138389012505,20.099531765688855,6.3881157732562315,0.5136434974484094,1.7978635563503493,2.4163706404014276,2.779784334391941,0.5206882982330111,0.45924425783695644,0.9556011751163479,0.8743325910123596,-0.22483985372792767,0.8437455872539482,0.3469702250557059,3.932598515122254,0.040138521680461024,5.379333344164024,0.6211901195406282,0.12433952286078648,7.8651970302445084,3.7525223172054303,6.62191188473627,5.811035795529373,19.72906403940887,0.0971875075832949,13.051469339222013,6.6633987721128864,21.655172413793103,45.423645320197046,435.1625615763547,11.626143242021199,0.24494608301613077,0.1265653376193992,4.637047446570841,0.01601618178746036,21.991745619306172,0.13119017781953765,7.058658137182566,23.8312844924938,1.9705301179559298,35.449175238417894,0.5161813674619048,0.2387218824959268,3.7772382128495745,120.52752931893006,0.7081306839661938,0.8196286472148541,0.3783257909690372,0.8617944401831028,21.96160669165801,0.20291005544294208,3.206896551724138,0.11058263971462545,6.639714625445897,38.62068965517241,177.41379310344828,1650.4827586206898,53.03969975174875,0.11749748940402398,6.172413793103448,0.21284185493460167,0.4597341831358073,18.236798898817444,0.0271482669419471,4.48712280539779,0.14285714285714285,128.41379310344828,1.413913297715924,0.036551211791183445,57.396057335283956,0.1382603252035384,2.0125030719519055
122,AMBL-619,0,1.0,3,pos,pos,pos,,90,80,30.0,40,/media/bendico765/Crucial X9/MRI Lesions/manifest-1728494830954/Advanced-MRI-Breast-Lesions/AMBL-619/11-01-2006-NA-MRI BREASTS - Delayed contrast-03702/600.000000-Registered Ax T2 FSE-91148,/media/bendico765/Crucial X9/MRI Lesions/manifest-1728494830954/Advanced-MRI-Breast-Lesions/AMBL-619/11-01-2006-NA-MRI BREASTS - Delayed contrast-03702/500.000000-ROI-41700/1-1.dcm,16.02,R,"[[[0 0 0 ... 0 0 0]
  [0 0 0 ... 0 0 0]
  [0 0 0 ... 0 0 0]
  ...
  [0 0 0 ... 0 0 0]
  [0 0 0 ... 0 0 0]
  [0 0 0 ... 0 0 0]]

 [[0 0 0 ... 0 0 0]
  [0 0 0 ... 0 0 0]
  [0 0 0 ... 0 0 0]
  ...
  [0 0 0 ... 0 0 0]
  [0 0 0 ... 0 0 0]
  [0 0 0 ... 0 0 0]]

 [[0 0 0 ... 0 0 0]
  [0 0 0 ... 0 0 0]
  [0 0 0 ... 0 0 0]
  ...
  [0 0 0 ... 0 0 0]
  [0 0 0 ... 0 0 0]
  [0 0 0 ... 0 0 0]]

 ...

 [[0 0 0 ... 0 0 0]
  [0 0 0 ... 0 0 0]
  [0 0 0 ... 0 0 0]
  ...
  [0 0 0 ... 0 0 0]
  [0 0 0 ... 0 0 0]
  [0 0 0 ... 0 0 0]]

 [[0 0 0 ... 0 0 0]
  [0 0 0 ... 0 0 0]
  [0 0 0 ... 0 0 0]
  ...
  [0 0 0 ... 0 0 0]
  [0 0 0 ... 0 0 0]
  [0 0 0 ... 0 0 0]]

 [[0 0 0 ... 0 0 0]
  [0 0 0 ... 0 0 0]
  [0 0 0 ... 0 0 0]
  ...
  [0 0 0 ... 0 0 0]
  [0 0 0 ... 0 0 0]
  [0 0 0 ... 0 0 0]]]","[64, 65, 66, 67, 68, 69, 70, 71, 72, 73, 76, 77]","[106, 107, 108, 109, 110, 111, 112, 113, 114, 115, 116, 117, 118, 119, 120, 121, 122, 123, 124, 125, 126, 127, 128, 129, 130, 131, 132, 133, 134, 135, 136, 137, 138, 139, 140, 143, 144, 145, 146, 147, 148, 149, 150, 151, 152, 153, 154, 155, 156, 157, 158, 159, 160, 161, 162, 163, 164, 165, 166, 167, 168, 169, 170, 171, 172, 173, 174, 175, 176, 177, 178, 179, 180, 181, 182, 183, 184, 185, 186, 187, 188, 189, 190, 191, 192, 193, 194, 195, 196, 197, 198, 199, 200, 201, 202, 203, 204, 205, 206, 207, 208, 209, 210, 211, 212, 213, 214, 215, 216, 217, 218]","[324, 325, 326, 327, 328, 329, 330, 331, 332, 333, 334, 335, 336, 337, 338, 339, 340, 341, 342, 343, 344, 345, 346, 347, 348, 349, 350, 351, 352, 353, 354, 375, 376, 377, 378, 379, 380, 381, 382, 383, 384, 385, 386]",14,113,63,/media/bendico765/Crucial X9/Materiali Tesista/Roi masks/AMBL-619/ROI 0.npy,/media/bendico765/Crucial X9/Materiali Tesista/Cleaned Roi masks/AMBL-619/ROI 0.npy,0.6641,2.0,/media/bendico765/Crucial X9/MRI Lesions/manifest-1728494830954/Advanced-MRI-Breast-Lesions/AMBL-619/11-01-2006-NA-MRI BREASTS - Delayed contrast-03702/500.000000-Registered AX Sen Vibrant MultiPhase-43673,0.4273712071732834,0.15250503632077017,11.013103436085483,72.21468681808753,23.486453573070584,62.27726854711918,61.85049634352178,82.75614910772492,2207.2021844466685,30.86247788108667,0.38012790043729733,2156.663835248857,0.9771029815238784,2295.99598486,136.0,293.0,3.1884990451284976,80.0,2.6556491177187915,378.0,46.592552197153054,207.0703034959662,205.0,69.0,309.0,33.939615733608825,214.99232982235281,0.4324793905982053,106124841.93548581,0.12718900987350362,3343.591292531785,48.643877030675114,732.6891735379769,30.270050239139383,16.122862157388514,4.462271118538647,0.5669034240524732,1.512945923268497,2.2978322706034158,2.0497569863436333,0.5465720263972283,0.49220540561174386,0.979044472887993,0.909943156282956,-0.13092254795877217,0.7033720188894101,0.3924130480043211,6.762225933966672,0.028286107321720138,5.8447226392795715,0.5825288816274676,0.09425181341451196,13.524451867933344,3.9599063172726354,5.146283318981791,6.661757188410564,249.03534383403766,0.09567243328238097,20.812176145347227,5.381140204518885,51.65040338071456,56.29312331924702,2518.101421436804,1.7035548032031027,0.03354384391731561,0.13074605341644413,7.8053826654262775,0.0051596143680996374,252.06911962664694,0.11951912197436017,5.700172701336848,53.036483504234575,2.049218296507944,100.8359426138536,0.06706041704045279,0.033918056680050206,4.039970814302483,1530.0401407757704,0.7140473951257019,0.809361978781879,0.45350946374342443,0.8652320702721781,46.704083276395586,0.029521415502355805,44.79601990049751,0.11143288532462067,6.7771589812133355,60.92039800995025,429.9378109452736,19641.666666666668,11.94525845758229,0.03973287578227777,85.85572139303483,0.2135714462513304,0.4591734072727517,28.667062923431164,0.020953990775254245,5.979400676138396,0.15443718786016136,388.01057523328626,3.5834253508817193,0.003152230303755416,86.6852305934778,0.06484862271677935,0.21695241333376605
123,AMBL-620,0,0.0,-1,-1,-1,-1,,-1,-1,-1.0,-1,/media/bendico765/Crucial X9/MRI Lesions/manifest-1728494830954/Advanced-MRI-Breast-Lesions/AMBL-620/11-07-2006-NA-MRI BREASTS - Delayed contrast-68442/600.000000-Registered Ax T2 FSE-42683,/media/bendico765/Crucial X9/MRI Lesions/manifest-1728494830954/Advanced-MRI-Breast-Lesions/AMBL-620/11-07-2006-NA-MRI BREASTS - Delayed contrast-68442/500.000000-ROI-30061/1-1.dcm,9.34,R,"[[[0 0 0 ... 0 0 0]
  [0 0 0 ... 0 0 0]
  [0 0 0 ... 0 0 0]
  ...
  [0 0 0 ... 0 0 0]
  [0 0 0 ... 0 0 0]
  [0 0 0 ... 0 0 0]]

 [[0 0 0 ... 0 0 0]
  [0 0 0 ... 0 0 0]
  [0 0 0 ... 0 0 0]
  ...
  [0 0 0 ... 0 0 0]
  [0 0 0 ... 0 0 0]
  [0 0 0 ... 0 0 0]]

 [[0 0 0 ... 0 0 0]
  [0 0 0 ... 0 0 0]
  [0 0 0 ... 0 0 0]
  ...
  [0 0 0 ... 0 0 0]
  [0 0 0 ... 0 0 0]
  [0 0 0 ... 0 0 0]]

 ...

 [[0 0 0 ... 0 0 0]
  [0 0 0 ... 0 0 0]
  [0 0 0 ... 0 0 0]
  ...
  [0 0 0 ... 0 0 0]
  [0 0 0 ... 0 0 0]
  [0 0 0 ... 0 0 0]]

 [[0 0 0 ... 0 0 0]
  [0 0 0 ... 0 0 0]
  [0 0 0 ... 0 0 0]
  ...
  [0 0 0 ... 0 0 0]
  [0 0 0 ... 0 0 0]
  [0 0 0 ... 0 0 0]]

 [[0 0 0 ... 0 0 0]
  [0 0 0 ... 0 0 0]
  [0 0 0 ... 0 0 0]
  ...
  [0 0 0 ... 0 0 0]
  [0 0 0 ... 0 0 0]
  [0 0 0 ... 0 0 0]]]","[66, 67, 68, 69]","[122, 123, 124, 125, 126, 133, 134, 135, 136, 137, 138, 139, 142, 143, 144]","[345, 346, 347, 348, 349, 350, 351, 352, 354]",4,23,10,/media/bendico765/Crucial X9/Materiali Tesista/Roi masks/AMBL-620/ROI 0.npy,/media/bendico765/Crucial X9/Materiali Tesista/Cleaned Roi masks/AMBL-620/ROI 0.npy,0.7422,2.0,/media/bendico765/Crucial X9/MRI Lesions/manifest-1728494830954/Advanced-MRI-Breast-Lesions/AMBL-620/11-07-2006-NA-MRI BREASTS - Delayed contrast-68442/500.000000-Registered AX Sen Vibrant MultiPhase-61697,0.39398762150806327,0.13738621814967233,2.612180831536462,19.01341245663142,7.054893408124604,16.450429981006575,17.086727164673757,17.086727164673757,35.71414445999992,7.491049150539995,0.46352594289955573,113.14540268991519,3.168083805469253,49.57747559999999,184.2,323.8,3.0563015106301736,74.0,2.763435145124606,341.0,44.74765432098765,258.5777777777778,268.0,113.0,228.0,31.177142857142844,264.2106062300385,-0.6544453690249229,3460866.9581476795,0.1348148148148148,2944.7772839506174,55.89488766135825,466.9777491447176,-39.99366954512511,11.584400590793583,6.335148903384196,0.3253102671964922,2.0150488726959312,1.8878267642220075,1.8390239862715219,0.43123186998187,0.35369213692290613,0.945971678859608,0.8444186865850498,-0.5592438890757128,0.9679077829447991,0.40162958458441655,7.384403962051021,0.08508169818351369,3.786969267725751,0.9048630259756449,0.1275185272244096,14.768807924102042,2.570651126791653,4.479887373544447,4.258302540677959,13.133333333333333,0.29185185185185186,1.271111111111111,5.064691358024691,51.91111111111111,6.111111111111111,396.84444444444443,0.14025089583158368,0.05431760728982951,0.48070987654320985,17.469444444444445,0.04560643786120987,5.756290620421363,0.13397668328880094,5.144929986528618,51.07013524305782,1.1889355858265387,63.59012843761142,0.05964071506551639,0.05643624590936241,3.1842314536464165,39.75460603633462,0.9167358938238834,0.9538461538461539,0.06161402424190444,0.9621978610219977,48.53851100959036,0.055799813885455615,3.0,0.12,5.913599999999999,40.96,5.4,325.2,0.15914513731418492,0.08424774502393552,13.56,0.5424,0.7502111111111112,24.10201111111111,0.08013768266565886,3.7638561897747196,0.5555555555555556,2.16,0.11015387647332091,0.14548413127814355,49.557756946736006,0.14262547289693153,5.303669720707995
124,AMBL-620,1,0.0,-1,-1,-1,-1,,-1.0,-1.0,-1.0,-1,/media/bendico765/Crucial X9/MRI Lesions/manifest-1728494830954/Advanced-MRI-Breast-Lesions/AMBL-620/11-07-2006-NA-MRI BREASTS - Delayed contrast-68442/600.000000-Registered Ax T2 FSE-42683,/media/bendico765/Crucial X9/MRI Lesions/manifest-1728494830954/Advanced-MRI-Breast-Lesions/AMBL-620/11-07-2006-NA-MRI BREASTS - Delayed contrast-68442/500.000000-ROI-30061/1-1.dcm,19.34,R,"[[[0 0 0 ... 0 0 0]
  [0 0 0 ... 0 0 0]
  [0 0 0 ... 0 0 0]
  ...
  [0 0 0 ... 0 0 0]
  [0 0 0 ... 0 0 0]
  [0 0 0 ... 0 0 0]]

 [[0 0 0 ... 0 0 0]
  [0 0 0 ... 0 0 0]
  [0 0 0 ... 0 0 0]
  ...
  [0 0 0 ... 0 0 0]
  [0 0 0 ... 0 0 0]
  [0 0 0 ... 0 0 0]]

 [[0 0 0 ... 0 0 0]
  [0 0 0 ... 0 0 0]
  [0 0 0 ... 0 0 0]
  ...
  [0 0 0 ... 0 0 0]
  [0 0 0 ... 0 0 0]
  [0 0 0 ... 0 0 0]]

 ...

 [[0 0 0 ... 0 0 0]
  [0 0 0 ... 0 0 0]
  [0 0 0 ... 0 0 0]
  ...
  [0 0 0 ... 0 0 0]
  [0 0 0 ... 0 0 0]
  [0 0 0 ... 0 0 0]]

 [[0 0 0 ... 0 0 0]
  [0 0 0 ... 0 0 0]
  [0 0 0 ... 0 0 0]
  ...
  [0 0 0 ... 0 0 0]
  [0 0 0 ... 0 0 0]
  [0 0 0 ... 0 0 0]]

 [[0 0 0 ... 0 0 0]
  [0 0 0 ... 0 0 0]
  [0 0 0 ... 0 0 0]
  ...
  [0 0 0 ... 0 0 0]
  [0 0 0 ... 0 0 0]
  [0 0 0 ... 0 0 0]]]","[61, 62]","[113, 114, 115, 116, 117]","[362, 363, 364, 365]",2,5,4,/media/bendico765/Crucial X9/Materiali Tesista/Roi masks/AMBL-620/ROI 1.npy,/media/bendico765/Crucial X9/Materiali Tesista/Cleaned Roi masks/AMBL-620/ROI 1.npy,0.7422,2.0,/media/bendico765/Crucial X9/MRI Lesions/manifest-1728494830954/Advanced-MRI-Breast-Lesions/AMBL-620/11-07-2006-NA-MRI BREASTS - Delayed contrast-68442/500.000000-Registered AX Sen Vibrant MultiPhase-61697,0.8593139521428338,0.6432501263569423,2.687571798929339,4.178113130191588,4.577963254548905,4.981342533895857,3.9968693198552283,5.197808846042725,27.49713693,3.5903109064047998,0.8652964629000721,50.91481619626254,1.85164063901916,31.949928719999996,115.2,269.2,3.1121468405382346,70.0,2.302221501119203,305.0,44.782401902497035,197.68965517241378,194.0,95.0,210.0,32.018903591682424,205.12813489167675,-0.019977018412669877,1344374.7782983198,0.12960760998810938,2996.3519619500603,30.500380388841926,173.03625309090882,-3.2648085270181113,7.600296208551526,11.43963792617639,-0.18303031035258333,2.744634638865408,2.331653566752277,3.396197337154825,0.375335227450612,0.28195909835489014,0.909501356066436,0.8026818786117751,-0.5987113915581681,0.9815413961288026,0.2760861144328979,5.587232318963089,0.06413054720826276,4.139779413903822,0.9257960590885808,0.10405513290128678,11.174464637926176,2.6377520087491275,4.759983533681979,3.935398667466757,7.275862068965517,0.25089179548156954,1.488703923900119,5.0749108204518425,34.758620689655174,7.482758620689655,271.37931034482756,0.34421518926855543,0.09237294854084674,0.38523946360153255,11.971743295019156,0.059927358037723394,3.494590335150824,0.12761541630213752,5.2183976405483765,34.61676974746401,1.1882414315524683,41.58533509144742,0.1036794993419489,0.0954138811753214,3.273228580259683,24.562411266424643,0.8912896644322199,0.9442970822281166,0.05435516778389009,0.952939642111883,32.87462841146816,0.09334747663366454,1.8,0.12,6.648888888888889,33.0,5.4,189.6,0.322347358696565,0.13234505962878979,5.666666666666667,0.37777777777777777,0.611,18.1875,0.1073193488074242,3.5898980954642834,0.5172413793103449,1.662222222222222,0.134068366811933,0.18269218776716822,64.67424590588205,0.21415161092063,4.84036435010316
125,AMBL-621,0,1.0,3,moderate,moderate to strong,pos,,80,70,-1.0,-1,/media/bendico765/Crucial X9/MRI Lesions/manifest-1728494830954/Advanced-MRI-Breast-Lesions/AMBL-621/11-09-2006-NA-MRI BREASTS - Delayed contrast-02751/600.000000-Registered Ax T2 FSE-99598,/media/bendico765/Crucial X9/MRI Lesions/manifest-1728494830954/Advanced-MRI-Breast-Lesions/AMBL-621/11-09-2006-NA-MRI BREASTS - Delayed contrast-02751/500.000000-ROI-78149/1-1.dcm,28.89,R,"[[[0 0 0 ... 0 0 0]
  [0 0 0 ... 0 0 0]
  [0 0 0 ... 0 0 0]
  ...
  [0 0 0 ... 0 0 0]
  [0 0 0 ... 0 0 0]
  [0 0 0 ... 0 0 0]]

 [[0 0 0 ... 0 0 0]
  [0 0 0 ... 0 0 0]
  [0 0 0 ... 0 0 0]
  ...
  [0 0 0 ... 0 0 0]
  [0 0 0 ... 0 0 0]
  [0 0 0 ... 0 0 0]]

 [[0 0 0 ... 0 0 0]
  [0 0 0 ... 0 0 0]
  [0 0 0 ... 0 0 0]
  ...
  [0 0 0 ... 0 0 0]
  [0 0 0 ... 0 0 0]
  [0 0 0 ... 0 0 0]]

 ...

 [[0 0 0 ... 0 0 0]
  [0 0 0 ... 0 0 0]
  [0 0 0 ... 0 0 0]
  ...
  [0 0 0 ... 0 0 0]
  [0 0 0 ... 0 0 0]
  [0 0 0 ... 0 0 0]]

 [[0 0 0 ... 0 0 0]
  [0 0 0 ... 0 0 0]
  [0 0 0 ... 0 0 0]
  ...
  [0 0 0 ... 0 0 0]
  [0 0 0 ... 0 0 0]
  [0 0 0 ... 0 0 0]]

 [[0 0 0 ... 0 0 0]
  [0 0 0 ... 0 0 0]
  [0 0 0 ... 0 0 0]
  ...
  [0 0 0 ... 0 0 0]
  [0 0 0 ... 0 0 0]
  [0 0 0 ... 0 0 0]]]","[48, 49, 50, 51, 52, 53, 54, 55, 56, 57, 58, 59, 60, 61]","[135, 136, 137, 138, 139, 140, 141, 142, 143, 144, 145, 146, 147, 148, 149, 150, 151, 152, 153, 154, 155, 156, 157, 158, 159, 160, 161, 162, 163, 164, 165, 166, 167, 168, 169, 170, 171, 172, 173, 174, 175, 176, 177, 178, 179, 180, 181, 182, 183, 184, 185, 186, 187, 188, 189, 190, 191, 192, 193, 194, 195, 196, 197, 198, 199, 200, 201, 202, 203, 204, 205, 206, 207, 208, 209, 210, 211, 212, 214, 216]","[339, 340, 341, 342, 343, 344, 345, 346, 347, 348, 349, 350, 351, 352, 353, 354, 355, 356, 357, 358, 359, 360, 361, 362, 363, 364, 365, 366, 367, 368, 369, 370, 371, 372, 373, 374, 375, 376, 377, 378, 379, 380, 381, 382, 383, 384, 385, 386, 387, 388, 389, 390, 391, 392, 393, 394, 395, 396, 397, 398, 399, 400, 401, 402, 403, 404, 405, 406]",14,82,68,/media/bendico765/Crucial X9/Materiali Tesista/Roi masks/AMBL-621/ROI 0.npy,/media/bendico765/Crucial X9/Materiali Tesista/Cleaned Roi masks/AMBL-621/ROI 0.npy,0.6641,2.0,/media/bendico765/Crucial X9/MRI Lesions/manifest-1728494830954/Advanced-MRI-Breast-Lesions/AMBL-621/11-09-2006-NA-MRI BREASTS - Delayed contrast-02751/500.000000-Registered AX Sen Vibrant MultiPhase-06320,0.7647229016446871,0.6547174855751686,25.152474653691325,38.417294799443006,45.380025586704996,53.82926734045338,54.52095174701191,55.76664547245064,10417.100492199845,29.378585152369403,0.25930450923283516,8895.532646961447,0.8539355700391176,10799.91349928,87.0,240.0,3.225508735385255,77.0,5.324867297351039,533.0,49.49864308926595,152.95075138843515,137.0,15.0,518.0,32.925727566560205,166.10203953218846,1.3226340345695529,297968398.8517925,0.13416685512834373,4195.955186465797,44.55544965406222,2149.8729311978677,115.78112258375198,18.426893368328837,4.941857805789493,0.5727338375541848,1.6009675026070362,2.3402002560042523,2.2338158486681845,0.5266741331903131,0.47065358682114666,0.9902142378446996,0.9358569496179072,-0.10990246972242917,0.641846147500793,0.4115859616583617,6.417407578845186,0.028388937386232348,5.905918864950663,0.7379611922654584,0.0785266328452646,12.834815157690372,3.9183763517686945,5.842187793529583,6.714592466856375,1095.045083306109,0.08943524038762733,13.58718007718693,6.82122388569521,50.83150931068278,47.387291734727214,1702.904034629206,1.7956018957672037,0.034073564292212845,0.13134687787739513,9.556855127772982,0.003914870325199396,1245.5090358143336,0.124693951762232,7.258201616246761,53.39406701994106,1.946519618494139,89.91383353096946,0.06868062556739998,0.03341236248946201,4.105136947077562,7181.398975057095,0.7110006884766228,0.8148543713718492,0.3932150752385597,0.8652326855076647,47.756641157544934,0.02850578859255093,154.01841948900773,0.0915142124117693,10.696604293961954,78.39928698752229,6323.074272133095,183457.61913250148,241.93667126567536,0.029769799130073233,493.058229352347,0.29296389147495366,0.5577370302083211,46.11406567330536,0.016012932296330076,6.159337944038219,0.13745508003920287,6270.147134198933,8.230790434147817,0.0006731452131642706,285.4900765977111,0.03295815765534452,0.22779106215511502
126,AMBL-621,1,0.0,-1,-1,-1,-1,,-1.0,-1.0,-1.0,-1,/media/bendico765/Crucial X9/MRI Lesions/manifest-1728494830954/Advanced-MRI-Breast-Lesions/AMBL-621/11-09-2006-NA-MRI BREASTS - Delayed contrast-02751/600.000000-Registered Ax T2 FSE-99598,/media/bendico765/Crucial X9/MRI Lesions/manifest-1728494830954/Advanced-MRI-Breast-Lesions/AMBL-621/11-09-2006-NA-MRI BREASTS - Delayed contrast-02751/500.000000-ROI-78149/1-1.dcm,20.89,R,"[[[0 0 0 ... 0 0 0]
  [0 0 0 ... 0 0 0]
  [0 0 0 ... 0 0 0]
  ...
  [0 0 0 ... 0 0 0]
  [0 0 0 ... 0 0 0]
  [0 0 0 ... 0 0 0]]

 [[0 0 0 ... 0 0 0]
  [0 0 0 ... 0 0 0]
  [0 0 0 ... 0 0 0]
  ...
  [0 0 0 ... 0 0 0]
  [0 0 0 ... 0 0 0]
  [0 0 0 ... 0 0 0]]

 [[0 0 0 ... 0 0 0]
  [0 0 0 ... 0 0 0]
  [0 0 0 ... 0 0 0]
  ...
  [0 0 0 ... 0 0 0]
  [0 0 0 ... 0 0 0]
  [0 0 0 ... 0 0 0]]

 ...

 [[0 0 0 ... 0 0 0]
  [0 0 0 ... 0 0 0]
  [0 0 0 ... 0 0 0]
  ...
  [0 0 0 ... 0 0 0]
  [0 0 0 ... 0 0 0]
  [0 0 0 ... 0 0 0]]

 [[0 0 0 ... 0 0 0]
  [0 0 0 ... 0 0 0]
  [0 0 0 ... 0 0 0]
  ...
  [0 0 0 ... 0 0 0]
  [0 0 0 ... 0 0 0]
  [0 0 0 ... 0 0 0]]

 [[0 0 0 ... 0 0 0]
  [0 0 0 ... 0 0 0]
  [0 0 0 ... 0 0 0]
  ...
  [0 0 0 ... 0 0 0]
  [0 0 0 ... 0 0 0]
  [0 0 0 ... 0 0 0]]]","[53, 54, 55, 56, 57, 58]","[205, 206, 207, 208, 209, 210, 211, 212, 213, 214, 215, 216, 217, 218, 219, 220, 221, 222, 223, 224, 225, 226, 227, 228, 229, 230, 231, 232, 233, 234, 235, 236, 237, 238, 239, 240, 241, 242, 243, 244, 245, 246, 247, 248, 249, 250, 251, 252, 253, 254, 255, 256, 257, 258, 259, 260, 261, 262, 263, 264, 265, 266, 267, 268, 269, 270, 271, 272, 274]","[390, 391, 392, 393, 394, 395, 396, 397, 398, 399, 400, 401, 402, 403, 404, 405, 406, 407, 408, 409, 410, 411, 412, 413, 414, 415, 416, 417, 418, 419]",6,70,30,/media/bendico765/Crucial X9/Materiali Tesista/Roi masks/AMBL-621/ROI 1.npy,/media/bendico765/Crucial X9/Materiali Tesista/Cleaned Roi masks/AMBL-621/ROI 1.npy,0.6641,2.0,/media/bendico765/Crucial X9/MRI Lesions/manifest-1728494830954/Advanced-MRI-Breast-Lesions/AMBL-621/11-09-2006-NA-MRI BREASTS - Delayed contrast-02751/500.000000-Registered AX Sen Vibrant MultiPhase-06320,0.2302293213893452,0.16769049365729383,7.815187689584031,46.604834413307856,15.081688436312428,36.08379151308798,49.45204496732163,50.10796100461483,1228.0079690441687,10.72979940043867,0.3193975739541565,1736.2808215855177,1.4139002883971248,1282.51177948,110.0,320.70000000000005,3.5949081518488533,117.0,2.9676830849813354,507.0,66.71382081210302,200.45254470426408,181.0,45.0,462.0,48.71560457570331,216.3144394770547,0.7485109362547611,60011210.03612713,0.09608555065095767,6610.714047857354,56.873465629864114,3529.6295202948013,159.53131736657542,30.39559109472399,11.320410216224818,0.45872945143879357,2.4940661896001917,2.81603008247038,4.596321433996952,0.42900298323918573,0.3535793370275372,0.9743166516974816,0.8972780799860332,-0.11608266395310568,0.692916891601892,0.33705335722784624,7.217650195730183,0.014427302521998015,6.678647573760334,0.5732160059792739,0.03724493602341021,14.435300391460364,4.303615485194801,10.429000327737203,6.307645403691523,214.21458046767538,0.1473277719860216,4.868616480836434,10.656395864749143,67.31980742778542,18.005502063273727,820.4917469050894,0.7023117798942158,0.031711897603441765,0.2546875622903743,22.19523905237462,0.006912159152490814,122.30779198205528,0.09347036513786745,10.82768117360463,69.34417777572102,1.4276285656976901,90.49684762539852,0.0474257139664417,0.031045854382431445,4.096412243834505,1091.9760159859843,0.827584878785375,0.8990583007089197,0.1615367137538072,0.9246923586019722,65.45276376623369,0.028315399144836655,36.13286713286713,0.0842257975125108,11.090561342309593,90.13053613053613,79.01165501165501,2611.2937062937062,3.4155733324446076,0.025345975776949397,149.76923076923077,0.34911242603550297,0.6126938545210203,57.05843641208748,0.016257300863154685,5.743567125048524,0.29504814305364513,67.52445379018805,1.4391361776905593,0.0051107731176119955,295.7870297034333,0.09377492829389046,0.8678065632851406
127,AMBL-622,0,1.0,1 to 2,moderate,moderate,neg,,70,70,0.0,5,/media/bendico765/Crucial X9/MRI Lesions/manifest-1728494830954/Advanced-MRI-Breast-Lesions/AMBL-622/11-15-2006-NA-MRI BREASTS - Delayed contrast-04921/600.000000-Registered Ax T2 FSE-56993,/media/bendico765/Crucial X9/MRI Lesions/manifest-1728494830954/Advanced-MRI-Breast-Lesions/AMBL-622/11-15-2006-NA-MRI BREASTS - Delayed contrast-04921/500.000000-ROI-29079/1-1.dcm,20.61,L,"[[[0 0 0 ... 0 0 0]
  [0 0 0 ... 0 0 0]
  [0 0 0 ... 0 0 0]
  ...
  [0 0 0 ... 0 0 0]
  [0 0 0 ... 0 0 0]
  [0 0 0 ... 0 0 0]]

 [[0 0 0 ... 0 0 0]
  [0 0 0 ... 0 0 0]
  [0 0 0 ... 0 0 0]
  ...
  [0 0 0 ... 0 0 0]
  [0 0 0 ... 0 0 0]
  [0 0 0 ... 0 0 0]]

 [[0 0 0 ... 0 0 0]
  [0 0 0 ... 0 0 0]
  [0 0 0 ... 0 0 0]
  ...
  [0 0 0 ... 0 0 0]
  [0 0 0 ... 0 0 0]
  [0 0 0 ... 0 0 0]]

 ...

 [[0 0 0 ... 0 0 0]
  [0 0 0 ... 0 0 0]
  [0 0 0 ... 0 0 0]
  ...
  [0 0 0 ... 0 0 0]
  [0 0 0 ... 0 0 0]
  [0 0 0 ... 0 0 0]]

 [[0 0 0 ... 0 0 0]
  [0 0 0 ... 0 0 0]
  [0 0 0 ... 0 0 0]
  ...
  [0 0 0 ... 0 0 0]
  [0 0 0 ... 0 0 0]
  [0 0 0 ... 0 0 0]]

 [[0 0 0 ... 0 0 0]
  [0 0 0 ... 0 0 0]
  [0 0 0 ... 0 0 0]
  ...
  [0 0 0 ... 0 0 0]
  [0 0 0 ... 0 0 0]
  [0 0 0 ... 0 0 0]]]","[52, 53, 54, 55, 56, 57, 58, 59, 60, 61, 62, 63]","[156, 157, 158, 159, 160, 161, 162, 163, 164, 165, 166, 167, 174, 175, 176, 179, 180, 181, 182, 183, 184, 185, 186, 187, 188, 189, 190, 191, 192, 193, 194, 195, 196, 197, 198, 199, 200, 201, 202, 203, 204, 205, 206, 207, 208, 209, 210, 211, 212, 213, 214, 215, 216, 217, 218, 219, 220, 221, 222, 223, 224, 225, 226, 227, 228, 229]","[111, 112, 113, 114, 115, 116, 117, 118, 119, 120, 121, 122, 123, 124, 125, 126, 127, 128, 129, 130, 131, 132, 133, 134, 135, 136, 137, 138, 139, 140, 141, 142, 143, 144, 145]",12,74,35,/media/bendico765/Crucial X9/Materiali Tesista/Roi masks/AMBL-622/ROI 0.npy,/media/bendico765/Crucial X9/Materiali Tesista/Cleaned Roi masks/AMBL-622/ROI 0.npy,0.6836,2.0,/media/bendico765/Crucial X9/MRI Lesions/manifest-1728494830954/Advanced-MRI-Breast-Lesions/AMBL-622/11-15-2006-NA-MRI BREASTS - Delayed contrast-04921/500.000000-Registered AX Sen Vibrant MultiPhase-14355,0.43467974069353593,0.2993516869326979,14.586621732583676,48.727374420519396,20.223917408850344,49.9970445862553,38.88716747925979,53.967276978554324,1211.1090546666726,21.18080247778821,0.3307467097338265,1661.2848045559085,1.3717053787638764,1327.1574464,128.9,300.0,3.117655109532928,104.25,2.4619077098486772,387.0,57.67963003372346,234.87112676056339,264.0,38.0,349.0,43.595531889263995,244.34505300819467,-0.7699504513748487,79237278.30091424,0.15110890696290422,4540.058743800832,83.81692333982384,1403.0274425405091,-91.37640417081947,24.443079491165534,3.5085921639567066,0.7484672026553516,1.2258190520242027,2.1217914473283086,1.9346441527772933,0.6128463207586926,0.5734035571900276,0.9856224495050541,0.930710689835278,-0.22585731912028276,0.851900226732432,0.3994534368313054,8.864496250680212,0.04987355853849899,5.457407764562532,0.780577110949214,0.15423211574623302,17.72899250136043,3.91705778486535,6.987917913780558,6.724785982174831,109.89577464788732,0.07739139059710375,22.473181908351517,7.288226046419361,86.6612676056338,67.17464788732394,7033.523239436619,0.8592674991438809,0.021996284721710994,0.12567141505293436,9.537666078571174,0.004470536193423832,144.73773197841575,0.12980642720965926,7.718926102452526,83.14018789448097,2.214701907770128,205.16882256601363,0.041529284537866876,0.02391779758923094,4.126151678510553,743.2521198384115,0.660518202810931,0.7813109425785483,0.5070418598226738,0.8368659382251271,67.45742280767294,0.021193376968000856,18.451923076923077,0.08871116863905325,9.757303994082841,77.02884615384616,391.2980769230769,39682.69711538462,5.223148891623506,0.03495915416996139,52.98076923076923,0.2547152366863905,0.5188587579784518,39.840860822750706,0.02185484574902652,5.9258245460866545,0.14647887323943662,344.6911982248521,0.7886194892653211,0.007470811121266099,75.47019178927864,0.05646044744221971,0.6955931620500377
128,AMBL-623,0,1.0,-1,-1,-1,-1,,-1,-1,-1.0,-1,/media/bendico765/Crucial X9/MRI Lesions/manifest-1728494830954/Advanced-MRI-Breast-Lesions/AMBL-623/11-22-2006-NA-MRI BREASTS - Delayed contrast-48785/600.000000-Registered Ax T2 FSE-03637,/media/bendico765/Crucial X9/MRI Lesions/manifest-1728494830954/Advanced-MRI-Breast-Lesions/AMBL-623/11-22-2006-NA-MRI BREASTS - Delayed contrast-48785/500.000000-ROI-06575/1-1.dcm,90.94,L,"[[[0 0 0 ... 0 0 0]
  [0 0 0 ... 0 0 0]
  [0 0 0 ... 0 0 0]
  ...
  [0 0 0 ... 0 0 0]
  [0 0 0 ... 0 0 0]
  [0 0 0 ... 0 0 0]]

 [[0 0 0 ... 0 0 0]
  [0 0 0 ... 0 0 0]
  [0 0 0 ... 0 0 0]
  ...
  [0 0 0 ... 0 0 0]
  [0 0 0 ... 0 0 0]
  [0 0 0 ... 0 0 0]]

 [[0 0 0 ... 0 0 0]
  [0 0 0 ... 0 0 0]
  [0 0 0 ... 0 0 0]
  ...
  [0 0 0 ... 0 0 0]
  [0 0 0 ... 0 0 0]
  [0 0 0 ... 0 0 0]]

 ...

 [[0 0 0 ... 0 0 0]
  [0 0 0 ... 0 0 0]
  [0 0 0 ... 0 0 0]
  ...
  [0 0 0 ... 0 0 0]
  [0 0 0 ... 0 0 0]
  [0 0 0 ... 0 0 0]]

 [[0 0 0 ... 0 0 0]
  [0 0 0 ... 0 0 0]
  [0 0 0 ... 0 0 0]
  ...
  [0 0 0 ... 0 0 0]
  [0 0 0 ... 0 0 0]
  [0 0 0 ... 0 0 0]]

 [[0 0 0 ... 0 0 0]
  [0 0 0 ... 0 0 0]
  [0 0 0 ... 0 0 0]
  ...
  [0 0 0 ... 0 0 0]
  [0 0 0 ... 0 0 0]
  [0 0 0 ... 0 0 0]]]","[12, 13, 14, 15, 16, 17, 18, 19, 20, 21, 22, 23]","[241, 242, 243, 244, 245, 246, 247, 248, 249, 250, 251, 252, 253, 254, 255, 256, 257, 258, 259, 260, 261, 262, 263, 264, 265, 266, 267, 268, 269, 270, 271, 272, 273, 274, 275, 276, 277, 278, 279, 280, 281, 282, 283, 284, 285, 286, 287, 288, 289, 290, 291, 292, 293, 294, 295, 296, 297, 298, 299, 300, 301, 302, 303, 304, 305, 306, 307, 308, 309, 310, 311, 312]","[96, 97, 98, 99, 100, 101, 102, 103, 104, 105, 106, 107, 108, 109, 110, 111, 112, 113, 114, 115, 116, 117, 118, 119, 120, 121, 122, 123, 124, 125, 126, 127, 128, 129, 130, 131, 132, 133, 134, 135, 136, 137, 138, 139, 140, 141, 142, 143, 144, 145, 146, 147, 148, 149, 150, 151, 152, 153, 154, 155]",12,72,60,/media/bendico765/Crucial X9/Materiali Tesista/Roi masks/AMBL-623/ROI 0.npy,/media/bendico765/Crucial X9/Materiali Tesista/Cleaned Roi masks/AMBL-623/ROI 0.npy,0.6836,2.0,/media/bendico765/Crucial X9/MRI Lesions/manifest-1728494830954/Advanced-MRI-Breast-Lesions/AMBL-623/11-22-2006-NA-MRI BREASTS - Delayed contrast-48785/500.000000-Registered AX Sen Vibrant MultiPhase-03225,0.9015174597839408,0.6629753362421996,25.84205247048978,38.97890473115444,44.152926274030804,48.97037369839033,47.00961680167155,52.98376933967609,14035.819325666396,35.14016317839058,0.18217404082152427,15446.241204068076,1.100487320738201,14695.93217408,67.0,333.0,3.6220562324973122,187.0,1.826765019507224,510.0,90.39893518058035,224.5143093360468,267.0,4.0,506.0,73.94186632822391,246.73128258833034,-0.5153973436902288,894634355.0768982,0.09725169016721347,10469.650711040407,107.85662480276648,7007.216069535504,-276.84358940979513,59.42828682943282,6.035084708959993,0.8147439331453357,1.485824521154868,2.32487276906307,3.7153679596290328,0.5946702601571587,0.5555138042086354,0.9875411039127856,0.9399730861138692,-0.2544088048529717,0.9041809453650174,0.40071937413017455,9.721096103164736,0.026902730262051994,6.227188643842255,0.8312408167010518,0.0808855752850426,19.44219220632947,4.516838612175375,16.365842884598205,7.444478910145809,1078.7359450521496,0.068604422860096,27.549280869612883,16.853154312520587,107.10919613329942,79.28237089799033,10834.70560925973,1.736671739111345,0.036954462892031685,0.1417006169308396,12.079943063333078,0.00693358778870264,1050.0711770834498,0.0875212801523605,16.853892448294253,100.80676494444627,2.419362927357523,287.0687392783587,0.07498567468495278,0.040099046830979285,4.674255864083757,7958.496159028369,0.6579604800516721,0.7618241590513277,0.6521929852819887,0.8358018787567902,80.8835633674774,0.0351343554413178,176.9137353433836,0.07408447878701155,13.437215916264742,82.7072864321608,5237.515912897822,718807.7416247906,92.68318087483443,0.05134795962783154,878.2646566164154,0.36778251952111196,0.629029491080995,52.162456631094116,0.032758538820195866,5.982250390764565,0.1518697532434495,5194.159092503276,5.711810773107448,0.0006888030517064282,220.3097336453397,0.08832097902273486,0.1353555618072431
129,AMBL-625,0,1.0,2 to 3,strong,moderate,pos,,100,60,20.0,10,/media/bendico765/Crucial X9/MRI Lesions/manifest-1728494830954/Advanced-MRI-Breast-Lesions/AMBL-625/12-01-2006-NA-MRI BREASTS - Delayed contrast-07578/600.000000-Registered Ax T2 FSE-90790,/media/bendico765/Crucial X9/MRI Lesions/manifest-1728494830954/Advanced-MRI-Breast-Lesions/AMBL-625/12-01-2006-NA-MRI BREASTS - Delayed contrast-07578/500.000000-ROI-27927/1-1.dcm,2.9,R,"[[[0 0 0 ... 0 0 0]
  [0 0 0 ... 0 0 0]
  [0 0 0 ... 0 0 0]
  ...
  [0 0 0 ... 0 0 0]
  [0 0 0 ... 0 0 0]
  [0 0 0 ... 0 0 0]]

 [[0 0 0 ... 0 0 0]
  [0 0 0 ... 0 0 0]
  [0 0 0 ... 0 0 0]
  ...
  [0 0 0 ... 0 0 0]
  [0 0 0 ... 0 0 0]
  [0 0 0 ... 0 0 0]]

 [[0 0 0 ... 0 0 0]
  [0 0 0 ... 0 0 0]
  [0 0 0 ... 0 0 0]
  ...
  [0 0 0 ... 0 0 0]
  [0 0 0 ... 0 0 0]
  [0 0 0 ... 0 0 0]]

 ...

 [[0 0 0 ... 0 0 0]
  [0 0 0 ... 0 0 0]
  [0 0 0 ... 0 0 0]
  ...
  [0 0 0 ... 0 0 0]
  [0 0 0 ... 0 0 0]
  [0 0 0 ... 0 0 0]]

 [[0 0 0 ... 0 0 0]
  [0 0 0 ... 0 0 0]
  [0 0 0 ... 0 0 0]
  ...
  [0 0 0 ... 0 0 0]
  [0 0 0 ... 0 0 0]
  [0 0 0 ... 0 0 0]]

 [[0 0 0 ... 0 0 0]
  [0 0 0 ... 0 0 0]
  [0 0 0 ... 0 0 0]
  ...
  [0 0 0 ... 0 0 0]
  [0 0 0 ... 0 0 0]
  [0 0 0 ... 0 0 0]]]","[51, 52, 53, 54, 55, 56, 57, 58, 59, 60, 61, 62, 63, 64]","[174, 175, 176, 177, 178, 179, 180, 181, 182, 183, 184, 185, 186, 187, 188, 189, 190, 191, 192, 193, 194, 195, 196, 197, 198, 199, 200, 201, 202, 203, 204, 205, 206, 207, 208, 209, 210, 211, 212, 213, 214, 215, 216, 217, 218, 219, 220, 221]","[375, 376, 377, 378, 379, 380, 381, 382, 383, 384, 385, 386, 387, 388, 389, 390, 391, 392, 393, 394, 395, 396, 397, 398, 399, 400, 401, 402, 403, 404, 405, 406, 407, 408, 409, 410, 411]",14,48,37,/media/bendico765/Crucial X9/Materiali Tesista/Roi masks/AMBL-625/ROI 0.npy,/media/bendico765/Crucial X9/Materiali Tesista/Cleaned Roi masks/AMBL-625/ROI 0.npy,0.6836,2.0,/media/bendico765/Crucial X9/MRI Lesions/manifest-1728494830954/Advanced-MRI-Breast-Lesions/AMBL-625/12-01-2006-NA-MRI BREASTS - Delayed contrast-07578/500.000000-Registered AX Sen Vibrant MultiPhase-54740,0.7999254070850145,0.6298081655537516,17.20744968038929,27.321731634361765,29.176917079088394,32.19138848574258,33.517319997875724,33.517319997875724,5683.956765306586,21.855347299884354,0.43939349570538067,3505.346961873282,0.6167089417831291,5748.83482592,123.0,358.0,3.730154232963899,138.0,2.82322458090003,592.0,76.66086130597066,220.85010567387417,195.0,24.0,568.0,57.16364694267849,239.1090855061385,0.7474248843394352,328679023.258584,0.09120462930411606,8398.38559542047,90.86707741740415,5770.1717578701355,245.44256747458408,43.6729082583782,7.6399991481878455,0.7009093051631058,1.9844572523124007,2.62223866202478,3.5702615126924995,0.48388631318156994,0.42009431481325904,0.9874477331823234,0.9282682117096327,-0.14733884026423577,0.7896038814308267,0.38511289712738456,9.047207932850574,0.016692711763131262,6.786404240855522,0.7105635218010116,0.05464574863506443,18.09441586570115,4.536964568397596,12.828226851641501,7.029775630090274,599.9679726873679,0.09753990776904047,13.141923278518103,13.532091314554556,100.93984717932044,42.048935132498784,2747.7202080962447,0.9430330550159782,0.017968860135102085,0.15695618601396175,21.236450041475454,0.002395537482242579,430.8388234606812,0.08414203481931051,13.89621741671284,106.14134747859745,1.7847327157813273,162.72476827406868,0.03422053131064609,0.017336269840558197,4.529061409620001,3765.7621319294503,0.7317437326175883,0.8316721483686204,0.318368343036403,0.8781177887156567,96.3676642720637,0.014843027014220942,74.20669291338582,0.07303808357616715,15.26988266476533,143.61023622047244,1860.9281496062993,87890.63287401575,44.72800813757122,0.014694648638346842,324.0,0.3188976377952756,0.5847980391379786,85.00254254310329,0.009048070301155266,6.26084205412845,0.16517639408226303,1824.2756128324756,2.776351198207959,0.0016023932931646253,340.7829858854348,0.06486571253187234,0.4210074068622851
130,AMBL-625,1,0.0,-1,-1,-1,-1,,-1.0,-1.0,-1.0,-1,/media/bendico765/Crucial X9/MRI Lesions/manifest-1728494830954/Advanced-MRI-Breast-Lesions/AMBL-625/12-01-2006-NA-MRI BREASTS - Delayed contrast-07578/600.000000-Registered Ax T2 FSE-90790,/media/bendico765/Crucial X9/MRI Lesions/manifest-1728494830954/Advanced-MRI-Breast-Lesions/AMBL-625/12-01-2006-NA-MRI BREASTS - Delayed contrast-07578/500.000000-ROI-27927/1-1.dcm,-49.1,L,"[[[0 0 0 ... 0 0 0]
  [0 0 0 ... 0 0 0]
  [0 0 0 ... 0 0 0]
  ...
  [0 0 0 ... 0 0 0]
  [0 0 0 ... 0 0 0]
  [0 0 0 ... 0 0 0]]

 [[0 0 0 ... 0 0 0]
  [0 0 0 ... 0 0 0]
  [0 0 0 ... 0 0 0]
  ...
  [0 0 0 ... 0 0 0]
  [0 0 0 ... 0 0 0]
  [0 0 0 ... 0 0 0]]

 [[0 0 0 ... 0 0 0]
  [0 0 0 ... 0 0 0]
  [0 0 0 ... 0 0 0]
  ...
  [0 0 0 ... 0 0 0]
  [0 0 0 ... 0 0 0]
  [0 0 0 ... 0 0 0]]

 ...

 [[0 0 0 ... 0 0 0]
  [0 0 0 ... 0 0 0]
  [0 0 0 ... 0 0 0]
  ...
  [0 0 0 ... 0 0 0]
  [0 0 0 ... 0 0 0]
  [0 0 0 ... 0 0 0]]

 [[0 0 0 ... 0 0 0]
  [0 0 0 ... 0 0 0]
  [0 0 0 ... 0 0 0]
  ...
  [0 0 0 ... 0 0 0]
  [0 0 0 ... 0 0 0]
  [0 0 0 ... 0 0 0]]

 [[0 0 0 ... 0 0 0]
  [0 0 0 ... 0 0 0]
  [0 0 0 ... 0 0 0]
  ...
  [0 0 0 ... 0 0 0]
  [0 0 0 ... 0 0 0]
  [0 0 0 ... 0 0 0]]]",[84],"[145, 146, 147]","[144, 145, 146, 147]",1,3,4,/media/bendico765/Crucial X9/Materiali Tesista/Roi masks/AMBL-625/ROI 1.npy,/media/bendico765/Crucial X9/Materiali Tesista/Cleaned Roi masks/AMBL-625/ROI 1.npy,0.6836,2.0,/media/bendico765/Crucial X9/MRI Lesions/manifest-1728494830954/Advanced-MRI-Breast-Lesions/AMBL-625/12-01-2006-NA-MRI BREASTS - Delayed contrast-07578/500.000000-Registered AX Sen Vibrant MultiPhase-54740,0.49992786692810814,0.0,0.0,3.0459889622811906,2.4226505814912724,2.113600946252627,3.0571521388377123,3.1741166456196908,3.5827020266666647,1.5227747645997973,0.7299760686893478,15.511339192673336,4.329508587993024,6.54232544,114.2,223.00000000000003,1.8423709931771075,65.5,2.122266864544063,259.0,41.38775510204082,172.28571428571428,185.0,113.0,146.0,29.839999999999996,178.93254914312584,0.3301970397890876,209464.69899456,0.30612244897959184,2334.4897959183677,8.020833333333332,39.75777633101851,3.76070601851852,4.0399305555555545,5.770833333333333,-0.2472295129775444,2.1041666666666665,0.6823934896284051,0.16493055555555555,0.4236111111111111,0.3145833333333333,0.8989750054218173,0.7833912037037036,-0.6980860757373927,0.9319625250124385,0.1747685185185185,2.8854166666666665,0.2873263888888889,1.8966479170272432,0.9999999999999989,0.35416666666666663,5.770833333333333,1.0841479170272441,2.4526909722222223,2.2359263506290312,3.0,0.42857142857142855,0.4081632653061224,3.9183673469387754,14.714285714285714,3.857142857142857,47.57142857142857,1.3332725947521866,0.3511297376093294,0.4444444444444445,9.03968253968254,0.11551465824425008,1.8571428571428572,0.29209183673469385,4.251275510204081,15.410714285714285,1.6875,23.598214285714285,0.5654040634110786,0.3466540634110787,1.8817782448828302,5.625,0.84375,0.8928571428571428,0.171875,0.8975694444444444,14.474950396825395,0.2963068411888565,1.0,0.25,5.25,17.5,3.75,50.25,1.2082270408163265,0.33322704081632654,1.5,0.375,0.5902777777777778,13.756944444444445,0.13183815192743764,1.9999999999999987,0.5714285714285714,0.6875,0.3471428571428571,0.2880658436213992,18.65857142857143,1.1288629737609328,6.092089728453365
131,AMBL-627,0,1.0,2,strong,strong,neg,,100,90,0.0,-1,/media/bendico765/Crucial X9/MRI Lesions/manifest-1728494830954/Advanced-MRI-Breast-Lesions/AMBL-627/01-09-2007-NA-MRI BREASTS - Delayed contrast-72729/600.000000-Registered Ax T2 FSE-12583,/media/bendico765/Crucial X9/MRI Lesions/manifest-1728494830954/Advanced-MRI-Breast-Lesions/AMBL-627/01-09-2007-NA-MRI BREASTS - Delayed contrast-72729/500.000000-ROI-92818/1-1.dcm,-48.17,L,"[[[0 0 0 ... 0 0 0]
  [0 0 0 ... 0 0 0]
  [0 0 0 ... 0 0 0]
  ...
  [0 0 0 ... 0 0 0]
  [0 0 0 ... 0 0 0]
  [0 0 0 ... 0 0 0]]

 [[0 0 0 ... 0 0 0]
  [0 0 0 ... 0 0 0]
  [0 0 0 ... 0 0 0]
  ...
  [0 0 0 ... 0 0 0]
  [0 0 0 ... 0 0 0]
  [0 0 0 ... 0 0 0]]

 [[0 0 0 ... 0 0 0]
  [0 0 0 ... 0 0 0]
  [0 0 0 ... 0 0 0]
  ...
  [0 0 0 ... 0 0 0]
  [0 0 0 ... 0 0 0]
  [0 0 0 ... 0 0 0]]

 ...

 [[0 0 0 ... 0 0 0]
  [0 0 0 ... 0 0 0]
  [0 0 0 ... 0 0 0]
  ...
  [0 0 0 ... 0 0 0]
  [0 0 0 ... 0 0 0]
  [0 0 0 ... 0 0 0]]

 [[0 0 0 ... 0 0 0]
  [0 0 0 ... 0 0 0]
  [0 0 0 ... 0 0 0]
  ...
  [0 0 0 ... 0 0 0]
  [0 0 0 ... 0 0 0]
  [0 0 0 ... 0 0 0]]

 [[0 0 0 ... 0 0 0]
  [0 0 0 ... 0 0 0]
  [0 0 0 ... 0 0 0]
  ...
  [0 0 0 ... 0 0 0]
  [0 0 0 ... 0 0 0]
  [0 0 0 ... 0 0 0]]]","[81, 82, 83, 84, 85, 86, 87, 88]","[164, 165, 166, 167, 168, 169, 170, 171, 172, 173, 174, 175, 176, 177, 178, 179, 180, 181, 182, 183, 184, 185, 186, 187, 188, 189, 190, 191, 192, 193, 194]","[120, 121, 122, 123, 124, 125, 126, 127, 128, 129, 130, 131, 132, 133, 134, 135, 136, 137, 138, 139, 140, 141, 142, 143, 144, 145, 146, 147, 148, 149, 150]",8,31,31,/media/bendico765/Crucial X9/Materiali Tesista/Roi masks/AMBL-627/ROI 0.npy,/media/bendico765/Crucial X9/Materiali Tesista/Cleaned Roi masks/AMBL-627/ROI 0.npy,0.6445,2.0,/media/bendico765/Crucial X9/MRI Lesions/manifest-1728494830954/Advanced-MRI-Breast-Lesions/AMBL-627/01-09-2007-NA-MRI BREASTS - Delayed contrast-72729/500.000000-Registered AX Sen Vibrant MultiPhase-18878,0.8462423061905853,0.7308551233634574,13.274384296422161,18.162812125243534,23.63920900220648,20.090113395648117,19.388633944917313,24.963896751108386,2240.180303270851,15.370140019772414,0.5052947415714091,1638.5561512813035,0.7314394064124545,2282.9298539999995,139.0,359.0,3.7487016167756573,106.0,3.1555748385960714,533.0,67.73625651260994,234.504730713246,218.0,17.0,516.0,45.49000784523359,249.87401556297573,0.5498588180444788,142539345.29363048,0.09284190275208752,7444.554926674211,96.41886146652604,3516.2870608096523,114.20984957295933,29.509127500358733,9.276991729360693,0.5090204021661471,2.2002944131879163,2.722397403212558,4.18188129406231,0.45974147116239455,0.3906453993551565,0.9822662015303882,0.9153006552902418,-0.10902702096655129,0.6768123278023311,0.3656035754696428,9.55807406720342,0.01652712023966418,6.760452428716731,0.5541101751662219,0.050875072812491325,19.116148134406835,4.3605626906035,9.696529807429854,6.869776273387375,299.0560407569141,0.1088267979464753,9.932215357364573,11.953228390000191,109.99781659388647,32.6783114992722,2779.771470160116,0.5160676751421871,0.01756245260030497,0.19187451056061688,25.805226367249592,0.0036429280016448953,202.63303413107195,0.0861555678453217,12.656131046701278,113.31627567729608,1.6751614379423405,173.28710660893768,0.028770730246360676,0.01776895559669113,4.453489593899709,1818.828240414602,0.7675612197378545,0.8550274325383496,0.27912073329389275,0.8958540709083478,103.52224130356109,0.016056550825944888,40.8843537414966,0.06953121384608266,17.056110879726038,141.8265306122449,614.5204081632653,46974.772108843536,8.612565295034496,0.019567500846825826,196.56802721088437,0.33429936600490534,0.598900368048075,84.25661775778448,0.01158710009308471,6.130836567924494,0.21397379912663755,592.6790920449812,1.312616499071767,0.0034169791631917185,290.3146038216099,0.07654085167455701,0.592735082706049
132,AMBL-627,1,0.0,-1,-1,-1,-1,,-1.0,-1.0,-1.0,-1,/media/bendico765/Crucial X9/MRI Lesions/manifest-1728494830954/Advanced-MRI-Breast-Lesions/AMBL-627/01-09-2007-NA-MRI BREASTS - Delayed contrast-72729/600.000000-Registered Ax T2 FSE-12583,/media/bendico765/Crucial X9/MRI Lesions/manifest-1728494830954/Advanced-MRI-Breast-Lesions/AMBL-627/01-09-2007-NA-MRI BREASTS - Delayed contrast-72729/500.000000-ROI-92818/1-1.dcm,35.83,R,"[[[0 0 0 ... 0 0 0]
  [0 0 0 ... 0 0 0]
  [0 0 0 ... 0 0 0]
  ...
  [0 0 0 ... 0 0 0]
  [0 0 0 ... 0 0 0]
  [0 0 0 ... 0 0 0]]

 [[0 0 0 ... 0 0 0]
  [0 0 0 ... 0 0 0]
  [0 0 0 ... 0 0 0]
  ...
  [0 0 0 ... 0 0 0]
  [0 0 0 ... 0 0 0]
  [0 0 0 ... 0 0 0]]

 [[0 0 0 ... 0 0 0]
  [0 0 0 ... 0 0 0]
  [0 0 0 ... 0 0 0]
  ...
  [0 0 0 ... 0 0 0]
  [0 0 0 ... 0 0 0]
  [0 0 0 ... 0 0 0]]

 ...

 [[0 0 0 ... 0 0 0]
  [0 0 0 ... 0 0 0]
  [0 0 0 ... 0 0 0]
  ...
  [0 0 0 ... 0 0 0]
  [0 0 0 ... 0 0 0]
  [0 0 0 ... 0 0 0]]

 [[0 0 0 ... 0 0 0]
  [0 0 0 ... 0 0 0]
  [0 0 0 ... 0 0 0]
  ...
  [0 0 0 ... 0 0 0]
  [0 0 0 ... 0 0 0]
  [0 0 0 ... 0 0 0]]

 [[0 0 0 ... 0 0 0]
  [0 0 0 ... 0 0 0]
  [0 0 0 ... 0 0 0]
  ...
  [0 0 0 ... 0 0 0]
  [0 0 0 ... 0 0 0]
  [0 0 0 ... 0 0 0]]]","[41, 42, 43, 44]","[148, 149, 150, 151, 152, 153, 154, 155, 156, 157, 158, 159, 160, 161, 162, 163, 164, 165, 166, 167, 168, 169, 170, 171, 172, 173, 174, 175, 176, 177, 178, 179, 180]","[340, 341, 342, 343, 344, 345, 346, 347, 348, 349, 350, 351, 352, 353, 354, 355, 356]",4,33,17,/media/bendico765/Crucial X9/Materiali Tesista/Roi masks/AMBL-627/ROI 1.npy,/media/bendico765/Crucial X9/Materiali Tesista/Cleaned Roi masks/AMBL-627/ROI 1.npy,0.6445,2.0,/media/bendico765/Crucial X9/MRI Lesions/manifest-1728494830954/Advanced-MRI-Breast-Lesions/AMBL-627/01-09-2007-NA-MRI BREASTS - Delayed contrast-72729/500.000000-Registered AX Sen Vibrant MultiPhase-18878,0.4769169619110764,0.3837744025276808,6.878895495595071,17.924320773579762,11.378073485876246,20.079353083453658,21.741727725735135,21.741727725735135,492.9871267083336,8.548412607655255,0.4267099671726583,707.2534202296573,1.4346285773260976,533.3482409999999,154.10000000000002,359.9,3.624392174614114,125.75,2.1790979306223086,436.0,65.79549887908698,253.11214953271028,246.5,64.0,372.0,50.011627197265625,264.9160685282906,-0.004900635637904826,37430658.688907996,0.08899370153628167,6114.763123416893,74.28371385862361,2268.6805419172424,39.891227209986475,31.24994904284013,8.71811283034939,0.5640960571685357,2.2877773819796223,2.6938078936745478,3.299244861794186,0.4300641238927351,0.3519578385803748,0.969034628213267,0.8834326156482933,-0.14310249420482568,0.7888855169048659,0.3459850671954902,8.285037285332105,0.011784507441933552,6.738073930611022,0.6178464158816046,0.027803313478489685,16.570074570664215,4.409421728170022,9.992015468297378,6.1173014611402845,103.99065420560747,0.1619792121582671,3.475208897429178,9.907231102182624,84.69470404984423,14.984423676012462,1302.0778816199377,0.35067705608349875,0.028013861073894482,0.25374514858729924,23.148374602350454,0.009722077141488246,51.606005409569406,0.08852706315436337,9.864977724299981,84.75342854822586,1.3447244336556112,113.88816291151855,0.03659168467363124,0.02842809570693303,4.072718750934131,488.8247629216638,0.8354070106410383,0.9079798705966932,0.12200129817564694,0.9301961084105176,78.90555251099453,0.026724705781741135,17.558375634517766,0.08912881032750135,10.444381457909248,93.46700507614213,42.82233502538071,2820.568527918782,1.040233054825678,0.03617539792700979,63.89340101522843,0.32433198484887527,0.5853372995015909,55.411900703558345,0.02586413005713689,5.457581164877289,0.3068535825545171,32.20201499652143,0.6231906856571653,0.013513068336655663,137.79833037448026,0.11800255659353391,1.0873229191021183
133,AMBL-627,2,0.0,-1.0,-1,-1,-1,,-1.0,-1.0,-1.0,-1,/media/bendico765/Crucial X9/MRI Lesions/manifest-1728494830954/Advanced-MRI-Breast-Lesions/AMBL-627/01-09-2007-NA-MRI BREASTS - Delayed contrast-72729/600.000000-Registered Ax T2 FSE-12583,/media/bendico765/Crucial X9/MRI Lesions/manifest-1728494830954/Advanced-MRI-Breast-Lesions/AMBL-627/01-09-2007-NA-MRI BREASTS - Delayed contrast-72729/500.000000-ROI-92818/1-1.dcm,-36.17,R,"[[[0 0 0 ... 0 0 0]
  [0 0 0 ... 0 0 0]
  [0 0 0 ... 0 0 0]
  ...
  [0 0 0 ... 0 0 0]
  [0 0 0 ... 0 0 0]
  [0 0 0 ... 0 0 0]]

 [[0 0 0 ... 0 0 0]
  [0 0 0 ... 0 0 0]
  [0 0 0 ... 0 0 0]
  ...
  [0 0 0 ... 0 0 0]
  [0 0 0 ... 0 0 0]
  [0 0 0 ... 0 0 0]]

 [[0 0 0 ... 0 0 0]
  [0 0 0 ... 0 0 0]
  [0 0 0 ... 0 0 0]
  ...
  [0 0 0 ... 0 0 0]
  [0 0 0 ... 0 0 0]
  [0 0 0 ... 0 0 0]]

 ...

 [[0 0 0 ... 0 0 0]
  [0 0 0 ... 0 0 0]
  [0 0 0 ... 0 0 0]
  ...
  [0 0 0 ... 0 0 0]
  [0 0 0 ... 0 0 0]
  [0 0 0 ... 0 0 0]]

 [[0 0 0 ... 0 0 0]
  [0 0 0 ... 0 0 0]
  [0 0 0 ... 0 0 0]
  ...
  [0 0 0 ... 0 0 0]
  [0 0 0 ... 0 0 0]
  [0 0 0 ... 0 0 0]]

 [[0 0 0 ... 0 0 0]
  [0 0 0 ... 0 0 0]
  [0 0 0 ... 0 0 0]
  ...
  [0 0 0 ... 0 0 0]
  [0 0 0 ... 0 0 0]
  [0 0 0 ... 0 0 0]]]","[78, 79, 80]","[167, 168, 169, 170, 171, 172, 173, 174, 175, 176, 177, 178, 179, 180, 181, 182, 183, 184, 185, 186, 187, 188, 189]","[297, 298, 299, 300, 301, 302, 303, 304, 305, 306, 307, 308, 309]",3,23,13,/media/bendico765/Crucial X9/Materiali Tesista/Roi masks/AMBL-627/ROI 2.npy,/media/bendico765/Crucial X9/Materiali Tesista/Cleaned Roi masks/AMBL-627/ROI 2.npy,0.6445,2.0,/media/bendico765/Crucial X9/MRI Lesions/manifest-1728494830954/Advanced-MRI-Breast-Lesions/AMBL-627/01-09-2007-NA-MRI BREASTS - Delayed contrast-72729/500.000000-Registered AX Sen Vibrant MultiPhase-18878,0.5348327312417475,0.4342814230398015,5.975389615410999,13.759256782354607,9.28768056352069,14.8235,15.169728359466427,15.169728359466427,371.52301860416645,7.358900884763251,0.5752769327574266,434.4411774596303,1.169351980105704,390.457435,151.9,398.1,3.883959095642588,143.0,2.3430335029079608,515.0,77.99817111815302,286.11914893617023,293.0,55.0,460.0,58.37350045269352,301.0415677807882,-0.19530339461577056,35385605.473436,0.07599818922589406,8761.85814395654,94.46960059170004,3153.9066404869322,-15.224347744343937,36.527138625453794,17.173607143741116,0.35579087632422846,3.1770123493483626,3.0301655466230337,6.1603925868450675,0.3678374533639203,0.2813404005403415,0.9585162476517782,0.8680149813653719,-0.1737424629470038,0.8427752615429596,0.28384485972436074,9.46688267550549,0.009459009156875019,7.039216778361412,0.560036566726666,0.024503731496086943,18.933765351010976,4.4674466519213025,13.425186442298726,6.096574153775638,86.99574468085106,0.18509732910819376,2.6382254413761883,14.141788139429604,113.58936170212766,11.587234042553192,1132.7468085106384,0.2892321063855001,0.028320543069262388,0.3043142137469645,42.15569254575352,0.007076309925605717,32.76333587449094,0.07553439926271234,14.303245830904435,114.8631439217543,1.3062782370744708,144.46656852227014,0.038076293120383825,0.028346529769063912,4.239952779631447,378.6127232395935,0.8658782133422516,0.923404255319149,0.11337076079933521,0.9424958241096892,108.94476934224258,0.027007474115831438,12.514792899408285,0.07405202899058157,16.641364097895732,134.92307692307693,20.236686390532544,1921.8284023668639,0.45602470795786004,0.025003191740704398,59.56804733727811,0.3524736528833024,0.6162565575826856,93.45307327801443,0.01094862252236149,5.572066835326959,0.3595744680851064,12.50236336262736,0.35974688963489226,0.015732311991928385,275.94876306534826,0.17044038802227038,1.7317248528712184
134,AMBL-628,0,1.0,1,strong,moderate,neg,,100,20,10.0,5 to 10,/media/bendico765/Crucial X9/MRI Lesions/manifest-1728494830954/Advanced-MRI-Breast-Lesions/AMBL-628/01-30-2007-NA-MRI BREASTS - Delayed contrast-47081/600.000000-Registered Ax T2 FSE-80392,/media/bendico765/Crucial X9/MRI Lesions/manifest-1728494830954/Advanced-MRI-Breast-Lesions/AMBL-628/01-30-2007-NA-MRI BREASTS - Delayed contrast-47081/500.000000-ROI-98535/1-1.dcm,12.81,L,"[[[0 0 0 ... 0 0 0]
  [0 0 0 ... 0 0 0]
  [0 0 0 ... 0 0 0]
  ...
  [0 0 0 ... 0 0 0]
  [0 0 0 ... 0 0 0]
  [0 0 0 ... 0 0 0]]

 [[0 0 0 ... 0 0 0]
  [0 0 0 ... 0 0 0]
  [0 0 0 ... 0 0 0]
  ...
  [0 0 0 ... 0 0 0]
  [0 0 0 ... 0 0 0]
  [0 0 0 ... 0 0 0]]

 [[0 0 0 ... 0 0 0]
  [0 0 0 ... 0 0 0]
  [0 0 0 ... 0 0 0]
  ...
  [0 0 0 ... 0 0 0]
  [0 0 0 ... 0 0 0]
  [0 0 0 ... 0 0 0]]

 ...

 [[0 0 0 ... 0 0 0]
  [0 0 0 ... 0 0 0]
  [0 0 0 ... 0 0 0]
  ...
  [0 0 0 ... 0 0 0]
  [0 0 0 ... 0 0 0]
  [0 0 0 ... 0 0 0]]

 [[0 0 0 ... 0 0 0]
  [0 0 0 ... 0 0 0]
  [0 0 0 ... 0 0 0]
  ...
  [0 0 0 ... 0 0 0]
  [0 0 0 ... 0 0 0]
  [0 0 0 ... 0 0 0]]

 [[0 0 0 ... 0 0 0]
  [0 0 0 ... 0 0 0]
  [0 0 0 ... 0 0 0]
  ...
  [0 0 0 ... 0 0 0]
  [0 0 0 ... 0 0 0]
  [0 0 0 ... 0 0 0]]]","[52, 53, 54, 55, 56, 57, 58, 59]","[216, 217, 218, 219, 220, 221, 222, 223, 224, 225, 226, 227, 228, 229, 230, 231, 232, 233, 234, 235, 236, 237, 238, 239, 240]","[115, 116, 117, 118, 119, 120, 121, 122, 123, 124, 125, 126, 127, 128, 129, 130, 131, 132, 133, 134, 135, 136, 137, 138, 139, 140, 141]",8,25,27,/media/bendico765/Crucial X9/Materiali Tesista/Roi masks/AMBL-628/ROI 0.npy,/media/bendico765/Crucial X9/Materiali Tesista/Cleaned Roi masks/AMBL-628/ROI 0.npy,0.6445,2.0,/media/bendico765/Crucial X9/MRI Lesions/manifest-1728494830954/Advanced-MRI-Breast-Lesions/AMBL-628/01-30-2007-NA-MRI BREASTS - Delayed contrast-47081/500.000000-Registered AX Sen Vibrant MultiPhase-12976,0.8880879308570226,0.699675799695122,10.6796861364285,15.263763790432778,17.50031457574406,19.47261385253659,16.80650380061243,20.74119071437317,1168.0838780208344,13.555564401735793,0.47003352026518863,1141.1375080694584,0.9769311344344268,1202.941204,77.0,356.0,3.8221628246601647,141.25,2.3909166676008913,445.0,81.76730811788408,188.91919889502762,169.0,9.0,436.0,60.71070681052131,213.1990014669847,0.6182538412578404,54678266.012041494,0.07923292939775953,9763.350515380327,71.62307641215985,6334.654013719132,243.981449077418,46.75325956397234,9.021282188980978,0.6702118905665169,2.1759089786304013,2.6683506750110193,3.9197432728278567,0.46073697329382524,0.39082816129649955,0.9750172265432369,0.900527851864054,-0.1763811555778831,0.8196998690824955,0.36194059178022225,7.885643863787129,0.012121370138116776,6.875655718794553,0.7422036486648201,0.03511328058236865,15.771287727574254,4.593180696123492,13.94363543823833,6.889667283698751,173.10635359116023,0.11954858673422668,6.847814474527639,15.652254204694607,81.20856353591161,27.69889502762431,1908.164364640884,1.0314246418893582,0.03559406227386961,0.16279123060024386,15.677330692377847,0.005808258141743043,96.81548699171124,0.07749382689298306,15.654841449698392,82.55074361241714,1.6163760059500802,127.07375056408556,0.058252648581009106,0.035386719264379085,4.456146205573056,975.1344205057092,0.7711294942562845,0.8628346791330217,0.23404625280608027,0.8964676450914824,74.89537835908074,0.03157532916970572,16.97609561752988,0.06763384708179235,17.160267297344486,101.93227091633466,286.23107569721117,15604.844621513945,9.541547138701885,0.037605397257587936,71.19123505976096,0.28363041856478466,0.55018126584531,58.20200280741451,0.02019320807904623,6.036914154054572,0.17334254143646408,252.9505880859034,1.7436597232072049,0.006443092129054948,183.36905807540228,0.1509072068812697,0.7506581666725752
135,AMBL-632,0,1.0,-1,-1,-1,-1,,-1,-1,-1.0,-1,/media/bendico765/Crucial X9/MRI Lesions/manifest-1728494830954/Advanced-MRI-Breast-Lesions/AMBL-632/02-21-2007-NA-MRI BREASTS - Delayed contrast-23190/600.000000-Registered Ax T2 FSE-85388,/media/bendico765/Crucial X9/MRI Lesions/manifest-1728494830954/Advanced-MRI-Breast-Lesions/AMBL-632/02-21-2007-NA-MRI BREASTS - Delayed contrast-23190/500.000000-ROI-80200/1-1.dcm,20.22,L,"[[[0 0 0 ... 0 0 0]
  [0 0 0 ... 0 0 0]
  [0 0 0 ... 0 0 0]
  ...
  [0 0 0 ... 0 0 0]
  [0 0 0 ... 0 0 0]
  [0 0 0 ... 0 0 0]]

 [[0 0 0 ... 0 0 0]
  [0 0 0 ... 0 0 0]
  [0 0 0 ... 0 0 0]
  ...
  [0 0 0 ... 0 0 0]
  [0 0 0 ... 0 0 0]
  [0 0 0 ... 0 0 0]]

 [[0 0 0 ... 0 0 0]
  [0 0 0 ... 0 0 0]
  [0 0 0 ... 0 0 0]
  ...
  [0 0 0 ... 0 0 0]
  [0 0 0 ... 0 0 0]
  [0 0 0 ... 0 0 0]]

 ...

 [[0 0 0 ... 0 0 0]
  [0 0 0 ... 0 0 0]
  [0 0 0 ... 0 0 0]
  ...
  [0 0 0 ... 0 0 0]
  [0 0 0 ... 0 0 0]
  [0 0 0 ... 0 0 0]]

 [[0 0 0 ... 0 0 0]
  [0 0 0 ... 0 0 0]
  [0 0 0 ... 0 0 0]
  ...
  [0 0 0 ... 0 0 0]
  [0 0 0 ... 0 0 0]
  [0 0 0 ... 0 0 0]]

 [[0 0 0 ... 0 0 0]
  [0 0 0 ... 0 0 0]
  [0 0 0 ... 0 0 0]
  ...
  [0 0 0 ... 0 0 0]
  [0 0 0 ... 0 0 0]
  [0 0 0 ... 0 0 0]]]","[60, 61, 62, 63, 64, 65, 66, 67]","[193, 194, 195, 196, 197, 198, 199, 200, 201, 202, 203, 204, 205, 206, 207, 208, 209, 210, 211, 212, 213, 214, 215, 216, 217]","[160, 161, 162, 163, 164, 165, 166, 167, 168, 169, 170, 171, 172, 173, 174, 175, 176, 177, 178, 179, 180, 181, 182, 183, 184, 185, 186, 187, 188, 189]",8,25,30,/media/bendico765/Crucial X9/Materiali Tesista/Roi masks/AMBL-632/ROI 0.npy,/media/bendico765/Crucial X9/Materiali Tesista/Cleaned Roi masks/AMBL-632/ROI 0.npy,0.6641,2.0,/media/bendico765/Crucial X9/MRI Lesions/manifest-1728494830954/Advanced-MRI-Breast-Lesions/AMBL-632/02-21-2007-NA-MRI BREASTS - Delayed contrast-23190/500.000000-Registered AX Sen Vibrant MultiPhase-11369,0.7818277808361326,0.6565408293280199,11.191605407141633,17.046320513830683,19.923000000000002,18.180590443932232,19.9672242497549,21.821951675549098,1173.3571490050012,13.327286938749685,0.4596804511920468,1170.3476983991363,0.9974351793838586,1225.1780341800002,69.0,229.0,3.0982667977323777,67.0,4.059404142185968,347.0,48.25236857941213,127.8970482361411,110.0,13.0,334.0,30.64867896431576,142.45911087795764,1.2133449572528696,24864496.01553114,0.1554510628350596,3936.943324620423,30.203912562709057,1153.479437582724,82.78342301465689,14.398744741414914,5.055567750921595,0.4727586467079856,1.5728920321557163,2.3527951586765607,2.503372381157673,0.5407362317477727,0.4893201782599098,0.9767869586601685,0.9075318355001146,-0.0991956661213868,0.6254501939736945,0.4165673093481974,5.278646896411444,0.044797773804314406,5.491656504729355,0.5399474200570014,0.12453589819294777,10.55729379282289,3.6239139380655323,4.8635781230841255,6.326763325936686,119.62203023758099,0.08612097209329085,17.22962119833869,6.373704531283287,38.02951763858891,52.37940964722822,1178.4557235421166,2.9040399448631864,0.055944056102265584,0.16750816955329334,9.89022975226943,0.01047941111453598,150.70009523648292,0.13375683831179683,7.042008444855842,40.96195294224901,1.9232538719227632,63.77272116656639,0.10760358613535984,0.05607546086467403,3.9993392847677445,797.9896959967135,0.7050570951868,0.8104336268483135,0.377852604279808,0.8637439043018568,37.2518770043372,0.048572220630295725,23.640625,0.09234619140625,10.19085693359375,63.09375,829.27734375,17151.51953125,44.062857788171684,0.06234966049117718,93.3515625,0.364654541015625,0.6267195543549299,40.2147195637164,0.042186120268906856,5.430599842375653,0.18430525557955363,799.8382415771484,2.5672209943474584,0.0057359792547778754,91.29175318142418,0.08161983778852655,0.4520858915871365
136,AMBL-572,0,1.0,-1,-1,-1,-1,,-1,-1,-1.0,-1,/media/bendico765/Crucial X9/MRI Lesions/manifest-1728494830954/Advanced-MRI-Breast-Lesions/AMBL-572/11-25-2005-NA-MRI BREASTS - Delayed contrast-51529/600.000000-Registered Ax T2 FSE-43029,/media/bendico765/Crucial X9/MRI Lesions/manifest-1728494830954/Advanced-MRI-Breast-Lesions/AMBL-572/11-25-2005-NA-MRI BREASTS - Delayed contrast-51529/500.000000-ROI-99161/1-1.dcm,-11.0,R,"[[[0 0 0 ... 0 0 0]
  [0 0 0 ... 0 0 0]
  [0 0 0 ... 0 0 0]
  ...
  [0 0 0 ... 0 0 0]
  [0 0 0 ... 0 0 0]
  [0 0 0 ... 0 0 0]]

 [[0 0 0 ... 0 0 0]
  [0 0 0 ... 0 0 0]
  [0 0 0 ... 0 0 0]
  ...
  [0 0 0 ... 0 0 0]
  [0 0 0 ... 0 0 0]
  [0 0 0 ... 0 0 0]]

 [[0 0 0 ... 0 0 0]
  [0 0 0 ... 0 0 0]
  [0 0 0 ... 0 0 0]
  ...
  [0 0 0 ... 0 0 0]
  [0 0 0 ... 0 0 0]
  [0 0 0 ... 0 0 0]]

 ...

 [[0 0 0 ... 0 0 0]
  [0 0 0 ... 0 0 0]
  [0 0 0 ... 0 0 0]
  ...
  [0 0 0 ... 0 0 0]
  [0 0 0 ... 0 0 0]
  [0 0 0 ... 0 0 0]]

 [[0 0 0 ... 0 0 0]
  [0 0 0 ... 0 0 0]
  [0 0 0 ... 0 0 0]
  ...
  [0 0 0 ... 0 0 0]
  [0 0 0 ... 0 0 0]
  [0 0 0 ... 0 0 0]]

 [[0 0 0 ... 0 0 0]
  [0 0 0 ... 0 0 0]
  [0 0 0 ... 0 0 0]
  ...
  [0 0 0 ... 0 0 0]
  [0 0 0 ... 0 0 0]
  [0 0 0 ... 0 0 0]]]","[60, 61, 62, 63]","[191, 192, 193, 194, 195, 196, 197, 198, 199, 200, 201, 202, 203, 204, 205, 206, 207]","[330, 331, 332, 333, 334, 335, 336, 337, 338, 339, 340, 341, 342, 343]",4,17,14,/media/bendico765/Crucial X9/Materiali Tesista/Roi masks/AMBL-572/ROI 0.npy,/media/bendico765/Crucial X9/Materiali Tesista/Cleaned Roi masks/AMBL-572/ROI 0.npy,0.625,2.0,/media/bendico765/Crucial X9/MRI Lesions/manifest-1728494830954/Advanced-MRI-Breast-Lesions/AMBL-572/11-25-2005-NA-MRI BREASTS - Delayed contrast-51529/500.000000-Registered AX Sen Vibrant MultiPhase-79470,0.895902508762675,0.7667369923982812,7.531820197275395,9.823212225246326,10.965856099730654,11.855905701379376,10.307764064044152,12.882279495493023,384.375,8.800640476706363,0.6533892896910201,391.2750917563813,1.0179514582279838,395.3125,138.0,341.0,3.5535496734933503,125.5,2.0185577678826703,387.0,64.79741911293723,241.22529644268775,246.0,59.0,328.0,50.71753743114369,252.9737601415572,-0.11812191592119603,25298309.375,0.09106531893952413,5806.079676295522,65.87824456260373,1759.819233435601,39.16352443246518,29.85279022467358,8.390463714548819,0.5639083146252095,2.1772113578541186,2.6109807012944675,3.2303695612251437,0.4524182823671205,0.3803964517587059,0.9624382422101928,0.8764384915365026,-0.1890394019229424,0.837061789490419,0.35991421522733763,7.778084011571674,0.015306553004137812,6.422707771552243,0.6841622171425867,0.03535000390976871,15.556168023143353,4.261647965653035,9.5608134848056,6.2436560163738015,65.72727272727273,0.12989579590370104,6.06894342983018,9.3910739114812,75.78458498023716,24.869565217391305,1958.590909090909,0.6901520744938616,0.03351034130934566,0.16857435531323772,13.005539823352423,0.007123510989124006,39.95612020344652,0.09052671370155663,9.276302578483158,75.53092124872045,1.5694602561112416,119.43451490157061,0.05020861112083109,0.034314307671940714,4.104723591406252,352.3107419515382,0.7848198167042225,0.8716935238674369,0.20239357735443564,0.9007011159679057,67.8136712641428,0.03139984446207915,10.131313131313131,0.10233649627589021,9.286399347005407,74.58585858585859,111.05050505050505,9225.141414141413,2.8116472678904016,0.049331796156978545,23.646464646464647,0.23885317824711763,0.4965505163586283,40.78717963413891,0.02327261012483068,5.385564418970832,0.1956521739130435,84.9270482603816,0.7207143381188283,0.0155817217260655,106.06463487031242,0.15534437716000363,0.9580349040325933
137,AMBL-572,1,1.0,2,strong,strong,neg,,100.0,100.0,0.0,3,/media/bendico765/Crucial X9/MRI Lesions/manifest-1728494830954/Advanced-MRI-Breast-Lesions/AMBL-572/11-25-2005-NA-MRI BREASTS - Delayed contrast-51529/600.000000-Registered Ax T2 FSE-43029,/media/bendico765/Crucial X9/MRI Lesions/manifest-1728494830954/Advanced-MRI-Breast-Lesions/AMBL-572/11-25-2005-NA-MRI BREASTS - Delayed contrast-51529/500.000000-ROI-99161/1-1.dcm,-21.0,L,"[[[0 0 0 ... 0 0 0]
  [0 0 0 ... 0 0 0]
  [0 0 0 ... 0 0 0]
  ...
  [0 0 0 ... 0 0 0]
  [0 0 0 ... 0 0 0]
  [0 0 0 ... 0 0 0]]

 [[0 0 0 ... 0 0 0]
  [0 0 0 ... 0 0 0]
  [0 0 0 ... 0 0 0]
  ...
  [0 0 0 ... 0 0 0]
  [0 0 0 ... 0 0 0]
  [0 0 0 ... 0 0 0]]

 [[0 0 0 ... 0 0 0]
  [0 0 0 ... 0 0 0]
  [0 0 0 ... 0 0 0]
  ...
  [0 0 0 ... 0 0 0]
  [0 0 0 ... 0 0 0]
  [0 0 0 ... 0 0 0]]

 ...

 [[0 0 0 ... 0 0 0]
  [0 0 0 ... 0 0 0]
  [0 0 0 ... 0 0 0]
  ...
  [0 0 0 ... 0 0 0]
  [0 0 0 ... 0 0 0]
  [0 0 0 ... 0 0 0]]

 [[0 0 0 ... 0 0 0]
  [0 0 0 ... 0 0 0]
  [0 0 0 ... 0 0 0]
  ...
  [0 0 0 ... 0 0 0]
  [0 0 0 ... 0 0 0]
  [0 0 0 ... 0 0 0]]

 [[0 0 0 ... 0 0 0]
  [0 0 0 ... 0 0 0]
  [0 0 0 ... 0 0 0]
  ...
  [0 0 0 ... 0 0 0]
  [0 0 0 ... 0 0 0]
  [0 0 0 ... 0 0 0]]]","[65, 66, 67]","[193, 194, 195, 196, 197, 198, 199, 200, 201, 202, 203]","[121, 122, 123, 124, 125, 126, 127, 128]",3,11,8,/media/bendico765/Crucial X9/Materiali Tesista/Roi masks/AMBL-572/ROI 1.npy,/media/bendico765/Crucial X9/Materiali Tesista/Cleaned Roi masks/AMBL-572/ROI 1.npy,0.625,2.0,/media/bendico765/Crucial X9/MRI Lesions/manifest-1728494830954/Advanced-MRI-Breast-Lesions/AMBL-572/11-25-2005-NA-MRI BREASTS - Delayed contrast-51529/500.000000-Registered AX Sen Vibrant MultiPhase-79470,0.874242171869118,0.7076133832495863,4.670816637783843,6.600803133957083,7.425673370139573,8.22439207479799,6.903350635742038,9.017344398435716,121.38671875,5.770700467911121,0.8376260787921878,141.54071404640908,1.1660313047749227,127.34375,107.4,330.8,3.6010290846109774,153.0,1.8273788503228174,400.0,75.57296096955098,216.93251533742333,208.0,79.0,321.0,60.86749594375338,233.3313292347472,0.21117913898925972,6933040.625,0.08811020362076104,7383.792991832586,33.46632868151231,1717.7940736461887,61.61393173652587,25.4716780978321,19.560486677485663,0.12474105316926022,3.4619445767303136,2.943321675315529,5.779001812899796,0.3581091398390361,0.27165762895311785,0.9196930778269932,0.820732851229611,-0.26373054193608236,0.9122082026810857,0.25352078134081085,5.651732450690862,0.018294299227857694,6.069745338770376,0.6986846853125174,0.041715210307904184,11.303464901381727,3.978160933499322,11.258041193829438,5.445659005465583,33.331288343558285,0.20448643155557228,2.1357220821257856,11.902141593586512,50.60122699386503,12.828220858895705,477.3128834355828,1.5655059876993964,0.12322060584269362,0.19426258642516311,14.061151280553121,0.016108719394117472,12.965158111584287,0.08701309028496676,11.988355297572266,51.73292863558935,1.372782325064051,66.86388189551579,0.16927765009915902,0.12227651875708509,3.9357323920836835,128.48005824963147,0.8501842003288208,0.9126946672958943,0.132018255847032,0.9319759287045039,49.0454307092424,0.11286186816611508,3.8292682926829267,0.09339678762641285,12.640095181439618,68.70731707317073,34.80487804878049,1359.658536585366,3.643341761269357,0.10959971101927724,7.682926829268292,0.18738845925044617,0.399288813671768,37.02323875845841,0.015976240007493165,4.765730967874406,0.25153374233128833,18.99940511600238,0.5702285363744484,0.028780739344750988,187.20756023998734,0.32373142634481544,2.0673577689854308
138,AMBL-572,2,0.0,-1.0,-1,-1,-1,,-1.0,-1.0,-1.0,-1,/media/bendico765/Crucial X9/MRI Lesions/manifest-1728494830954/Advanced-MRI-Breast-Lesions/AMBL-572/11-25-2005-NA-MRI BREASTS - Delayed contrast-51529/600.000000-Registered Ax T2 FSE-43029,/media/bendico765/Crucial X9/MRI Lesions/manifest-1728494830954/Advanced-MRI-Breast-Lesions/AMBL-572/11-25-2005-NA-MRI BREASTS - Delayed contrast-51529/500.000000-ROI-99161/1-1.dcm,-51.0,R,"[[[0 0 0 ... 0 0 0]
  [0 0 0 ... 0 0 0]
  [0 0 0 ... 0 0 0]
  ...
  [0 0 0 ... 0 0 0]
  [0 0 0 ... 0 0 0]
  [0 0 0 ... 0 0 0]]

 [[0 0 0 ... 0 0 0]
  [0 0 0 ... 0 0 0]
  [0 0 0 ... 0 0 0]
  ...
  [0 0 0 ... 0 0 0]
  [0 0 0 ... 0 0 0]
  [0 0 0 ... 0 0 0]]

 [[0 0 0 ... 0 0 0]
  [0 0 0 ... 0 0 0]
  [0 0 0 ... 0 0 0]
  ...
  [0 0 0 ... 0 0 0]
  [0 0 0 ... 0 0 0]
  [0 0 0 ... 0 0 0]]

 ...

 [[0 0 0 ... 0 0 0]
  [0 0 0 ... 0 0 0]
  [0 0 0 ... 0 0 0]
  ...
  [0 0 0 ... 0 0 0]
  [0 0 0 ... 0 0 0]
  [0 0 0 ... 0 0 0]]

 [[0 0 0 ... 0 0 0]
  [0 0 0 ... 0 0 0]
  [0 0 0 ... 0 0 0]
  ...
  [0 0 0 ... 0 0 0]
  [0 0 0 ... 0 0 0]
  [0 0 0 ... 0 0 0]]

 [[0 0 0 ... 0 0 0]
  [0 0 0 ... 0 0 0]
  [0 0 0 ... 0 0 0]
  ...
  [0 0 0 ... 0 0 0]
  [0 0 0 ... 0 0 0]
  [0 0 0 ... 0 0 0]]]","[77, 78, 79, 80, 81, 82, 83, 84, 85]","[162, 163, 164, 165, 166, 167, 168, 169, 170, 171, 172, 173, 174, 175, 176, 177, 178, 179, 180, 181, 182, 183, 184, 185, 186, 187, 188, 189, 190, 191, 192, 193, 194, 195, 196, 197, 198, 199, 200, 201, 202, 203, 204, 205, 206, 207, 208, 209, 210, 211, 212, 213, 214, 215, 216, 217, 218, 219]","[355, 356, 357, 358, 359, 360, 361, 362, 363, 364, 365, 366, 367, 368, 369, 370, 371, 372, 373, 374, 375, 376, 377, 378, 379, 380, 381, 382, 383, 384, 385, 386, 387, 388, 389, 390, 391, 392, 393, 394, 395, 396, 397, 398, 399, 400, 401, 402, 403]",9,58,49,/media/bendico765/Crucial X9/Materiali Tesista/Roi masks/AMBL-572/ROI 2.npy,/media/bendico765/Crucial X9/Materiali Tesista/Cleaned Roi masks/AMBL-572/ROI 2.npy,0.625,2.0,/media/bendico765/Crucial X9/MRI Lesions/manifest-1728494830954/Advanced-MRI-Breast-Lesions/AMBL-572/11-25-2005-NA-MRI BREASTS - Delayed contrast-51529/500.000000-Registered AX Sen Vibrant MultiPhase-79470,0.7059186508057635,0.5065822850667199,15.627385521396677,30.848661672680596,25.702930280417444,36.47002193583108,36.38444894456971,36.64781712462558,1707.03125,21.776645627142155,0.22198456216858747,3111.6375203460193,1.822835709859453,1875.0,113.0,316.0,3.607560612237074,110.0,3.1892438899405025,533.0,63.920680555555556,202.00208333333333,188.0,41.0,492.0,46.24517138125924,216.80074473273072,0.6869146372047304,88129805.46875,0.09502847222222224,6197.721245659722,63.62285671117081,3237.538399194625,118.70137551074536,31.10595322359395,8.88886747405287,0.5589502815545597,2.2263548069883203,2.7046060714333846,3.6751351390415223,0.4472561428137476,0.37407910927772386,0.9812071235435698,0.9102179439616153,-0.11768609469877983,0.7220269664535943,0.3568454332895973,7.619784848951515,0.012886302383620695,6.785654141854137,0.7408305071163638,0.033532394333618314,15.23956969790303,4.417654080793883,9.998705174411706,6.348298178995536,382.01,0.15917083333333334,4.19816388888889,10.003402604166666,67.82041666666667,16.089166666666667,889.4970833333333,0.552351609437081,0.032220323800918584,0.25849349072921757,19.694589296551154,0.008983129112120947,203.75195706930737,0.09369277581761294,10.092749468307684,68.742636374368,1.3676167760117637,90.15264610175883,0.04432683550904078,0.0321464215554145,4.087467651642122,1824.3650364962616,0.8333628634793537,0.9058333333333332,0.13157617153591908,0.927975324140057,64.37655933274996,0.029801656446355015,62.58565737051793,0.08311508282937308,11.56940366025936,77.62549800796813,44.07436918990704,2042.6786188579017,1.5548601745947137,0.034150685850709434,240.8831341301461,0.31989792049156185,0.584244934466521,46.114415176234395,0.021570900427984183,5.970552877485429,0.31375,33.91580027830246,1.8096461301366253,0.003476601530203019,293.59666624591733,0.06832561882670506,0.7101336834917091
139,AMBL-572,3,0.0,,,,,,,,,,/media/bendico765/Crucial X9/MRI Lesions/manifest-1728494830954/Advanced-MRI-Breast-Lesions/AMBL-572/11-25-2005-NA-MRI BREASTS - Delayed contrast-51529/600.000000-Registered Ax T2 FSE-43029,/media/bendico765/Crucial X9/MRI Lesions/manifest-1728494830954/Advanced-MRI-Breast-Lesions/AMBL-572/11-25-2005-NA-MRI BREASTS - Delayed contrast-51529/500.000000-ROI-99161/1-1.dcm,-11.0,L,"[[[0 0 0 ... 0 0 0]
  [0 0 0 ... 0 0 0]
  [0 0 0 ... 0 0 0]
  ...
  [0 0 0 ... 0 0 0]
  [0 0 0 ... 0 0 0]
  [0 0 0 ... 0 0 0]]

 [[0 0 0 ... 0 0 0]
  [0 0 0 ... 0 0 0]
  [0 0 0 ... 0 0 0]
  ...
  [0 0 0 ... 0 0 0]
  [0 0 0 ... 0 0 0]
  [0 0 0 ... 0 0 0]]

 [[0 0 0 ... 0 0 0]
  [0 0 0 ... 0 0 0]
  [0 0 0 ... 0 0 0]
  ...
  [0 0 0 ... 0 0 0]
  [0 0 0 ... 0 0 0]
  [0 0 0 ... 0 0 0]]

 ...

 [[0 0 0 ... 0 0 0]
  [0 0 0 ... 0 0 0]
  [0 0 0 ... 0 0 0]
  ...
  [0 0 0 ... 0 0 0]
  [0 0 0 ... 0 0 0]
  [0 0 0 ... 0 0 0]]

 [[0 0 0 ... 0 0 0]
  [0 0 0 ... 0 0 0]
  [0 0 0 ... 0 0 0]
  ...
  [0 0 0 ... 0 0 0]
  [0 0 0 ... 0 0 0]
  [0 0 0 ... 0 0 0]]

 [[0 0 0 ... 0 0 0]
  [0 0 0 ... 0 0 0]
  [0 0 0 ... 0 0 0]
  ...
  [0 0 0 ... 0 0 0]
  [0 0 0 ... 0 0 0]
  [0 0 0 ... 0 0 0]]]","[59, 60, 61]","[179, 180, 181, 182, 183, 184, 185, 186, 187, 188, 189]","[164, 165, 166, 167, 168, 169, 170, 171, 172, 173, 174, 175]",3,11,12,/media/bendico765/Crucial X9/Materiali Tesista/Roi masks/AMBL-572/ROI 3.npy,/media/bendico765/Crucial X9/Materiali Tesista/Cleaned Roi masks/AMBL-572/ROI 3.npy,0.625,2.0,/media/bendico765/Crucial X9/MRI Lesions/manifest-1728494830954/Advanced-MRI-Breast-Lesions/AMBL-572/11-25-2005-NA-MRI BREASTS - Delayed contrast-51529/500.000000-Registered AX Sen Vibrant MultiPhase-79470,0.8132882762451515,0.5734275244308303,4.411393197977618,7.693026598882317,8.663861725581729,7.810249675906654,8.14900300650331,8.798082177383888,85.3515625,6.256648341713101,0.5676566660454989,165.14776462784675,1.9349120249303784,96.875,85.0,184.90000000000003,2.6683740171297625,42.5,3.4017771145034463,256.0,30.97450572320499,133.3548387096774,127.5,45.0,211.0,20.054484236302415,139.24937018447943,0.29300951916680856,1878443.75,0.19159729448491156,1606.8740894901148,21.798278216892477,77.34150245576171,2.260703496967906,5.069184933444424,3.361649196954059,0.20578855843116506,1.3852425240796518,2.013546419152117,1.3131628963256208,0.544074323059098,0.48824853335478735,0.9695517307483777,0.8874930926282942,-0.17222987706603424,0.7481642675546661,0.4149129331987472,4.622565943464524,0.05687423089086192,4.5787063464368005,0.5040692528804536,0.13949490953328048,9.24513188692905,3.0819276680506773,2.107708532599621,5.0457907146428145,15.14516129032258,0.12213839750260146,8.216701352757545,2.5652315296566077,26.056451612903224,28.177419354838708,571.4758064516129,1.695054553332683,0.06807938692203283,0.19939670252499728,7.146992511411585,0.017957010407763565,19.26267022041304,0.17919520788238846,2.743114833753922,26.794667154842706,1.578553804619145,38.852407618337,0.10521410247418404,0.06914375476519816,3.2513486869810344,84.38126640633439,0.77568353847948,0.8666253101736973,0.2106792343235509,0.8979907747701906,24.501714183963372,0.06299080124176971,4.636363636363637,0.14049586776859505,4.370982552800735,34.45454545454545,47.57575757575758,917.969696969697,2.953477767088878,0.08165254204936744,9.06060606060606,0.2745638200183655,0.5103607538743425,20.920805445628634,0.05191605928934257,4.286225937278026,0.2661290322580645,33.456382001836545,0.3697915006107192,0.05586872613131669,39.76550459534247,0.0578736047580536,1.7860060289759678
140,AMBL-572,4,0.0,,,,,,,,,,/media/bendico765/Crucial X9/MRI Lesions/manifest-1728494830954/Advanced-MRI-Breast-Lesions/AMBL-572/11-25-2005-NA-MRI BREASTS - Delayed contrast-51529/600.000000-Registered Ax T2 FSE-43029,/media/bendico765/Crucial X9/MRI Lesions/manifest-1728494830954/Advanced-MRI-Breast-Lesions/AMBL-572/11-25-2005-NA-MRI BREASTS - Delayed contrast-51529/500.000000-ROI-99161/1-1.dcm,-27.0,L,"[[[0 0 0 ... 0 0 0]
  [0 0 0 ... 0 0 0]
  [0 0 0 ... 0 0 0]
  ...
  [0 0 0 ... 0 0 0]
  [0 0 0 ... 0 0 0]
  [0 0 0 ... 0 0 0]]

 [[0 0 0 ... 0 0 0]
  [0 0 0 ... 0 0 0]
  [0 0 0 ... 0 0 0]
  ...
  [0 0 0 ... 0 0 0]
  [0 0 0 ... 0 0 0]
  [0 0 0 ... 0 0 0]]

 [[0 0 0 ... 0 0 0]
  [0 0 0 ... 0 0 0]
  [0 0 0 ... 0 0 0]
  ...
  [0 0 0 ... 0 0 0]
  [0 0 0 ... 0 0 0]
  [0 0 0 ... 0 0 0]]

 ...

 [[0 0 0 ... 0 0 0]
  [0 0 0 ... 0 0 0]
  [0 0 0 ... 0 0 0]
  ...
  [0 0 0 ... 0 0 0]
  [0 0 0 ... 0 0 0]
  [0 0 0 ... 0 0 0]]

 [[0 0 0 ... 0 0 0]
  [0 0 0 ... 0 0 0]
  [0 0 0 ... 0 0 0]
  ...
  [0 0 0 ... 0 0 0]
  [0 0 0 ... 0 0 0]
  [0 0 0 ... 0 0 0]]

 [[0 0 0 ... 0 0 0]
  [0 0 0 ... 0 0 0]
  [0 0 0 ... 0 0 0]
  ...
  [0 0 0 ... 0 0 0]
  [0 0 0 ... 0 0 0]
  [0 0 0 ... 0 0 0]]]","[67, 68, 69]","[148, 149, 150, 151, 152, 153, 154, 155, 156, 157, 158, 159, 160, 161, 162, 163, 164, 165]","[173, 174, 175, 176, 177, 178, 179, 180, 181]",3,18,9,/media/bendico765/Crucial X9/Materiali Tesista/Roi masks/AMBL-572/ROI 4.npy,/media/bendico765/Crucial X9/Materiali Tesista/Cleaned Roi masks/AMBL-572/ROI 4.npy,0.625,2.0,/media/bendico765/Crucial X9/MRI Lesions/manifest-1728494830954/Advanced-MRI-Breast-Lesions/AMBL-572/11-25-2005-NA-MRI BREASTS - Delayed contrast-51529/500.000000-Registered AX Sen Vibrant MultiPhase-79470,0.4739713959467124,0.33882788641714384,3.5697062669514965,10.535455935160828,7.810249675906654,10.192675065948094,8.94863816454772,12.345292625126389,90.26692708333333,4.9935047565232535,0.5341580409751007,182.17976023956493,2.0182337665198107,99.21875,122.6,327.4,3.206491894764221,140.5,1.928939031152266,361.0,68.12052824105648,248.3779527559055,272.0,91.0,270.0,54.48250171551809,260.5388722187303,-0.5878042343463028,6735018.75,0.1316262632525265,6188.896521793042,46.65161746180588,1227.7190042956297,-46.92424051315519,19.952539858885494,26.472930157653998,-0.07455442977014812,4.137066862100844,2.7338586688596234,4.826800860824077,0.34130519918729313,0.2599779078512937,0.8652023687862086,0.7712175393476665,-0.36135020517881805,0.9431960696580343,0.21312214524952464,6.936360820134592,0.03941196761246978,5.098717419834387,0.8211089913959839,0.0995212562096807,13.872721640269187,3.5840109500990973,11.606367504134871,5.208618695302419,22.637795275590552,0.178250356500713,2.7101494202988405,10.260152520305041,65.39370078740157,12.779527559055119,993.5826771653543,0.793766289142691,0.0806025664376893,0.2711305283268163,14.428942721445534,0.019268234905469906,14.829913182819276,0.12657896791526277,10.168927189032493,64.30556495448894,1.39422311292226,94.33885189287761,0.1072262416554782,0.0816697634363993,3.522728572671147,102.5594739143944,0.8601076864196855,0.9164142943670505,0.13835069533667133,0.93217067786343,59.26807327766842,0.07641285714236341,4.6521739130434785,0.10113421550094517,9.225425330812852,54.93478260869565,16.847826086956523,1364.2826086956522,0.8490441019635917,0.08733218988777289,13.217391304347826,0.28733459357277885,0.5466671718774339,26.698982820445735,0.03564823356189954,4.805745651521049,0.36220472440944884,9.225425330812854,0.3954477435600072,0.0256472567652526,143.58884438812817,0.3689400130969395,1.8340388795954532
141,AMBL-574,0,1.0,2,strong,strong,neg,,100,20,0.0,20,/media/bendico765/Crucial X9/MRI Lesions/manifest-1728494830954/Advanced-MRI-Breast-Lesions/AMBL-574/12-01-2005-NA-MRI BREASTS - Delayed contrast-93585/600.000000-Registered Ax T2 FSE-56269,/media/bendico765/Crucial X9/MRI Lesions/manifest-1728494830954/Advanced-MRI-Breast-Lesions/AMBL-574/12-01-2005-NA-MRI BREASTS - Delayed contrast-93585/500.000000-ROI-73859/1-1.dcm,16.76,L,"[[[0 0 0 ... 0 0 0]
  [0 0 0 ... 0 0 0]
  [0 0 0 ... 0 0 0]
  ...
  [0 0 0 ... 0 0 0]
  [0 0 0 ... 0 0 0]
  [0 0 0 ... 0 0 0]]

 [[0 0 0 ... 0 0 0]
  [0 0 0 ... 0 0 0]
  [0 0 0 ... 0 0 0]
  ...
  [0 0 0 ... 0 0 0]
  [0 0 0 ... 0 0 0]
  [0 0 0 ... 0 0 0]]

 [[0 0 0 ... 0 0 0]
  [0 0 0 ... 0 0 0]
  [0 0 0 ... 0 0 0]
  ...
  [0 0 0 ... 0 0 0]
  [0 0 0 ... 0 0 0]
  [0 0 0 ... 0 0 0]]

 ...

 [[0 0 0 ... 0 0 0]
  [0 0 0 ... 0 0 0]
  [0 0 0 ... 0 0 0]
  ...
  [0 0 0 ... 0 0 0]
  [0 0 0 ... 0 0 0]
  [0 0 0 ... 0 0 0]]

 [[0 0 0 ... 0 0 0]
  [0 0 0 ... 0 0 0]
  [0 0 0 ... 0 0 0]
  ...
  [0 0 0 ... 0 0 0]
  [0 0 0 ... 0 0 0]
  [0 0 0 ... 0 0 0]]

 [[0 0 0 ... 0 0 0]
  [0 0 0 ... 0 0 0]
  [0 0 0 ... 0 0 0]
  ...
  [0 0 0 ... 0 0 0]
  [0 0 0 ... 0 0 0]
  [0 0 0 ... 0 0 0]]]","[46, 47, 48, 49, 50, 51]","[150, 151, 152, 153, 154, 155, 156, 157, 158, 159, 160, 161, 162, 163, 164, 165, 166, 167, 168, 169, 170, 171, 172, 173, 174, 175, 176, 177, 178, 179, 180, 181, 182, 183, 184, 185, 186, 187, 188, 189, 190, 191, 192, 193, 194, 195, 196, 197, 198, 199, 200, 201, 202, 203, 204, 205]","[121, 122, 123, 124, 125, 126, 127, 128, 129, 130, 131, 132, 133, 134, 135, 136, 137, 138, 139, 140, 141, 142, 143, 144, 145, 146, 147, 148, 149, 150, 151, 152, 153, 154, 155, 156, 157, 158, 159, 160, 161, 162, 163, 164, 165, 166, 167, 168, 169, 170, 171, 172]",6,56,52,/media/bendico765/Crucial X9/Materiali Tesista/Roi masks/AMBL-574/ROI 0.npy,/media/bendico765/Crucial X9/Materiali Tesista/Cleaned Roi masks/AMBL-574/ROI 0.npy,0.625,2.0,/media/bendico765/Crucial X9/MRI Lesions/manifest-1728494830954/Advanced-MRI-Breast-Lesions/AMBL-574/12-01-2005-NA-MRI BREASTS - Delayed contrast-93585/500.000000-Registered AX Sen Vibrant MultiPhase-07548,0.7931267187610661,0.38933748774537114,12.166720710102892,31.249805356683233,31.820787230991,35.05709628591621,37.023008049049714,37.97079469803075,5465.983072916667,24.785055584468157,0.40871827042166914,3671.4610700638373,0.6716927259170478,5499.21875,184.0,365.0,3.404593535142775,74.0,5.367834471617354,686.0,55.68181996431264,255.60619406165648,237.0,47.0,639.0,33.67189498604378,266.63111065461965,1.3295523133233391,390951279.6875,0.1275228885820544,5757.622726230844,93.76821425243816,3221.916772716133,153.23941381377077,22.682080088688984,7.210879237923701,0.5070081143000652,1.8005654092317138,2.524397905883565,3.8324514266179466,0.5202159386321386,0.46545936434828766,0.9906797684569232,0.9414764029648979,-0.10430020897588964,0.6414043723969634,0.4041716405728068,9.481295769375219,0.028439643449806033,6.142459439870117,0.528131586739421,0.07976947479442524,18.96259153875044,4.054661547951668,7.473239831653171,6.809993501032595,595.1315527773831,0.08454774155098496,15.461441350415898,9.26274095529421,104.31069754226452,50.22602642420799,4013.464270492968,0.7110093075896033,0.014044415175015411,0.1553094858026628,23.930586865386765,0.002018027023064122,653.2123847701112,0.11402159354247769,10.356302934299965,109.39486763211728,1.9472458285399399,187.10133420589716,0.02758929999906471,0.013965158927141366,4.324375470886656,4063.604621176297,0.7032724755734991,0.8116865376419291,0.38509240504266923,0.861399841834264,97.61095934803824,0.01197329327706327,83.95489361702127,0.07145097329108194,16.38474893617021,163.2791489361702,3272.055319148936,238132.3855319149,46.24533021374234,0.012783961160894492,416.8927659574468,0.3548023540063377,0.617836084962694,105.44318527029114,0.007910808639000986,6.092343084223673,0.16692712032959228,3236.167571933002,2.4653032749254242,0.001228501557052908,402.1333035470009,0.035906994223084666,0.49415120472033724
142,AMBL-574,1,0.0,-1,-1,-1,-1,,-1.0,-1.0,-1.0,-1,/media/bendico765/Crucial X9/MRI Lesions/manifest-1728494830954/Advanced-MRI-Breast-Lesions/AMBL-574/12-01-2005-NA-MRI BREASTS - Delayed contrast-93585/600.000000-Registered Ax T2 FSE-56269,/media/bendico765/Crucial X9/MRI Lesions/manifest-1728494830954/Advanced-MRI-Breast-Lesions/AMBL-574/12-01-2005-NA-MRI BREASTS - Delayed contrast-93585/500.000000-ROI-73859/1-1.dcm,-27.24,R,"[[[0 0 0 ... 0 0 0]
  [0 0 0 ... 0 0 0]
  [0 0 0 ... 0 0 0]
  ...
  [0 0 0 ... 0 0 0]
  [0 0 0 ... 0 0 0]
  [0 0 0 ... 0 0 0]]

 [[0 0 0 ... 0 0 0]
  [0 0 0 ... 0 0 0]
  [0 0 0 ... 0 0 0]
  ...
  [0 0 0 ... 0 0 0]
  [0 0 0 ... 0 0 0]
  [0 0 0 ... 0 0 0]]

 [[0 0 0 ... 0 0 0]
  [0 0 0 ... 0 0 0]
  [0 0 0 ... 0 0 0]
  ...
  [0 0 0 ... 0 0 0]
  [0 0 0 ... 0 0 0]
  [0 0 0 ... 0 0 0]]

 ...

 [[0 0 0 ... 0 0 0]
  [0 0 0 ... 0 0 0]
  [0 0 0 ... 0 0 0]
  ...
  [0 0 0 ... 0 0 0]
  [0 0 0 ... 0 0 0]
  [0 0 0 ... 0 0 0]]

 [[0 0 0 ... 0 0 0]
  [0 0 0 ... 0 0 0]
  [0 0 0 ... 0 0 0]
  ...
  [0 0 0 ... 0 0 0]
  [0 0 0 ... 0 0 0]
  [0 0 0 ... 0 0 0]]

 [[0 0 0 ... 0 0 0]
  [0 0 0 ... 0 0 0]
  [0 0 0 ... 0 0 0]
  ...
  [0 0 0 ... 0 0 0]
  [0 0 0 ... 0 0 0]
  [0 0 0 ... 0 0 0]]]","[71, 72, 73]","[175, 176, 177, 178, 179, 180, 181, 182, 183, 184, 185, 186, 187, 188, 189, 190, 191, 192, 193, 194]","[351, 352, 353, 354, 355, 356, 357, 358, 359, 360, 361, 362, 363, 364, 365, 366, 367, 368]",3,20,18,/media/bendico765/Crucial X9/Materiali Tesista/Roi masks/AMBL-574/ROI 1.npy,/media/bendico765/Crucial X9/Materiali Tesista/Cleaned Roi masks/AMBL-574/ROI 1.npy,0.625,2.0,/media/bendico765/Crucial X9/MRI Lesions/manifest-1728494830954/Advanced-MRI-Breast-Lesions/AMBL-574/12-01-2005-NA-MRI BREASTS - Delayed contrast-93585/500.000000-Registered AX Sen Vibrant MultiPhase-07548,0.97070386671169,0.5684475078973986,5.980516424376788,10.520789239621815,12.202074618686774,13.304721906150462,12.88470508005519,13.537563480922259,404.7526041666667,10.212570795759635,0.6232474156779703,424.57075157809004,1.0489636069228667,421.875,236.0,415.0,3.3382604180375246,90.5,2.2896824343442272,484.0,52.913957475994515,316.6203703703704,307.0,169.0,315.0,39.653764413769885,323.07288765964364,0.22583066135181268,44033663.28125,0.11026063100137175,4127.631807270233,54.61898716896074,645.6333625360619,3.7862782363259084,15.771241558891822,8.807676599515561,0.2725389666813939,2.321154237114171,2.5109960033083123,2.632533644358028,0.42728965448934997,0.3484844178695678,0.9598873248305573,0.8682093781716388,-0.14585642327822532,0.7176203708193282,0.33867136430507216,7.271477946673882,0.018447631510326443,6.105350503946297,0.4912910993933242,0.038690741718316865,14.542955893347768,3.9178141267210167,6.144729539601846,5.977885782835301,83.61481481481482,0.15484224965706447,3.5224142661179703,6.649969135802468,57.931481481481484,19.05185185185185,1054.124074074074,0.5412858214661935,0.03388539039600324,0.16614641130800745,10.533996446126464,0.007298976582076561,52.115842745212525,0.10875736005243096,6.802015632667111,58.15008546905213,1.5561548005056158,89.36966993412625,0.05076033231784679,0.03449653619889427,3.8445611786976195,400.68752475169583,0.8163795230554528,0.8868945868945868,0.21249732243046504,0.9133971687366932,53.22443300336319,0.03188861436216914,9.58252427184466,0.09303421623150156,9.258931096239042,62.56310679611651,114.1747572815534,6551.330097087379,2.746425591893199,0.04528619175197515,23.83495145631068,0.2314072956923367,0.48459467907765874,33.29045725619236,0.02473527883265143,5.489410964599242,0.19074074074074074,86.68866057121312,0.8540080006934267,0.013745327971712223,108.81067805233322,0.10399616976915158,0.8385571170935033
143,AMBL-574,2,0.0,-1.0,-1,-1,-1,,-1.0,-1.0,-1.0,-1,/media/bendico765/Crucial X9/MRI Lesions/manifest-1728494830954/Advanced-MRI-Breast-Lesions/AMBL-574/12-01-2005-NA-MRI BREASTS - Delayed contrast-93585/600.000000-Registered Ax T2 FSE-56269,/media/bendico765/Crucial X9/MRI Lesions/manifest-1728494830954/Advanced-MRI-Breast-Lesions/AMBL-574/12-01-2005-NA-MRI BREASTS - Delayed contrast-93585/500.000000-ROI-73859/1-1.dcm,-27.4,R,"[[[0 0 0 ... 0 0 0]
  [0 0 0 ... 0 0 0]
  [0 0 0 ... 0 0 0]
  ...
  [0 0 0 ... 0 0 0]
  [0 0 0 ... 0 0 0]
  [0 0 0 ... 0 0 0]]

 [[0 0 0 ... 0 0 0]
  [0 0 0 ... 0 0 0]
  [0 0 0 ... 0 0 0]
  ...
  [0 0 0 ... 0 0 0]
  [0 0 0 ... 0 0 0]
  [0 0 0 ... 0 0 0]]

 [[0 0 0 ... 0 0 0]
  [0 0 0 ... 0 0 0]
  [0 0 0 ... 0 0 0]
  ...
  [0 0 0 ... 0 0 0]
  [0 0 0 ... 0 0 0]
  [0 0 0 ... 0 0 0]]

 ...

 [[0 0 0 ... 0 0 0]
  [0 0 0 ... 0 0 0]
  [0 0 0 ... 0 0 0]
  ...
  [0 0 0 ... 0 0 0]
  [0 0 0 ... 0 0 0]
  [0 0 0 ... 0 0 0]]

 [[0 0 0 ... 0 0 0]
  [0 0 0 ... 0 0 0]
  [0 0 0 ... 0 0 0]
  ...
  [0 0 0 ... 0 0 0]
  [0 0 0 ... 0 0 0]
  [0 0 0 ... 0 0 0]]

 [[0 0 0 ... 0 0 0]
  [0 0 0 ... 0 0 0]
  [0 0 0 ... 0 0 0]
  ...
  [0 0 0 ... 0 0 0]
  [0 0 0 ... 0 0 0]
  [0 0 0 ... 0 0 0]]]","[71, 72, 73]","[207, 208, 209, 210, 211, 212, 213, 214, 215, 216, 217, 218, 219, 220, 221, 222, 223, 224, 225, 226, 227, 228, 229]","[390, 391, 392, 393, 394, 395, 396, 397, 398, 399, 400, 401, 402, 403, 404, 405, 406, 407, 408, 409]",3,23,20,/media/bendico765/Crucial X9/Materiali Tesista/Roi masks/AMBL-574/ROI 2.npy,/media/bendico765/Crucial X9/Materiali Tesista/Cleaned Roi masks/AMBL-574/ROI 2.npy,0.625,2.0,/media/bendico765/Crucial X9/MRI Lesions/manifest-1728494830954/Advanced-MRI-Breast-Lesions/AMBL-574/12-01-2005-NA-MRI BREASTS - Delayed contrast-93585/500.000000-Registered AX Sen Vibrant MultiPhase-07548,0.7567797941207106,0.45850431213676085,6.332308479545863,13.810793730675071,12.75,14.5134635769688,15.524677935467777,16.643786378105194,576.4973958333334,10.451729636143881,0.6445338793940212,519.7206110844741,0.901514238990121,603.125,295.1,570.8,4.0407539638459165,121.25,5.336050289208648,999.0,87.69264946709978,413.60492227979273,387.5,182.0,817.0,53.388798701298704,430.39137659417867,1.3832567924963375,111720907.03125,0.07749536900319473,14167.705312558724,104.15077129991907,17270.517454114906,548.0215500384983,52.01531185910595,16.09669515348243,0.5094308866301647,2.9575056825456425,3.043438694714449,6.932512272241112,0.38660128442326197,0.30255234185803087,0.9861543371950741,0.9224528352309942,-0.16456954380872296,0.8341021798295222,0.3023994686127255,9.754737177666966,0.010541914072169893,7.106126214172537,0.6890102370385878,0.027028447652315227,19.50947435533393,4.5980265380897745,17.0280017531471,6.459483052170547,126.17357512953367,0.16343727348385192,3.666373593921984,22.81041772933502,124.31865284974093,14.44041450777202,1223.9870466321242,0.2644020326179433,0.01965868768719443,0.2891360906889142,53.0290229553489,0.006594791105586969,52.79491106494303,0.07488598030828805,23.85645304348968,127.91527686155382,1.3513503148764439,157.99984650403042,0.026331736477815563,0.019804680887876198,4.489386559416353,601.1798039084305,0.8483809430347975,0.9122160223196493,0.1338946175173434,0.9351853059456504,121.9672214560373,0.018645116860093052,12.664,0.050656,37.893584000000004,186.636,51.504,3726.656,0.9983068005810968,0.022197289781401307,101.568,0.406272,0.6624722632776742,138.63834494151266,0.015981690874220775,5.996780734960982,0.3238341968911917,41.968256000000004,0.31951606156179346,0.010214050052654482,844.7017360512674,0.10475105390615277,5.2120618803037395
144,AMBL-574,3,0.0,,,,,,,,,,/media/bendico765/Crucial X9/MRI Lesions/manifest-1728494830954/Advanced-MRI-Breast-Lesions/AMBL-574/12-01-2005-NA-MRI BREASTS - Delayed contrast-93585/600.000000-Registered Ax T2 FSE-56269,/media/bendico765/Crucial X9/MRI Lesions/manifest-1728494830954/Advanced-MRI-Breast-Lesions/AMBL-574/12-01-2005-NA-MRI BREASTS - Delayed contrast-93585/500.000000-ROI-73859/1-1.dcm,-31.24,R,"[[[0 0 0 ... 0 0 0]
  [0 0 0 ... 0 0 0]
  [0 0 0 ... 0 0 0]
  ...
  [0 0 0 ... 0 0 0]
  [0 0 0 ... 0 0 0]
  [0 0 0 ... 0 0 0]]

 [[0 0 0 ... 0 0 0]
  [0 0 0 ... 0 0 0]
  [0 0 0 ... 0 0 0]
  ...
  [0 0 0 ... 0 0 0]
  [0 0 0 ... 0 0 0]
  [0 0 0 ... 0 0 0]]

 [[0 0 0 ... 0 0 0]
  [0 0 0 ... 0 0 0]
  [0 0 0 ... 0 0 0]
  ...
  [0 0 0 ... 0 0 0]
  [0 0 0 ... 0 0 0]
  [0 0 0 ... 0 0 0]]

 ...

 [[0 0 0 ... 0 0 0]
  [0 0 0 ... 0 0 0]
  [0 0 0 ... 0 0 0]
  ...
  [0 0 0 ... 0 0 0]
  [0 0 0 ... 0 0 0]
  [0 0 0 ... 0 0 0]]

 [[0 0 0 ... 0 0 0]
  [0 0 0 ... 0 0 0]
  [0 0 0 ... 0 0 0]
  ...
  [0 0 0 ... 0 0 0]
  [0 0 0 ... 0 0 0]
  [0 0 0 ... 0 0 0]]

 [[0 0 0 ... 0 0 0]
  [0 0 0 ... 0 0 0]
  [0 0 0 ... 0 0 0]
  ...
  [0 0 0 ... 0 0 0]
  [0 0 0 ... 0 0 0]
  [0 0 0 ... 0 0 0]]]","[73, 74, 75, 76]","[167, 168, 169, 170, 171, 172, 173, 174, 175, 176, 177, 178, 179, 180, 181, 182, 183, 184, 185, 186, 187, 188, 189, 190, 191, 192, 193, 194, 195, 196, 197, 198, 199, 200, 201, 202, 203, 204]","[373, 374, 375, 376, 377, 378, 379, 380, 381, 382, 383, 384, 385, 386, 387, 388, 389, 390, 391, 392, 393, 394, 395, 396, 397, 398, 399, 400, 401, 402, 403, 404, 405]",4,38,33,/media/bendico765/Crucial X9/Materiali Tesista/Roi masks/AMBL-574/ROI 3.npy,/media/bendico765/Crucial X9/Materiali Tesista/Cleaned Roi masks/AMBL-574/ROI 3.npy,0.625,2.0,/media/bendico765/Crucial X9/MRI Lesions/manifest-1728494830954/Advanced-MRI-Breast-Lesions/AMBL-574/12-01-2005-NA-MRI BREASTS - Delayed contrast-93585/500.000000-Registered AX Sen Vibrant MultiPhase-07548,0.8265697629279761,0.3501087326896065,7.347673241617782,20.986832248288874,20.38535013189619,24.08448670825268,23.58495283014151,26.73539320825486,1534.5377604166667,17.34708095607734,0.4717738667744612,1363.751676367137,0.8887051928893839,1576.5625,246.0,481.0,3.809243427615633,113.0,3.6355030811440496,758.0,69.64720194169226,362.392467789891,359.0,125.0,633.0,48.425308641975306,373.14162186798137,0.47147147884700663,219512159.375,0.08286766966479092,7906.3692594204185,106.18939913411478,2955.1552398027675,-8.501698747043422,30.749980861243998,10.458657213414542,0.47994659221887365,2.344051855690139,2.7429182472694196,4.444580888654958,0.444259080597807,0.3724559701930943,0.9855071463102634,0.9224423725395658,-0.139360375574065,0.7336580945257587,0.35748214448609084,10.055393290445789,0.012418646877335408,6.84781750350794,0.6787331638173846,0.033780173519449085,20.110786580891578,4.425216528568504,10.302159518664634,6.739840352547345,265.0713577799802,0.13135349741327065,5.8443512844262875,12.596328042660655,113.16204162537166,23.278493557978198,2268.8666997026758,0.40764522006375736,0.01695835440912244,0.1868487253081474,24.340203551090976,0.0032767793611959335,144.10997699150377,0.08137618985362918,12.891832498274248,114.92247292358608,1.5387147783714437,168.73047960374817,0.02622012718551426,0.016934742691871337,4.390671006371869,1424.9717680197969,0.7939231098602966,0.8778684150339253,0.20246293151040085,0.9072635474194419,105.38308630311737,0.015351007255236146,29.609929078014183,0.06999983233573093,17.18635883506866,136.01182033096927,250.41607565011822,24420.167848699763,3.377665104569022,0.01852803970083088,120.21513002364067,0.2841965248785831,0.5480850148260951,74.31249240281261,0.009973065557695804,6.189928086939436,0.20961347869177405,227.65663475456745,0.8657289051501265,0.004392066223754321,420.0817051291865,0.0733444868768747,1.1036188926493982
145,AMBL-579,0,1.0,3,neg,neg,neg,1.0,0,0,0.0,60,/media/bendico765/Crucial X9/MRI Lesions/manifest-1728494830954/Advanced-MRI-Breast-Lesions/AMBL-579/12-21-2005-NA-MRI BREASTS - Delayed contrast-84296/600.000000-Registered Ax T2 FSE-17158,/media/bendico765/Crucial X9/MRI Lesions/manifest-1728494830954/Advanced-MRI-Breast-Lesions/AMBL-579/12-21-2005-NA-MRI BREASTS - Delayed contrast-84296/500.000000-ROI-89400/1-1.dcm,-42.57,R,"[[[0 0 0 ... 0 0 0]
  [0 0 0 ... 0 0 0]
  [0 0 0 ... 0 0 0]
  ...
  [0 0 0 ... 0 0 0]
  [0 0 0 ... 0 0 0]
  [0 0 0 ... 0 0 0]]

 [[0 0 0 ... 0 0 0]
  [0 0 0 ... 0 0 0]
  [0 0 0 ... 0 0 0]
  ...
  [0 0 0 ... 0 0 0]
  [0 0 0 ... 0 0 0]
  [0 0 0 ... 0 0 0]]

 [[0 0 0 ... 0 0 0]
  [0 0 0 ... 0 0 0]
  [0 0 0 ... 0 0 0]
  ...
  [0 0 0 ... 0 0 0]
  [0 0 0 ... 0 0 0]
  [0 0 0 ... 0 0 0]]

 ...

 [[0 0 0 ... 0 0 0]
  [0 0 0 ... 0 0 0]
  [0 0 0 ... 0 0 0]
  ...
  [0 0 0 ... 0 0 0]
  [0 0 0 ... 0 0 0]
  [0 0 0 ... 0 0 0]]

 [[0 0 0 ... 0 0 0]
  [0 0 0 ... 0 0 0]
  [0 0 0 ... 0 0 0]
  ...
  [0 0 0 ... 0 0 0]
  [0 0 0 ... 0 0 0]
  [0 0 0 ... 0 0 0]]

 [[0 0 0 ... 0 0 0]
  [0 0 0 ... 0 0 0]
  [0 0 0 ... 0 0 0]
  ...
  [0 0 0 ... 0 0 0]
  [0 0 0 ... 0 0 0]
  [0 0 0 ... 0 0 0]]]","[74, 75, 76, 77, 78, 79, 80, 81, 82, 83, 84]","[169, 170, 171, 172, 173, 174, 175, 176, 177, 178, 179, 180, 181, 182, 183, 184, 185, 186, 187, 188, 189, 190, 191, 192, 193, 194, 195, 196, 197, 198, 199, 200, 201, 202, 203, 204, 205, 206, 207, 208, 209, 210, 211, 212, 213, 214, 215, 216, 217, 218, 219, 220, 221, 222, 223, 224, 225, 226, 227, 228, 229, 230, 231, 232, 233, 234, 235, 236, 237, 238, 239, 240, 241, 242, 243, 244, 245, 246, 247, 248, 249, 250, 251, 252, 253, 254, 255, 256, 257, 258, 259, 260, 261, 262, 263, 264, 265, 267, 268, 270, 272]","[372, 373, 374, 375, 376, 377, 378, 379, 380, 381, 382, 383, 384, 385, 386, 387, 388, 389, 390, 391, 392, 393, 394, 395, 396, 397, 398, 399, 400, 401, 402, 403, 404, 405, 406, 407, 408, 409, 410, 411, 412, 413, 414, 415, 416]",11,104,45,/media/bendico765/Crucial X9/Materiali Tesista/Roi masks/AMBL-579/ROI 0.npy,/media/bendico765/Crucial X9/Materiali Tesista/Cleaned Roi masks/AMBL-579/ROI 0.npy,0.7617,2.0,/media/bendico765/Crucial X9/MRI Lesions/manifest-1728494830954/Advanced-MRI-Breast-Lesions/AMBL-579/12-21-2005-NA-MRI BREASTS - Delayed contrast-84296/500.000000-Registered AX Sen Vibrant MultiPhase-77776,0.31288316384141623,0.23715183703186712,16.15975246835431,68.14095421146938,31.800851593785982,68.47603431975308,73.20250074990608,82.69909244060663,3043.031889142521,21.320157340857616,0.19808632136869975,5126.653593999913,1.6847189844745678,3474.159097320001,226.0,468.0,3.893907608178809,144.0,2.3520661683491837,625.0,78.12424046489772,353.0364061456246,361.0,103.0,522.0,59.009001517109624,365.0943248880545,-0.19585179026175284,463084097.4082864,0.07461862045176972,8659.162001245868,112.74690808172387,4521.456113917109,-2.853656909538188,42.293699999361365,13.842857726482858,0.5062271101241084,2.8046922996818187,2.9753271868928204,5.487930777950381,0.400601882493097,0.32028804099141317,0.97390254435515,0.8948482334222513,-0.1084207232373299,0.7027099169265252,0.3134139240721377,10.277311618265689,0.007737400897617441,7.386984888982084,0.5934688491157567,0.020877189173613572,20.554623236531384,4.701080002526176,14.034139431461055,6.420752484451172,577.5150300601202,0.19289079160324657,2.917959722607093,13.8604445586787,127.11155644622579,11.517702070808284,1542.1396125584502,0.18637904425347407,0.01898629758670447,0.31374078889214513,39.291773634467674,0.00698913647188213,206.31905463996782,0.07445316982485123,13.854240900729529,126.78157901869075,1.2766892153691243,163.13930679431226,0.023769002246390742,0.01916675604786376,4.284174834242408,2412.7305547933765,0.8664354592248766,0.92567185653358,0.0986040326771796,0.9436766295328092,119.43318452875671,0.01820749206194032,84.37227550130775,0.07355908936469727,14.133231073974105,125.89886660854403,18.353966870095903,2413.107236268527,0.27920275587847354,0.02221786276594658,391.6050566695728,0.34141678872674175,0.6050193464327468,75.59383242738824,0.01456596683247031,6.045666285731299,0.3830995323981296,11.540364956457429,1.5190599412083294,0.0026663651648004536,360.8417882741712,0.10823450260926407,0.44683870525912367
146,AMBL-579,1,1.0,2,weak,neg,-1,,40.0,0.0,-1.0,-1,/media/bendico765/Crucial X9/MRI Lesions/manifest-1728494830954/Advanced-MRI-Breast-Lesions/AMBL-579/12-21-2005-NA-MRI BREASTS - Delayed contrast-84296/600.000000-Registered Ax T2 FSE-17158,/media/bendico765/Crucial X9/MRI Lesions/manifest-1728494830954/Advanced-MRI-Breast-Lesions/AMBL-579/12-21-2005-NA-MRI BREASTS - Delayed contrast-84296/500.000000-ROI-89400/1-1.dcm,-40.57,R,"[[[0 0 0 ... 0 0 0]
  [0 0 0 ... 0 0 0]
  [0 0 0 ... 0 0 0]
  ...
  [0 0 0 ... 0 0 0]
  [0 0 0 ... 0 0 0]
  [0 0 0 ... 0 0 0]]

 [[0 0 0 ... 0 0 0]
  [0 0 0 ... 0 0 0]
  [0 0 0 ... 0 0 0]
  ...
  [0 0 0 ... 0 0 0]
  [0 0 0 ... 0 0 0]
  [0 0 0 ... 0 0 0]]

 [[0 0 0 ... 0 0 0]
  [0 0 0 ... 0 0 0]
  [0 0 0 ... 0 0 0]
  ...
  [0 0 0 ... 0 0 0]
  [0 0 0 ... 0 0 0]
  [0 0 0 ... 0 0 0]]

 ...

 [[0 0 0 ... 0 0 0]
  [0 0 0 ... 0 0 0]
  [0 0 0 ... 0 0 0]
  ...
  [0 0 0 ... 0 0 0]
  [0 0 0 ... 0 0 0]
  [0 0 0 ... 0 0 0]]

 [[0 0 0 ... 0 0 0]
  [0 0 0 ... 0 0 0]
  [0 0 0 ... 0 0 0]
  ...
  [0 0 0 ... 0 0 0]
  [0 0 0 ... 0 0 0]
  [0 0 0 ... 0 0 0]]

 [[0 0 0 ... 0 0 0]
  [0 0 0 ... 0 0 0]
  [0 0 0 ... 0 0 0]
  ...
  [0 0 0 ... 0 0 0]
  [0 0 0 ... 0 0 0]
  [0 0 0 ... 0 0 0]]]","[71, 72, 73, 74, 75, 76, 77, 78]","[237, 238, 239, 240, 241, 242, 243, 244, 245, 246, 247, 248, 249, 250, 251, 252, 253, 254, 255, 256, 257, 258, 259, 260, 261, 262, 263, 264, 265, 266, 267, 268, 269]","[370, 371, 372, 373, 374, 375, 376, 377, 378, 379, 380, 381, 382, 383, 384, 385, 386, 387, 388, 389, 390, 391, 392, 393, 394, 395, 396, 397, 398]",8,33,29,/media/bendico765/Crucial X9/Materiali Tesista/Roi masks/AMBL-579/ROI 1.npy,/media/bendico765/Crucial X9/Materiali Tesista/Cleaned Roi masks/AMBL-579/ROI 1.npy,0.7617,2.0,/media/bendico765/Crucial X9/MRI Lesions/manifest-1728494830954/Advanced-MRI-Breast-Lesions/AMBL-579/12-21-2005-NA-MRI BREASTS - Delayed contrast-84296/500.000000-Registered AX Sen Vibrant MultiPhase-77776,0.7878992476800825,0.7222257488893942,14.161786112736072,19.608531175347075,20.951282605368103,25.215541303132877,25.54819467692385,26.736092857783092,2703.670907400017,15.449546961167403,0.5833252749654461,1608.9500019993038,0.5950983152555905,2744.283989700001,159.0,441.0,3.947975725607796,189.0,1.9346152945155426,631.0,95.19889580698077,287.9835095137421,267.0,69.0,562.0,77.08954443686665,307.72172775677575,0.3325534999629518,259863555.53763816,0.07193434914561815,11758.15998176365,103.59268811433223,7167.000651016758,199.3743623784856,59.53104458927248,14.831079131980934,0.5990964939965309,2.714699962689792,2.9995423362793514,7.032643055461454,0.4299138324106496,0.3579421417096358,0.9768623384086573,0.9066945153602053,-0.13041637634934783,0.7624229780683213,0.3343402350598303,9.612218768858263,0.010262997309689433,7.290712850565571,0.6387107491683464,0.03447962799241732,19.224437537716526,4.739438163477875,18.590530930313356,6.955558325681309,278.5289640591966,0.11777123216033683,8.926471579455498,18.90258053269804,119.94545454545455,29.24693446088795,2470.1737843551796,0.7414804648881943,0.01924276950904865,0.19746093455212882,27.93406351473592,0.003976150184435239,141.55151096380007,0.06913690560420961,18.774291566218604,123.60188967276274,1.583482880426646,178.49604744347135,0.03219155617675047,0.01870901130449836,4.586043322589183,1598.1556545213834,0.7751394340060244,0.8650837534558465,0.22420910808774128,0.899916602302101,113.47754829246718,0.016515271560865203,34.19056974459725,0.06717204272023035,18.22953439271888,146.91159135559923,338.3398821218075,21675.89587426326,9.108341610612403,0.01909531958901572,175.2278978388998,0.344259131314145,0.607005818690018,88.71481095171193,0.013680904071805703,6.022909819633146,0.21522198731501058,316.75117048336233,1.364887711246422,0.0036259265436099164,404.4393090506239,0.13564704027450392,0.7270651064440264
147,AMBL-590,0,1.0,3,neg,neg,pos,,0,0,-1.0,40,/media/bendico765/Crucial X9/MRI Lesions/manifest-1728494830954/Advanced-MRI-Breast-Lesions/AMBL-590/02-08-2006-NA-MRI BREASTS - Delayed contrast-70942/600.000000-Registered Ax T2 FSE-54767,/media/bendico765/Crucial X9/MRI Lesions/manifest-1728494830954/Advanced-MRI-Breast-Lesions/AMBL-590/02-08-2006-NA-MRI BREASTS - Delayed contrast-70942/500.000000-ROI-91209/1-1.dcm,37.31,L,"[[[0 0 0 ... 0 0 0]
  [0 0 0 ... 0 0 0]
  [0 0 0 ... 0 0 0]
  ...
  [0 0 0 ... 0 0 0]
  [0 0 0 ... 0 0 0]
  [0 0 0 ... 0 0 0]]

 [[0 0 0 ... 0 0 0]
  [0 0 0 ... 0 0 0]
  [0 0 0 ... 0 0 0]
  ...
  [0 0 0 ... 0 0 0]
  [0 0 0 ... 0 0 0]
  [0 0 0 ... 0 0 0]]

 [[0 0 0 ... 0 0 0]
  [0 0 0 ... 0 0 0]
  [0 0 0 ... 0 0 0]
  ...
  [0 0 0 ... 0 0 0]
  [0 0 0 ... 0 0 0]
  [0 0 0 ... 0 0 0]]

 ...

 [[0 0 0 ... 0 0 0]
  [0 0 0 ... 0 0 0]
  [0 0 0 ... 0 0 0]
  ...
  [0 0 0 ... 0 0 0]
  [0 0 0 ... 0 0 0]
  [0 0 0 ... 0 0 0]]

 [[0 0 0 ... 0 0 0]
  [0 0 0 ... 0 0 0]
  [0 0 0 ... 0 0 0]
  ...
  [0 0 0 ... 0 0 0]
  [0 0 0 ... 0 0 0]
  [0 0 0 ... 0 0 0]]

 [[0 0 0 ... 0 0 0]
  [0 0 0 ... 0 0 0]
  [0 0 0 ... 0 0 0]
  ...
  [0 0 0 ... 0 0 0]
  [0 0 0 ... 0 0 0]
  [0 0 0 ... 0 0 0]]]","[37, 38, 39, 40, 41, 42, 43, 44, 45, 46, 47, 48, 49, 50, 51, 52, 53, 54, 55]","[126, 127, 129, 130, 131, 132, 133, 134, 135, 136, 137, 138, 139, 140, 141, 142, 143, 144, 145, 146, 147, 148, 149, 150, 151, 152, 153, 154, 155, 156, 157, 158, 159, 160, 161, 162, 163, 164, 165, 166, 167, 168, 169, 170, 171, 172, 173, 174, 175, 176, 177, 178, 179, 180, 181, 182, 183, 184, 185, 186, 187, 188, 189, 190, 191, 192, 193, 194, 195, 196, 197, 198, 199, 200, 201, 202, 203, 204, 205, 206, 207, 208, 209, 210, 211, 212, 213, 214, 215, 216, 217, 218, 219, 220, 221, 222, 223, 224, 225, 226, 227, 228, 229, 230, 231, 232, 233, 234, 235, 236, 237, 238, 239, 240, 241, 242, 243, 244, 245, 246, 247, 248, 249, 250, 251, 252, 253, 254, 255, 256, 257, 258, 259, 260, 261, 262, 263, 264, 265, 266, 267]","[75, 76, 77, 78, 79, 80, 81, 82, 83, 84, 85, 86, 87, 88, 89, 90, 91, 92, 93, 94, 95, 96, 97, 98, 99, 100, 101, 102, 103, 104, 105, 106, 107, 108, 109, 110, 111, 112, 113, 114, 115, 116, 117, 118, 119, 120, 121, 122, 123, 124, 125, 126, 127, 128, 129, 130, 131, 132, 133, 134, 135, 136, 137, 138, 139, 140, 141, 142, 143, 144]",19,142,70,/media/bendico765/Crucial X9/Materiali Tesista/Roi masks/AMBL-590/ROI 0.npy,/media/bendico765/Crucial X9/Materiali Tesista/Cleaned Roi masks/AMBL-590/ROI 0.npy,0.6445,2.2,/media/bendico765/Crucial X9/MRI Lesions/manifest-1728494830954/Advanced-MRI-Breast-Lesions/AMBL-590/02-08-2006-NA-MRI BREASTS - Delayed contrast-70942/500.000000-Registered AX Sen Vibrant MultiPhase-77116,0.5321933332949575,0.4666508285209364,30.336096844111974,65.00812811211142,51.464201443819185,84.27483492864285,72.5971391447349,98.82076464488624,33285.65865024752,34.596892391250215,0.23600667359962957,21203.030796050836,0.6370019899213611,33894.197639499995,118.0,333.0,3.531439518316901,127.0,2.741099926012913,532.0,70.01564727713028,204.67328120787275,179.0,2.0,530.0,52.684866289162265,221.0562960130518,0.8028403781455813,1656269998.1508737,0.1062949166299633,6974.733966613023,79.46962298346043,4222.590710599081,209.87048727683126,37.44529057294497,4.783410634534083,0.7712738690843153,1.4550783330431718,2.2763154599846853,2.5159399569762337,0.5706074525312049,0.5250017509228925,0.9906354228427047,0.942060030813125,-0.20884103629771766,0.840668365845018,0.4122290347572397,8.443705581591628,0.02751800489535983,6.1826067952252926,0.7876342242194542,0.09881113422552201,16.887411163183266,4.353939443183162,10.557175301869766,7.356994389744142,2585.953734160151,0.06972104972122273,22.442038282344416,11.248981145961006,87.04551091938528,77.20124022647614,4983.935939606363,1.8860157732546798,0.01966248632239879,0.09117702312959057,10.218064556172871,0.0014316326025412907,2669.672803319706,0.09532461940920958,11.316871797399129,92.01003101352575,2.5264144847511094,197.165018256539,0.0544261744437273,0.018626014750968752,4.6264126327044295,18093.411916796405,0.6352895875065049,0.7538482278034717,0.6716794028571489,0.8204779867622295,78.19034701764926,0.014719638049529747,276.14866058286725,0.0812919224559515,12.282859323916433,118.45716808949072,22714.63703267589,1002990.6576390933,592.0112952178899,0.015438010104294676,862.7026788342655,0.25396016450817355,0.515520199868325,62.41740743835146,0.007663954648682515,6.633362312898244,0.09158802911836074,22595.424319316193,17.23865628728728,0.0002987618574297741,219.76928549187932,0.048260741894656636,0.07098923607390652
148,AMBL-590,1,1.0,3,neg,neg,strong,,0.0,0.0,100.0,70,/media/bendico765/Crucial X9/MRI Lesions/manifest-1728494830954/Advanced-MRI-Breast-Lesions/AMBL-590/02-08-2006-NA-MRI BREASTS - Delayed contrast-70942/600.000000-Registered Ax T2 FSE-54767,/media/bendico765/Crucial X9/MRI Lesions/manifest-1728494830954/Advanced-MRI-Breast-Lesions/AMBL-590/02-08-2006-NA-MRI BREASTS - Delayed contrast-70942/500.000000-ROI-91209/1-1.dcm,-13.27,L,"[[[0 0 0 ... 0 0 0]
  [0 0 0 ... 0 0 0]
  [0 0 0 ... 0 0 0]
  ...
  [0 0 0 ... 0 0 0]
  [0 0 0 ... 0 0 0]
  [0 0 0 ... 0 0 0]]

 [[0 0 0 ... 0 0 0]
  [0 0 0 ... 0 0 0]
  [0 0 0 ... 0 0 0]
  ...
  [0 0 0 ... 0 0 0]
  [0 0 0 ... 0 0 0]
  [0 0 0 ... 0 0 0]]

 [[0 0 0 ... 0 0 0]
  [0 0 0 ... 0 0 0]
  [0 0 0 ... 0 0 0]
  ...
  [0 0 0 ... 0 0 0]
  [0 0 0 ... 0 0 0]
  [0 0 0 ... 0 0 0]]

 ...

 [[0 0 0 ... 0 0 0]
  [0 0 0 ... 0 0 0]
  [0 0 0 ... 0 0 0]
  ...
  [0 0 0 ... 0 0 0]
  [0 0 0 ... 0 0 0]
  [0 0 0 ... 0 0 0]]

 [[0 0 0 ... 0 0 0]
  [0 0 0 ... 0 0 0]
  [0 0 0 ... 0 0 0]
  ...
  [0 0 0 ... 0 0 0]
  [0 0 0 ... 0 0 0]
  [0 0 0 ... 0 0 0]]

 [[0 0 0 ... 0 0 0]
  [0 0 0 ... 0 0 0]
  [0 0 0 ... 0 0 0]
  ...
  [0 0 0 ... 0 0 0]
  [0 0 0 ... 0 0 0]
  [0 0 0 ... 0 0 0]]]","[60, 61, 62, 63, 64, 65, 66, 67, 68]","[176, 177, 178, 179, 180, 181, 182, 183, 184, 185, 186, 187, 188, 189, 190, 191, 192, 193, 194, 195, 196, 197, 198, 199, 200, 201, 202, 203, 204, 205, 206, 207, 208, 209, 210, 211, 212, 213, 214, 215, 216, 217, 218, 219, 220, 221, 222, 223, 224, 225, 226, 227, 228, 229, 230, 231, 232, 233, 234, 235, 236, 237, 238, 239, 240, 241, 242, 243, 244, 245, 246, 247, 248, 249, 250, 251, 252, 253, 255]","[80, 81, 82, 83, 84, 85, 86, 87, 88, 89, 90, 91, 92, 93, 94, 95, 96, 97, 98, 99, 100, 101, 102, 103, 104, 105, 106, 107, 108, 109, 110, 111, 112, 113, 114, 115, 116, 117, 118, 119, 120, 121, 122, 123, 124, 125, 126, 127, 128, 129, 130, 131, 132, 133, 134, 135, 136]",9,80,57,/media/bendico765/Crucial X9/Materiali Tesista/Roi masks/AMBL-590/ROI 1.npy,/media/bendico765/Crucial X9/Materiali Tesista/Cleaned Roi masks/AMBL-590/ROI 1.npy,0.6445,2.2,/media/bendico765/Crucial X9/MRI Lesions/manifest-1728494830954/Advanced-MRI-Breast-Lesions/AMBL-590/02-08-2006-NA-MRI BREASTS - Delayed contrast-70942/500.000000-Registered AX Sen Vibrant MultiPhase-77116,0.5325552824770406,0.3136595084485787,13.48227498968875,42.983791744030725,35.11673399178802,39.65865479312177,57.59176413559494,57.59176413559494,6212.375096468782,22.89124535417657,0.3410100966498141,4792.425092434921,0.7714320236649933,6408.735725149999,123.0,258.0,3.0313782258856463,62.0,5.923016379228726,510.0,43.52503819016197,179.14501639811778,164.0,65.0,445.0,27.32247191178614,188.46903213262192,1.5090202624994091,227641984.85698998,0.15776695411705002,3427.639172725384,32.78401004006997,1416.1727361597111,88.0020521286016,14.869061835730601,3.4879593299896205,0.6122638148240623,1.2682876101056368,2.0982849257144083,1.7963940858995673,0.5844606450721579,0.5426312601702695,0.9909172333701906,0.9412523188084759,-0.141715844041031,0.700753486656246,0.44348392893306166,5.4713592446565205,0.04227460055560609,5.411295537927064,0.6431685154642438,0.10603554757898398,10.942718489313041,3.7382294631876882,4.589255291430056,6.746067701544207,518.1581348923428,0.07388537500247296,20.07592743622186,5.548412962429534,37.937544560102666,69.81733922714957,1723.878226151433,3.7624698871374607,0.04735248545410112,0.09710189768515828,6.120495478906454,0.003778280853393386,766.8981714996827,0.14212967425244244,6.186493668745876,41.05099650413178,2.3861062116599263,78.33930209187805,0.11867730656986644,0.045852823239875454,4.109239380836362,3560.602780133707,0.6497256982425559,0.7672015707093419,0.5967154422451104,0.8289920100501932,35.927556384039924,0.03707726512207824,62.587392550143264,0.08966675150450325,10.97363116887382,69.43696275071633,6597.21346704871,151519.52435530085,316.2822682584501,0.03902186188497278,181.71919770773638,0.26034269012569683,0.5246204136078682,39.43486821360822,0.019268538127922497,6.253761744240021,0.09952944531584201,6496.2656731061315,5.966870877159678,0.0012755671760341805,168.54076274869274,0.029090072509645463,0.32705623190757327
149,AMBL-590,2,0.0,-1.0,-1,-1,-1,,-1.0,-1.0,-1.0,-1,/media/bendico765/Crucial X9/MRI Lesions/manifest-1728494830954/Advanced-MRI-Breast-Lesions/AMBL-590/02-08-2006-NA-MRI BREASTS - Delayed contrast-70942/600.000000-Registered Ax T2 FSE-54767,/media/bendico765/Crucial X9/MRI Lesions/manifest-1728494830954/Advanced-MRI-Breast-Lesions/AMBL-590/02-08-2006-NA-MRI BREASTS - Delayed contrast-70942/500.000000-ROI-91209/1-1.dcm,-22.09,R,"[[[0 0 0 ... 0 0 0]
  [0 0 0 ... 0 0 0]
  [0 0 0 ... 0 0 0]
  ...
  [0 0 0 ... 0 0 0]
  [0 0 0 ... 0 0 0]
  [0 0 0 ... 0 0 0]]

 [[0 0 0 ... 0 0 0]
  [0 0 0 ... 0 0 0]
  [0 0 0 ... 0 0 0]
  ...
  [0 0 0 ... 0 0 0]
  [0 0 0 ... 0 0 0]
  [0 0 0 ... 0 0 0]]

 [[0 0 0 ... 0 0 0]
  [0 0 0 ... 0 0 0]
  [0 0 0 ... 0 0 0]
  ...
  [0 0 0 ... 0 0 0]
  [0 0 0 ... 0 0 0]
  [0 0 0 ... 0 0 0]]

 ...

 [[0 0 0 ... 0 0 0]
  [0 0 0 ... 0 0 0]
  [0 0 0 ... 0 0 0]
  ...
  [0 0 0 ... 0 0 0]
  [0 0 0 ... 0 0 0]
  [0 0 0 ... 0 0 0]]

 [[0 0 0 ... 0 0 0]
  [0 0 0 ... 0 0 0]
  [0 0 0 ... 0 0 0]
  ...
  [0 0 0 ... 0 0 0]
  [0 0 0 ... 0 0 0]
  [0 0 0 ... 0 0 0]]

 [[0 0 0 ... 0 0 0]
  [0 0 0 ... 0 0 0]
  [0 0 0 ... 0 0 0]
  ...
  [0 0 0 ... 0 0 0]
  [0 0 0 ... 0 0 0]
  [0 0 0 ... 0 0 0]]]","[65, 66, 67, 68, 69, 70, 71, 72, 73]","[55, 56, 57, 58, 59, 60, 61, 62, 63, 64, 65, 66, 67, 68, 69, 70, 71, 72, 73, 74, 75, 76, 77, 78, 79, 80, 81, 82]","[354, 355, 356, 357, 358, 359, 360, 361, 362, 363, 364, 365, 366, 367, 368, 369, 370, 371, 372, 373, 374, 375, 376, 377, 378, 379, 380, 381, 382, 383, 384, 385, 386, 387, 388, 389, 390, 391]",9,28,38,/media/bendico765/Crucial X9/Materiali Tesista/Roi masks/AMBL-590/ROI 2.npy,/media/bendico765/Crucial X9/Materiali Tesista/Cleaned Roi masks/AMBL-590/ROI 2.npy,0.6445,2.2,/media/bendico765/Crucial X9/MRI Lesions/manifest-1728494830954/Advanced-MRI-Breast-Lesions/AMBL-590/02-08-2006-NA-MRI BREASTS - Delayed contrast-70942/500.000000-Registered AX Sen Vibrant MultiPhase-77116,0.9183705021447776,0.8578221711496882,15.858667952139154,18.487127618635363,24.301379569892735,21.759010294588307,24.626310421985668,26.599190081654744,3411.884912470883,16.978032674340746,0.7051510070634079,1554.2882943743252,0.45555120827587103,3448.8191396999996,80.0,162.0,2.3988587933801377,44.0,2.941447028573472,207.0,25.746386244095028,123.35824059353472,125.0,12.0,195.0,18.25934631483699,127.46773025966874,-0.4342458517779898,56036490.1441158,0.2188365771551033,1030.766735219274,32.54168934799624,87.23714828564023,-5.800073690277656,5.275392532368802,1.0830104071258706,0.6574621968238757,0.6479429554103681,1.481598551124045,0.6419813681446569,0.7322921575520471,0.7172580483056561,0.9875645703811775,0.9388244457368182,-0.23044322165910883,0.7861089780561407,0.40483735431790685,5.611797934560836,0.08946273717216521,4.120205061715705,0.6784467257771097,0.16562334743000726,11.223595869121672,3.1501485463772108,1.589600734873668,6.7376554460430125,167.17488076311605,0.04429647079043881,40.08947673943466,1.7298055560470222,31.50079491255962,188.82087970323263,6579.500794912559,6.368969623259714,0.0447061356658112,0.03193199169950831,0.7987912873695336,0.002571670956721418,428.07065437175777,0.19855641894337903,1.9852881943023861,29.5456105648234,5.642668557705016,191.07741139243797,0.21223828759236846,0.051281411176489794,4.156034977515442,958.7340127133209,0.4306225560365803,0.569401981166687,2.1334051888317047,0.6734765210501311,18.810395512443105,0.03834722332339227,16.073684210526316,0.169196675900277,3.107590027700831,24.852631578947367,29119.852631578946,971390.3789473685,986.7479595234778,0.09504032568192967,21.126315789473683,0.22238227146814404,0.4642330506987147,11.338685882112568,0.0486327539637902,4.999597419624881,0.025172231054583997,27541.672465373962,6.124338848836143,0.002948242158622561,16.37437952146702,0.02343924508046743,0.08413092554029714
150,AMBL-590,3,0.0,,,,,,,,,,/media/bendico765/Crucial X9/MRI Lesions/manifest-1728494830954/Advanced-MRI-Breast-Lesions/AMBL-590/02-08-2006-NA-MRI BREASTS - Delayed contrast-70942/600.000000-Registered Ax T2 FSE-54767,/media/bendico765/Crucial X9/MRI Lesions/manifest-1728494830954/Advanced-MRI-Breast-Lesions/AMBL-590/02-08-2006-NA-MRI BREASTS - Delayed contrast-70942/500.000000-ROI-91209/1-1.dcm,-24.29,R,"[[[0 0 0 ... 0 0 0]
  [0 0 0 ... 0 0 0]
  [0 0 0 ... 0 0 0]
  ...
  [0 0 0 ... 0 0 0]
  [0 0 0 ... 0 0 0]
  [0 0 0 ... 0 0 0]]

 [[0 0 0 ... 0 0 0]
  [0 0 0 ... 0 0 0]
  [0 0 0 ... 0 0 0]
  ...
  [0 0 0 ... 0 0 0]
  [0 0 0 ... 0 0 0]
  [0 0 0 ... 0 0 0]]

 [[0 0 0 ... 0 0 0]
  [0 0 0 ... 0 0 0]
  [0 0 0 ... 0 0 0]
  ...
  [0 0 0 ... 0 0 0]
  [0 0 0 ... 0 0 0]
  [0 0 0 ... 0 0 0]]

 ...

 [[0 0 0 ... 0 0 0]
  [0 0 0 ... 0 0 0]
  [0 0 0 ... 0 0 0]
  ...
  [0 0 0 ... 0 0 0]
  [0 0 0 ... 0 0 0]
  [0 0 0 ... 0 0 0]]

 [[0 0 0 ... 0 0 0]
  [0 0 0 ... 0 0 0]
  [0 0 0 ... 0 0 0]
  ...
  [0 0 0 ... 0 0 0]
  [0 0 0 ... 0 0 0]
  [0 0 0 ... 0 0 0]]

 [[0 0 0 ... 0 0 0]
  [0 0 0 ... 0 0 0]
  [0 0 0 ... 0 0 0]
  ...
  [0 0 0 ... 0 0 0]
  [0 0 0 ... 0 0 0]
  [0 0 0 ... 0 0 0]]]","[68, 69, 70]","[146, 147, 148, 149, 150, 151, 152, 153, 154, 155, 156, 157, 158, 159, 160, 161]","[346, 347, 348, 349, 350, 351, 352, 353, 354, 355, 358, 359]",3,16,14,/media/bendico765/Crucial X9/Materiali Tesista/Roi masks/AMBL-590/ROI 3.npy,/media/bendico765/Crucial X9/Materiali Tesista/Cleaned Roi masks/AMBL-590/ROI 3.npy,0.6445,2.2,/media/bendico765/Crucial X9/MRI Lesions/manifest-1728494830954/Advanced-MRI-Breast-Lesions/AMBL-590/02-08-2006-NA-MRI BREASTS - Delayed contrast-70942/500.000000-Registered AX Sen Vibrant MultiPhase-77116,0.7403080593296283,0.6420049254522736,6.015608450225495,9.370034732969808,9.686124624946759,10.665798715989347,10.39225023755683,11.197763582519501,222.13843469583392,6.93671222901609,0.7013402909359489,252.91299245343876,1.1385377447164573,235.76982989999996,85.7,175.0,2.523723949161244,56.75,2.872448001920455,258.0,29.682891653145845,125.73255813953489,121.0,42.0,216.0,22.829881656804734,130.6328513830465,0.46299366743544024,4023398.43969525,0.1977946036896821,1256.265684153596,20.342149883340205,89.63133157546606,5.482604999892623,6.00041459495876,2.2184651768214554,0.46355702120833553,1.0721344407530495,1.8466890747206368,1.0000834815888702,0.6083981880472651,0.5708432098207059,0.9795300747556173,0.9104482105379031,-0.17437236548191096,0.7398294163131107,0.45539315444785683,4.403781989391076,0.06483549365501523,4.468026457331469,0.5645851321066251,0.1484570347638325,8.807563978782154,3.130420063083692,2.0547199429450536,5.632184889642721,21.069767441860463,0.08166576527852894,15.087074094104922,2.186166696712938,22.82170542635659,57.18604651162791,899.2093023255813,4.8318513849338185,0.07243494458506917,0.10276950527794801,3.431161863293199,0.007166414666380035,38.305960220211695,0.1877812603149267,2.290563183357337,24.234441860908735,2.1620989196623195,44.93638705442352,0.16154360477385982,0.07086428631239919,3.3695082283504383,137.35022080713574,0.659203697102751,0.7889087656529516,0.4362352148708786,0.8338547408162541,21.204519032615142,0.057918468421623334,4.733333333333333,0.15777777777777777,3.782222222222222,33.666666666666664,323.8,5114.0,25.62072349773243,0.08222311980347694,6.266666666666667,0.2088888888888889,0.4477737854976655,17.133901514123455,0.029498376174963658,4.389898095464281,0.11627906976744186,249.83999999999997,0.8812850113714092,0.0308812580745778,25.711333229756196,0.046144379879140746,0.9331781170343263
151,AMBL-590,4,0.0,,,,,,,,,,/media/bendico765/Crucial X9/MRI Lesions/manifest-1728494830954/Advanced-MRI-Breast-Lesions/AMBL-590/02-08-2006-NA-MRI BREASTS - Delayed contrast-70942/600.000000-Registered Ax T2 FSE-54767,/media/bendico765/Crucial X9/MRI Lesions/manifest-1728494830954/Advanced-MRI-Breast-Lesions/AMBL-590/02-08-2006-NA-MRI BREASTS - Delayed contrast-70942/500.000000-ROI-91209/1-1.dcm,8.71,L,"[[[0 0 0 ... 0 0 0]
  [0 0 0 ... 0 0 0]
  [0 0 0 ... 0 0 0]
  ...
  [0 0 0 ... 0 0 0]
  [0 0 0 ... 0 0 0]
  [0 0 0 ... 0 0 0]]

 [[0 0 0 ... 0 0 0]
  [0 0 0 ... 0 0 0]
  [0 0 0 ... 0 0 0]
  ...
  [0 0 0 ... 0 0 0]
  [0 0 0 ... 0 0 0]
  [0 0 0 ... 0 0 0]]

 [[0 0 0 ... 0 0 0]
  [0 0 0 ... 0 0 0]
  [0 0 0 ... 0 0 0]
  ...
  [0 0 0 ... 0 0 0]
  [0 0 0 ... 0 0 0]
  [0 0 0 ... 0 0 0]]

 ...

 [[0 0 0 ... 0 0 0]
  [0 0 0 ... 0 0 0]
  [0 0 0 ... 0 0 0]
  ...
  [0 0 0 ... 0 0 0]
  [0 0 0 ... 0 0 0]
  [0 0 0 ... 0 0 0]]

 [[0 0 0 ... 0 0 0]
  [0 0 0 ... 0 0 0]
  [0 0 0 ... 0 0 0]
  ...
  [0 0 0 ... 0 0 0]
  [0 0 0 ... 0 0 0]
  [0 0 0 ... 0 0 0]]

 [[0 0 0 ... 0 0 0]
  [0 0 0 ... 0 0 0]
  [0 0 0 ... 0 0 0]
  ...
  [0 0 0 ... 0 0 0]
  [0 0 0 ... 0 0 0]
  [0 0 0 ... 0 0 0]]]","[47, 48, 49, 50, 51, 52, 53, 54, 55, 56, 57, 58, 59, 60, 61]","[107, 108, 109, 110, 111, 112, 113, 114, 115, 116, 117, 118, 119, 120, 121, 122, 123, 124, 125, 126, 127, 128, 129, 130, 131, 132, 133, 134, 135, 136, 137, 138, 139, 140, 141, 142, 143, 144, 145, 146, 147, 148, 149, 150, 151, 152, 153, 154, 155, 156, 157, 158, 159, 160, 161, 162, 163, 164, 165, 166, 167, 168, 169, 170, 171, 172, 173, 174, 175, 176, 177, 178, 179, 180, 181, 182, 183, 184, 185, 186, 187, 188, 189, 190, 191, 192, 193, 194, 195, 196, 197, 198, 199, 200, 201, 202, 203, 204, 205, 206, 207, 208, 209, 210, 211, 212, 213, 214, 215, 216, 217, 218, 219, 220, 221, 222, 223, 224, 225, 226, 227, 228, 229, 230, 231, 232, 233, 234, 235, 236, 237, 238, 239, 240, 241, 242, 243, 244, 245, 246, 247, 248, 249, 250, 251, 252, 253]","[152, 153, 154, 155, 156, 157, 158, 159, 160, 161, 162, 163, 164, 165, 166, 167, 168, 169, 170, 171, 172, 173, 174, 175, 176, 177, 178, 179, 180, 181, 182, 183, 184, 185, 186, 187, 188, 189, 190, 191]",15,147,40,/media/bendico765/Crucial X9/Materiali Tesista/Roi masks/AMBL-590/ROI 4.npy,/media/bendico765/Crucial X9/Materiali Tesista/Cleaned Roi masks/AMBL-590/ROI 4.npy,0.6445,2.2,/media/bendico765/Crucial X9/MRI Lesions/manifest-1728494830954/Advanced-MRI-Breast-Lesions/AMBL-590/02-08-2006-NA-MRI BREASTS - Delayed contrast-70942/500.000000-Registered AX Sen Vibrant MultiPhase-77116,0.4167506467627151,0.23918167763795128,17.455014833895383,72.97806005156046,39.26001900470757,91.93047862379484,84.78298901460127,96.62283804825856,12249.369728383404,30.413653725976086,0.21270675615472795,12081.253639537012,0.9862755315110747,12707.811064299998,139.0,354.0,3.592879169599546,103.0,4.417389345287643,631.0,69.41876972276039,224.47058823529412,197.0,37.0,594.0,45.42110232330915,241.7384404858158,1.3023523585583074,742612373.6920173,0.1071273707260367,8050.42862581535,76.15604912806566,7947.203156816255,356.2563495653449,39.17627162100181,6.770164006809778,0.7034077212299041,1.8322934235500923,2.5170751897326986,3.214539990517,0.5057772257831198,0.4460440174165595,0.9897238789726551,0.9357329202457509,-0.15057700252900802,0.7661482658891192,0.39184420155727373,8.249371343015616,0.021242901420313345,6.464674476900486,0.7660420504273691,0.060930809889541436,16.498742686031235,4.371134891724122,11.486608906952897,6.953018901858622,1357.4365022292536,0.09761516627565466,11.741258710014266,12.96379010462246,85.24068747303322,40.41679850424277,2263.256076513735,1.0816701594019087,0.021346031416405748,0.15034025671629997,17.84089773117811,0.002521110842192733,1160.3761158992406,0.10006293965988518,13.474968192975767,89.60877009009262,1.8122929741706457,139.96671152981293,0.04128764217537677,0.020589830062299804,4.402200877657197,8566.802645631074,0.7308508547373024,0.8325017424686632,0.321633816129386,0.8756139808166774,81.1512000000797,0.017568443307539833,171.3413566739606,0.07498527644374643,16.568258598317446,125.85995623632385,3675.079212253829,148265.35973741795,96.82279790713426,0.016388290042228956,680.3024070021881,0.2977253422329051,0.5636866026505194,73.56938722595424,0.00887041662895676,6.476241340201435,0.16431756076513734,3638.042532930491,6.615902412313423,0.0006548864608410656,371.4996707527129,0.053174292017096746,0.24895114107582952
152,AMBL-595,0,0.0,-1,-1,-1,-1,,-1,-1,-1.0,-1,/media/bendico765/Crucial X9/MRI Lesions/manifest-1728494830954/Advanced-MRI-Breast-Lesions/AMBL-595/04-12-2006-NA-MRI BREASTS - Delayed contrast-99337/600.000000-Registered Ax T2 FSE-16358,/media/bendico765/Crucial X9/MRI Lesions/manifest-1728494830954/Advanced-MRI-Breast-Lesions/AMBL-595/04-12-2006-NA-MRI BREASTS - Delayed contrast-99337/500.000000-ROI-96750/1-1.dcm,22.86,L,"[[[0 0 0 ... 0 0 0]
  [0 0 0 ... 0 0 0]
  [0 0 0 ... 0 0 0]
  ...
  [0 0 0 ... 0 0 0]
  [0 0 0 ... 0 0 0]
  [0 0 0 ... 0 0 0]]

 [[0 0 0 ... 0 0 0]
  [0 0 0 ... 0 0 0]
  [0 0 0 ... 0 0 0]
  ...
  [0 0 0 ... 0 0 0]
  [0 0 0 ... 0 0 0]
  [0 0 0 ... 0 0 0]]

 [[0 0 0 ... 0 0 0]
  [0 0 0 ... 0 0 0]
  [0 0 0 ... 0 0 0]
  ...
  [0 0 0 ... 0 0 0]
  [0 0 0 ... 0 0 0]
  [0 0 0 ... 0 0 0]]

 ...

 [[0 0 0 ... 0 0 0]
  [0 0 0 ... 0 0 0]
  [0 0 0 ... 0 0 0]
  ...
  [0 0 0 ... 0 0 0]
  [0 0 0 ... 0 0 0]
  [0 0 0 ... 0 0 0]]

 [[0 0 0 ... 0 0 0]
  [0 0 0 ... 0 0 0]
  [0 0 0 ... 0 0 0]
  ...
  [0 0 0 ... 0 0 0]
  [0 0 0 ... 0 0 0]
  [0 0 0 ... 0 0 0]]

 [[0 0 0 ... 0 0 0]
  [0 0 0 ... 0 0 0]
  [0 0 0 ... 0 0 0]
  ...
  [0 0 0 ... 0 0 0]
  [0 0 0 ... 0 0 0]
  [0 0 0 ... 0 0 0]]]","[51, 52, 53, 54]","[126, 131, 132, 133, 134, 135, 136, 137, 138, 139, 140, 141, 142, 143, 144]","[162, 163, 164, 165, 166]",4,19,5,/media/bendico765/Crucial X9/Materiali Tesista/Roi masks/AMBL-595/ROI 0.npy,/media/bendico765/Crucial X9/Materiali Tesista/Cleaned Roi masks/AMBL-595/ROI 0.npy,0.6641,2.2,/media/bendico765/Crucial X9/MRI Lesions/manifest-1728494830954/Advanced-MRI-Breast-Lesions/AMBL-595/04-12-2006-NA-MRI BREASTS - Delayed contrast-99337/500.000000-Registered AX Sen Vibrant MultiPhase-20182,0.84401754407809,0.33377764775785407,3.0084832571304525,9.013435373338778,9.192195655010831,12.80825516649321,12.687612685213875,12.825460195252255,124.47670638241685,7.607497587511978,0.6920680438448784,174.20504200271722,1.3994991277124988,133.896346716,97.0,188.89999999999998,2.7178548025603657,59.0,3.3966696461579047,268.0,33.10607015332913,142.46376811594203,139.0,56.0,212.0,23.204772339907475,148.36837234749015,0.5543896652233254,2947483.5665804767,0.17727368199957994,1717.2486872505774,18.00726378003422,123.48043712249397,7.003416563758419,5.692361549960854,4.408928858653068,0.10869856935827905,1.564404050900509,2.205020384477073,1.7881704287774327,0.5248604349215591,0.46525248642138173,0.9536053684186323,0.8656402547192877,-0.1700083272397025,0.7519679751855388,0.39652946387496674,4.205260058922481,0.04403414999848749,4.849755119358739,0.5513358466926158,0.09132394943059877,8.410520117844962,3.088516157869404,2.5253226021534805,5.5717771750439855,15.434782608695652,0.11184625078764965,7.528670447385003,2.768378491913464,20.615942028985508,31.666666666666668,568.4855072463768,2.511674224104564,0.1134199203701878,0.14474314671637276,3.5719776183398038,0.02820909535878849,19.971914700931638,0.17034215544861275,2.981906289462766,21.003938633019832,1.6755097690181557,33.38319418849204,0.1778642836364808,0.1185175876890449,3.3670928777214355,88.37223961661022,0.7430595974379166,0.8494983277591975,0.23474996005319415,0.881052705645573,18.77047895478869,0.1084071444181187,2.8260869565217392,0.12287334593572778,5.640831758034026,25.695652173913043,103.73913043478261,2003.5217391304348,7.477919343663391,0.1976676717385827,5.521739130434782,0.24007561436672967,0.4719394391457609,12.060187841732727,0.11751934732011134,4.349648912578746,0.16666666666666666,67.73913043478261,0.6482499525392214,0.04734894319344953,33.86419023023654,0.08655257188126729,1.1630733216374647
153,AMBL-595,1,0.0,-1,-1,-1,-1,,-1.0,-1.0,-1.0,-1,/media/bendico765/Crucial X9/MRI Lesions/manifest-1728494830954/Advanced-MRI-Breast-Lesions/AMBL-595/04-12-2006-NA-MRI BREASTS - Delayed contrast-99337/600.000000-Registered Ax T2 FSE-16358,/media/bendico765/Crucial X9/MRI Lesions/manifest-1728494830954/Advanced-MRI-Breast-Lesions/AMBL-595/04-12-2006-NA-MRI BREASTS - Delayed contrast-99337/500.000000-ROI-96750/1-1.dcm,-45.34,L,"[[[0 0 0 ... 0 0 0]
  [0 0 0 ... 0 0 0]
  [0 0 0 ... 0 0 0]
  ...
  [0 0 0 ... 0 0 0]
  [0 0 0 ... 0 0 0]
  [0 0 0 ... 0 0 0]]

 [[0 0 0 ... 0 0 0]
  [0 0 0 ... 0 0 0]
  [0 0 0 ... 0 0 0]
  ...
  [0 0 0 ... 0 0 0]
  [0 0 0 ... 0 0 0]
  [0 0 0 ... 0 0 0]]

 [[0 0 0 ... 0 0 0]
  [0 0 0 ... 0 0 0]
  [0 0 0 ... 0 0 0]
  ...
  [0 0 0 ... 0 0 0]
  [0 0 0 ... 0 0 0]
  [0 0 0 ... 0 0 0]]

 ...

 [[0 0 0 ... 0 0 0]
  [0 0 0 ... 0 0 0]
  [0 0 0 ... 0 0 0]
  ...
  [0 0 0 ... 0 0 0]
  [0 0 0 ... 0 0 0]
  [0 0 0 ... 0 0 0]]

 [[0 0 0 ... 0 0 0]
  [0 0 0 ... 0 0 0]
  [0 0 0 ... 0 0 0]
  ...
  [0 0 0 ... 0 0 0]
  [0 0 0 ... 0 0 0]
  [0 0 0 ... 0 0 0]]

 [[0 0 0 ... 0 0 0]
  [0 0 0 ... 0 0 0]
  [0 0 0 ... 0 0 0]
  ...
  [0 0 0 ... 0 0 0]
  [0 0 0 ... 0 0 0]
  [0 0 0 ... 0 0 0]]]","[83, 84, 85]","[194, 195, 196, 197, 198, 199, 200, 201, 202, 204, 205]","[153, 154, 155, 156, 157, 158, 159]",3,12,7,/media/bendico765/Crucial X9/Materiali Tesista/Roi masks/AMBL-595/ROI 1.npy,/media/bendico765/Crucial X9/Materiali Tesista/Cleaned Roi masks/AMBL-595/ROI 1.npy,0.6641,2.2,/media/bendico765/Crucial X9/MRI Lesions/manifest-1728494830954/Advanced-MRI-Breast-Lesions/AMBL-595/04-12-2006-NA-MRI BREASTS - Delayed contrast-99337/500.000000-Registered AX Sen Vibrant MultiPhase-20182,0.8507840330465305,0.5656636375959502,3.791996128686238,6.70362363188499,7.388214956943255,7.709541955265567,8.024350831064156,9.732386241821684,84.69590772041666,5.703335949561142,0.7762741300557996,120.146363160993,1.4185616093471622,92.17502129000002,55.4,164.60000000000005,2.5209380781942348,46.0,3.610631992637163,218.0,33.36975069252078,95.45263157894736,81.0,38.0,180.0,21.9168,104.47986459248096,1.1482926333865124,1006186.4134551681,0.220387811634349,1804.8372299168977,11.058924628385926,146.7122081992773,15.509415891442744,6.497916177741546,3.8754117572742683,0.25588317885406736,1.405587091536486,2.1254404829389815,1.8084273245954234,0.5577738602568024,0.5094306891801867,0.9502903880864119,0.8667615652622421,-0.1778578506669305,0.7492267935606964,0.43016478744046344,3.2251238464958667,0.06931106135418258,4.406302263858592,0.5632980910685375,0.16558445303447641,6.450247692991733,3.062155500293381,2.5933319837539535,5.119458703287123,9.968421052631578,0.10493074792243767,10.483545706371192,3.079224376731302,14.073684210526316,36.97894736842105,251.8421052631579,7.995736573576799,0.19353920515574655,0.1924733458443871,4.748509598556932,0.0294610263803789,15.84662518603709,0.19772793593703306,3.3052019133815387,15.279903015266397,1.6922792182925575,20.61151956493431,0.3387866817417562,0.18938363354619778,3.2086971703889757,58.32994210599887,0.7241330015309132,0.8404858299595142,0.24083620096355568,0.8729262312504691,14.20808428458337,0.162492471459961,2.8095238095238093,0.13378684807256236,4.435374149659864,25.333333333333332,81.57142857142857,574.2380952380952,16.9327501079797,0.15851730374689557,7.666666666666667,0.36507936507936506,0.6168712837358477,16.810723446140887,0.08609975712995709,3.844232898763187,0.22105263157894736,61.10657596371881,1.011699721222434,0.0612134159264881,24.592599020751525,0.11255815164169065,1.601349172329483
154,AMBL-626,0,0.0,-1,-1,-1,-1,,-1,-1,-1.0,-1,/media/bendico765/Crucial X9/MRI Lesions/manifest-1728494830954/Advanced-MRI-Breast-Lesions/AMBL-626/12-22-2006-NA-MRI BREASTS - Delayed contrast-30307/600.000000-Registered Ax T2 FSE-43489,/media/bendico765/Crucial X9/MRI Lesions/manifest-1728494830954/Advanced-MRI-Breast-Lesions/AMBL-626/12-22-2006-NA-MRI BREASTS - Delayed contrast-30307/500.000000-ROI-54119/1-1.dcm,4.4,R,"[[[0 0 0 ... 0 0 0]
  [0 0 0 ... 0 0 0]
  [0 0 0 ... 0 0 0]
  ...
  [0 0 0 ... 0 0 0]
  [0 0 0 ... 0 0 0]
  [0 0 0 ... 0 0 0]]

 [[0 0 0 ... 0 0 0]
  [0 0 0 ... 0 0 0]
  [0 0 0 ... 0 0 0]
  ...
  [0 0 0 ... 0 0 0]
  [0 0 0 ... 0 0 0]
  [0 0 0 ... 0 0 0]]

 [[0 0 0 ... 0 0 0]
  [0 0 0 ... 0 0 0]
  [0 0 0 ... 0 0 0]
  ...
  [0 0 0 ... 0 0 0]
  [0 0 0 ... 0 0 0]
  [0 0 0 ... 0 0 0]]

 ...

 [[0 0 0 ... 0 0 0]
  [0 0 0 ... 0 0 0]
  [0 0 0 ... 0 0 0]
  ...
  [0 0 0 ... 0 0 0]
  [0 0 0 ... 0 0 0]
  [0 0 0 ... 0 0 0]]

 [[0 0 0 ... 0 0 0]
  [0 0 0 ... 0 0 0]
  [0 0 0 ... 0 0 0]
  ...
  [0 0 0 ... 0 0 0]
  [0 0 0 ... 0 0 0]
  [0 0 0 ... 0 0 0]]

 [[0 0 0 ... 0 0 0]
  [0 0 0 ... 0 0 0]
  [0 0 0 ... 0 0 0]
  ...
  [0 0 0 ... 0 0 0]
  [0 0 0 ... 0 0 0]
  [0 0 0 ... 0 0 0]]]","[48, 49, 50, 51, 52, 53, 54, 55, 56]","[180, 183, 184, 185, 186, 187, 188, 189, 190, 191, 192, 193, 194, 195, 196, 197, 198, 199, 200, 201, 202, 203, 204, 205, 206, 207, 208, 209, 210, 211, 212, 213, 214, 215, 216, 217, 218, 219, 220, 221, 222, 223, 224, 225, 226]","[329, 330, 331, 332, 333, 334, 335, 336, 337, 338, 339, 340, 341, 342, 343, 344, 345, 346, 347, 348, 349, 350, 351, 352, 353]",9,47,25,/media/bendico765/Crucial X9/Materiali Tesista/Roi masks/AMBL-626/ROI 0.npy,/media/bendico765/Crucial X9/Materiali Tesista/Cleaned Roi masks/AMBL-626/ROI 0.npy,0.6641,2.0,/media/bendico765/Crucial X9/MRI Lesions/manifest-1728494830954/Advanced-MRI-Breast-Lesions/AMBL-626/12-22-2006-NA-MRI BREASTS - Delayed contrast-30307/500.000000-Registered AX Sen Vibrant MultiPhase-85512,0.44109812188226627,0.29221576762576873,10.096959083088853,34.55309467085192,17.077558556479907,33.001262706902594,25.634604090954866,33.63006210520581,1009.0739172800025,15.241305164532925,0.27095928768662986,1795.5413164533998,1.7793952313160073,1086.69498784,82.0,204.9000000000001,2.9038584992117755,54.0,4.832877375641598,342.0,38.01230709225839,134.84334415584416,127.0,31.0,311.0,24.022537152055154,144.25550305737963,1.230887869284763,22613742.53011618,0.1668124894585934,2626.922699206232,25.817492599053523,804.8742510890265,57.91296572186166,11.774963735274968,3.3774637221330135,0.544690257603477,1.3248734604738355,2.0756118126031824,1.5204771163751483,0.5593665619958119,0.5140227904212484,0.9816065820932265,0.9139974983765371,-0.13650701923017558,0.6815825694624562,0.46561819140025396,4.869861797297348,0.04253865235167828,5.222257929786522,0.6190195730712204,0.08400511566800098,9.739723594594695,3.557415247166636,3.7881068643519953,5.974781913670365,140.51785714285714,0.11405670222634508,7.596422246584584,4.272953254132232,28.539772727272727,30.035714285714285,607.0933441558442,2.1371181416427087,0.06980896381787748,0.16088171641247864,6.1577065395898,0.011383356124068938,168.13532555671526,0.15916568467776596,4.532801347996724,29.6711806778083,1.635462585583509,43.38765331868347,0.11512325510958457,0.06954613198218315,3.603100301190503,809.2877830196389,0.7581364839923898,0.8562687312687314,0.2349859331513821,0.8899660618099207,27.157739743963727,0.06176399921771029,25.33187772925764,0.1106195534028718,6.877214393318205,42.043668122270745,227.43231441048036,4135.471615720524,16.306819152472503,0.06943000360496529,62.19650655021834,0.27160046528479626,0.5344720520310021,21.85008414670531,0.03900130142719504,5.564433877379967,0.1858766233766234,198.48885414084396,2.3764910294717527,0.00662997982483202,66.55872577953114,0.048259551340076305,0.5407777273939566
155,AMBL-626,1,0.0,-1,-1,-1,-1,,-1.0,-1.0,-1.0,-1,/media/bendico765/Crucial X9/MRI Lesions/manifest-1728494830954/Advanced-MRI-Breast-Lesions/AMBL-626/12-22-2006-NA-MRI BREASTS - Delayed contrast-30307/600.000000-Registered Ax T2 FSE-43489,/media/bendico765/Crucial X9/MRI Lesions/manifest-1728494830954/Advanced-MRI-Breast-Lesions/AMBL-626/12-22-2006-NA-MRI BREASTS - Delayed contrast-30307/500.000000-ROI-54119/1-1.dcm,12.4,R,"[[[0 0 0 ... 0 0 0]
  [0 0 0 ... 0 0 0]
  [0 0 0 ... 0 0 0]
  ...
  [0 0 0 ... 0 0 0]
  [0 0 0 ... 0 0 0]
  [0 0 0 ... 0 0 0]]

 [[0 0 0 ... 0 0 0]
  [0 0 0 ... 0 0 0]
  [0 0 0 ... 0 0 0]
  ...
  [0 0 0 ... 0 0 0]
  [0 0 0 ... 0 0 0]
  [0 0 0 ... 0 0 0]]

 [[0 0 0 ... 0 0 0]
  [0 0 0 ... 0 0 0]
  [0 0 0 ... 0 0 0]
  ...
  [0 0 0 ... 0 0 0]
  [0 0 0 ... 0 0 0]
  [0 0 0 ... 0 0 0]]

 ...

 [[0 0 0 ... 0 0 0]
  [0 0 0 ... 0 0 0]
  [0 0 0 ... 0 0 0]
  ...
  [0 0 0 ... 0 0 0]
  [0 0 0 ... 0 0 0]
  [0 0 0 ... 0 0 0]]

 [[0 0 0 ... 0 0 0]
  [0 0 0 ... 0 0 0]
  [0 0 0 ... 0 0 0]
  ...
  [0 0 0 ... 0 0 0]
  [0 0 0 ... 0 0 0]
  [0 0 0 ... 0 0 0]]

 [[0 0 0 ... 0 0 0]
  [0 0 0 ... 0 0 0]
  [0 0 0 ... 0 0 0]
  ...
  [0 0 0 ... 0 0 0]
  [0 0 0 ... 0 0 0]
  [0 0 0 ... 0 0 0]]]","[48, 49, 50]","[189, 190, 191, 192, 193, 194, 195, 196, 197, 198, 199, 202]","[357, 358, 359, 360, 361, 362, 363, 364, 365, 366, 367, 368, 369, 370]",3,14,14,/media/bendico765/Crucial X9/Materiali Tesista/Roi masks/AMBL-626/ROI 1.npy,/media/bendico765/Crucial X9/Materiali Tesista/Cleaned Roi masks/AMBL-626/ROI 1.npy,0.6641,2.0,/media/bendico765/Crucial X9/MRI Lesions/manifest-1728494830954/Advanced-MRI-Breast-Lesions/AMBL-626/12-22-2006-NA-MRI BREASTS - Delayed contrast-30307/500.000000-Registered AX Sen Vibrant MultiPhase-85512,0.8901581254896237,0.7443009127350717,5.312970949088256,7.13820292059667,8.95002128489089,9.51492873804108,9.249842654877975,10.077677765239372,114.04269978583339,6.354129331162889,0.6453925447113322,176.2132279445317,1.5451513185451722,126.13423966000002,67.2,143.59999999999997,2.191017355949805,31.5,4.786243599145378,211.0,22.23355665313707,98.12587412587412,94.0,40.0,171.0,13.322891377555015,102.7363384823269,1.1759728764751403,1331316.0275946,0.2732162941953151,926.0680717883515,12.537734618327674,55.20683472848587,6.502344101160063,3.282042761831429,2.4690615186479468,0.12517437495028963,1.1123692984412354,1.8377576783720444,1.0951227607156708,0.605867402440537,0.5677385943473436,0.9664061864302039,0.8896496784431531,-0.1655066699564659,0.6743862364889691,0.448649999073478,3.5113217238020837,0.09569046343326451,3.933317062632425,0.5340761552917818,0.19847052790036854,7.022643447604168,2.6537358900873844,1.437776070119844,5.094112317431222,13.265734265734265,0.09276737248765221,14.538412636314737,1.5592938530001466,13.3006993006993,50.62237762237762,537.3286713286714,5.5255026322883465,0.1265276588490874,0.12697336339467807,1.5980552346268284,0.03032854842277353,28.878005843249746,0.2488701611396287,1.780949229543645,13.819446691665917,2.040307787238092,25.325735049820786,0.2490390651089714,0.1306448889085379,3.0031738907896237,81.9689716753773,0.686318614879589,0.8074233458848842,0.35895835551649957,0.8420120754238845,11.940283638260748,0.11353582127223968,4.913043478260869,0.21361058601134217,3.6294896030245747,15.130434782608695,182.3913043478261,2001.1304347826087,19.005916395543725,0.21488791531105192,5.608695652173913,0.2438563327032136,0.44951556950658833,3.8692588649328234,0.15401238421301353,3.725104217943952,0.16083916083916083,143.7353497164461,0.8182370778050962,0.043911048785012965,21.392218276153592,0.0449740047585807,1.1030350598366465
156,AMBL-629,0,0.0,-1,-1,-1,-1,,-1,-1,-1.0,-1,/media/bendico765/Crucial X9/MRI Lesions/manifest-1728494830954/Advanced-MRI-Breast-Lesions/AMBL-629/01-30-2007-NA-MRI BREASTS - Delayed contrast-40670/600.000000-Registered Ax T2 FSE-05708,/media/bendico765/Crucial X9/MRI Lesions/manifest-1728494830954/Advanced-MRI-Breast-Lesions/AMBL-629/01-30-2007-NA-MRI BREASTS - Delayed contrast-40670/500.000000-ROI-75632/1-1.dcm,39.93,L,"[[[0 0 0 ... 0 0 0]
  [0 0 0 ... 0 0 0]
  [0 0 0 ... 0 0 0]
  ...
  [0 0 0 ... 0 0 0]
  [0 0 0 ... 0 0 0]
  [0 0 0 ... 0 0 0]]

 [[0 0 0 ... 0 0 0]
  [0 0 0 ... 0 0 0]
  [0 0 0 ... 0 0 0]
  ...
  [0 0 0 ... 0 0 0]
  [0 0 0 ... 0 0 0]
  [0 0 0 ... 0 0 0]]

 [[0 0 0 ... 0 0 0]
  [0 0 0 ... 0 0 0]
  [0 0 0 ... 0 0 0]
  ...
  [0 0 0 ... 0 0 0]
  [0 0 0 ... 0 0 0]
  [0 0 0 ... 0 0 0]]

 ...

 [[0 0 0 ... 0 0 0]
  [0 0 0 ... 0 0 0]
  [0 0 0 ... 0 0 0]
  ...
  [0 0 0 ... 0 0 0]
  [0 0 0 ... 0 0 0]
  [0 0 0 ... 0 0 0]]

 [[0 0 0 ... 0 0 0]
  [0 0 0 ... 0 0 0]
  [0 0 0 ... 0 0 0]
  ...
  [0 0 0 ... 0 0 0]
  [0 0 0 ... 0 0 0]
  [0 0 0 ... 0 0 0]]

 [[0 0 0 ... 0 0 0]
  [0 0 0 ... 0 0 0]
  [0 0 0 ... 0 0 0]
  ...
  [0 0 0 ... 0 0 0]
  [0 0 0 ... 0 0 0]
  [0 0 0 ... 0 0 0]]]","[37, 38, 39, 40, 41, 42]","[187, 188, 189, 190, 191, 192, 193, 194, 195, 196, 197, 198, 199, 200, 201, 202, 203, 204, 205, 206]","[152, 153, 154, 155, 156, 157, 158, 159, 160, 161, 162, 163, 164, 165, 166]",6,20,15,/media/bendico765/Crucial X9/Materiali Tesista/Roi masks/AMBL-629/ROI 0.npy,/media/bendico765/Crucial X9/Materiali Tesista/Cleaned Roi masks/AMBL-629/ROI 0.npy,0.6445,2.0,/media/bendico765/Crucial X9/MRI Lesions/manifest-1728494830954/Advanced-MRI-Breast-Lesions/AMBL-629/01-30-2007-NA-MRI BREASTS - Delayed contrast-40670/500.000000-Registered AX Sen Vibrant MultiPhase-22459,0.8746604036891497,0.6128816236226658,7.117450167657355,11.613091163652461,13.32838325716964,13.636431727178483,13.034205854212981,14.97787623463353,474.57193562500015,10.157511005279158,0.5507895858712716,534.1949429584257,1.1256353417841776,511.74846799999995,75.0,304.0,3.6999508204620972,136.25,3.365153628691082,484.0,75.93141760836565,172.2012987012987,146.0,10.0,474.0,55.202872983870975,195.88475607442672,0.9488299551383039,19636217.389577996,0.09366039804351493,8717.550387923766,67.55340111087015,6441.32808550338,242.00788962805348,44.87901896418553,8.162716584260226,0.6903794491159618,2.0921037434072263,2.641637544779211,3.557718579881075,0.46894831759890543,0.401381933038834,0.9810422389578517,0.9117399736063742,-0.20848590681876703,0.8735561456392108,0.37124849136982113,7.640112760280197,0.015848518789581247,6.632769575958647,0.7407083471227073,0.05439950463442838,15.28022552056039,4.522604965170377,13.26043388711144,6.632311817809382,71.17532467532467,0.11554435823916344,8.01613889357396,14.072585490807892,68.70292207792208,29.003246753246753,1387.150974025974,1.2693355141662348,0.03982505989455051,0.18063049741567966,16.220128468060036,0.006564426796690485,47.411535202297685,0.08917345968281296,14.420301790852394,71.08376316187857,1.5730938775330345,100.77585057076315,0.06393307052272233,0.03950729951063652,4.34355738682927,409.24467853036066,0.7655944054800577,0.8622627372627373,0.20979814004894776,0.8955612690308923,65.1278926007684,0.03524560652953912,9.285714285714286,0.07369614512471655,17.85260770975056,89.6984126984127,148.03174603174602,5781.722222222223,6.82388120064447,0.04204626882040138,38.25396825396825,0.3036029226505417,0.5640596180700791,55.071600556771024,0.019513267648025072,5.550576602921659,0.20454545454545456,124.1305114638448,0.5968580121014962,0.01521017565670911,227.46652022989957,0.097568077716478,2.8091033586161642
157,AMBL-629,1,0.0,-1,-1,-1,-1,,-1.0,-1.0,-1.0,-1,/media/bendico765/Crucial X9/MRI Lesions/manifest-1728494830954/Advanced-MRI-Breast-Lesions/AMBL-629/01-30-2007-NA-MRI BREASTS - Delayed contrast-40670/600.000000-Registered Ax T2 FSE-05708,/media/bendico765/Crucial X9/MRI Lesions/manifest-1728494830954/Advanced-MRI-Breast-Lesions/AMBL-629/01-30-2007-NA-MRI BREASTS - Delayed contrast-40670/500.000000-ROI-75632/1-1.dcm,-2.07,R,"[[[0 0 0 ... 0 0 0]
  [0 0 0 ... 0 0 0]
  [0 0 0 ... 0 0 0]
  ...
  [0 0 0 ... 0 0 0]
  [0 0 0 ... 0 0 0]
  [0 0 0 ... 0 0 0]]

 [[0 0 0 ... 0 0 0]
  [0 0 0 ... 0 0 0]
  [0 0 0 ... 0 0 0]
  ...
  [0 0 0 ... 0 0 0]
  [0 0 0 ... 0 0 0]
  [0 0 0 ... 0 0 0]]

 [[0 0 0 ... 0 0 0]
  [0 0 0 ... 0 0 0]
  [0 0 0 ... 0 0 0]
  ...
  [0 0 0 ... 0 0 0]
  [0 0 0 ... 0 0 0]
  [0 0 0 ... 0 0 0]]

 ...

 [[0 0 0 ... 0 0 0]
  [0 0 0 ... 0 0 0]
  [0 0 0 ... 0 0 0]
  ...
  [0 0 0 ... 0 0 0]
  [0 0 0 ... 0 0 0]
  [0 0 0 ... 0 0 0]]

 [[0 0 0 ... 0 0 0]
  [0 0 0 ... 0 0 0]
  [0 0 0 ... 0 0 0]
  ...
  [0 0 0 ... 0 0 0]
  [0 0 0 ... 0 0 0]
  [0 0 0 ... 0 0 0]]

 [[0 0 0 ... 0 0 0]
  [0 0 0 ... 0 0 0]
  [0 0 0 ... 0 0 0]
  ...
  [0 0 0 ... 0 0 0]
  [0 0 0 ... 0 0 0]
  [0 0 0 ... 0 0 0]]]","[58, 59, 60, 61]","[102, 103, 104, 105, 106, 107, 108, 109, 110, 111, 112, 113, 114, 115, 116, 117, 118, 119]","[360, 361, 362, 363, 364, 365, 366, 367, 368, 369, 370, 371, 372, 373, 374, 375, 376, 377, 378, 379, 380, 381, 382, 383, 384, 385]",4,18,26,/media/bendico765/Crucial X9/Materiali Tesista/Roi masks/AMBL-629/ROI 1.npy,/media/bendico765/Crucial X9/Materiali Tesista/Cleaned Roi masks/AMBL-629/ROI 1.npy,0.6445,2.0,/media/bendico765/Crucial X9/MRI Lesions/manifest-1728494830954/Advanced-MRI-Breast-Lesions/AMBL-629/01-30-2007-NA-MRI BREASTS - Delayed contrast-40670/500.000000-Registered AX Sen Vibrant MultiPhase-22459,0.3727147827517424,0.30117594433591677,5.8487373885902585,19.419669792972794,14.804819831730477,9.881588953705776,15.575046259963402,18.40017242446385,224.72071524999967,7.23799800799843,0.5297078772153605,337.45025875462943,1.5016428653638771,248.39738949999997,101.8,192.2,2.4333547130741295,41.5,5.075745873017326,297.0,29.140367557409867,138.7458193979933,127.0,69.0,228.0,18.799495807146236,143.94449180989187,1.3726126555193652,5146798.064242499,0.23924788313329828,1469.61432198745,15.960236126385805,127.59364471528478,14.178048577609406,4.981396256412092,2.2917087286188407,0.35456765940810453,0.9859020760181261,1.8175254575763602,1.2792118646047643,0.6424787189754124,0.6146380891204649,0.9800222372562833,0.9187105977013306,-0.14583344783177477,0.6688967044378108,0.46100593970209613,3.9094008706476204,0.09225100894508412,4.159635317398891,0.5615718928955639,0.20895230603383977,7.818801741295241,2.9299723903302284,1.8182762462577329,5.6776631509625055,24.565217391304348,0.08215791769667007,19.426628337490627,2.3910247088958734,18.876254180602007,62.00334448160535,769.8461538461538,5.9042733389032565,0.08819578847270358,0.11867583835503642,4.004825129976634,0.010425023289499723,49.979445709213984,0.21150254677881733,2.7164088984631864,20.244858095804297,2.154438512713535,36.20327622419498,0.19275858739518664,0.08746838876106676,3.389542476343419,161.60428914083,0.6718793174054668,0.7874967841523025,0.4498626321223585,0.8397060928951728,17.884992010938024,0.07306342426539032,5.1395348837209305,0.11952406706327745,5.9167117360735535,32.093023255813954,285.3255813953488,3804.9302325581393,24.85056413219896,0.09715595282040464,10.069767441860465,0.23418063818280152,0.4854231250331076,20.606351772088804,0.042419841384882924,4.498955383052619,0.14381270903010032,236.97458085451598,1.0059126944099839,0.02414250292038278,32.79171110480255,0.04093206251851756,1.1039528764882307
158,AMBL-629,2,0.0,-1.0,-1,-1,-1,,-1.0,-1.0,-1.0,-1,/media/bendico765/Crucial X9/MRI Lesions/manifest-1728494830954/Advanced-MRI-Breast-Lesions/AMBL-629/01-30-2007-NA-MRI BREASTS - Delayed contrast-40670/600.000000-Registered Ax T2 FSE-05708,/media/bendico765/Crucial X9/MRI Lesions/manifest-1728494830954/Advanced-MRI-Breast-Lesions/AMBL-629/01-30-2007-NA-MRI BREASTS - Delayed contrast-40670/500.000000-ROI-75632/1-1.dcm,-20.07,R,"[[[0 0 0 ... 0 0 0]
  [0 0 0 ... 0 0 0]
  [0 0 0 ... 0 0 0]
  ...
  [0 0 0 ... 0 0 0]
  [0 0 0 ... 0 0 0]
  [0 0 0 ... 0 0 0]]

 [[0 0 0 ... 0 0 0]
  [0 0 0 ... 0 0 0]
  [0 0 0 ... 0 0 0]
  ...
  [0 0 0 ... 0 0 0]
  [0 0 0 ... 0 0 0]
  [0 0 0 ... 0 0 0]]

 [[0 0 0 ... 0 0 0]
  [0 0 0 ... 0 0 0]
  [0 0 0 ... 0 0 0]
  ...
  [0 0 0 ... 0 0 0]
  [0 0 0 ... 0 0 0]
  [0 0 0 ... 0 0 0]]

 ...

 [[0 0 0 ... 0 0 0]
  [0 0 0 ... 0 0 0]
  [0 0 0 ... 0 0 0]
  ...
  [0 0 0 ... 0 0 0]
  [0 0 0 ... 0 0 0]
  [0 0 0 ... 0 0 0]]

 [[0 0 0 ... 0 0 0]
  [0 0 0 ... 0 0 0]
  [0 0 0 ... 0 0 0]
  ...
  [0 0 0 ... 0 0 0]
  [0 0 0 ... 0 0 0]
  [0 0 0 ... 0 0 0]]

 [[0 0 0 ... 0 0 0]
  [0 0 0 ... 0 0 0]
  [0 0 0 ... 0 0 0]
  ...
  [0 0 0 ... 0 0 0]
  [0 0 0 ... 0 0 0]
  [0 0 0 ... 0 0 0]]]","[67, 68, 69, 70, 71]","[112, 113, 114, 115, 116, 117, 118, 119, 120, 121, 122, 123, 124, 125, 126, 127, 128, 129, 130, 131, 132, 133, 134, 135, 136, 137, 138, 139, 140]","[367, 369, 370, 371, 372, 373, 374, 375, 376, 377, 378, 379, 380, 381, 382, 383, 384, 385, 386, 387]",5,29,21,/media/bendico765/Crucial X9/Materiali Tesista/Roi masks/AMBL-629/ROI 2.npy,/media/bendico765/Crucial X9/Materiali Tesista/Cleaned Roi masks/AMBL-629/ROI 2.npy,0.6445,2.0,/media/bendico765/Crucial X9/MRI Lesions/manifest-1728494830954/Advanced-MRI-Breast-Lesions/AMBL-629/01-30-2007-NA-MRI BREASTS - Delayed contrast-40670/500.000000-Registered AX Sen Vibrant MultiPhase-22459,0.5528250087946134,0.4475300166474091,7.476311859264859,16.705721585497905,12.2455,18.96345580979374,19.162362615293553,20.16310056762104,645.2932183749991,9.235340682423242,0.5414984465032432,666.8963033638054,1.033477935880386,673.7467654999999,113.0,248.0,3.082793411594946,61.0,3.986595843366893,398.0,40.74407841622816,171.74722564734896,164.0,42.0,356.0,26.760293951597724,179.85820212877783,0.7297998913688926,21795015.840428498,0.1475504051109817,2851.863355434903,39.170533360456716,588.8759541036882,20.784133146757483,12.23759737369419,4.343245747076713,0.4800706611314326,1.5412922109923857,2.2274920465734698,1.7751239217987875,0.528631974564113,0.47201775558676984,0.9819189938080335,0.912895536647491,-0.13804555195275442,0.6965739266193455,0.4132253403496164,6.098476457671101,0.033061697325404475,5.582225864915579,0.5515752391267152,0.07735718198516459,12.196952915342203,3.760386994358439,4.145210780192724,6.232052775367683,78.32675709001234,0.09658046496918907,10.703650940140271,4.7088446316903365,45.5363748458693,41.06905055487053,1388.7003699136867,1.8032448487808659,0.04351935567955829,0.12855108241668275,8.626838916287642,0.004094716272098157,93.67330215370056,0.13928326877564762,5.052654000239051,47.58367824389531,1.8809430106876,79.40587800621769,0.08369187743122106,0.0429486734364873,3.872524093214153,491.31693503691776,0.7174139630747377,0.8265199658541214,0.33151739054259655,0.8656033472494061,42.56230156999716,0.03683541700741558,10.910714285714286,0.09741709183673469,8.610889668367346,70.20535714285714,507.7767857142857,16979.76785714286,17.602436136774138,0.03794094118803636,28.785714285714285,0.257015306122449,0.4982375051236553,40.13921720536615,0.012031513811717076,5.4213500165467075,0.1381011097410604,455.3436702806123,0.9447491203542315,0.010016673919136092,99.04335024482124,0.04761074010842581,0.9048399982050012
159,AMBL-629,3,0.0,,,,,,,,,,/media/bendico765/Crucial X9/MRI Lesions/manifest-1728494830954/Advanced-MRI-Breast-Lesions/AMBL-629/01-30-2007-NA-MRI BREASTS - Delayed contrast-40670/600.000000-Registered Ax T2 FSE-05708,/media/bendico765/Crucial X9/MRI Lesions/manifest-1728494830954/Advanced-MRI-Breast-Lesions/AMBL-629/01-30-2007-NA-MRI BREASTS - Delayed contrast-40670/500.000000-ROI-75632/1-1.dcm,1.93,R,"[[[0 0 0 ... 0 0 0]
  [0 0 0 ... 0 0 0]
  [0 0 0 ... 0 0 0]
  ...
  [0 0 0 ... 0 0 0]
  [0 0 0 ... 0 0 0]
  [0 0 0 ... 0 0 0]]

 [[0 0 0 ... 0 0 0]
  [0 0 0 ... 0 0 0]
  [0 0 0 ... 0 0 0]
  ...
  [0 0 0 ... 0 0 0]
  [0 0 0 ... 0 0 0]
  [0 0 0 ... 0 0 0]]

 [[0 0 0 ... 0 0 0]
  [0 0 0 ... 0 0 0]
  [0 0 0 ... 0 0 0]
  ...
  [0 0 0 ... 0 0 0]
  [0 0 0 ... 0 0 0]
  [0 0 0 ... 0 0 0]]

 ...

 [[0 0 0 ... 0 0 0]
  [0 0 0 ... 0 0 0]
  [0 0 0 ... 0 0 0]
  ...
  [0 0 0 ... 0 0 0]
  [0 0 0 ... 0 0 0]
  [0 0 0 ... 0 0 0]]

 [[0 0 0 ... 0 0 0]
  [0 0 0 ... 0 0 0]
  [0 0 0 ... 0 0 0]
  ...
  [0 0 0 ... 0 0 0]
  [0 0 0 ... 0 0 0]
  [0 0 0 ... 0 0 0]]

 [[0 0 0 ... 0 0 0]
  [0 0 0 ... 0 0 0]
  [0 0 0 ... 0 0 0]
  ...
  [0 0 0 ... 0 0 0]
  [0 0 0 ... 0 0 0]
  [0 0 0 ... 0 0 0]]]","[55, 56, 57]","[159, 160, 161, 162, 163, 164, 165, 166, 167, 168, 169, 170, 171, 172, 173, 174, 175, 176, 177, 178, 179]","[391, 392, 393, 394, 395, 396, 397, 398, 399, 400]",3,21,10,/media/bendico765/Crucial X9/Materiali Tesista/Roi masks/AMBL-629/ROI 3.npy,/media/bendico765/Crucial X9/Materiali Tesista/Cleaned Roi masks/AMBL-629/ROI 3.npy,0.6445,2.0,/media/bendico765/Crucial X9/MRI Lesions/manifest-1728494830954/Advanced-MRI-Breast-Lesions/AMBL-629/01-30-2007-NA-MRI BREASTS - Delayed contrast-40670/500.000000-Registered AX Sen Vibrant MultiPhase-22459,0.5369669122791534,0.46058575856716066,5.507755610896238,11.95815439024939,7.911026229257491,13.636431727178483,13.5345,13.651653764288044,255.6319288541663,6.421133239489617,0.6541949815268544,297.75128715079717,1.1647656397439274,266.67412049999996,115.0,214.0,2.7471158266233457,48.0,7.883987531741707,414.0,31.903261808406363,166.79127725856696,164.0,73.0,341.0,19.430232558139537,172.96073060153876,1.3972599484383368,7977666.805903999,0.1912539668675576,2096.0841606739064,28.168609395613295,381.15230617637604,21.02496153968173,7.66482526420807,2.9889553993422124,0.4342966502136606,1.234455207713831,1.9743862201296105,1.4102810821602283,0.5708446019168162,0.5292490596160704,0.9876290485437607,0.9285521532279687,-0.14973106901582456,0.7183700175850704,0.4847552189013785,5.195178026023281,0.05460281044164927,4.836783059557936,0.6039549315316118,0.13870576354233227,10.39035605204656,3.309042574258206,2.663445165887571,5.71661741070618,31.23676012461059,0.09731077920439436,9.82632156132025,3.349831620422938,30.610591900311526,40.059190031152646,1061.239875389408,1.880360744223412,0.05655863574877713,0.13280541497017911,6.590411669063389,0.010572604272956407,46.82491770764201,0.17582940741680952,3.7736481489949103,31.48259144765348,1.8362941514042568,53.54377363436769,0.09950999872428506,0.05809315060866298,3.539134881568557,191.76932614019051,0.7107155753217296,0.8269829858614905,0.31204522277579466,0.8640067641001941,27.780317143734187,0.0513415235819255,5.04,0.1008,10.52,46.52,245.5,6783.68,9.96485806660163,0.08160155677547869,11.96,0.2392,0.49433754203548574,31.74431868241787,0.048109084734154005,5.118562939644905,0.1557632398753894,204.2836,0.4359028028890193,0.02545991902019868,81.0219058383716,0.03220754224879893,2.6038936135574873
160,AMBL-629,4,0.0,,,,,,,,,,/media/bendico765/Crucial X9/MRI Lesions/manifest-1728494830954/Advanced-MRI-Breast-Lesions/AMBL-629/01-30-2007-NA-MRI BREASTS - Delayed contrast-40670/600.000000-Registered Ax T2 FSE-05708,/media/bendico765/Crucial X9/MRI Lesions/manifest-1728494830954/Advanced-MRI-Breast-Lesions/AMBL-629/01-30-2007-NA-MRI BREASTS - Delayed contrast-40670/500.000000-ROI-75632/1-1.dcm,-48.07,R,"[[[0 0 0 ... 0 0 0]
  [0 0 0 ... 0 0 0]
  [0 0 0 ... 0 0 0]
  ...
  [0 0 0 ... 0 0 0]
  [0 0 0 ... 0 0 0]
  [0 0 0 ... 0 0 0]]

 [[0 0 0 ... 0 0 0]
  [0 0 0 ... 0 0 0]
  [0 0 0 ... 0 0 0]
  ...
  [0 0 0 ... 0 0 0]
  [0 0 0 ... 0 0 0]
  [0 0 0 ... 0 0 0]]

 [[0 0 0 ... 0 0 0]
  [0 0 0 ... 0 0 0]
  [0 0 0 ... 0 0 0]
  ...
  [0 0 0 ... 0 0 0]
  [0 0 0 ... 0 0 0]
  [0 0 0 ... 0 0 0]]

 ...

 [[0 0 0 ... 0 0 0]
  [0 0 0 ... 0 0 0]
  [0 0 0 ... 0 0 0]
  ...
  [0 0 0 ... 0 0 0]
  [0 0 0 ... 0 0 0]
  [0 0 0 ... 0 0 0]]

 [[0 0 0 ... 0 0 0]
  [0 0 0 ... 0 0 0]
  [0 0 0 ... 0 0 0]
  ...
  [0 0 0 ... 0 0 0]
  [0 0 0 ... 0 0 0]
  [0 0 0 ... 0 0 0]]

 [[0 0 0 ... 0 0 0]
  [0 0 0 ... 0 0 0]
  [0 0 0 ... 0 0 0]
  ...
  [0 0 0 ... 0 0 0]
  [0 0 0 ... 0 0 0]
  [0 0 0 ... 0 0 0]]]","[81, 82]","[147, 148, 149, 150, 151, 152, 153, 154, 155, 156, 157, 158, 159, 160, 161, 162, 163]","[373, 374, 375, 376, 377, 378, 379, 380, 381, 382, 383, 384, 385, 386]",2,17,14,/media/bendico765/Crucial X9/Materiali Tesista/Roi masks/AMBL-629/ROI 4.npy,/media/bendico765/Crucial X9/Materiali Tesista/Cleaned Roi masks/AMBL-629/ROI 4.npy,0.6445,2.0,/media/bendico765/Crucial X9/MRI Lesions/manifest-1728494830954/Advanced-MRI-Breast-Lesions/AMBL-629/01-30-2007-NA-MRI BREASTS - Delayed contrast-40670/500.000000-Registered AX Sen Vibrant MultiPhase-22459,0.812137470465745,0.3914808289255481,3.9226911747642603,10.020136070341975,9.023,10.50415841464703,11.83144725931701,11.83144725931701,224.47841010416622,8.137727961890104,0.6968080123921085,256.34255409238426,1.1419474771468308,235.93598199999997,136.3,338.0,3.4542932336508767,81.25,3.738007508583373,457.0,59.874504066653444,217.65845070422534,197.5,74.0,383.0,37.317083584001246,231.3980093527046,1.0569605018054822,12633201.294555498,0.11959432652251537,6169.837569430668,61.24716106267485,2997.965051654496,127.55200877227529,30.092919957684096,13.038127704849574,0.406428649131345,2.5385431260299662,2.806041540115884,5.972387108708303,0.4435653996967931,0.3750396656537067,0.9619751301480979,0.8831048110630544,-0.2566096431446969,0.9101942240325462,0.3551689101541565,7.54575895359153,0.022065454286657717,6.137102477391843,0.6621757147071832,0.06955762790600395,15.091517907183059,4.203112620286809,10.782761915633419,5.752856738863946,44.28169014084507,0.15592144415790518,5.783376314223368,10.099025490974013,62.355633802816904,20.35211267605634,889.137323943662,0.6854889634153181,0.03643366200810331,0.20925672105125795,16.92507320658109,0.00896792054140506,28.675353402940978,0.11286257502172586,10.56098299765129,64.2835443614579,1.4574185698964155,85.79412414173807,0.05269425678193992,0.03663078909469496,3.954887840423583,208.55175999057013,0.8093317007118851,0.8916576381365112,0.15204413785373933,0.9123584891896552,59.93871703091193,0.03359679490050296,6.324675324675325,0.08213864058019903,14.204081632653061,82.85714285714286,54.72727272727273,2213.3896103896104,1.7862608192164307,0.040530665915014315,18.818181818181817,0.24439197166469895,0.49159161225169107,43.62357141217421,0.02363571668135151,5.339177164523191,0.2711267605633803,41.12362961713612,0.37453784071576735,0.02502534130013953,173.13650206147102,0.11529459865541236,2.8711389519948507
161,AMBL-629,5,0.0,,,,,,,,,,/media/bendico765/Crucial X9/MRI Lesions/manifest-1728494830954/Advanced-MRI-Breast-Lesions/AMBL-629/01-30-2007-NA-MRI BREASTS - Delayed contrast-40670/600.000000-Registered Ax T2 FSE-05708,/media/bendico765/Crucial X9/MRI Lesions/manifest-1728494830954/Advanced-MRI-Breast-Lesions/AMBL-629/01-30-2007-NA-MRI BREASTS - Delayed contrast-40670/500.000000-ROI-75632/1-1.dcm,-32.07,R,"[[[0 0 0 ... 0 0 0]
  [0 0 0 ... 0 0 0]
  [0 0 0 ... 0 0 0]
  ...
  [0 0 0 ... 0 0 0]
  [0 0 0 ... 0 0 0]
  [0 0 0 ... 0 0 0]]

 [[0 0 0 ... 0 0 0]
  [0 0 0 ... 0 0 0]
  [0 0 0 ... 0 0 0]
  ...
  [0 0 0 ... 0 0 0]
  [0 0 0 ... 0 0 0]
  [0 0 0 ... 0 0 0]]

 [[0 0 0 ... 0 0 0]
  [0 0 0 ... 0 0 0]
  [0 0 0 ... 0 0 0]
  ...
  [0 0 0 ... 0 0 0]
  [0 0 0 ... 0 0 0]
  [0 0 0 ... 0 0 0]]

 ...

 [[0 0 0 ... 0 0 0]
  [0 0 0 ... 0 0 0]
  [0 0 0 ... 0 0 0]
  ...
  [0 0 0 ... 0 0 0]
  [0 0 0 ... 0 0 0]
  [0 0 0 ... 0 0 0]]

 [[0 0 0 ... 0 0 0]
  [0 0 0 ... 0 0 0]
  [0 0 0 ... 0 0 0]
  ...
  [0 0 0 ... 0 0 0]
  [0 0 0 ... 0 0 0]
  [0 0 0 ... 0 0 0]]

 [[0 0 0 ... 0 0 0]
  [0 0 0 ... 0 0 0]
  [0 0 0 ... 0 0 0]
  ...
  [0 0 0 ... 0 0 0]
  [0 0 0 ... 0 0 0]
  [0 0 0 ... 0 0 0]]]","[73, 74, 75]","[156, 157, 158, 159, 160, 161, 162, 163, 164, 165, 166, 167, 168, 169, 170, 171, 172, 173, 174, 175]","[338, 339, 340, 341, 342, 343, 344, 345, 346, 347, 348, 349]",3,20,12,/media/bendico765/Crucial X9/Materiali Tesista/Roi masks/AMBL-629/ROI 5.npy,/media/bendico765/Crucial X9/Materiali Tesista/Cleaned Roi masks/AMBL-629/ROI 5.npy,0.6445,2.0,/media/bendico765/Crucial X9/MRI Lesions/manifest-1728494830954/Advanced-MRI-Breast-Lesions/AMBL-629/01-30-2007-NA-MRI BREASTS - Delayed contrast-40670/500.000000-Registered AX Sen Vibrant MultiPhase-22459,0.6106197816732929,0.5935180496475265,5.917674478238104,9.970504657360365,8.345405936801397,12.882246320032852,12.313155210992832,13.651653764288044,214.05928883333308,6.088187377049937,0.6672561123144279,259.34683312327326,1.2115654244053904,225.13609549999998,169.0,411.0,3.860583832776226,152.0,2.4767777936144153,551.0,80.72899334159392,284.23247232472323,277.0,122.0,429.0,61.090870479305146,299.9511091772774,0.4568233361452716,20255644.879785497,0.07716398197192303,9182.5695728544,73.55249492154965,4970.8279376547325,139.08991693235276,43.270391453986306,16.113439276340735,0.4488672754786594,3.156285356301346,2.9915782309184538,5.355937839296237,0.3612516034594458,0.2712790152142105,0.9604170943339518,0.8675401538889538,-0.23803087457534805,0.9125118039696063,0.2689817123646044,8.169613766921655,0.011738235345281355,6.763561498069953,0.6054994677306939,0.034876604475235266,16.339227533843307,4.498182513316174,14.845957682581766,5.904350390124985,51.60516605166052,0.19042496698029712,2.683678054492722,15.027763783172889,77.85239852398524,11.376383763837639,786.619926199262,0.4539850309116548,0.042702605812387426,0.3084595769427082,26.32985244036114,0.014762846519352122,19.117147853124482,0.07615233426121758,15.233052194633057,78.63009484504911,1.309446868768422,99.46974031201606,0.05579773393661883,0.0428213306258467,4.170907645319947,220.94884872289379,0.8740494762867906,0.9250638660232758,0.11925515909806886,0.9455082242860711,74.77345012505347,0.04059636768592385,7.336633663366337,0.07263993726105283,17.60748946181747,88.26732673267327,20.861386138613863,1286.7920792079208,0.8154946644019052,0.04611696422463344,34.742574257425744,0.34398588373688854,0.605351852570199,52.539725489134405,0.03116536869425411,5.3537698395651,0.3726937269372694,13.661993922164495,0.3381949170291842,0.027281528280074338,282.54170810615125,0.1685566634790073,3.606315971722927
162,AMBL-631,0,1.0,1 to 2,strong,neg,neg,,-1,0,0.0,5,/media/bendico765/Crucial X9/MRI Lesions/manifest-1728494830954/Advanced-MRI-Breast-Lesions/AMBL-631/02-21-2007-NA-MRI BREASTS - Delayed contrast-91039/600.000000-Registered Ax T2 FSE-75697,/media/bendico765/Crucial X9/MRI Lesions/manifest-1728494830954/Advanced-MRI-Breast-Lesions/AMBL-631/02-21-2007-NA-MRI BREASTS - Delayed contrast-91039/500.000000-ROI-68853/1-1.dcm,33.93,L,"[[[0 0 0 ... 0 0 0]
  [0 0 0 ... 0 0 0]
  [0 0 0 ... 0 0 0]
  ...
  [0 0 0 ... 0 0 0]
  [0 0 0 ... 0 0 0]
  [0 0 0 ... 0 0 0]]

 [[0 0 0 ... 0 0 0]
  [0 0 0 ... 0 0 0]
  [0 0 0 ... 0 0 0]
  ...
  [0 0 0 ... 0 0 0]
  [0 0 0 ... 0 0 0]
  [0 0 0 ... 0 0 0]]

 [[0 0 0 ... 0 0 0]
  [0 0 0 ... 0 0 0]
  [0 0 0 ... 0 0 0]
  ...
  [0 0 0 ... 0 0 0]
  [0 0 0 ... 0 0 0]
  [0 0 0 ... 0 0 0]]

 ...

 [[0 0 0 ... 0 0 0]
  [0 0 0 ... 0 0 0]
  [0 0 0 ... 0 0 0]
  ...
  [0 0 0 ... 0 0 0]
  [0 0 0 ... 0 0 0]
  [0 0 0 ... 0 0 0]]

 [[0 0 0 ... 0 0 0]
  [0 0 0 ... 0 0 0]
  [0 0 0 ... 0 0 0]
  ...
  [0 0 0 ... 0 0 0]
  [0 0 0 ... 0 0 0]
  [0 0 0 ... 0 0 0]]

 [[0 0 0 ... 0 0 0]
  [0 0 0 ... 0 0 0]
  [0 0 0 ... 0 0 0]
  ...
  [0 0 0 ... 0 0 0]
  [0 0 0 ... 0 0 0]
  [0 0 0 ... 0 0 0]]]","[37, 38, 39, 40, 41, 42, 43, 44, 45, 46, 47, 48, 49, 50, 51, 55, 56, 57, 58]","[143, 144, 145, 146, 147, 148, 149, 150, 151, 152, 153, 154, 155, 156, 157, 158, 159, 160, 161, 162, 163, 164, 165, 166, 167, 168, 169, 170, 171, 172, 173, 174, 175, 176, 177, 178, 179, 180, 181, 182, 183, 184, 185, 186, 187, 188, 189, 190, 191, 192, 193, 194, 195, 196, 197, 198, 199, 200, 201, 202, 203, 204, 205, 206, 207, 208, 209, 210, 211, 212, 213, 214, 215, 216, 217, 218, 219, 220, 221, 222, 226, 227]","[99, 100, 101, 102, 103, 104, 105, 106, 107, 108, 109, 110, 111, 112, 113, 114, 115, 116, 117, 118, 119, 120, 121, 122, 123, 124, 125, 126, 127, 128, 129, 130, 131, 132, 133, 134, 135, 136, 137, 138, 139, 140, 141, 142, 143, 144, 145, 146, 147, 148, 149, 150, 151, 152, 153, 154, 155, 156, 157, 158, 159, 160, 161, 162, 163, 164, 165, 166, 167, 168, 169, 170, 171, 172, 173, 174, 175, 176, 177, 178, 179, 180, 181, 182, 183, 184, 185]",22,85,87,/media/bendico765/Crucial X9/Materiali Tesista/Roi masks/AMBL-631/ROI 0.npy,/media/bendico765/Crucial X9/Materiali Tesista/Cleaned Roi masks/AMBL-631/ROI 0.npy,0.6641,2.0,/media/bendico765/Crucial X9/MRI Lesions/manifest-1728494830954/Advanced-MRI-Breast-Lesions/AMBL-631/02-21-2007-NA-MRI BREASTS - Delayed contrast-91039/500.000000-Registered AX Sen Vibrant MultiPhase-29953,0.48469920286173385,0.3547886660567293,22.866332708364894,64.45057268179096,64.88785057504987,44.23936591272529,47.337800789749416,71.21907822915149,10050.78931309427,31.23914120284632,0.3419412543812165,6586.672500063546,0.6553388291089102,10251.273659640001,115.0,340.0,3.6934524910314592,145.0,3.1138201729075,665.0,78.0772037591758,211.10101531578042,183.0,-8.0,673.0,59.19195591090987,230.60952656579778,0.8237982992598782,545170460.0444064,0.09544776504165028,8617.115075548036,96.53872409840422,6250.066915512727,275.9775516169283,41.22295522045374,8.195353611999943,0.6635382594847076,1.9953266927551558,2.6394942141077795,3.9733413425811936,0.4989307198166077,0.4384228461741039,0.9900222862977082,0.9374944666727697,-0.1415255475130919,0.7474368646378053,0.37217873643048793,9.394487893485266,0.021962971162228426,6.571699793571086,0.67447885884395,0.08131710597631564,18.788975786970532,4.418809670354262,12.354577208113422,7.062859105048844,1051.9244536224403,0.09051148284481503,18.46374707964449,13.888019989563405,113.13741180519705,52.737910858716226,3638.2891929099983,1.043188744585952,0.014805806793612134,0.15333084393640498,23.711700234614767,0.0017042648073458818,804.5657532145499,0.08500149425566102,14.193330944787354,120.43926534366292,1.9761702391599039,196.43242467790785,0.03221832408879262,0.013998757435188426,4.558490543297169,6825.7288680930205,0.7152193672080076,0.8132917676025576,0.4266961163209895,0.8680855211578075,108.82962793510431,0.011676956179895078,162.3029702970297,0.08034800509753946,14.420853592785019,161.20247524752475,2823.0247524752476,136076.6400990099,62.51446676051908,0.010621711237981033,580.2346534653466,0.28724487795314185,0.550513887792317,92.19175022028408,0.005750717776195137,6.400817815287856,0.17380829461366373,2789.922388981473,4.276705469165267,0.0007702804251366562,488.33724888182115,0.05609676439583838,0.3020173314582048
163,AMBL-631,1,1.0,-1,strong,strong,neg,,90.0,90.0,0.0,-1,/media/bendico765/Crucial X9/MRI Lesions/manifest-1728494830954/Advanced-MRI-Breast-Lesions/AMBL-631/02-21-2007-NA-MRI BREASTS - Delayed contrast-91039/600.000000-Registered Ax T2 FSE-75697,/media/bendico765/Crucial X9/MRI Lesions/manifest-1728494830954/Advanced-MRI-Breast-Lesions/AMBL-631/02-21-2007-NA-MRI BREASTS - Delayed contrast-91039/500.000000-ROI-68853/1-1.dcm,25.93,L,"[[[0 0 0 ... 0 0 0]
  [0 0 0 ... 0 0 0]
  [0 0 0 ... 0 0 0]
  ...
  [0 0 0 ... 0 0 0]
  [0 0 0 ... 0 0 0]
  [0 0 0 ... 0 0 0]]

 [[0 0 0 ... 0 0 0]
  [0 0 0 ... 0 0 0]
  [0 0 0 ... 0 0 0]
  ...
  [0 0 0 ... 0 0 0]
  [0 0 0 ... 0 0 0]
  [0 0 0 ... 0 0 0]]

 [[0 0 0 ... 0 0 0]
  [0 0 0 ... 0 0 0]
  [0 0 0 ... 0 0 0]
  ...
  [0 0 0 ... 0 0 0]
  [0 0 0 ... 0 0 0]
  [0 0 0 ... 0 0 0]]

 ...

 [[0 0 0 ... 0 0 0]
  [0 0 0 ... 0 0 0]
  [0 0 0 ... 0 0 0]
  ...
  [0 0 0 ... 0 0 0]
  [0 0 0 ... 0 0 0]
  [0 0 0 ... 0 0 0]]

 [[0 0 0 ... 0 0 0]
  [0 0 0 ... 0 0 0]
  [0 0 0 ... 0 0 0]
  ...
  [0 0 0 ... 0 0 0]
  [0 0 0 ... 0 0 0]
  [0 0 0 ... 0 0 0]]

 [[0 0 0 ... 0 0 0]
  [0 0 0 ... 0 0 0]
  [0 0 0 ... 0 0 0]
  ...
  [0 0 0 ... 0 0 0]
  [0 0 0 ... 0 0 0]
  [0 0 0 ... 0 0 0]]]","[43, 44, 45, 46, 47, 48]","[154, 155, 156, 157, 158, 159, 160, 161, 162, 163, 164, 165, 166, 167, 168, 169, 170, 172, 173]","[131, 132, 133, 134, 135, 136, 137, 138, 139, 140, 141, 142, 143, 144, 145, 146, 147, 148, 149, 150]",6,20,20,/media/bendico765/Crucial X9/Materiali Tesista/Roi masks/AMBL-631/ROI 1.npy,/media/bendico765/Crucial X9/Materiali Tesista/Cleaned Roi masks/AMBL-631/ROI 1.npy,0.6641,2.0,/media/bendico765/Crucial X9/MRI Lesions/manifest-1728494830954/Advanced-MRI-Breast-Lesions/AMBL-631/02-21-2007-NA-MRI BREASTS - Delayed contrast-91039/500.000000-Registered AX Sen Vibrant MultiPhase-29953,0.8270297283155991,0.7484471230882563,9.120477644815312,12.185867729950285,14.114938265894045,14.78289108699648,14.212360640653614,15.328235901759863,679.5518914083351,10.07807487799061,0.6760728097409291,552.8904286067722,0.8136103152636897,702.9999231400001,107.0,274.4,3.237368219744428,92.0,2.8651010340640437,374.0,53.03595824366469,176.1693851944793,158.0,37.0,337.0,37.835928105583605,187.8021363271299,0.7845894798946057,24794555.902726103,0.1287843843522368,4233.990129233056,42.43238175427613,1063.5580189631025,70.11026147329582,17.053418291993687,6.908662643827626,0.42129656510519975,1.9077464770769674,2.5424668192976116,3.0941472663805363,0.4911909501340504,0.4285793698764673,0.9687624899211179,0.8903312587417169,-0.09573162823993292,0.6249512431090782,0.38847027613441704,6.316065417023385,0.02784382315530249,5.913566103778748,0.46119975633656435,0.07665678942634616,12.632130834046764,3.870541555126427,5.990520233955326,6.26684121095867,80.86951066499373,0.10146739104767093,12.173467315481993,6.859178632544563,49.83814303638645,39.27352572145546,1283.042659974906,1.5480250636188564,0.03788179539664122,0.16309940758028552,12.153363498067542,0.0058815090896567656,78.55086910047352,0.11744981306190122,7.297997064867475,52.54773961220766,1.7250333313869837,78.1123634762955,0.06622449357322398,0.037512571740430205,3.9927069967163153,494.2471010999748,0.7346783075953074,0.8382395521667794,0.2789210113785531,0.879476840156226,48.03751395528812,0.032705810184838216,14.813333333333333,0.09875555555555555,9.241822222222225,79.02,332.76666666666665,9580.886666666667,13.212697344658862,0.03624833558353234,41.906666666666666,0.2793777777777778,0.5369244725011095,45.47007933138998,0.0202613671433177,5.4666950193943595,0.18820577164366373,304.53515555555555,1.498264251186999,0.009053832699597211,102.71222291429282,0.10021034613395798,0.634220772913506
